ISO-10303-21;
HEADER;
FILE_DESCRIPTION (( 'STEP AP203' ),
    '1' );
FILE_NAME ('BackWall.step',
    '2026-09-07T17:35:16',
    ( '' ),
    ( '' ),
    'SwSTEP 2.0',
    'SolidWorks 2026',
    '' );
FILE_SCHEMA (( 'CONFIG_CONTROL_DESIGN' ));
ENDSEC;

DATA;
#1 = CARTESIAN_POINT ( 'NONE',  ( 24.24095802038124603, -28.59822695298089457, 0.000000000000000000 ) ) ;
#2 = ORIENTED_EDGE ( 'NONE', *, *, #1252, .F. ) ;
#3 = DIRECTION ( 'NONE',  ( -1.541976423090495387E-16, 1.000000000000000000, -0.000000000000000000 ) ) ;
#4 = PERSON_AND_ORGANIZATION ( #156, #203 ) ;
#5 = EDGE_CURVE ( 'NONE', #64, #1231, #861, .T. ) ;
#6 = EDGE_CURVE ( 'NONE', #164, #379, #948, .T. ) ;
#7 = LINE ( 'NONE', #802, #663 ) ;
#8 = LINE ( 'NONE', #1020, #715 ) ;
#9 = EDGE_CURVE ( 'NONE', #1076, #172, #497, .T. ) ;
#10 = VECTOR ( 'NONE', #367, 1000.000000000000000 ) ;
#11 = CARTESIAN_POINT ( 'NONE',  ( -4.340761199163794437, -24.61422344024894571, 6.950314897881691323 ) ) ;
#12 = CARTESIAN_POINT ( 'NONE',  ( 57.26592939622196354, -28.59822695298089457, 6.700000000000001066 ) ) ;
#13 = DIRECTION ( 'NONE',  ( -0.000000000000000000, -0.000000000000000000, -1.000000000000000000 ) ) ;
#14 = CARTESIAN_POINT ( 'NONE',  ( 64.30512657940370502, -58.03790752858660085, 12.20000000000000107 ) ) ;
#15 = PLANE ( 'NONE',  #1414 ) ;
#16 = VECTOR ( 'NONE', #833, 1000.000000000000000 ) ;
#17 = VECTOR ( 'NONE', #1462, 1000.000000000000000 ) ;
#18 = CARTESIAN_POINT ( 'NONE',  ( -5.881312200247597488, -25.93255652891931007, 8.200000000000001066 ) ) ;
#19 = CARTESIAN_POINT ( 'NONE',  ( 24.24095802038123892, 0.8414536226248149342, 6.945018709276048696 ) ) ;
#20 = FACE_OUTER_BOUND ( 'NONE', #576, .T. ) ;
#21 = CARTESIAN_POINT ( 'NONE',  ( 64.30512657940370502, -58.03790752858660085, 4.200000000000000178 ) ) ;
#22 = ADVANCED_FACE ( 'NONE', ( #964 ), #1422, .T. ) ;
#23 = EDGE_CURVE ( 'NONE', #172, #953, #285, .T. ) ;
#24 = VERTEX_POINT ( 'NONE', #613 ) ;
#25 = CARTESIAN_POINT ( 'NONE',  ( -53.35904197961878737, 16.96209247141340626, 4.200000000000000178 ) ) ;
#26 = CARTESIAN_POINT ( 'NONE',  ( -6.286341605155322476, -30.10814750951951524, 6.700000000000001066 ) ) ;
#27 = VERTEX_POINT ( 'NONE', #1081 ) ;
#28 = DIRECTION ( 'NONE',  ( -0.9999988129865492459, 0.001540787296352615033, 0.000000000000000000 ) ) ;
#29 = PERSON_AND_ORGANIZATION_ROLE ( 'classification_officer' ) ;
#30 = FACE_OUTER_BOUND ( 'NONE', #1071, .T. ) ;
#31 = DIRECTION ( 'NONE',  ( -0.000000000000000000, -0.000000000000000000, 1.000000000000000000 ) ) ;
#32 = EDGE_CURVE ( 'NONE', #505, #150, #1214, .T. ) ;
#33 = DIRECTION ( 'NONE',  ( -1.000000000000000000, 0.000000000000000000, 0.000000000000000000 ) ) ;
#34 = CARTESIAN_POINT ( 'NONE',  ( 28.24095802038124958, 0.8414536226248152673, 6.700000000000001066 ) ) ;
#35 = DIRECTION ( 'NONE',  ( 0.000000000000000000, 1.000000000000000000, 0.000000000000000000 ) ) ;
#36 = ADVANCED_FACE ( 'NONE', ( #757 ), #766, .F. ) ;
#37 = CARTESIAN_POINT ( 'NONE',  ( 24.24095802038124603, -24.59822695298089101, 6.700000000000001066 ) ) ;
#38 = ORIENTED_EDGE ( 'NONE', *, *, #1347, .T. ) ;
#39 = AXIS2_PLACEMENT_3D ( 'NONE', #918, #1129, #1258 ) ;
#40 = DATE_AND_TIME ( #262, #772 ) ;
#41 = AXIS2_PLACEMENT_3D ( 'NONE', #128, #1157, #1268 ) ;
#42 = ORIENTED_EDGE ( 'NONE', *, *, #291, .F. ) ;
#43 = CARTESIAN_POINT ( 'NONE',  ( 26.24095802038124603, -30.15826521905758995, 8.200000000000001066 ) ) ;
#44 = DIRECTION ( 'NONE',  ( -1.000000000000000000, -0.000000000000000000, -0.000000000000000000 ) ) ;
#45 = ORIENTED_EDGE ( 'NONE', *, *, #686, .F. ) ;
#46 = DIRECTION ( 'NONE',  ( 0.000000000000000000, 0.000000000000000000, -1.000000000000000000 ) ) ;
#47 = FACE_BOUND ( 'NONE', #432, .T. ) ;
#48 = ORIENTED_EDGE ( 'NONE', *, *, #481, .F. ) ;
#49 = DIRECTION ( 'NONE',  ( -1.000000000000000000, 0.000000000000000000, 0.000000000000000000 ) ) ;
#50 = VERTEX_POINT ( 'NONE', #423 ) ;
#51 = CARTESIAN_POINT ( 'NONE',  ( 59.80512657940370502, -30.15826521905758639, 8.200000000000001066 ) ) ;
#52 = CARTESIAN_POINT ( 'NONE',  ( 26.74095802038124603, -26.09822695298089101, 8.200000000000001066 ) ) ;
#53 = EDGE_LOOP ( 'NONE', ( #710, #1091, #863, #162 ) ) ;
#54 = CARTESIAN_POINT ( 'NONE',  ( -8.823210538641212963, -30.15826521905758995, 6.700000000000001066 ) ) ;
#55 = DIRECTION ( 'NONE',  ( 0.000000000000000000, -1.000000000000000000, 0.000000000000000000 ) ) ;
#56 = EDGE_CURVE ( 'NONE', #430, #597, #891, .T. ) ;
#57 = ORIENTED_EDGE ( 'NONE', *, *, #1361, .T. ) ;
#58 = VECTOR ( 'NONE', #44, 1000.000000000000000 ) ;
#59 = CARTESIAN_POINT ( 'NONE',  ( 24.24095802038124603, -28.59822695298089457, 6.700000000000001066 ) ) ;
#60 = ORIENTED_EDGE ( 'NONE', *, *, #1296, .F. ) ;
#61 = CARTESIAN_POINT ( 'NONE',  ( 26.24095802038124603, -27.09822695298089101, 8.200000000000001066 ) ) ;
#62 = ORIENTED_EDGE ( 'NONE', *, *, #319, .T. ) ;
#63 = DIRECTION ( 'NONE',  ( 0.000000000000000000, -0.000000000000000000, 1.000000000000000000 ) ) ;
#64 = VERTEX_POINT ( 'NONE', #439 ) ;
#65 = CARTESIAN_POINT ( 'NONE',  ( 0.000000000000000000, 0.000000000000000000, 12.20000000000000107 ) ) ;
#66 = DIRECTION ( 'NONE',  ( 0.000000000000000000, -0.000000000000000000, -1.000000000000000000 ) ) ;
#67 = CARTESIAN_POINT ( 'NONE',  ( -8.823210538641212963, -58.03790752858660085, 4.200000000000000178 ) ) ;
#68 = CARTESIAN_POINT ( 'NONE',  ( -11.82321053864121296, -58.03790752858660085, 4.200000000000000178 ) ) ;
#69 = ORIENTED_EDGE ( 'NONE', *, *, #123, .T. ) ;
#70 = EDGE_CURVE ( 'NONE', #816, #416, #1126, .T. ) ;
#71 = CARTESIAN_POINT ( 'NONE',  ( 24.24095802038124603, -24.59822695298089101, 0.000000000000000000 ) ) ;
#72 = ORIENTED_EDGE ( 'NONE', *, *, #456, .T. ) ;
#73 = DIRECTION ( 'NONE',  ( 0.000000000000000000, -0.000000000000000000, -1.000000000000000000 ) ) ;
#74 = APPROVAL_DATE_TIME ( #1094, #664 ) ;
#75 = DIRECTION ( 'NONE',  ( -1.000000000000000000, 0.000000000000000000, 0.000000000000000000 ) ) ;
#76 = ORIENTED_EDGE ( 'NONE', *, *, #605, .F. ) ;
#77 = CARTESIAN_POINT ( 'NONE',  ( 58.80743954361393122, -55.53790752858658664, 8.200000000000001066 ) ) ;
#78 = AXIS2_PLACEMENT_3D ( 'NONE', #845, #265, #724 ) ;
#79 = CIRCLE ( 'NONE', #271, 32.56416855902244833 ) ;
#80 = CARTESIAN_POINT ( 'NONE',  ( 24.24095802038124603, -28.59822695298089101, 7.578679656440356460 ) ) ;
#81 = ORIENTED_EDGE ( 'NONE', *, *, #555, .F. ) ;
#82 = ADVANCED_FACE ( 'NONE', ( #205 ), #573, .T. ) ;
#83 = CARTESIAN_POINT ( 'NONE',  ( 24.24095802038124603, -54.03790752858659374, 6.700000000000001066 ) ) ;
#84 = CARTESIAN_POINT ( 'NONE',  ( 58.55103637402222461, -26.09822695298089101, 8.200000000000001066 ) ) ;
#85 = EDGE_CURVE ( 'NONE', #1171, #1436, #1101, .T. ) ;
#86 = LINE ( 'NONE', #325, #994 ) ;
#87 = EDGE_LOOP ( 'NONE', ( #1069, #303, #628 ) ) ;
#88 = CARTESIAN_POINT ( 'NONE',  ( 25.74095802038124603, 2.402064538799995486, 8.200000000000001066 ) ) ;
#89 = AXIS2_PLACEMENT_3D ( 'NONE', #334, #1210, #433 ) ;
#90 = VECTOR ( 'NONE', #1344, 1000.000000000000000 ) ;
#91 = DIRECTION ( 'NONE',  ( -0.000000000000000000, -0.000000000000000000, -1.000000000000000000 ) ) ;
#92 = EDGE_CURVE ( 'NONE', #287, #192, #632, .T. ) ;
#93 = ORIENTED_EDGE ( 'NONE', *, *, #1264, .F. ) ;
#94 = DIRECTION ( 'NONE',  ( 0.000000000000000000, 0.000000000000000000, -1.000000000000000000 ) ) ;
#95 = CARTESIAN_POINT ( 'NONE',  ( -8.823210538641212963, -58.03790752858660085, 8.200000000000001066 ) ) ;
#96 =( BOUNDED_CURVE ( )  B_SPLINE_CURVE ( 3, ( #1466, #547, #106, #654 ),
 .UNSPECIFIED., .F., .T. ) 
 B_SPLINE_CURVE_WITH_KNOTS ( ( 4, 4 ),
 ( 0.000000000000000000, 1.570796326794896558 ),
 .UNSPECIFIED. ) 
 CURVE ( )  GEOMETRIC_REPRESENTATION_ITEM ( )  RATIONAL_B_SPLINE_CURVE ( ( 1.000000000000000000, 0.8047378541243649375, 0.8047378541243649375, 1.000000000000000000 ) ) 
 REPRESENTATION_ITEM ( '' )  );
#97 = ORIENTED_EDGE ( 'NONE', *, *, #834, .F. ) ;
#98 = DIRECTION ( 'NONE',  ( 0.000000000000000000, 0.000000000000000000, -1.000000000000000000 ) ) ;
#99 = CARTESIAN_POINT ( 'NONE',  ( 58.76825764591782075, -30.10814750951952234, 6.700000000000001066 ) ) ;
#100 = EDGE_LOOP ( 'NONE', ( #656, #57, #966, #104 ) ) ;
#101 = CARTESIAN_POINT ( 'NONE',  ( 24.24095802038124603, -24.59822695298089101, 0.000000000000000000 ) ) ;
#102 = LINE ( 'NONE', #1338, #1377 ) ;
#103 = PLANE ( 'NONE',  #592 ) ;
#104 = ORIENTED_EDGE ( 'NONE', *, *, #32, .T. ) ;
#105 = EDGE_LOOP ( 'NONE', ( #1283, #733, #1043 ) ) ;
#106 = CARTESIAN_POINT ( 'NONE',  ( 27.61963767682160409, -54.65922787214623213, 8.200000000000001066 ) ) ;
#107 = ORIENTED_EDGE ( 'NONE', *, *, #123, .F. ) ;
#108 = CARTESIAN_POINT ( 'NONE',  ( 57.30512657940370502, -54.03790752858658664, 0.000000000000000000 ) ) ;
#109 = CARTESIAN_POINT ( 'NONE',  ( 56.89452021731133868, -24.67428378458702909, 7.187144516232376823 ) ) ;
#110 = EDGE_CURVE ( 'NONE', #1286, #1440, #642, .T. ) ;
#111 = DIRECTION ( 'NONE',  ( -1.000000000000000000, 0.000000000000000000, 0.000000000000000000 ) ) ;
#112 = ORIENTED_EDGE ( 'NONE', *, *, #496, .F. ) ;
#113 = LINE ( 'NONE', #1237, #301 ) ;
#114 = PERSON_AND_ORGANIZATION ( #156, #203 ) ;
#115 = ORIENTED_EDGE ( 'NONE', *, *, #92, .F. ) ;
#116 = VECTOR ( 'NONE', #670, 1000.000000000000000 ) ;
#117 = CARTESIAN_POINT ( 'NONE',  ( 28.24095802038124958, -24.59822695298089101, 6.700000000000001066 ) ) ;
#118 = VECTOR ( 'NONE', #1413, 1000.000000000000000 ) ;
#119 = CARTESIAN_POINT ( 'NONE',  ( -4.823210538641212963, -54.03790752858659374, 6.700000000000001066 ) ) ;
#120 = DIRECTION ( 'NONE',  ( 0.000000000000000000, 1.000000000000000000, 0.000000000000000000 ) ) ;
#121 = DESIGN_CONTEXT ( 'detailed design', #790, 'design' ) ;
#122 = ORIENTED_EDGE ( 'NONE', *, *, #1302, .T. ) ;
#123 = EDGE_CURVE ( 'NONE', #648, #27, #310, .T. ) ;
#124 = CARTESIAN_POINT ( 'NONE',  ( -8.823210538641212963, -30.15826521905758995, 6.700000000000001066 ) ) ;
#125 = COORDINATED_UNIVERSAL_TIME_OFFSET ( 0, 0, .AHEAD. ) ;
#126 = EDGE_CURVE ( 'NONE', #676, #1437, #526, .T. ) ;
#127 = CARTESIAN_POINT ( 'NONE',  ( 59.80512657940370502, -56.53790752858659374, 8.200000000000001066 ) ) ;
#128 = CARTESIAN_POINT ( 'NONE',  ( 26.24095802038124603, -30.15826521905758995, 8.200000000000001066 ) ) ;
#129 = ORIENTED_EDGE ( 'NONE', *, *, #711, .F. ) ;
#130 = DIRECTION ( 'NONE',  ( -1.000000000000000000, -2.387439327505955132E-16, 0.000000000000000000 ) ) ;
#131 = CARTESIAN_POINT ( 'NONE',  ( -4.321576932451478115, -24.59822695298089101, 6.700000000000001066 ) ) ;
#132 = AXIS2_PLACEMENT_3D ( 'NONE', #1004, #436, #897 ) ;
#133 = DIRECTION ( 'NONE',  ( 0.000000000000000000, 1.000000000000000000, 0.000000000000000000 ) ) ;
#134 = ADVANCED_FACE ( 'NONE', ( #1241 ), #748, .T. ) ;
#135 = DIRECTION ( 'NONE',  ( 0.000000000000000000, 1.000000000000000000, 0.000000000000000000 ) ) ;
#136 = AXIS2_PLACEMENT_3D ( 'NONE', #1477, #1348, #799 ) ;
#137 = VECTOR ( 'NONE', #168, 1000.000000000000000 ) ;
#138 = ADVANCED_FACE ( 'NONE', ( #323 ), #548, .F. ) ;
#139 = CARTESIAN_POINT ( 'NONE',  ( -4.784013355459467931, -28.59822695298089457, 0.000000000000000000 ) ) ;
#140 = ADVANCED_FACE ( 'NONE', ( #667 ), #884, .F. ) ;
#141 = ORIENTED_EDGE ( 'NONE', *, *, #70, .F. ) ;
#142 = VECTOR ( 'NONE', #1460, 1000.000000000000000 ) ;
#143 = DIRECTION ( 'NONE',  ( 0.000000000000000000, -0.000000000000000000, 1.000000000000000000 ) ) ;
#144 = VERTEX_POINT ( 'NONE', #1337 ) ;
#145 = CARTESIAN_POINT ( 'NONE',  ( 86.64095802038121974, 16.96209247141340626, 0.000000000000000000 ) ) ;
#146 = SECURITY_CLASSIFICATION_LEVEL ( 'unclassified' ) ;
#147 = VECTOR ( 'NONE', #721, 1000.000000000000000 ) ;
#148 = ADVANCED_FACE ( 'NONE', ( #1234 ), #1321, .T. ) ;
#149 = DIRECTION ( 'NONE',  ( 1.156482317317871478E-16, -1.000000000000000000, 0.000000000000000000 ) ) ;
#150 = VERTEX_POINT ( 'NONE', #535 ) ;
#151 =( BOUNDED_CURVE ( )  B_SPLINE_CURVE ( 3, ( #457, #560, #672, #532 ),
 .UNSPECIFIED., .F., .T. ) 
 B_SPLINE_CURVE_WITH_KNOTS ( ( 4, 4 ),
 ( 4.712388980384689674, 6.283185307179586232 ),
 .UNSPECIFIED. ) 
 CURVE ( )  GEOMETRIC_REPRESENTATION_ITEM ( )  RATIONAL_B_SPLINE_CURVE ( ( 1.000000000000000000, 0.8047378541243649375, 0.8047378541243649375, 1.000000000000000000 ) ) 
 REPRESENTATION_ITEM ( '' )  );
#152 = CARTESIAN_POINT ( 'NONE',  ( 28.24095802038124958, -28.59822695298089457, 0.000000000000000000 ) ) ;
#153 = ORIENTED_EDGE ( 'NONE', *, *, #1100, .F. ) ;
#154 = ORIENTED_EDGE ( 'NONE', *, *, #319, .F. ) ;
#155 = ORIENTED_EDGE ( 'NONE', *, *, #23, .F. ) ;
#156 = PERSON ( 'UNSPECIFIED', 'UNSPECIFIED', 'UNSPECIFIED', ('UNSPECIFIED'), ('UNSPECIFIED'), ('UNSPECIFIED') ) ;
#157 = AXIS2_PLACEMENT_3D ( 'NONE', #517, #986, #206 ) ;
#158 = LOCAL_TIME ( 18, 35, 16.00000000000000000, #1259 ) ;
#159 = CARTESIAN_POINT ( 'NONE',  ( 24.30270947386653191, 0.9074238635235232220, 7.179073146469147737 ) ) ;
#160 = ORIENTED_EDGE ( 'NONE', *, *, #634, .F. ) ;
#161 = CARTESIAN_POINT ( 'NONE',  ( -53.35904197961879447, 81.96209247141339915, 0.000000000000000000 ) ) ;
#162 = ORIENTED_EDGE ( 'NONE', *, *, #1139, .F. ) ;
#163 = CARTESIAN_POINT ( 'NONE',  ( 27.40637810914539685, 1.719635653827797261, 8.055536475875564761 ) ) ;
#164 = VERTEX_POINT ( 'NONE', #215 ) ;
#165 = CARTESIAN_POINT ( 'NONE',  ( -7.323210538641212963, -56.53790752858659374, 8.200000000000001066 ) ) ;
#166 = MANIFOLD_SOLID_BREP ( 'Boss-Extrude3', #331 ) ;
#167 = EDGE_LOOP ( 'NONE', ( #744, #671, #858, #890 ) ) ;
#168 = DIRECTION ( 'NONE',  ( -0.000000000000000000, -0.000000000000000000, 1.000000000000000000 ) ) ;
#169 = CARTESIAN_POINT ( 'NONE',  ( 26.90981504354720144, 2.230580085580243566, 8.200000000000001066 ) ) ;
#170 = EDGE_CURVE ( 'NONE', #150, #260, #1000, .T. ) ;
#171 = VECTOR ( 'NONE', #1269, 1000.000000000000000 ) ;
#172 = VERTEX_POINT ( 'NONE', #14 ) ;
#173 = CARTESIAN_POINT ( 'NONE',  ( 61.30512657940370502, -58.03790752858660085, 4.200000000000000178 ) ) ;
#174 = EDGE_LOOP ( 'NONE', ( #1453, #828, #700, #959 ) ) ;
#175 = ORIENTED_EDGE ( 'NONE', *, *, #397, .T. ) ;
#176 = VERTEX_POINT ( 'NONE', #119 ) ;
#177 = DIRECTION ( 'NONE',  ( -1.000000000000000000, -0.000000000000000000, -0.000000000000000000 ) ) ;
#178 = CARTESIAN_POINT ( 'NONE',  ( 26.74095802038124603, -26.09822695298089101, 8.200000000000001066 ) ) ;
#179 = ORIENTED_EDGE ( 'NONE', *, *, #110, .T. ) ;
#180 = CARTESIAN_POINT ( 'NONE',  ( 28.24095802038124958, -28.59822695298089101, 7.578679656440356460 ) ) ;
#181 = VERTEX_POINT ( 'NONE', #25 ) ;
#182 = DIRECTION ( 'NONE',  ( 0.000000000000000000, 0.000000000000000000, 1.000000000000000000 ) ) ;
#183 = ORIENTED_EDGE ( 'NONE', *, *, #1347, .F. ) ;
#184 = AXIS2_PLACEMENT_3D ( 'NONE', #286, #599, #1102 ) ;
#185 = EDGE_CURVE ( 'NONE', #1440, #816, #687, .T. ) ;
#186 = LINE ( 'NONE', #196, #1357 ) ;
#187 = VERTEX_POINT ( 'NONE', #1366 ) ;
#188 = CARTESIAN_POINT ( 'NONE',  ( 24.24095802038124603, -28.59822695298089457, 0.000000000000000000 ) ) ;
#189 = CARTESIAN_POINT ( 'NONE',  ( 57.26592939622196354, -28.59822695298089457, 0.000000000000000000 ) ) ;
#190 = VECTOR ( 'NONE', #1005, 1000.000000000000000 ) ;
#191 = FACE_BOUND ( 'NONE', #100, .T. ) ;
#192 = VERTEX_POINT ( 'NONE', #238 ) ;
#193 = LINE ( 'NONE', #202, #212 ) ;
#194 = EDGE_CURVE ( 'NONE', #150, #416, #254, .T. ) ;
#195 = VECTOR ( 'NONE', #130, 1000.000000000000000 ) ;
#196 = CARTESIAN_POINT ( 'NONE',  ( 24.24095802038124603, -54.03790752858659374, 0.000000000000000000 ) ) ;
#197 = ORIENTED_EDGE ( 'NONE', *, *, #291, .T. ) ;
#198 = EDGE_CURVE ( 'NONE', #597, #269, #345, .T. ) ;
#199 = DIRECTION ( 'NONE',  ( -1.000000000000000000, 0.000000000000000000, 0.000000000000000000 ) ) ;
#200 = CARTESIAN_POINT ( 'NONE',  ( 58.36311185776080634, -25.93245386423727084, 8.199999999999999289 ) ) ;
#201 = EDGE_CURVE ( 'NONE', #181, #977, #1038, .T. ) ;
#202 = CARTESIAN_POINT ( 'NONE',  ( 28.24095802038124958, -28.59822695298089457, 6.700000000000001066 ) ) ;
#203 = ORGANIZATION ( 'UNSPECIFIED', 'UNSPECIFIED', '' ) ;
#204 = DIRECTION ( 'NONE',  ( 1.000000000000000000, -0.000000000000000000, 0.000000000000000000 ) ) ;
#205 = FACE_OUTER_BOUND ( 'NONE', #174, .T. ) ;
#206 = DIRECTION ( 'NONE',  ( 0.000000000000000000, 0.000000000000000000, -1.000000000000000000 ) ) ;
#207 = CC_DESIGN_PERSON_AND_ORGANIZATION_ASSIGNMENT ( #718, #1053, ( #929 ) ) ;
#208 = CARTESIAN_POINT ( 'NONE',  ( 61.30512657940370502, -56.53790752858659374, 8.200000000000001066 ) ) ;
#209 = ORIENTED_EDGE ( 'NONE', *, *, #605, .T. ) ;
#210 = EDGE_CURVE ( 'NONE', #1286, #738, #1051, .T. ) ;
#211 = CARTESIAN_POINT ( 'NONE',  ( -4.784013355459467931, -28.59822695298089457, 6.700000000000001066 ) ) ;
#212 = VECTOR ( 'NONE', #1419, 1000.000000000000000 ) ;
#213 = CARTESIAN_POINT ( 'NONE',  ( 59.80512657940370502, -30.15826521905758995, 6.700000000000001066 ) ) ;
#214 = ORIENTED_EDGE ( 'NONE', *, *, #868, .T. ) ;
#215 = CARTESIAN_POINT ( 'NONE',  ( -8.823210538641212963, -58.03790752858660085, 6.700000000000001066 ) ) ;
#216 = CARTESIAN_POINT ( 'NONE',  ( 86.64095802038124816, -98.03790752858660085, 4.200000000000000178 ) ) ;
#217 = LINE ( 'NONE', #1135, #116 ) ;
#218 = CIRCLE ( 'NONE', #787, 31.06416855902245189 ) ;
#219 =( NAMED_UNIT ( * ) PLANE_ANGLE_UNIT ( ) SI_UNIT ( $, .RADIAN. ) );
#220 = DIRECTION ( 'NONE',  ( 0.000000000000000000, 0.000000000000000000, 1.000000000000000000 ) ) ;
#221 = EDGE_CURVE ( 'NONE', #1076, #1270, #818, .T. ) ;
#222 = ORIENTED_EDGE ( 'NONE', *, *, #684, .F. ) ;
#223 = DIRECTION ( 'NONE',  ( -0.000000000000000000, -0.000000000000000000, -1.000000000000000000 ) ) ;
#224 = CARTESIAN_POINT ( 'NONE',  ( 57.06757137905002963, -24.81949856811328203, 7.491994058431586723 ) ) ;
#225 = VERTEX_POINT ( 'NONE', #1479 ) ;
#226 = CARTESIAN_POINT ( 'NONE',  ( -34.00904197961883568, 16.96209247141340626, 0.000000000000000000 ) ) ;
#227 = DATE_AND_TIME ( #842, #486 ) ;
#228 = ORIENTED_EDGE ( 'NONE', *, *, #661, .F. ) ;
#229 = FACE_OUTER_BOUND ( 'NONE', #1446, .T. ) ;
#230 = CARTESIAN_POINT ( 'NONE',  ( 57.88629315366939920, -27.97690660942124907, 8.200000000000002842 ) ) ;
#231 = FACE_OUTER_BOUND ( 'NONE', #847, .T. ) ;
#232 = ORIENTED_EDGE ( 'NONE', *, *, #765, .F. ) ;
#233 = FACE_OUTER_BOUND ( 'NONE', #1317, .T. ) ;
#234 = CALENDAR_DATE ( 2026, 7, 9 ) ;
#235 = VECTOR ( 'NONE', #1114, 1000.000000000000000 ) ;
#236 = CARTESIAN_POINT ( 'NONE',  ( 61.30512657940370502, -58.03790752858660085, 4.200000000000000178 ) ) ;
#237 = VECTOR ( 'NONE', #736, 1000.000000000000000 ) ;
#238 = CARTESIAN_POINT ( 'NONE',  ( 24.24095802038124603, -28.59822695298089457, 6.700000000000001066 ) ) ;
#239 = DIRECTION ( 'NONE',  ( -1.000000000000000000, 0.000000000000000000, 0.000000000000000000 ) ) ;
#240 = LINE ( 'NONE', #921, #16 ) ;
#241 = PLANE ( 'NONE',  #1427 ) ;
#242 = SECURITY_CLASSIFICATION ( '', '', #146 ) ;
#243 = CYLINDRICAL_SURFACE ( 'NONE', #1154, 1.499999999999999556 ) ;
#244 = CARTESIAN_POINT ( 'NONE',  ( 24.24095802038124603, -54.03790752858659374, 0.000000000000000000 ) ) ;
#245 = EDGE_CURVE ( 'NONE', #416, #1193, #193, .T. ) ;
#246 = CYLINDRICAL_SURFACE ( 'NONE', #41, 35.06416855902246255 ) ;
#247 = CYLINDRICAL_SURFACE ( 'NONE', #1144, 31.06416855902245544 ) ;
#248 = EDGE_CURVE ( 'NONE', #895, #887, #991, .T. ) ;
#249 = DIRECTION ( 'NONE',  ( 0.001540787296352614816, 0.9999988129865491349, 0.000000000000000000 ) ) ;
#250 = DIRECTION ( 'NONE',  ( -0.9999988129865492459, 0.001540787296352060355, 0.000000000000000000 ) ) ;
#251 = AXIS2_PLACEMENT_3D ( 'NONE', #797, #1225, #1246 ) ;
#252 = PLANE ( 'NONE',  #651 ) ;
#253 = EDGE_LOOP ( 'NONE', ( #1212, #1136, #1096, #1204 ) ) ;
#254 =( BOUNDED_CURVE ( )  B_SPLINE_CURVE ( 3, ( #354, #230, #469, #1359 ),
 .UNSPECIFIED., .F., .T. ) 
 B_SPLINE_CURVE_WITH_KNOTS ( ( 4, 4 ),
 ( 1.570796326794896558, 3.141592653589793116 ),
 .UNSPECIFIED. ) 
 CURVE ( )  GEOMETRIC_REPRESENTATION_ITEM ( )  RATIONAL_B_SPLINE_CURVE ( ( 1.000000000000000000, 0.8047378541243649375, 0.8047378541243649375, 1.000000000000000000 ) ) 
 REPRESENTATION_ITEM ( '' )  );
#255 = CARTESIAN_POINT ( 'NONE',  ( 26.24095802038124603, -30.15826521905758995, 6.700000000000001066 ) ) ;
#256 = CARTESIAN_POINT ( 'NONE',  ( -4.412604462128175697, -24.67428402349963790, 7.187145263225066749 ) ) ;
#257 = LINE ( 'NONE', #1398, #1072 ) ;
#258 = ORIENTED_EDGE ( 'NONE', *, *, #316, .T. ) ;
#259 = FACE_OUTER_BOUND ( 'NONE', #1228, .T. ) ;
#260 = VERTEX_POINT ( 'NONE', #77 ) ;
#261 = CARTESIAN_POINT ( 'NONE',  ( 25.74095802038124603, -27.09822695298089101, 8.200000000000001066 ) ) ;
#262 = CALENDAR_DATE ( 2026, 7, 9 ) ;
#263 = LINE ( 'NONE', #161, #1417 ) ;
#264 = VERTEX_POINT ( 'NONE', #51 ) ;
#265 = DIRECTION ( 'NONE',  ( -0.000000000000000000, 0.000000000000000000, 1.000000000000000000 ) ) ;
#266 = EDGE_CURVE ( 'NONE', #322, #1167, #593, .T. ) ;
#267 = EDGE_LOOP ( 'NONE', ( #756, #141, #1304, #957 ) ) ;
#268 = CARTESIAN_POINT ( 'NONE',  ( -8.823210538641212963, -58.03790752858660085, 6.700000000000001066 ) ) ;
#269 = VERTEX_POINT ( 'NONE', #1061 ) ;
#270 = APPROVAL_ROLE ( '' ) ;
#271 = AXIS2_PLACEMENT_3D ( 'NONE', #43, #603, #49 ) ;
#272 = EDGE_CURVE ( 'NONE', #269, #941, #753, .T. ) ;
#273 = CARTESIAN_POINT ( 'NONE',  ( 64.30512657940370502, -58.03790752858660085, 12.20000000000000107 ) ) ;
#274 = CARTESIAN_POINT ( 'NONE',  ( -5.404377112906909808, -27.97690660942124907, 8.200000000000001066 ) ) ;
#275 = CARTESIAN_POINT ( 'NONE',  ( 57.26592939622196354, -28.59822695298089457, 0.000000000000000000 ) ) ;
#276 = EDGE_LOOP ( 'NONE', ( #1247, #1122, #590 ) ) ;
#277 = LINE ( 'NONE', #958, #118 ) ;
#278 = ORIENTED_EDGE ( 'NONE', *, *, #834, .T. ) ;
#279 = VECTOR ( 'NONE', #369, 1000.000000000000000 ) ;
#280 = VECTOR ( 'NONE', #1254, 1000.000000000000227 ) ;
#281 = FACE_BOUND ( 'NONE', #1132, .T. ) ;
#282 = EDGE_LOOP ( 'NONE', ( #708, #712, #1334, #835 ) ) ;
#283 = FACE_OUTER_BOUND ( 'NONE', #1206, .T. ) ;
#284 = FACE_OUTER_BOUND ( 'NONE', #666, .T. ) ;
#285 = LINE ( 'NONE', #1197, #1036 ) ;
#286 = CARTESIAN_POINT ( 'NONE',  ( -7.323210538641212963, -30.15826521905758995, 6.700000000000001066 ) ) ;
#287 = VERTEX_POINT ( 'NONE', #1276 ) ;
#288 = ORIENTED_EDGE ( 'NONE', *, *, #808, .F. ) ;
#289 = AXIS2_PLACEMENT_3D ( 'NONE', #381, #398, #945 ) ;
#290 = DIRECTION ( 'NONE',  ( 1.000000000000000000, 0.000000000000000000, 0.000000000000000000 ) ) ;
#291 = EDGE_CURVE ( 'NONE', #738, #1193, #879, .T. ) ;
#292 = EDGE_CURVE ( 'NONE', #225, #1270, #646, .T. ) ;
#293 = DIRECTION ( 'NONE',  ( -0.000000000000000000, -0.000000000000000000, 1.000000000000000000 ) ) ;
#294 = ORIENTED_EDGE ( 'NONE', *, *, #316, .F. ) ;
#295 = AXIS2_PLACEMENT_3D ( 'NONE', #668, #1127, #446 ) ;
#296 = PLANE ( 'NONE',  #78 ) ;
#297 = EDGE_LOOP ( 'NONE', ( #405, #1224, #770, #450 ) ) ;
#298 = CARTESIAN_POINT ( 'NONE',  ( 28.24095802038124958, 0.8414536226248152673, 0.000000000000000000 ) ) ;
#299 = LINE ( 'NONE', #741, #680 ) ;
#300 = ADVANCED_FACE ( 'NONE', ( #493 ), #870, .F. ) ;
#301 = VECTOR ( 'NONE', #1243, 1000.000000000000000 ) ;
#302 = VECTOR ( 'NONE', #541, 1000.000000000000000 ) ;
#303 = ORIENTED_EDGE ( 'NONE', *, *, #1179, .F. ) ;
#304 = VECTOR ( 'NONE', #1388, 1000.000000000000000 ) ;
#305 = CARTESIAN_POINT ( 'NONE',  ( 64.30512657940370502, -58.03790752858660085, 12.20000000000000107 ) ) ;
#306 = ADVANCED_FACE ( 'NONE', ( #448 ), #910, .F. ) ;
#307 = EDGE_LOOP ( 'NONE', ( #183, #698, #722, #507, #883, #881, #586, #1146 ) ) ;
#308 = DIRECTION ( 'NONE',  ( 0.000000000000000000, 0.000000000000000000, 1.000000000000000000 ) ) ;
#309 = ORIENTED_EDGE ( 'NONE', *, *, #1149, .F. ) ;
#310 = LINE ( 'NONE', #298, #302 ) ;
#311 = CARTESIAN_POINT ( 'NONE',  ( 57.13719538035920920, -24.87814076182992906, 7.578311246234518350 ) ) ;
#312 = DIRECTION ( 'NONE',  ( -1.000000000000000000, 0.000000000000000000, 0.000000000000000000 ) ) ;
#313 = ORIENTED_EDGE ( 'NONE', *, *, #1029, .T. ) ;
#314 = CARTESIAN_POINT ( 'NONE',  ( 25.74095802038124603, -27.09822695298089101, 8.200000000000001066 ) ) ;
#315 = DIRECTION ( 'NONE',  ( -0.001540787296352614816, -0.9999988129865491349, 0.000000000000000000 ) ) ;
#316 = EDGE_CURVE ( 'NONE', #624, #717, #113, .T. ) ;
#317 = DIRECTION ( 'NONE',  ( -0.000000000000000000, -0.000000000000000000, 1.000000000000000000 ) ) ;
#318 = ORIENTED_EDGE ( 'NONE', *, *, #357, .T. ) ;
#319 = EDGE_CURVE ( 'NONE', #269, #176, #662, .T. ) ;
#320 = AXIS2_PLACEMENT_3D ( 'NONE', #26, #706, #250 ) ;
#321 = DIRECTION ( 'NONE',  ( 0.000000000000000000, 1.000000000000000000, 0.000000000000000000 ) ) ;
#322 = VERTEX_POINT ( 'NONE', #1010 ) ;
#323 = FACE_OUTER_BOUND ( 'NONE', #253, .T. ) ;
#324 = DIRECTION ( 'NONE',  ( 0.000000000000000000, 0.000000000000000000, -1.000000000000000000 ) ) ;
#325 = CARTESIAN_POINT ( 'NONE',  ( 57.30512657940370502, -54.03790752858658664, 0.000000000000000000 ) ) ;
#326 = ORIENTED_EDGE ( 'NONE', *, *, #1121, .F. ) ;
#327 = CARTESIAN_POINT ( 'NONE',  ( -11.82321053864121296, -58.03790752858660085, 12.20000000000000107 ) ) ;
#328 =( LENGTH_UNIT ( ) NAMED_UNIT ( * ) SI_UNIT ( .MILLI., .METRE. ) );
#329 = EDGE_LOOP ( 'NONE', ( #1174, #644, #1305, #232 ) ) ;
#330 = VECTOR ( 'NONE', #1040, 1000.000000000000000 ) ;
#331 = CLOSED_SHELL ( 'NONE', ( #1032, #934, #852, #36, #306, #1019, #421, #399, #1217, #138, #893, #420, #1055, #1112, #557, #134, #512, #877, #544, #930, #428, #570, #349, #837, #1392, #1279, #1165, #543, #148, #639, #960, #805, #82, #343, #1373, #954, #1464, #1063, #795, #1248, #886, #22, #372, #655, #300, #140, #1411 ) ) ;
#332 = LINE ( 'NONE', #1239, #1308 ) ;
#333 = ORIENTED_EDGE ( 'NONE', *, *, #823, .T. ) ;
#334 = CARTESIAN_POINT ( 'NONE',  ( 28.24095802038124958, -24.59822695298089101, 0.000000000000000000 ) ) ;
#335 = CARTESIAN_POINT ( 'NONE',  ( 57.62298579142166233, -25.29086633136833839, 7.977750450404981208 ) ) ;
#336 = DIRECTION ( 'NONE',  ( 0.000000000000000000, 0.000000000000000000, -1.000000000000000000 ) ) ;
#337 = VECTOR ( 'NONE', #963, 1000.000000000000000 ) ;
#338 = DIRECTION ( 'NONE',  ( 0.000000000000000000, 1.000000000000000000, 0.000000000000000000 ) ) ;
#339 = VERTEX_POINT ( 'NONE', #545 ) ;
#340 = DIRECTION ( 'NONE',  ( 0.000000000000000000, -1.000000000000000000, 0.000000000000000000 ) ) ;
#341 = CARTESIAN_POINT ( 'NONE',  ( -4.321576932451478115, -24.59822695298089101, 0.000000000000000000 ) ) ;
#342 = UNCERTAINTY_MEASURE_WITH_UNIT (LENGTH_MEASURE( 1.000000000000000082E-05 ), #328, 'distance_accuracy_value', 'NONE');
#343 = ADVANCED_FACE ( 'NONE', ( #653 ), #1123, .T. ) ;
#344 = CARTESIAN_POINT ( 'NONE',  ( 24.24095802038124603, -24.59822695298089101, 0.000000000000000000 ) ) ;
#345 = LINE ( 'NONE', #811, #829 ) ;
#346 = FACE_BOUND ( 'NONE', #307, .T. ) ;
#347 = CARTESIAN_POINT ( 'NONE',  ( -4.823210538641210299, -54.03790752858660085, 7.578679656440359125 ) ) ;
#348 = ORIENTED_EDGE ( 'NONE', *, *, #1155, .T. ) ;
#349 = ADVANCED_FACE ( 'NONE', ( #1147 ), #241, .F. ) ;
#350 = DIRECTION ( 'NONE',  ( -0.000000000000000000, 0.000000000000000000, -1.000000000000000000 ) ) ;
#351 = ORIENTED_EDGE ( 'NONE', *, *, #762, .T. ) ;
#352 = EDGE_CURVE ( 'NONE', #582, #366, #1018, .T. ) ;
#353 = AXIS2_PLACEMENT_3D ( 'NONE', #633, #1205, #182 ) ;
#354 = CARTESIAN_POINT ( 'NONE',  ( 58.76361999305632366, -27.09822695298089101, 8.200000000000001066 ) ) ;
#355 = CARTESIAN_POINT ( 'NONE',  ( -34.00904197961883568, 16.96209247141340626, 0.000000000000000000 ) ) ;
#356 = DIRECTION ( 'NONE',  ( -0.9999988129865492459, -0.001540787296352342465, 0.000000000000000000 ) ) ;
#357 = EDGE_CURVE ( 'NONE', #1178, #366, #442, .T. ) ;
#358 = DIRECTION ( 'NONE',  ( -1.000000000000000000, -2.387439327505955132E-16, 0.000000000000000000 ) ) ;
#359 = DIRECTION ( 'NONE',  ( -0.000000000000000000, -0.000000000000000000, 1.000000000000000000 ) ) ;
#360 = LINE ( 'NONE', #820, #330 ) ;
#361 = LINE ( 'NONE', #244, #1180 ) ;
#362 = DIRECTION ( 'NONE',  ( -0.001540787296352614816, -0.9999988129865491349, 0.000000000000000000 ) ) ;
#363 = CARTESIAN_POINT ( 'NONE',  ( -53.35904197961877315, -98.03790752858660085, 0.000000000000000000 ) ) ;
#364 = EDGE_CURVE ( 'NONE', #264, #64, #1186, .T. ) ;
#365 = DIRECTION ( 'NONE',  ( -0.000000000000000000, -0.000000000000000000, 1.000000000000000000 ) ) ;
#366 = VERTEX_POINT ( 'NONE', #1249 ) ;
#367 = DIRECTION ( 'NONE',  ( 0.000000000000000000, 1.000000000000000000, 0.000000000000000000 ) ) ;
#368 = VECTOR ( 'NONE', #1073, 1000.000000000000000 ) ;
#369 = DIRECTION ( 'NONE',  ( 1.000000000000000000, -0.000000000000000000, -0.000000000000000000 ) ) ;
#370 = CARTESIAN_POINT ( 'NONE',  ( 24.24095802038124603, -24.59822695298089101, 6.700000000000001066 ) ) ;
#371 = EDGE_LOOP ( 'NONE', ( #1362, #386, #1190, #554 ) ) ;
#372 = ADVANCED_FACE ( 'NONE', ( #233 ), #905, .F. ) ;
#373 = AXIS2_PLACEMENT_3D ( 'NONE', #99, #1452, #419 ) ;
#374 = CARTESIAN_POINT ( 'NONE',  ( -6.281703952293820947, -27.09822695298089101, 8.200000000000001066 ) ) ;
#375 = DIRECTION ( 'NONE',  ( 0.000000000000000000, 0.000000000000000000, -1.000000000000000000 ) ) ;
#376 = ORIENTED_EDGE ( 'NONE', *, *, #1350, .F. ) ;
#377 = EDGE_LOOP ( 'NONE', ( #197, #1399, #531, #533 ) ) ;
#378 = CARTESIAN_POINT ( 'NONE',  ( 61.30512657940370502, -58.03790752858660085, 6.700000000000001066 ) ) ;
#379 = VERTEX_POINT ( 'NONE', #124 ) ;
#380 = EDGE_CURVE ( 'NONE', #187, #505, #774, .T. ) ;
#381 = CARTESIAN_POINT ( 'NONE',  ( 26.24095802038124603, -26.09822695298089101, 6.700000000000001066 ) ) ;
#382 = ORIENTED_EDGE ( 'NONE', *, *, #1080, .T. ) ;
#383 = CARTESIAN_POINT ( 'NONE',  ( 24.24095802038124603, -24.59822695298089101, 6.700000000000001066 ) ) ;
#384 = ORIENTED_EDGE ( 'NONE', *, *, #56, .F. ) ;
#385 = DIRECTION ( 'NONE',  ( 0.000000000000000000, 1.000000000000000000, 0.000000000000000000 ) ) ;
#386 = ORIENTED_EDGE ( 'NONE', *, *, #566, .T. ) ;
#387 = CARTESIAN_POINT ( 'NONE',  ( 26.24095802038124603, -26.09822695298089101, 6.700000000000001066 ) ) ;
#388 = ORIENTED_EDGE ( 'NONE', *, *, #9, .T. ) ;
#389 = CARTESIAN_POINT ( 'NONE',  ( 24.24095802038124603, 0.8414536226248152673, 0.000000000000000000 ) ) ;
#390 = DIRECTION ( 'NONE',  ( 0.001540787296352342465, -0.9999988129865491349, 0.000000000000000000 ) ) ;
#391 = CARTESIAN_POINT ( 'NONE',  ( 61.30512657940370502, -30.15826521905758639, 8.200000000000001066 ) ) ;
#392 = CARTESIAN_POINT ( 'NONE',  ( 64.30512657940370502, -58.03790752858660085, 4.200000000000000178 ) ) ;
#393 = AXIS2_PLACEMENT_3D ( 'NONE', #518, #894, #1022 ) ;
#394 = VECTOR ( 'NONE', #1220, 1000.000000000000000 ) ;
#395 = EDGE_CURVE ( 'NONE', #933, #690, #151, .T. ) ;
#396 = ORIENTED_EDGE ( 'NONE', *, *, #730, .T. ) ;
#397 = EDGE_CURVE ( 'NONE', #983, #887, #694, .T. ) ;
#398 = DIRECTION ( 'NONE',  ( -1.000000000000000000, 0.000000000000000000, 0.000000000000000000 ) ) ;
#399 = ADVANCED_FACE ( 'NONE', ( #703 ), #695, .F. ) ;
#400 = DIRECTION ( 'NONE',  ( -1.000000000000000000, 0.000000000000000000, 0.000000000000000000 ) ) ;
#401 = ORIENTED_EDGE ( 'NONE', *, *, #1296, .T. ) ;
#402 = LINE ( 'NONE', #189, #996 ) ;
#403 = EDGE_LOOP ( 'NONE', ( #447, #857, #1342, #1017 ) ) ;
#404 = DIRECTION ( 'NONE',  ( -0.000000000000000000, -0.000000000000000000, -1.000000000000000000 ) ) ;
#405 = ORIENTED_EDGE ( 'NONE', *, *, #657, .T. ) ;
#406 = VECTOR ( 'NONE', #358, 1000.000000000000000 ) ;
#407 = CARTESIAN_POINT ( 'NONE',  ( 28.24095802038124958, -24.59822695298089101, 6.700000000000001066 ) ) ;
#408 = EDGE_CURVE ( 'NONE', #754, #1178, #1054, .T. ) ;
#409 = EDGE_LOOP ( 'NONE', ( #500, #1340, #458, #539, #76, #155, #822, #38 ) ) ;
#410 = CARTESIAN_POINT ( 'NONE',  ( 59.80512657940370502, -30.15826521905758995, 8.200000000000001066 ) ) ;
#411 = FACE_OUTER_BOUND ( 'NONE', #403, .T. ) ;
#412 = DIRECTION ( 'NONE',  ( -1.000000000000000000, 0.000000000000000000, 0.000000000000000000 ) ) ;
#413 = DIRECTION ( 'NONE',  ( 1.000000000000000000, 0.000000000000000000, 0.000000000000000000 ) ) ;
#414 = LINE ( 'NONE', #1448, #924 ) ;
#415 = VECTOR ( 'NONE', #338, 1000.000000000000000 ) ;
#416 = VERTEX_POINT ( 'NONE', #12 ) ;
#417 = CARTESIAN_POINT ( 'NONE',  ( 64.30512657940370502, -62.03790752858659374, 4.200000000000000178 ) ) ;
#418 = EDGE_LOOP ( 'NONE', ( #179, #652, #48, #1221 ) ) ;
#419 = DIRECTION ( 'NONE',  ( -0.9999988129865492459, -0.001540787296352058621, 0.000000000000000000 ) ) ;
#420 = ADVANCED_FACE ( 'NONE', ( #30 ), #247, .F. ) ;
#421 = ADVANCED_FACE ( 'NONE', ( #1200 ), #615, .T. ) ;
#422 = ORIENTED_EDGE ( 'NONE', *, *, #1363, .F. ) ;
#423 = CARTESIAN_POINT ( 'NONE',  ( 28.24095802038124958, -24.59822695298089101, 6.700000000000001066 ) ) ;
#424 = CARTESIAN_POINT ( 'NONE',  ( 28.24095802038124958, -24.59822695298089101, 0.000000000000000000 ) ) ;
#425 = LOCAL_TIME ( 18, 35, 16.00000000000000000, #125 ) ;
#426 = CARTESIAN_POINT ( 'NONE',  ( 26.24095802038124603, -26.09822695298089101, 8.200000000000001066 ) ) ;
#427 = ORIENTED_EDGE ( 'NONE', *, *, #352, .T. ) ;
#428 = ADVANCED_FACE ( 'NONE', ( #411, #281, #1323, #47, #191 ), #506, .F. ) ;
#429 = DIRECTION ( 'NONE',  ( 0.000000000000000000, 0.000000000000000000, 1.000000000000000000 ) ) ;
#430 = VERTEX_POINT ( 'NONE', #976 ) ;
#431 = CARTESIAN_POINT ( 'NONE',  ( 24.24095802038124603, -28.59822695298089457, 6.700000000000001066 ) ) ;
#432 = EDGE_LOOP ( 'NONE', ( #1467, #514, #612 ) ) ;
#433 = DIRECTION ( 'NONE',  ( 0.000000000000000000, -0.000000000000000000, -1.000000000000000000 ) ) ;
#434 = CARTESIAN_POINT ( 'NONE',  ( 56.80349297321396307, -24.59822695298089457, 6.827609967293660986 ) ) ;
#435 = DIRECTION ( 'NONE',  ( 0.000000000000000000, -1.000000000000000000, 0.000000000000000000 ) ) ;
#436 = DIRECTION ( 'NONE',  ( 0.000000000000000000, 0.000000000000000000, 1.000000000000000000 ) ) ;
#437 = CIRCLE ( 'NONE', #692, 31.06416855902245189 ) ;
#438 = LINE ( 'NONE', #871, #927 ) ;
#439 = CARTESIAN_POINT ( 'NONE',  ( 61.30512657940370502, -30.15826521905758639, 6.700000000000001066 ) ) ;
#440 = CARTESIAN_POINT ( 'NONE',  ( 26.24095802038124603, -30.15826521905758995, 8.200000000000001066 ) ) ;
#441 = AXIS2_PLACEMENT_3D ( 'NONE', #516, #413, #94 ) ;
#442 = LINE ( 'NONE', #783, #1035 ) ;
#443 = PERSON_AND_ORGANIZATION ( #156, #203 ) ;
#444 = DIRECTION ( 'NONE',  ( 0.000000000000000000, 1.000000000000000000, 0.000000000000000000 ) ) ;
#445 = DIRECTION ( 'NONE',  ( 0.000000000000000000, 1.000000000000000000, -0.000000000000000000 ) ) ;
#446 = DIRECTION ( 'NONE',  ( -1.156482317317871478E-16, 1.000000000000000000, 0.000000000000000000 ) ) ;
#447 = ORIENTED_EDGE ( 'NONE', *, *, #686, .T. ) ;
#448 = FACE_OUTER_BOUND ( 'NONE', #1389, .T. ) ;
#449 = APPROVAL_STATUS ( 'not_yet_approved' ) ;
#450 = ORIENTED_EDGE ( 'NONE', *, *, #1113, .F. ) ;
#451 = CARTESIAN_POINT ( 'NONE',  ( -11.82321053864121296, -58.03790752858660085, 12.20000000000000107 ) ) ;
#452 = CARTESIAN_POINT ( 'NONE',  ( 58.80743954361393122, -55.53790752858658664, 8.200000000000001066 ) ) ;
#453 = EDGE_CURVE ( 'NONE', #839, #895, #747, .T. ) ;
#454 = CARTESIAN_POINT ( 'NONE',  ( 24.24095802038124603, -54.03790752858659374, 0.000000000000000000 ) ) ;
#455 = ORIENTED_EDGE ( 'NONE', *, *, #492, .T. ) ;
#456 = EDGE_CURVE ( 'NONE', #24, #225, #1332, .T. ) ;
#457 = CARTESIAN_POINT ( 'NONE',  ( 59.80512657940370502, -56.53790752858659374, 8.200000000000001066 ) ) ;
#458 = ORIENTED_EDGE ( 'NONE', *, *, #1264, .T. ) ;
#459 = AXIS2_PLACEMENT_3D ( 'NONE', #1181, #1070, #375 ) ;
#460 = EDGE_CURVE ( 'NONE', #717, #287, #637, .T. ) ;
#461 = PLANE ( 'NONE',  #1158 ) ;
#462 = FACE_OUTER_BOUND ( 'NONE', #297, .T. ) ;
#463 = DIRECTION ( 'NONE',  ( -1.000000000000000000, 0.000000000000000000, 0.000000000000000000 ) ) ;
#464 = EDGE_CURVE ( 'NONE', #648, #737, #1376, .T. ) ;
#465 = CARTESIAN_POINT ( 'NONE',  ( -11.82321053864121296, -58.03790752858660085, 12.20000000000000107 ) ) ;
#466 = CARTESIAN_POINT ( 'NONE',  ( -4.321576932451477226, -24.59822695298089101, 6.827610172322372328 ) ) ;
#467 = DIRECTION ( 'NONE',  ( -0.000000000000000000, -0.000000000000000000, 1.000000000000000000 ) ) ;
#468 = CC_DESIGN_APPROVAL ( #1141, ( #988 ) ) ;
#469 = CARTESIAN_POINT ( 'NONE',  ( 57.26592939622196354, -28.59822695298089101, 7.578679656440359125 ) ) ;
#470 = FACE_OUTER_BOUND ( 'NONE', #1176, .T. ) ;
#471 = VECTOR ( 'NONE', #860, 1000.000000000000000 ) ;
#472 = LINE ( 'NONE', #936, #304 ) ;
#473 = LINE ( 'NONE', #451, #1042 ) ;
#474 = ORIENTED_EDGE ( 'NONE', *, *, #598, .F. ) ;
#475 = CARTESIAN_POINT ( 'NONE',  ( -6.281703952293820947, -27.09822695298089101, 8.200000000000001066 ) ) ;
#476 = ORIENTED_EDGE ( 'NONE', *, *, #583, .T. ) ;
#477 = CARTESIAN_POINT ( 'NONE',  ( -6.069120333259730771, -26.09822695298089101, 8.200000000000001066 ) ) ;
#478 = ORIENTED_EDGE ( 'NONE', *, *, #460, .T. ) ;
#479 = COORDINATED_UNIVERSAL_TIME_OFFSET ( 0, 0, .AHEAD. ) ;
#480 = CARTESIAN_POINT ( 'NONE',  ( 27.07847131399669038, 2.057949567201812435, 8.171851829700566228 ) ) ;
#481 = EDGE_CURVE ( 'NONE', #1201, #816, #86, .T. ) ;
#482 = CARTESIAN_POINT ( 'NONE',  ( 64.30512657940370502, -58.03790752858660085, 12.20000000000000107 ) ) ;
#483 = CARTESIAN_POINT ( 'NONE',  ( -5.141071715931775366, -25.29086801377428628, 7.977751543071488705 ) ) ;
#484 = ORIENTED_EDGE ( 'NONE', *, *, #126, .F. ) ;
#485 = DATE_AND_TIME ( #673, #425 ) ;
#486 = LOCAL_TIME ( 18, 35, 16.00000000000000000, #479 ) ;
#487 = CYLINDRICAL_SURFACE ( 'NONE', #660, 1.499999999999999556 ) ;
#488 = VERTEX_POINT ( 'NONE', #769 ) ;
#489 = FACE_OUTER_BOUND ( 'NONE', #647, .T. ) ;
#490 = ORIENTED_EDGE ( 'NONE', *, *, #880, .F. ) ;
#491 = VECTOR ( 'NONE', #249, 1000.000000000000114 ) ;
#492 = EDGE_CURVE ( 'NONE', #738, #1009, #217, .T. ) ;
#493 = FACE_OUTER_BOUND ( 'NONE', #743, .T. ) ;
#494 = CARTESIAN_POINT ( 'NONE',  ( 26.74095802038124603, 2.402064538799995486, 8.200000000000001066 ) ) ;
#495 = ORIENTED_EDGE ( 'NONE', *, *, #1100, .T. ) ;
#496 = EDGE_CURVE ( 'NONE', #430, #192, #1218, .T. ) ;
#497 = LINE ( 'NONE', #482, #623 ) ;
#498 = DIRECTION ( 'NONE',  ( 0.000000000000000000, 0.000000000000000000, 1.000000000000000000 ) ) ;
#499 = VECTOR ( 'NONE', #120, 1000.000000000000000 ) ;
#500 = ORIENTED_EDGE ( 'NONE', *, *, #823, .F. ) ;
#501 = CYLINDRICAL_SURFACE ( 'NONE', #793, 1.499999999999999556 ) ;
#502 = CARTESIAN_POINT ( 'NONE',  ( 28.24095802038125314, 0.8414536226248154893, 6.945019451317511638 ) ) ;
#503 = VERTEX_POINT ( 'NONE', #1456 ) ;
#504 = DIRECTION ( 'NONE',  ( 0.000000000000000000, 1.000000000000000000, -0.000000000000000000 ) ) ;
#505 = VERTEX_POINT ( 'NONE', #781 ) ;
#506 = PLANE ( 'NONE',  #552 ) ;
#507 = ORIENTED_EDGE ( 'NONE', *, *, #456, .F. ) ;
#508 = DIRECTION ( 'NONE',  ( 0.000000000000000000, 0.000000000000000000, -1.000000000000000000 ) ) ;
#509 = VECTOR ( 'NONE', #1213, 1000.000000000000000 ) ;
#510 = ORIENTED_EDGE ( 'NONE', *, *, #684, .T. ) ;
#511 = FACE_OUTER_BOUND ( 'NONE', #1078, .T. ) ;
#512 = ADVANCED_FACE ( 'NONE', ( #903 ), #103, .F. ) ;
#513 = EDGE_LOOP ( 'NONE', ( #1316, #422, #607, #154 ) ) ;
#514 = ORIENTED_EDGE ( 'NONE', *, *, #808, .T. ) ;
#515 = VERTEX_POINT ( 'NONE', #1227 ) ;
#516 = CARTESIAN_POINT ( 'NONE',  ( 26.24095802038124603, -27.09822695298089101, 6.700000000000001066 ) ) ;
#517 = CARTESIAN_POINT ( 'NONE',  ( 26.74095802038124603, -30.15826521905758995, 6.700000000000001066 ) ) ;
#518 = CARTESIAN_POINT ( 'NONE',  ( 26.24095802038124603, -30.15826521905758995, 0.000000000000000000 ) ) ;
#519 = EDGE_LOOP ( 'NONE', ( #1329, #122, #760, #388 ) ) ;
#520 = APPROVAL_PERSON_ORGANIZATION ( #836, #1141, #702 ) ;
#521 = EDGE_CURVE ( 'NONE', #264, #322, #807, .T. ) ;
#522 = EDGE_CURVE ( 'NONE', #488, #763, #530, .T. ) ;
#523 = CARTESIAN_POINT ( 'NONE',  ( -4.784013355459467931, -28.59822695298089457, 6.700000000000001066 ) ) ;
#524 = FACE_OUTER_BOUND ( 'NONE', #917, .T. ) ;
#525 = ORIENTED_EDGE ( 'NONE', *, *, #555, .T. ) ;
#526 = LINE ( 'NONE', #900, #1274 ) ;
#527 = FACE_OUTER_BOUND ( 'NONE', #609, .T. ) ;
#528 = EDGE_CURVE ( 'NONE', #1167, #933, #550, .T. ) ;
#529 = VECTOR ( 'NONE', #1364, 1000.000000000000114 ) ;
#530 = LINE ( 'NONE', #426, #922 ) ;
#531 = ORIENTED_EDGE ( 'NONE', *, *, #110, .F. ) ;
#532 = CARTESIAN_POINT ( 'NONE',  ( 61.30512657940370502, -58.03790752858660085, 6.700000000000001066 ) ) ;
#533 = ORIENTED_EDGE ( 'NONE', *, *, #210, .T. ) ;
#534 = DIRECTION ( 'NONE',  ( -0.000000000000000000, -0.000000000000000000, 1.000000000000000000 ) ) ;
#535 = CARTESIAN_POINT ( 'NONE',  ( 58.76361999305632366, -27.09822695298089101, 8.200000000000001066 ) ) ;
#536 = PLANE ( 'NONE',  #1110 ) ;
#537 = VECTOR ( 'NONE', #390, 1000.000000000000114 ) ;
#538 = CARTESIAN_POINT ( 'NONE',  ( 24.86227836394088797, -54.65922787214623213, 8.200000000000001066 ) ) ;
#539 = ORIENTED_EDGE ( 'NONE', *, *, #720, .T. ) ;
#540 = CARTESIAN_POINT ( 'NONE',  ( 86.64095802038124816, -98.03790752858660085, 0.000000000000000000 ) ) ;
#541 = DIRECTION ( 'NONE',  ( -0.000000000000000000, -0.000000000000000000, 1.000000000000000000 ) ) ;
#542 = DIRECTION ( 'NONE',  ( -0.000000000000000000, -0.000000000000000000, -1.000000000000000000 ) ) ;
#543 = ADVANCED_FACE ( 'NONE', ( #462 ), #1117, .T. ) ;
#544 = ADVANCED_FACE ( 'NONE', ( #1161 ), #252, .F. ) ;
#545 = CARTESIAN_POINT ( 'NONE',  ( 24.24095802038124603, -54.03790752858659374, 0.000000000000000000 ) ) ;
#546 = PERSON_AND_ORGANIZATION ( #156, #203 ) ;
#547 = CARTESIAN_POINT ( 'NONE',  ( 28.24095802038124958, -54.03790752858660085, 7.578679656440356460 ) ) ;
#548 = PLANE ( 'NONE',  #89 ) ;
#549 = DIRECTION ( 'NONE',  ( 0.000000000000000000, 0.000000000000000000, -1.000000000000000000 ) ) ;
#550 = LINE ( 'NONE', #208, #279 ) ;
#551 = ORIENTED_EDGE ( 'NONE', *, *, #1352, .F. ) ;
#552 = AXIS2_PLACEMENT_3D ( 'NONE', #627, #1095, #635 ) ;
#553 = CARTESIAN_POINT ( 'NONE',  ( 24.49999741666157504, 1.116698598124926889, 7.570681768061815475 ) ) ;
#554 = ORIENTED_EDGE ( 'NONE', *, *, #1179, .T. ) ;
#555 = EDGE_CURVE ( 'NONE', #1476, #977, #240, .T. ) ;
#556 = DIRECTION ( 'NONE',  ( 1.000000000000000000, 0.000000000000000000, 0.000000000000000000 ) ) ;
#557 = ADVANCED_FACE ( 'NONE', ( #1378 ), #814, .T. ) ;
#558 = CARTESIAN_POINT ( 'NONE',  ( 24.24095802038124603, -54.03790752858660085, 7.578679656440356460 ) ) ;
#559 = EDGE_LOOP ( 'NONE', ( #1369, #313, #630, #1066 ) ) ;
#560 = CARTESIAN_POINT ( 'NONE',  ( 60.68380623584406663, -57.41658718502695535, 8.200000000000001066 ) ) ;
#561 = APPROVAL_DATE_TIME ( #485, #1141 ) ;
#562 = LINE ( 'NONE', #1156, #195 ) ;
#563 = CARTESIAN_POINT ( 'NONE',  ( 57.30512657940370502, -54.03790752858658664, 6.700000000000001066 ) ) ;
#564 = LINE ( 'NONE', #145, #697 ) ;
#565 = ORIENTED_EDGE ( 'NONE', *, *, #752, .T. ) ;
#566 = EDGE_CURVE ( 'NONE', #1443, #1436, #1273, .T. ) ;
#567 = CARTESIAN_POINT ( 'NONE',  ( 26.24095802038124603, -30.15826521905758995, 4.200000000000000178 ) ) ;
#568 = AXIS2_PLACEMENT_3D ( 'NONE', #1387, #819, #239 ) ;
#569 = CARTESIAN_POINT ( 'NONE',  ( 57.92740498410849881, -54.65922787214623213, 8.200000000000001066 ) ) ;
#570 = ADVANCED_FACE ( 'NONE', ( #1257 ), #246, .T. ) ;
#571 = DIRECTION ( 'NONE',  ( 0.001540787296352342248, -0.9999988129865491349, 0.000000000000000000 ) ) ;
#572 = FACE_OUTER_BOUND ( 'NONE', #899, .T. ) ;
#573 = TOROIDAL_SURFACE ( 'NONE', #1088, 32.56416855902244833, 1.500000000000000000 ) ;
#574 = DIRECTION ( 'NONE',  ( 0.000000000000000000, -1.000000000000000000, 0.000000000000000000 ) ) ;
#575 = LINE ( 'NONE', #685, #761 ) ;
#576 = EDGE_LOOP ( 'NONE', ( #1064, #1386, #1011, #641 ) ) ;
#577 = FACE_BOUND ( 'NONE', #105, .T. ) ;
#578 = ORIENTED_EDGE ( 'NONE', *, *, #1155, .F. ) ;
#579 = CARTESIAN_POINT ( 'NONE',  ( -5.445488943346012078, -54.65922787214623213, 8.200000000000001066 ) ) ;
#580 = PERSON_AND_ORGANIZATION ( #156, #203 ) ;
#581 = CARTESIAN_POINT ( 'NONE',  ( 61.30512657940370502, -56.53790752858659374, 6.700000000000001066 ) ) ;
#582 = VERTEX_POINT ( 'NONE', #683 ) ;
#583 = EDGE_CURVE ( 'NONE', #1443, #1236, #681, .T. ) ;
#584 = CARTESIAN_POINT ( 'NONE',  ( 25.74095802038124603, -30.15826521905758995, 6.700000000000001066 ) ) ;
#585 = ORIENTED_EDGE ( 'NONE', *, *, #357, .F. ) ;
#586 = ORIENTED_EDGE ( 'NONE', *, *, #1352, .T. ) ;
#587 =( BOUNDED_CURVE ( )  B_SPLINE_CURVE ( 3, ( #1168, #347, #579, #942 ),
 .UNSPECIFIED., .F., .T. ) 
 B_SPLINE_CURVE_WITH_KNOTS ( ( 4, 4 ),
 ( 0.000000000000000000, 1.570796326794897002 ),
 .UNSPECIFIED. ) 
 CURVE ( )  GEOMETRIC_REPRESENTATION_ITEM ( )  RATIONAL_B_SPLINE_CURVE ( ( 1.000000000000000000, 0.8047378541243649375, 0.8047378541243649375, 1.000000000000000000 ) ) 
 REPRESENTATION_ITEM ( '' )  );
#588 = CARTESIAN_POINT ( 'NONE',  ( -4.888337537150768242, -25.07547144537498696, 7.801176887378407976 ) ) ;
#589 = CARTESIAN_POINT ( 'NONE',  ( 28.24095802038124958, -54.03790752858659374, 6.700000000000001066 ) ) ;
#590 = ORIENTED_EDGE ( 'NONE', *, *, #989, .T. ) ;
#591 = EDGE_CURVE ( 'NONE', #366, #977, #564, .T. ) ;
#592 = AXIS2_PLACEMENT_3D ( 'NONE', #454, #1111, #336 ) ;
#593 = LINE ( 'NONE', #1400, #1233 ) ;
#594 = CARTESIAN_POINT ( 'NONE',  ( 26.74095802038124603, 2.402064538799995486, 8.200000000000001066 ) ) ;
#595 = VECTOR ( 'NONE', #1447, 1000.000000000000000 ) ;
#596 = AXIS2_PLACEMENT_3D ( 'NONE', #1263, #356, #571 ) ;
#597 = VERTEX_POINT ( 'NONE', #1383 ) ;
#598 = EDGE_CURVE ( 'NONE', #1184, #1076, #360, .T. ) ;
#599 = DIRECTION ( 'NONE',  ( 0.000000000000000000, 1.000000000000000000, -0.000000000000000000 ) ) ;
#600 = VERTEX_POINT ( 'NONE', #21 ) ;
#601 = ORIENTED_EDGE ( 'NONE', *, *, #773, .F. ) ;
#602 = AXIS2_PLACEMENT_3D ( 'NONE', #213, #321, #220 ) ;
#603 = DIRECTION ( 'NONE',  ( -0.000000000000000000, -0.000000000000000000, -1.000000000000000000 ) ) ;
#604 = ORIENTED_EDGE ( 'NONE', *, *, #1318, .F. ) ;
#605 = EDGE_CURVE ( 'NONE', #953, #24, #472, .T. ) ;
#606 = CARTESIAN_POINT ( 'NONE',  ( 27.56191731051501392, 1.557807688826085224, 7.969495923366312518 ) ) ;
#607 = ORIENTED_EDGE ( 'NONE', *, *, #622, .F. ) ;
#608 = CARTESIAN_POINT ( 'NONE',  ( 25.74095802038124603, -55.53790752858659374, 8.200000000000001066 ) ) ;
#609 = EDGE_LOOP ( 'NONE', ( #782, #1164, #1409, #911 ) ) ;
#610 = EDGE_LOOP ( 'NONE', ( #129, #789, #731, #740 ) ) ;
#611 = DIRECTION ( 'NONE',  ( 0.000000000000000000, 0.000000000000000000, -1.000000000000000000 ) ) ;
#612 = ORIENTED_EDGE ( 'NONE', *, *, #661, .T. ) ;
#613 = CARTESIAN_POINT ( 'NONE',  ( -11.82321053864121296, -58.03790752858660085, 4.200000000000000178 ) ) ;
#614 = CARTESIAN_POINT ( 'NONE',  ( -8.823210538641212963, -30.15826521905758995, 8.200000000000001066 ) ) ;
#615 = PLANE ( 'NONE',  #970 ) ;
#616 = ORIENTED_EDGE ( 'NONE', *, *, #210, .F. ) ;
#617 = LINE ( 'NONE', #273, #147 ) ;
#618 = ORIENTED_EDGE ( 'NONE', *, *, #408, .F. ) ;
#619 = CARTESIAN_POINT ( 'NONE',  ( 25.74095802038124603, -26.09822695298089101, 8.200000000000001066 ) ) ;
#620 = ORIENTED_EDGE ( 'NONE', *, *, #364, .F. ) ;
#621 = APPLICATION_CONTEXT ( 'configuration controlled 3d designs of mechanical parts and assemblies' ) ;
#622 = EDGE_CURVE ( 'NONE', #176, #746, #587, .T. ) ;
#623 = VECTOR ( 'NONE', #1402, 1000.000000000000000 ) ;
#624 = VERTEX_POINT ( 'NONE', #261 ) ;
#625 = CYLINDRICAL_SURFACE ( 'NONE', #1089, 1.499999999999999556 ) ;
#626 = ORIENTED_EDGE ( 'NONE', *, *, #1027, .T. ) ;
#627 = CARTESIAN_POINT ( 'NONE',  ( 26.24095802038124603, -30.15826521905758995, 8.200000000000001066 ) ) ;
#628 = ORIENTED_EDGE ( 'NONE', *, *, #1333, .T. ) ;
#629 = CARTESIAN_POINT ( 'NONE',  ( 24.24095802038124603, -54.03790752858659374, 0.000000000000000000 ) ) ;
#630 = ORIENTED_EDGE ( 'NONE', *, *, #1405, .F. ) ;
#631 = VECTOR ( 'NONE', #1099, 1000.000000000000000 ) ;
#632 = LINE ( 'NONE', #83, #725 ) ;
#633 = CARTESIAN_POINT ( 'NONE',  ( 26.24095802038124603, -27.09822695298089101, 6.700000000000001066 ) ) ;
#634 = EDGE_CURVE ( 'NONE', #50, #1449, #701, .T. ) ;
#635 = DIRECTION ( 'NONE',  ( -1.000000000000000000, 0.000000000000000000, 0.000000000000000000 ) ) ;
#636 = ORIENTED_EDGE ( 'NONE', *, *, #1149, .T. ) ;
#637 =( BOUNDED_CURVE ( )  B_SPLINE_CURVE ( 3, ( #719, #538, #558, #759 ),
 .UNSPECIFIED., .F., .T. ) 
 B_SPLINE_CURVE_WITH_KNOTS ( ( 4, 4 ),
 ( 1.570796326794896558, 3.141592653589793116 ),
 .UNSPECIFIED. ) 
 CURVE ( )  GEOMETRIC_REPRESENTATION_ITEM ( )  RATIONAL_B_SPLINE_CURVE ( ( 1.000000000000000000, 0.8047378541243649375, 0.8047378541243649375, 1.000000000000000000 ) ) 
 REPRESENTATION_ITEM ( '' )  );
#638 = B_SPLINE_CURVE_WITH_KNOTS ( 'NONE', 3,
 ( #84, #200, #1331, #1242, #335, #1007, #1354, #311, #224, #767, #109, #1360, #434, #643 ),
 .UNSPECIFIED., .F., .F.,
 ( 4, 2, 2, 2, 2, 2, 4 ),
 ( -7.776369647638610644E-06, 0.0007439990886072977852, 0.001495774546862234161, 0.001871662275989709233, 0.002247550005117184523, 0.002623437734244659595, 0.002999325463372135101 ),
 .UNSPECIFIED. ) ;
#639 = ADVANCED_FACE ( 'NONE', ( #856 ), #625, .T. ) ;
#640 = CYLINDRICAL_SURFACE ( 'NONE', #373, 1.500000000000001776 ) ;
#641 = ORIENTED_EDGE ( 'NONE', *, *, #711, .T. ) ;
#642 = LINE ( 'NONE', #1108, #595 ) ;
#643 = CARTESIAN_POINT ( 'NONE',  ( 56.80349297321397017, -24.59822695298089101, 6.700000000000001066 ) ) ;
#644 = ORIENTED_EDGE ( 'NONE', *, *, #1045, .F. ) ;
#645 = VECTOR ( 'NONE', #315, 1000.000000000000227 ) ;
#646 = LINE ( 'NONE', #417, #235 ) ;
#647 = EDGE_LOOP ( 'NONE', ( #1288, #888, #474, #401 ) ) ;
#648 = VERTEX_POINT ( 'NONE', #1442 ) ;
#649 = CARTESIAN_POINT ( 'NONE',  ( 61.30512657940370502, -58.03790752858660085, 12.20000000000000107 ) ) ;
#650 = CARTESIAN_POINT ( 'NONE',  ( 25.74095802038124603, -30.15826521905758995, 8.200000000000001066 ) ) ;
#651 = AXIS2_PLACEMENT_3D ( 'NONE', #139, #28, #362 ) ;
#652 = ORIENTED_EDGE ( 'NONE', *, *, #185, .T. ) ;
#653 = FACE_OUTER_BOUND ( 'NONE', #1346, .T. ) ;
#654 = CARTESIAN_POINT ( 'NONE',  ( 26.74095802038124603, -55.53790752858659374, 8.200000000000001066 ) ) ;
#655 = ADVANCED_FACE ( 'NONE', ( #489 ), #1093, .F. ) ;
#656 = ORIENTED_EDGE ( 'NONE', *, *, #170, .T. ) ;
#657 = EDGE_CURVE ( 'NONE', #379, #322, #830, .T. ) ;
#658 = CARTESIAN_POINT ( 'NONE',  ( -53.35904197961877315, -98.03790752858660085, 4.200000000000000178 ) ) ;
#659 = FACE_OUTER_BOUND ( 'NONE', #610, .T. ) ;
#660 = AXIS2_PLACEMENT_3D ( 'NONE', #584, #1175, #714 ) ;
#661 = EDGE_CURVE ( 'NONE', #515, #1236, #277, .T. ) ;
#662 = LINE ( 'NONE', #211, #529 ) ;
#663 = VECTOR ( 'NONE', #1031, 1000.000000000000000 ) ;
#664 = APPROVAL ( #906, 'UNSPECIFIED' ) ;
#665 = CARTESIAN_POINT ( 'NONE',  ( -8.823210538641212963, -58.03790752858660085, 6.700000000000001066 ) ) ;
#666 = EDGE_LOOP ( 'NONE', ( #175, #1311, #495, #288 ) ) ;
#667 = FACE_OUTER_BOUND ( 'NONE', #409, .T. ) ;
#668 = CARTESIAN_POINT ( 'NONE',  ( -53.35904197961879447, 81.96209247141339915, 4.200000000000000178 ) ) ;
#669 = ADVANCED_BREP_SHAPE_REPRESENTATION ( 'BackWall', ( #166, #132 ), #846 ) ;
#670 = DIRECTION ( 'NONE',  ( 1.000000000000000000, 0.000000000000000000, 0.000000000000000000 ) ) ;
#671 = ORIENTED_EDGE ( 'NONE', *, *, #185, .F. ) ;
#672 = CARTESIAN_POINT ( 'NONE',  ( 61.30512657940370502, -58.03790752858660085, 7.578679656440356460 ) ) ;
#673 = CALENDAR_DATE ( 2026, 7, 9 ) ;
#674 = CARTESIAN_POINT ( 'NONE',  ( 64.30512657940370502, -62.03790752858659374, 12.20000000000000107 ) ) ;
#675 = CARTESIAN_POINT ( 'NONE',  ( -4.784013355459467931, -28.59822695298089457, 0.000000000000000000 ) ) ;
#676 = VERTEX_POINT ( 'NONE', #67 ) ;
#677 = VECTOR ( 'NONE', #750, 1000.000000000000000 ) ;
#678 = DIRECTION ( 'NONE',  ( 1.000000000000000000, 0.000000000000000000, -0.000000000000000000 ) ) ;
#679 = PERSON_AND_ORGANIZATION_ROLE ( 'creator' ) ;
#680 = VECTOR ( 'NONE', #504, 1000.000000000000000 ) ;
#681 = B_SPLINE_CURVE_WITH_KNOTS ( 'NONE', 3,
 ( #131, #466, #11, #256, #709, #928, #1052, #1034, #588, #483, #827, #1028, #18, #477 ),
 .UNSPECIFIED., .F., .F.,
 ( 4, 2, 2, 2, 2, 2, 4 ),
 ( 0.000000000000000000, 0.0003756549386637827201, 0.0007513098773275654401, 0.001126964815991348106, 0.001502619754655130880, 0.002253929631982693610, 0.003005239509310256990 ),
 .UNSPECIFIED. ) ;
#682 = CARTESIAN_POINT ( 'NONE',  ( 86.64095802038121974, 16.96209247141340626, 4.200000000000000178 ) ) ;
#683 = CARTESIAN_POINT ( 'NONE',  ( -53.35904197961878737, 16.96209247141340626, 0.000000000000000000 ) ) ;
#684 = EDGE_CURVE ( 'NONE', #379, #1437, #965, .T. ) ;
#685 = CARTESIAN_POINT ( 'NONE',  ( -11.82321053864121296, -62.03790752858659374, 12.20000000000000107 ) ) ;
#686 = EDGE_CURVE ( 'NONE', #933, #264, #728, .T. ) ;
#687 = LINE ( 'NONE', #1159, #1016 ) ;
#688 = FACE_OUTER_BOUND ( 'NONE', #282, .T. ) ;
#689 = CARTESIAN_POINT ( 'NONE',  ( 26.24095802038124603, -30.15826521905758995, 6.700000000000001066 ) ) ;
#690 = VERTEX_POINT ( 'NONE', #378 ) ;
#691 = LINE ( 'NONE', #344, #956 ) ;
#692 = AXIS2_PLACEMENT_3D ( 'NONE', #255, #1480, #1367 ) ;
#693 = LINE ( 'NONE', #1160, #499 ) ;
#694 = B_SPLINE_CURVE_WITH_KNOTS ( 'NONE', 3,
 ( #88, #791, #997, #1137, #1458, #1229, #553, #159, #19, #1290 ),
 .UNSPECIFIED., .F., .F.,
 ( 4, 2, 2, 2, 4 ),
 ( -7.746429561646386980E-06, 0.0007150617108815476549, 0.001437869851324741644, 0.002160677991767936609, 0.002883486132211132008 ),
 .UNSPECIFIED. ) ;
#695 = CYLINDRICAL_SURFACE ( 'NONE', #1015, 31.06416855902245544 ) ;
#696 = EDGE_LOOP ( 'NONE', ( #1309, #937, #333, #626 ) ) ;
#697 = VECTOR ( 'NONE', #1368, 1000.000000000000000 ) ;
#698 = ORIENTED_EDGE ( 'NONE', *, *, #752, .F. ) ;
#699 = CARTESIAN_POINT ( 'NONE',  ( 57.30512657940369792, -54.03790752858658664, 7.578679656440356460 ) ) ;
#700 = ORIENTED_EDGE ( 'NONE', *, *, #1085, .F. ) ;
#701 = LINE ( 'NONE', #806, #902 ) ;
#702 = APPROVAL_ROLE ( '' ) ;
#703 = FACE_OUTER_BOUND ( 'NONE', #559, .T. ) ;
#704 = LINE ( 'NONE', #1173, #919 ) ;
#705 = ORIENTED_EDGE ( 'NONE', *, *, #1222, .T. ) ;
#706 = DIRECTION ( 'NONE',  ( 0.001540787296352615033, 0.9999988129865492459, 0.000000000000000000 ) ) ;
#707 = AXIS2_PLACEMENT_3D ( 'NONE', #567, #13, #463 ) ;
#708 = ORIENTED_EDGE ( 'NONE', *, *, #397, .F. ) ;
#709 = CARTESIAN_POINT ( 'NONE',  ( -4.463122050140091446, -24.71656721666233025, 7.294489090702579226 ) ) ;
#710 = ORIENTED_EDGE ( 'NONE', *, *, #395, .F. ) ;
#711 = EDGE_CURVE ( 'NONE', #582, #181, #1287, .T. ) ;
#712 = ORIENTED_EDGE ( 'NONE', *, *, #904, .F. ) ;
#713 = EDGE_CURVE ( 'NONE', #1320, #737, #841, .T. ) ;
#714 = DIRECTION ( 'NONE',  ( 0.000000000000000000, 0.000000000000000000, -1.000000000000000000 ) ) ;
#715 = VECTOR ( 'NONE', #135, 1000.000000000000000 ) ;
#716 = CARTESIAN_POINT ( 'NONE',  ( 28.24095802038124958, -24.59822695298089101, 0.000000000000000000 ) ) ;
#717 = VERTEX_POINT ( 'NONE', #608 ) ;
#718 = PERSON_AND_ORGANIZATION ( #156, #203 ) ;
#719 = CARTESIAN_POINT ( 'NONE',  ( 25.74095802038124603, -55.53790752858659374, 8.200000000000001066 ) ) ;
#720 = EDGE_CURVE ( 'NONE', #676, #24, #1306, .T. ) ;
#721 = DIRECTION ( 'NONE',  ( -0.000000000000000000, -0.000000000000000000, -1.000000000000000000 ) ) ;
#722 = ORIENTED_EDGE ( 'NONE', *, *, #292, .F. ) ;
#723 = CARTESIAN_POINT ( 'NONE',  ( 28.24095802038124958, -28.59822695298089457, 0.000000000000000000 ) ) ;
#724 = DIRECTION ( 'NONE',  ( 1.000000000000000000, 0.000000000000000000, 0.000000000000000000 ) ) ;
#725 = VECTOR ( 'NONE', #445, 1000.000000000000000 ) ;
#726 = AXIS2_PLACEMENT_3D ( 'NONE', #1134, #1215, #549 ) ;
#727 = ORIENTED_EDGE ( 'NONE', *, *, #492, .F. ) ;
#728 = LINE ( 'NONE', #410, #944 ) ;
#729 = CC_DESIGN_PERSON_AND_ORGANIZATION_ASSIGNMENT ( #580, #29, ( #242 ) ) ;
#730 = EDGE_CURVE ( 'NONE', #1436, #887, #299, .T. ) ;
#731 = ORIENTED_EDGE ( 'NONE', *, *, #1152, .F. ) ;
#732 = DIRECTION ( 'NONE',  ( 1.000000000000000000, 0.000000000000000000, 0.000000000000000000 ) ) ;
#733 = ORIENTED_EDGE ( 'NONE', *, *, #984, .F. ) ;
#734 = CARTESIAN_POINT ( 'NONE',  ( 26.24095802038124603, -30.15826521905758995, 6.700000000000001066 ) ) ;
#735 = DIRECTION ( 'NONE',  ( 1.000000000000000000, 2.387439327505955132E-16, 0.000000000000000000 ) ) ;
#736 = DIRECTION ( 'NONE',  ( -0.000000000000000000, 1.000000000000000000, -0.000000000000000000 ) ) ;
#737 = VERTEX_POINT ( 'NONE', #1314 ) ;
#738 = VERTEX_POINT ( 'NONE', #862 ) ;
#739 = LINE ( 'NONE', #665, #631 ) ;
#740 = ORIENTED_EDGE ( 'NONE', *, *, #1292, .F. ) ;
#741 = CARTESIAN_POINT ( 'NONE',  ( 24.24095802038124603, -24.59822695298089101, 6.700000000000001066 ) ) ;
#742 = CIRCLE ( 'NONE', #771, 32.56416855902244833 ) ;
#743 = EDGE_LOOP ( 'NONE', ( #565, #1002, #1433, #1105 ) ) ;
#744 = ORIENTED_EDGE ( 'NONE', *, *, #915, .T. ) ;
#745 = CARTESIAN_POINT ( 'NONE',  ( 61.30512657940370502, -30.15826521905758639, 4.200000000000000178 ) ) ;
#746 = VERTEX_POINT ( 'NONE', #974 ) ;
#747 = CIRCLE ( 'NONE', #1394, 31.06416855902245189 ) ;
#748 = PLANE ( 'NONE',  #1429 ) ;
#749 = FACE_OUTER_BOUND ( 'NONE', #1406, .T. ) ;
#750 = DIRECTION ( 'NONE',  ( 0.000000000000000000, -1.000000000000000000, 0.000000000000000000 ) ) ;
#751 = ORIENTED_EDGE ( 'NONE', *, *, #194, .F. ) ;
#752 = EDGE_CURVE ( 'NONE', #1270, #600, #979, .T. ) ;
#753 =( BOUNDED_CURVE ( )  B_SPLINE_CURVE ( 3, ( #523, #1325, #274, #374 ),
 .UNSPECIFIED., .F., .T. ) 
 B_SPLINE_CURVE_WITH_KNOTS ( ( 4, 4 ),
 ( 0.000000000000000000, 1.570796326794896558 ),
 .UNSPECIFIED. ) 
 CURVE ( )  GEOMETRIC_REPRESENTATION_ITEM ( )  RATIONAL_B_SPLINE_CURVE ( ( 1.000000000000000000, 0.8047378541243649375, 0.8047378541243649375, 1.000000000000000000 ) ) 
 REPRESENTATION_ITEM ( '' )  );
#754 = VERTEX_POINT ( 'NONE', #1198 ) ;
#755 = CARTESIAN_POINT ( 'NONE',  ( -53.35904197961877315, -98.03790752858660085, 4.200000000000000178 ) ) ;
#756 = ORIENTED_EDGE ( 'NONE', *, *, #194, .T. ) ;
#757 = FACE_OUTER_BOUND ( 'NONE', #1307, .T. ) ;
#758 = PLANE ( 'NONE',  #251 ) ;
#759 = CARTESIAN_POINT ( 'NONE',  ( 24.24095802038124603, -54.03790752858659374, 6.700000000000001066 ) ) ;
#760 = ORIENTED_EDGE ( 'NONE', *, *, #598, .T. ) ;
#761 = VECTOR ( 'NONE', #1371, 1000.000000000000000 ) ;
#762 = EDGE_CURVE ( 'NONE', #164, #1167, #803, .T. ) ;
#763 = VERTEX_POINT ( 'NONE', #178 ) ;
#764 = LINE ( 'NONE', #1223, #190 ) ;
#765 = EDGE_CURVE ( 'NONE', #941, #624, #949, .T. ) ;
#766 = PLANE ( 'NONE',  #874 ) ;
#767 = CARTESIAN_POINT ( 'NONE',  ( 56.94503766987697446, -24.71656686397720293, 7.294488241524937244 ) ) ;
#768 = B_SPLINE_CURVE_WITH_KNOTS ( 'NONE', 3,
 ( #34, #502, #1410, #1312, #971, #606, #163, #480, #169, #594 ),
 .UNSPECIFIED., .F., .F.,
 ( 4, 2, 2, 2, 4 ),
 ( 0.000000000000000000, 0.0007219942281202004633, 0.001443988456240400927, 0.002165982684360600197, 0.002887976912480799251 ),
 .UNSPECIFIED. ) ;
#769 = CARTESIAN_POINT ( 'NONE',  ( 58.55103637402222461, -26.09822695298089101, 8.200000000000001066 ) ) ;
#770 = ORIENTED_EDGE ( 'NONE', *, *, #364, .T. ) ;
#771 = AXIS2_PLACEMENT_3D ( 'NONE', #440, #542, #1375 ) ;
#772 = LOCAL_TIME ( 18, 35, 16.00000000000000000, #1250 ) ;
#773 = EDGE_CURVE ( 'NONE', #1009, #416, #402, .T. ) ;
#774 = LINE ( 'NONE', #1356, #415 ) ;
#775 = CARTESIAN_POINT ( 'NONE',  ( 24.86227836394088797, -27.97690660942124907, 8.200000000000001066 ) ) ;
#776 = ORIENTED_EDGE ( 'NONE', *, *, #773, .T. ) ;
#777 = CARTESIAN_POINT ( 'NONE',  ( 57.26592939622196354, -27.09822695298089101, 8.200000000000001066 ) ) ;
#778 = CARTESIAN_POINT ( 'NONE',  ( 24.24095802038124603, 0.8414536226248152673, 0.000000000000000000 ) ) ;
#779 = VECTOR ( 'NONE', #896, 1000.000000000000000 ) ;
#780 = VECTOR ( 'NONE', #1322, 1000.000000000000000 ) ;
#781 = CARTESIAN_POINT ( 'NONE',  ( 26.74095802038124603, -27.09822695298089101, 8.200000000000001066 ) ) ;
#782 = ORIENTED_EDGE ( 'NONE', *, *, #1121, .T. ) ;
#783 = CARTESIAN_POINT ( 'NONE',  ( 86.64095802038121974, 81.96209247141339915, 0.000000000000000000 ) ) ;
#784 = LINE ( 'NONE', #629, #1478 ) ;
#785 = CARTESIAN_POINT ( 'NONE',  ( 26.24095802038124603, -30.15826521905758995, 6.700000000000001066 ) ) ;
#786 = LINE ( 'NONE', #650, #90 ) ;
#787 = AXIS2_PLACEMENT_3D ( 'NONE', #889, #308, #412 ) ;
#788 = DIRECTION ( 'NONE',  ( 0.000000000000000000, 0.000000000000000000, 1.000000000000000000 ) ) ;
#789 = ORIENTED_EDGE ( 'NONE', *, *, #1435, .T. ) ;
#790 = APPLICATION_CONTEXT ( 'configuration controlled 3d designs of mechanical parts and assemblies' ) ;
#791 = CARTESIAN_POINT ( 'NONE',  ( 25.57191064276836556, 2.230386769201468056, 8.200000000000004619 ) ) ;
#792 = PERSON_AND_ORGANIZATION ( #156, #203 ) ;
#793 = AXIS2_PLACEMENT_3D ( 'NONE', #581, #290, #508 ) ;
#794 = LINE ( 'NONE', #117, #1438 ) ;
#795 = ADVANCED_FACE ( 'NONE', ( #749 ), #1211, .T. ) ;
#796 = CARTESIAN_POINT ( 'NONE',  ( 28.24095802038124958, -54.03790752858659374, 0.000000000000000000 ) ) ;
#797 = CARTESIAN_POINT ( 'NONE',  ( 24.24095802038124603, -54.03790752858659374, 0.000000000000000000 ) ) ;
#798 = ORIENTED_EDGE ( 'NONE', *, *, #1240, .F. ) ;
#799 = DIRECTION ( 'NONE',  ( 0.000000000000000000, 0.000000000000000000, 1.000000000000000000 ) ) ;
#800 = APPROVAL_DATE_TIME ( #40, #1418 ) ;
#801 = CC_DESIGN_APPROVAL ( #1418, ( #1355 ) ) ;
#802 = CARTESIAN_POINT ( 'NONE',  ( -53.35904197961879447, 81.96209247141339915, 4.200000000000000178 ) ) ;
#803 =( BOUNDED_CURVE ( )  B_SPLINE_CURVE ( 3, ( #268, #1082, #1183, #165 ),
 .UNSPECIFIED., .F., .T. ) 
 B_SPLINE_CURVE_WITH_KNOTS ( ( 4, 4 ),
 ( 0.000000000000000000, 1.570796326794896558 ),
 .UNSPECIFIED. ) 
 CURVE ( )  GEOMETRIC_REPRESENTATION_ITEM ( )  RATIONAL_B_SPLINE_CURVE ( ( 1.000000000000000000, 0.8047378541243649375, 0.8047378541243649375, 1.000000000000000000 ) ) 
 REPRESENTATION_ITEM ( '' )  );
#804 = DIRECTION ( 'NONE',  ( 0.000000000000000000, 1.000000000000000000, 0.000000000000000000 ) ) ;
#805 = ADVANCED_FACE ( 'NONE', ( #511 ), #885, .T. ) ;
#806 = CARTESIAN_POINT ( 'NONE',  ( 28.24095802038124958, -24.59822695298089101, 6.700000000000001066 ) ) ;
#807 = CIRCLE ( 'NONE', #1450, 33.56416855902245544 ) ;
#808 = EDGE_CURVE ( 'NONE', #983, #515, #786, .T. ) ;
#809 = VECTOR ( 'NONE', #1432, 1000.000000000000000 ) ;
#810 = LINE ( 'NONE', #236, #1265 ) ;
#811 = CARTESIAN_POINT ( 'NONE',  ( -4.784013355459467931, -28.59822695298089457, 0.000000000000000000 ) ) ;
#812 = LINE ( 'NONE', #1272, #10 ) ;
#813 =( BOUNDED_CURVE ( )  B_SPLINE_CURVE ( 3, ( #452, #569, #699, #563 ),
 .UNSPECIFIED., .F., .T. ) 
 B_SPLINE_CURVE_WITH_KNOTS ( ( 4, 4 ),
 ( 1.570796326794896558, 3.141592653589793116 ),
 .UNSPECIFIED. ) 
 CURVE ( )  GEOMETRIC_REPRESENTATION_ITEM ( )  RATIONAL_B_SPLINE_CURVE ( ( 1.000000000000000000, 0.8047378541243649375, 0.8047378541243649375, 1.000000000000000000 ) ) 
 REPRESENTATION_ITEM ( '' )  );
#814 = PLANE ( 'NONE',  #596 ) ;
#815 = CC_DESIGN_APPROVAL ( #664, ( #242 ) ) ;
#816 = VERTEX_POINT ( 'NONE', #1475 ) ;
#817 = LINE ( 'NONE', #1266, #491 ) ;
#818 = LINE ( 'NONE', #674, #1118 ) ;
#819 = DIRECTION ( 'NONE',  ( -0.000000000000000000, -0.000000000000000000, -1.000000000000000000 ) ) ;
#820 = CARTESIAN_POINT ( 'NONE',  ( 64.30512657940370502, -62.03790752858659374, 12.20000000000000107 ) ) ;
#821 = DIRECTION ( 'NONE',  ( 0.000000000000000000, 0.000000000000000000, -1.000000000000000000 ) ) ;
#822 = ORIENTED_EDGE ( 'NONE', *, *, #1407, .T. ) ;
#823 = EDGE_CURVE ( 'NONE', #690, #503, #102, .T. ) ;
#824 = EDGE_CURVE ( 'NONE', #64, #690, #414, .T. ) ;
#825 = PLANE ( 'NONE',  #1345 ) ;
#826 = ORIENTED_EDGE ( 'NONE', *, *, #1196, .T. ) ;
#827 = CARTESIAN_POINT ( 'NONE',  ( -5.321099955803104464, -25.44548794020635540, 8.061222606293162229 ) ) ;
#828 = ORIENTED_EDGE ( 'NONE', *, *, #1444, .F. ) ;
#829 = VECTOR ( 'NONE', #359, 1000.000000000000000 ) ;
#830 = CIRCLE ( 'NONE', #184, 1.499999999999999556 ) ;
#831 = PLANE ( 'NONE',  #1172 ) ;
#832 = FACE_BOUND ( 'NONE', #87, .T. ) ;
#833 = DIRECTION ( 'NONE',  ( -1.541976423090495387E-16, 1.000000000000000000, -0.000000000000000000 ) ) ;
#834 = EDGE_CURVE ( 'NONE', #1476, #1178, #1120, .T. ) ;
#835 = ORIENTED_EDGE ( 'NONE', *, *, #1029, .F. ) ;
#836 = PERSON_AND_ORGANIZATION ( #156, #203 ) ;
#837 = ADVANCED_FACE ( 'NONE', ( #231 ), #1235, .T. ) ;
#838 = FACE_OUTER_BOUND ( 'NONE', #53, .T. ) ;
#839 = VERTEX_POINT ( 'NONE', #341 ) ;
#840 = ORIENTED_EDGE ( 'NONE', *, *, #824, .F. ) ;
#841 = LINE ( 'NONE', #716, #1059 ) ;
#842 = CALENDAR_DATE ( 2026, 7, 9 ) ;
#843 = LINE ( 'NONE', #1293, #471 ) ;
#844 = ORIENTED_EDGE ( 'NONE', *, *, #1363, .T. ) ;
#845 = CARTESIAN_POINT ( 'NONE',  ( 0.000000000000000000, 0.000000000000000000, 4.200000000000000178 ) ) ;
#846 =( GEOMETRIC_REPRESENTATION_CONTEXT ( 3 ) GLOBAL_UNCERTAINTY_ASSIGNED_CONTEXT ( ( #342 ) ) GLOBAL_UNIT_ASSIGNED_CONTEXT ( ( #328, #219, #1115 ) ) REPRESENTATION_CONTEXT ( 'NONE', 'WORKASPACE' ) );
#847 = EDGE_LOOP ( 'NONE', ( #93, #978, #510, #484 ) ) ;
#848 = CARTESIAN_POINT ( 'NONE',  ( 25.74095802038124603, -30.15826521905758995, 6.700000000000001066 ) ) ;
#849 = ORIENTED_EDGE ( 'NONE', *, *, #1080, .F. ) ;
#850 =( BOUNDED_CURVE ( )  B_SPLINE_CURVE ( 3, ( #383, #1420, #1431, #619 ),
 .UNSPECIFIED., .F., .T. ) 
 B_SPLINE_CURVE_WITH_KNOTS ( ( 4, 4 ),
 ( 3.141592653589793116, 4.712388980384689674 ),
 .UNSPECIFIED. ) 
 CURVE ( )  GEOMETRIC_REPRESENTATION_ITEM ( )  RATIONAL_B_SPLINE_CURVE ( ( 1.000000000000000000, 0.8047378541243649375, 0.8047378541243649375, 1.000000000000000000 ) ) 
 REPRESENTATION_ITEM ( '' )  );
#851 = CARTESIAN_POINT ( 'NONE',  ( 24.24095802038124603, -24.59822695298089101, 0.000000000000000000 ) ) ;
#852 = ADVANCED_FACE ( 'NONE', ( #659 ), #1109, .F. ) ;
#853 = DIRECTION ( 'NONE',  ( 0.000000000000000000, -1.000000000000000000, 0.000000000000000000 ) ) ;
#854 = VECTOR ( 'NONE', #1260, 1000.000000000000000 ) ;
#855 = DIRECTION ( 'NONE',  ( 0.000000000000000000, 1.000000000000000000, 0.000000000000000000 ) ) ;
#856 = FACE_OUTER_BOUND ( 'NONE', #1130, .T. ) ;
#857 = ORIENTED_EDGE ( 'NONE', *, *, #521, .T. ) ;
#858 = ORIENTED_EDGE ( 'NONE', *, *, #1194, .T. ) ;
#859 =( BOUNDED_CURVE ( )  B_SPLINE_CURVE ( 3, ( #1203, #180, #1351, #907 ),
 .UNSPECIFIED., .F., .T. ) 
 B_SPLINE_CURVE_WITH_KNOTS ( ( 4, 4 ),
 ( 3.141592653589793116, 4.712388980384689674 ),
 .UNSPECIFIED. ) 
 CURVE ( )  GEOMETRIC_REPRESENTATION_ITEM ( )  RATIONAL_B_SPLINE_CURVE ( ( 1.000000000000000000, 0.8047378541243649375, 0.8047378541243649375, 1.000000000000000000 ) ) 
 REPRESENTATION_ITEM ( '' )  );
#860 = DIRECTION ( 'NONE',  ( -0.000000000000000000, -0.000000000000000000, 1.000000000000000000 ) ) ;
#861 = LINE ( 'NONE', #391, #368 ) ;
#862 = CARTESIAN_POINT ( 'NONE',  ( 28.24095802038124958, -28.59822695298089457, 0.000000000000000000 ) ) ;
#863 = ORIENTED_EDGE ( 'NONE', *, *, #762, .F. ) ;
#864 = SHAPE_DEFINITION_REPRESENTATION ( #1049, #669 ) ;
#865 = ORIENTED_EDGE ( 'NONE', *, *, #657, .F. ) ;
#866 = ORIENTED_EDGE ( 'NONE', *, *, #464, .T. ) ;
#867 = DIRECTION ( 'NONE',  ( -1.000000000000000000, -0.000000000000000000, -0.000000000000000000 ) ) ;
#868 = EDGE_CURVE ( 'NONE', #488, #1449, #638, .T. ) ;
#869 = ORIENTED_EDGE ( 'NONE', *, *, #1084, .F. ) ;
#870 = PLANE ( 'NONE',  #1256 ) ;
#871 = CARTESIAN_POINT ( 'NONE',  ( -4.823210538641212963, -55.53790752858659374, 8.200000000000001066 ) ) ;
#872 = ORIENTED_EDGE ( 'NONE', *, *, #92, .T. ) ;
#873 = VECTOR ( 'NONE', #931, 1000.000000000000000 ) ;
#874 = AXIS2_PLACEMENT_3D ( 'NONE', #658, #1133, #1474 ) ;
#875 = DIRECTION ( 'NONE',  ( -1.000000000000000000, 0.000000000000000000, 0.000000000000000000 ) ) ;
#876 = VECTOR ( 'NONE', #867, 1000.000000000000000 ) ;
#877 = ADVANCED_FACE ( 'NONE', ( #892 ), #758, .T. ) ;
#878 = ORIENTED_EDGE ( 'NONE', *, *, #245, .F. ) ;
#879 = LINE ( 'NONE', #723, #137 ) ;
#880 = EDGE_CURVE ( 'NONE', #597, #144, #1469, .T. ) ;
#881 = ORIENTED_EDGE ( 'NONE', *, *, #126, .T. ) ;
#882 = DIRECTION ( 'NONE',  ( -1.000000000000000000, 0.000000000000000000, 0.000000000000000000 ) ) ;
#883 = ORIENTED_EDGE ( 'NONE', *, *, #720, .F. ) ;
#884 = PLANE ( 'NONE',  #923 ) ;
#885 = CYLINDRICAL_SURFACE ( 'NONE', #726, 1.499999999999999556 ) ;
#886 = ADVANCED_FACE ( 'NONE', ( #527 ), #1143, .T. ) ;
#887 = VERTEX_POINT ( 'NONE', #995 ) ;
#888 = ORIENTED_EDGE ( 'NONE', *, *, #221, .F. ) ;
#889 = CARTESIAN_POINT ( 'NONE',  ( 26.24095802038124603, -30.15826521905758995, 6.700000000000001066 ) ) ;
#890 = ORIENTED_EDGE ( 'NONE', *, *, #1361, .F. ) ;
#891 = LINE ( 'NONE', #188, #17 ) ;
#892 = FACE_OUTER_BOUND ( 'NONE', #972, .T. ) ;
#893 = ADVANCED_FACE ( 'NONE', ( #1455 ), #536, .T. ) ;
#894 = DIRECTION ( 'NONE',  ( -0.000000000000000000, -0.000000000000000000, -1.000000000000000000 ) ) ;
#895 = VERTEX_POINT ( 'NONE', #778 ) ;
#896 = DIRECTION ( 'NONE',  ( 1.000000000000000000, 0.000000000000000000, 0.000000000000000000 ) ) ;
#897 = DIRECTION ( 'NONE',  ( 1.000000000000000000, 0.000000000000000000, 0.000000000000000000 ) ) ;
#898 = CARTESIAN_POINT ( 'NONE',  ( -11.82321053864121296, -62.03790752858659374, 12.20000000000000107 ) ) ;
#899 = EDGE_LOOP ( 'NONE', ( #214, #160, #1251, #938 ) ) ;
#900 = CARTESIAN_POINT ( 'NONE',  ( -8.823210538641212963, -58.03790752858660085, 4.200000000000000178 ) ) ;
#901 = DIRECTION ( 'NONE',  ( -0.000000000000000000, -1.000000000000000000, -0.000000000000000000 ) ) ;
#902 = VECTOR ( 'NONE', #1065, 1000.000000000000000 ) ;
#903 = FACE_OUTER_BOUND ( 'NONE', #909, .T. ) ;
#904 = EDGE_CURVE ( 'NONE', #1236, #983, #742, .T. ) ;
#905 = PLANE ( 'NONE',  #943 ) ;
#906 = APPROVAL_STATUS ( 'not_yet_approved' ) ;
#907 = CARTESIAN_POINT ( 'NONE',  ( 26.74095802038124603, -27.09822695298089101, 8.200000000000001066 ) ) ;
#908 = DIRECTION ( 'NONE',  ( -0.000000000000000000, -0.000000000000000000, -1.000000000000000000 ) ) ;
#909 = EDGE_LOOP ( 'NONE', ( #1083, #872, #112, #578 ) ) ;
#910 = PLANE ( 'NONE',  #39 ) ;
#911 = ORIENTED_EDGE ( 'NONE', *, *, #1098, .F. ) ;
#912 = DIRECTION ( 'NONE',  ( -0.000000000000000000, -1.000000000000000000, 0.000000000000000000 ) ) ;
#913 = DIRECTION ( 'NONE',  ( -0.000000000000000000, 0.000000000000000000, 1.000000000000000000 ) ) ;
#914 =( BOUNDED_CURVE ( )  B_SPLINE_CURVE ( 3, ( #407, #1050, #1090, #52 ),
 .UNSPECIFIED., .F., .T. ) 
 B_SPLINE_CURVE_WITH_KNOTS ( ( 4, 4 ),
 ( 3.141592653589793116, 4.712388980384689674 ),
 .UNSPECIFIED. ) 
 CURVE ( )  GEOMETRIC_REPRESENTATION_ITEM ( )  RATIONAL_B_SPLINE_CURVE ( ( 1.000000000000000000, 0.8047378541243649375, 0.8047378541243649375, 1.000000000000000000 ) ) 
 REPRESENTATION_ITEM ( '' )  );
#915 = EDGE_CURVE ( 'NONE', #260, #816, #813, .T. ) ;
#916 = CARTESIAN_POINT ( 'NONE',  ( 26.24095802038124603, -30.15826521905758995, 8.200000000000001066 ) ) ;
#917 = EDGE_LOOP ( 'NONE', ( #1416, #396, #935, #993 ) ) ;
#918 = CARTESIAN_POINT ( 'NONE',  ( 86.64095802038121974, 81.96209247141339915, 4.200000000000000178 ) ) ;
#919 = VECTOR ( 'NONE', #31, 1000.000000000000000 ) ;
#920 = CARTESIAN_POINT ( 'NONE',  ( 57.26592939622196354, -28.59822695298089457, 0.000000000000000000 ) ) ;
#921 = CARTESIAN_POINT ( 'NONE',  ( 86.64095802038121974, 81.96209247141339915, 4.200000000000000178 ) ) ;
#922 = VECTOR ( 'NONE', #111, 1000.000000000000000 ) ;
#923 = AXIS2_PLACEMENT_3D ( 'NONE', #649, #1119, #73 ) ;
#924 = VECTOR ( 'NONE', #901, 1000.000000000000000 ) ;
#925 = LINE ( 'NONE', #1380, #406 ) ;
#926 = DIRECTION ( 'NONE',  ( -1.000000000000000000, 0.000000000000000000, 0.000000000000000000 ) ) ;
#927 = VECTOR ( 'NONE', #882, 1000.000000000000000 ) ;
#928 = CARTESIAN_POINT ( 'NONE',  ( -4.585656098499277356, -24.81949920770017215, 7.491995113228322900 ) ) ;
#929 = PRODUCT ( 'BackWall', 'BackWall', '', ( #1097 ) ) ;
#930 = ADVANCED_FACE ( 'NONE', ( #470 ), #461, .F. ) ;
#931 = DIRECTION ( 'NONE',  ( 1.000000000000000000, 0.000000000000000000, 0.000000000000000000 ) ) ;
#932 = EDGE_CURVE ( 'NONE', #339, #144, #361, .T. ) ;
#933 = VERTEX_POINT ( 'NONE', #127 ) ;
#934 = ADVANCED_FACE ( 'NONE', ( #1267, #577, #259, #832, #1033 ), #15, .F. ) ;
#935 = ORIENTED_EDGE ( 'NONE', *, *, #248, .F. ) ;
#936 = CARTESIAN_POINT ( 'NONE',  ( -11.82321053864121296, -58.03790752858660085, 12.20000000000000107 ) ) ;
#937 = ORIENTED_EDGE ( 'NONE', *, *, #824, .T. ) ;
#938 = ORIENTED_EDGE ( 'NONE', *, *, #522, .F. ) ;
#939 = TOROIDAL_SURFACE ( 'NONE', #568, 32.56416855902244833, 1.500000000000000000 ) ;
#940 = CARTESIAN_POINT ( 'NONE',  ( 25.74095802038124603, 2.402064538799995486, 8.200000000000001066 ) ) ;
#941 = VERTEX_POINT ( 'NONE', #475 ) ;
#942 = CARTESIAN_POINT ( 'NONE',  ( -6.325523502851436497, -55.53790752858659374, 8.200000000000001066 ) ) ;
#943 = AXIS2_PLACEMENT_3D ( 'NONE', #327, #678, #350 ) ;
#944 = VECTOR ( 'NONE', #385, 1000.000000000000000 ) ;
#945 = DIRECTION ( 'NONE',  ( 0.000000000000000000, 0.000000000000000000, 1.000000000000000000 ) ) ;
#946 = ORIENTED_EDGE ( 'NONE', *, *, #408, .T. ) ;
#947 = CARTESIAN_POINT ( 'NONE',  ( 64.30512657940370502, -62.03790752858659374, 12.20000000000000107 ) ) ;
#948 = LINE ( 'NONE', #54, #1326 ) ;
#949 = LINE ( 'NONE', #61, #809 ) ;
#950 = ORIENTED_EDGE ( 'NONE', *, *, #5, .T. ) ;
#951 = PERSON_AND_ORGANIZATION_ROLE ( 'design_supplier' ) ;
#952 = ORIENTED_EDGE ( 'NONE', *, *, #1374, .T. ) ;
#953 = VERTEX_POINT ( 'NONE', #465 ) ;
#954 = ADVANCED_FACE ( 'NONE', ( #688 ), #939, .T. ) ;
#955 = CARTESIAN_POINT ( 'NONE',  ( 28.24095802038124958, -54.03790752858659374, 6.700000000000001066 ) ) ;
#956 = VECTOR ( 'NONE', #133, 1000.000000000000000 ) ;
#957 = ORIENTED_EDGE ( 'NONE', *, *, #170, .F. ) ;
#958 = CARTESIAN_POINT ( 'NONE',  ( -4.321576932451478115, -26.09822695298089101, 8.200000000000001066 ) ) ;
#959 = ORIENTED_EDGE ( 'NONE', *, *, #1196, .F. ) ;
#960 = ADVANCED_FACE ( 'NONE', ( #1391 ), #1255, .T. ) ;
#961 = CARTESIAN_POINT ( 'NONE',  ( 56.80349297321397017, -24.59822695298089101, 6.700000000000001066 ) ) ;
#962 = ORIENTED_EDGE ( 'NONE', *, *, #460, .F. ) ;
#963 = DIRECTION ( 'NONE',  ( -0.000000000000000000, -1.000000000000000000, 0.000000000000000000 ) ) ;
#964 = FACE_OUTER_BOUND ( 'NONE', #167, .T. ) ;
#965 = LINE ( 'NONE', #614, #780 ) ;
#966 = ORIENTED_EDGE ( 'NONE', *, *, #380, .T. ) ;
#967 = DIRECTION ( 'NONE',  ( -0.000000000000000000, -0.000000000000000000, 1.000000000000000000 ) ) ;
#968 = ORIENTED_EDGE ( 'NONE', *, *, #1216, .T. ) ;
#969 = DIRECTION ( 'NONE',  ( 0.000000000000000000, 0.000000000000000000, -1.000000000000000000 ) ) ;
#970 = AXIS2_PLACEMENT_3D ( 'NONE', #851, #1301, #63 ) ;
#971 = CARTESIAN_POINT ( 'NONE',  ( 27.85071815659369321, 1.255288559347133015, 7.726657925296612994 ) ) ;
#972 = EDGE_LOOP ( 'NONE', ( #1177, #705, #798, #1300 ) ) ;
#973 = EDGE_LOOP ( 'NONE', ( #69, #1192, #980, #1430 ) ) ;
#974 = CARTESIAN_POINT ( 'NONE',  ( -6.325523502851436497, -55.53790752858659374, 8.200000000000001066 ) ) ;
#975 = ORIENTED_EDGE ( 'NONE', *, *, #989, .F. ) ;
#976 = CARTESIAN_POINT ( 'NONE',  ( 24.24095802038124603, -28.59822695298089457, 0.000000000000000000 ) ) ;
#977 = VERTEX_POINT ( 'NONE', #682 ) ;
#978 = ORIENTED_EDGE ( 'NONE', *, *, #6, .T. ) ;
#979 = LINE ( 'NONE', #392, #237 ) ;
#980 = ORIENTED_EDGE ( 'NONE', *, *, #1421, .F. ) ;
#981 = APPLICATION_PROTOCOL_DEFINITION ( 'international standard', 'config_control_design', 1994, #621 ) ;
#982 = FACE_OUTER_BOUND ( 'NONE', #267, .T. ) ;
#983 = VERTEX_POINT ( 'NONE', #940 ) ;
#984 = EDGE_CURVE ( 'NONE', #1320, #648, #693, .T. ) ;
#985 = DIRECTION ( 'NONE',  ( -1.000000000000000000, -2.387439327505955132E-16, 0.000000000000000000 ) ) ;
#986 = DIRECTION ( 'NONE',  ( 0.000000000000000000, -1.000000000000000000, 0.000000000000000000 ) ) ;
#987 = AXIS2_PLACEMENT_3D ( 'NONE', #95, #875, #1014 ) ;
#988 = PRODUCT_DEFINITION_FORMATION_WITH_SPECIFIED_SOURCE ( 'ANY', '', #929, .NOT_KNOWN. ) ;
#989 = EDGE_CURVE ( 'NONE', #763, #1092, #8, .T. ) ;
#990 = ORIENTED_EDGE ( 'NONE', *, *, #1045, .T. ) ;
#991 = LINE ( 'NONE', #389, #394 ) ;
#992 = FACE_OUTER_BOUND ( 'NONE', #1104, .T. ) ;
#993 = ORIENTED_EDGE ( 'NONE', *, *, #1333, .F. ) ;
#994 = VECTOR ( 'NONE', #317, 1000.000000000000000 ) ;
#995 = CARTESIAN_POINT ( 'NONE',  ( 24.24095802038124603, 0.8414536226248152673, 6.700000000000001066 ) ) ;
#996 = VECTOR ( 'NONE', #293, 1000.000000000000000 ) ;
#997 = CARTESIAN_POINT ( 'NONE',  ( 25.40343970083563718, 2.057944406094760037, 8.171850630371135793 ) ) ;
#998 = ORIENTED_EDGE ( 'NONE', *, *, #198, .T. ) ;
#999 = LINE ( 'NONE', #1341, #171 ) ;
#1000 = LINE ( 'NONE', #1468, #280 ) ;
#1001 = DIRECTION ( 'NONE',  ( 1.000000000000000000, -0.000000000000000000, 0.000000000000000000 ) ) ;
#1002 = ORIENTED_EDGE ( 'NONE', *, *, #1407, .F. ) ;
#1003 = CARTESIAN_POINT ( 'NONE',  ( 26.74095802038124603, -30.15826521905758995, 6.700000000000001066 ) ) ;
#1004 = CARTESIAN_POINT ( 'NONE',  ( 0.000000000000000000, 0.000000000000000000, 0.000000000000000000 ) ) ;
#1005 = DIRECTION ( 'NONE',  ( -0.000000000000000000, -0.000000000000000000, 1.000000000000000000 ) ) ;
#1006 = CARTESIAN_POINT ( 'NONE',  ( 57.26592939622196354, -28.59822695298089457, 6.700000000000001066 ) ) ;
#1007 = CARTESIAN_POINT ( 'NONE',  ( 57.37025212417237441, -25.07547021013830246, 7.801175731516198475 ) ) ;
#1008 = DIRECTION ( 'NONE',  ( -0.000000000000000000, -0.000000000000000000, 1.000000000000000000 ) ) ;
#1009 = VERTEX_POINT ( 'NONE', #920 ) ;
#1010 = CARTESIAN_POINT ( 'NONE',  ( -7.323210538641212963, -30.15826521905758995, 8.200000000000001066 ) ) ;
#1011 = ORIENTED_EDGE ( 'NONE', *, *, #352, .F. ) ;
#1012 = CARTESIAN_POINT ( 'NONE',  ( 57.30512657940370502, -54.03790752858658664, 0.000000000000000000 ) ) ;
#1013 = DIRECTION ( 'NONE',  ( -0.000000000000000000, -0.000000000000000000, 1.000000000000000000 ) ) ;
#1014 = DIRECTION ( 'NONE',  ( 0.000000000000000000, 0.000000000000000000, 1.000000000000000000 ) ) ;
#1015 = AXIS2_PLACEMENT_3D ( 'NONE', #1170, #467, #1046 ) ;
#1016 = VECTOR ( 'NONE', #1372, 1000.000000000000000 ) ;
#1017 = ORIENTED_EDGE ( 'NONE', *, *, #528, .T. ) ;
#1018 = LINE ( 'NONE', #226, #779 ) ;
#1019 = ADVANCED_FACE ( 'NONE', ( #20 ), #825, .F. ) ;
#1020 = CARTESIAN_POINT ( 'NONE',  ( 26.74095802038124603, 0.8414536226248152673, 8.200000000000001066 ) ) ;
#1021 = CC_DESIGN_PERSON_AND_ORGANIZATION_ASSIGNMENT ( #114, #951, ( #988 ) ) ;
#1022 = DIRECTION ( 'NONE',  ( -1.000000000000000000, 0.000000000000000000, 0.000000000000000000 ) ) ;
#1023 = DIRECTION ( 'NONE',  ( -1.000000000000000000, 0.000000000000000000, 0.000000000000000000 ) ) ;
#1024 = DATE_TIME_ROLE ( 'creation_date' ) ;
#1025 = ORIENTED_EDGE ( 'NONE', *, *, #880, .T. ) ;
#1026 = CARTESIAN_POINT ( 'NONE',  ( 0.000000000000000000, 0.000000000000000000, 0.000000000000000000 ) ) ;
#1027 = EDGE_CURVE ( 'NONE', #503, #1231, #812, .T. ) ;
#1028 = CARTESIAN_POINT ( 'NONE',  ( -5.692247834334216883, -25.76721685272798723, 8.172897659789018832 ) ) ;
#1029 = EDGE_CURVE ( 'NONE', #887, #1443, #437, .T. ) ;
#1030 = ORIENTED_EDGE ( 'NONE', *, *, #765, .T. ) ;
#1031 = DIRECTION ( 'NONE',  ( 1.156482317317871478E-16, -1.000000000000000000, 0.000000000000000000 ) ) ;
#1032 = ADVANCED_FACE ( 'NONE', ( #346, #1151 ), #296, .T. ) ;
#1033 = FACE_BOUND ( 'NONE', #1298, .T. ) ;
#1034 = CARTESIAN_POINT ( 'NONE',  ( -4.806248209962264539, -25.00580948818506144, 7.732794784433458801 ) ) ;
#1035 = VECTOR ( 'NONE', #3, 1000.000000000000000 ) ;
#1036 = VECTOR ( 'NONE', #177, 1000.000000000000000 ) ;
#1037 = CC_DESIGN_DATE_AND_TIME_ASSIGNMENT ( #1148, #1024, ( #1355 ) ) ;
#1038 = LINE ( 'NONE', #1271, #1145 ) ;
#1039 = DIRECTION ( 'NONE',  ( 0.000000000000000000, -0.000000000000000000, -1.000000000000000000 ) ) ;
#1040 = DIRECTION ( 'NONE',  ( 1.000000000000000000, -0.000000000000000000, -0.000000000000000000 ) ) ;
#1041 = ORIENTED_EDGE ( 'NONE', *, *, #70, .T. ) ;
#1042 = VECTOR ( 'NONE', #340, 1000.000000000000000 ) ;
#1043 = ORIENTED_EDGE ( 'NONE', *, *, #713, .T. ) ;
#1044 = DIRECTION ( 'NONE',  ( -1.000000000000000000, 0.000000000000000000, 0.000000000000000000 ) ) ;
#1045 = EDGE_CURVE ( 'NONE', #192, #269, #1079, .T. ) ;
#1046 = DIRECTION ( 'NONE',  ( 1.000000000000000000, 0.000000000000000000, 0.000000000000000000 ) ) ;
#1047 = DIRECTION ( 'NONE',  ( -1.000000000000000000, 0.000000000000000000, -0.000000000000000000 ) ) ;
#1048 = ORIENTED_EDGE ( 'NONE', *, *, #622, .T. ) ;
#1049 = PRODUCT_DEFINITION_SHAPE ( 'NONE', 'NONE',  #1355 ) ;
#1050 = CARTESIAN_POINT ( 'NONE',  ( 28.24095802038124958, -24.59822695298088746, 7.578679656440356460 ) ) ;
#1051 = LINE ( 'NONE', #796, #854 ) ;
#1052 = CARTESIAN_POINT ( 'NONE',  ( -4.655280251395384816, -24.87814153065433942, 7.578312328485806937 ) ) ;
#1053 = PERSON_AND_ORGANIZATION_ROLE ( 'design_owner' ) ;
#1054 = LINE ( 'NONE', #363, #873 ) ;
#1055 = ADVANCED_FACE ( 'NONE', ( #1285 ), #1401, .T. ) ;
#1056 =( BOUNDED_CURVE ( )  B_SPLINE_CURVE ( 3, ( #314, #775, #80, #431 ),
 .UNSPECIFIED., .F., .T. ) 
 B_SPLINE_CURVE_WITH_KNOTS ( ( 4, 4 ),
 ( 4.712388980384689674, 6.283185307179586232 ),
 .UNSPECIFIED. ) 
 CURVE ( )  GEOMETRIC_REPRESENTATION_ITEM ( )  RATIONAL_B_SPLINE_CURVE ( ( 1.000000000000000000, 0.8047378541243649375, 0.8047378541243649375, 1.000000000000000000 ) ) 
 REPRESENTATION_ITEM ( '' )  );
#1057 = VECTOR ( 'NONE', #1008, 1000.000000000000000 ) ;
#1058 = AXIS2_PLACEMENT_3D ( 'NONE', #1313, #735, #855 ) ;
#1059 = VECTOR ( 'NONE', #1423, 1000.000000000000000 ) ;
#1060 = CARTESIAN_POINT ( 'NONE',  ( -4.321576932451478115, -24.59822695298089101, 6.700000000000001066 ) ) ;
#1061 = CARTESIAN_POINT ( 'NONE',  ( -4.784013355459467931, -28.59822695298089457, 6.700000000000001066 ) ) ;
#1062 = PLANE ( 'NONE',  #1403 ) ;
#1063 = ADVANCED_FACE ( 'NONE', ( #284 ), #487, .T. ) ;
#1064 = ORIENTED_EDGE ( 'NONE', *, *, #201, .T. ) ;
#1065 = DIRECTION ( 'NONE',  ( 1.000000000000000000, -0.000000000000000000, -0.000000000000000000 ) ) ;
#1066 = ORIENTED_EDGE ( 'NONE', *, *, #453, .T. ) ;
#1067 = APPROVAL_PERSON_ORGANIZATION ( #546, #664, #270 ) ;
#1068 = CARTESIAN_POINT ( 'NONE',  ( -4.321576932451478115, -24.59822695298089101, 0.000000000000000000 ) ) ;
#1069 = ORIENTED_EDGE ( 'NONE', *, *, #453, .F. ) ;
#1070 = DIRECTION ( 'NONE',  ( 1.000000000000000000, -0.000000000000000000, 0.000000000000000000 ) ) ;
#1071 = EDGE_LOOP ( 'NONE', ( #952, #826, #107, #866 ) ) ;
#1072 = VECTOR ( 'NONE', #1310, 1000.000000000000000 ) ;
#1073 = DIRECTION ( 'NONE',  ( -0.000000000000000000, -0.000000000000000000, -1.000000000000000000 ) ) ;
#1074 = DIRECTION ( 'NONE',  ( 0.000000000000000000, 1.000000000000000000, -0.000000000000000000 ) ) ;
#1075 = ORIENTED_EDGE ( 'NONE', *, *, #566, .F. ) ;
#1076 = VERTEX_POINT ( 'NONE', #947 ) ;
#1077 = CARTESIAN_POINT ( 'NONE',  ( 86.64095802038124816, -98.03790752858660085, 4.200000000000000178 ) ) ;
#1078 = EDGE_LOOP ( 'NONE', ( #478, #1370, #1048, #309 ) ) ;
#1079 = LINE ( 'NONE', #59, #58 ) ;
#1080 = EDGE_CURVE ( 'NONE', #1009, #1201, #1439, .T. ) ;
#1081 = CARTESIAN_POINT ( 'NONE',  ( 28.24095802038124958, 0.8414536226248152673, 6.700000000000001066 ) ) ;
#1082 = CARTESIAN_POINT ( 'NONE',  ( -8.823210538641212963, -58.03790752858660085, 7.578679656440356460 ) ) ;
#1083 = ORIENTED_EDGE ( 'NONE', *, *, #1240, .T. ) ;
#1084 = EDGE_CURVE ( 'NONE', #50, #763, #914, .T. ) ;
#1085 = EDGE_CURVE ( 'NONE', #27, #1092, #768, .T. ) ;
#1086 = ORIENTED_EDGE ( 'NONE', *, *, #1113, .T. ) ;
#1087 = FACE_OUTER_BOUND ( 'NONE', #519, .T. ) ;
#1088 = AXIS2_PLACEMENT_3D ( 'NONE', #785, #223, #199 ) ;
#1089 = AXIS2_PLACEMENT_3D ( 'NONE', #848, #55, #46 ) ;
#1090 = CARTESIAN_POINT ( 'NONE',  ( 27.61963767682160409, -25.21954729654052940, 8.200000000000001066 ) ) ;
#1091 = ORIENTED_EDGE ( 'NONE', *, *, #528, .F. ) ;
#1092 = VERTEX_POINT ( 'NONE', #494 ) ;
#1093 = PLANE ( 'NONE',  #1275 ) ;
#1094 = DATE_AND_TIME ( #1138, #1261 ) ;
#1095 = DIRECTION ( 'NONE',  ( -0.000000000000000000, 0.000000000000000000, -1.000000000000000000 ) ) ;
#1096 = ORIENTED_EDGE ( 'NONE', *, *, #1374, .F. ) ;
#1097 = MECHANICAL_CONTEXT ( 'NONE', #621, 'mechanical' ) ;
#1098 = EDGE_CURVE ( 'NONE', #1193, #1440, #1297, .T. ) ;
#1099 = DIRECTION ( 'NONE',  ( -1.000000000000000000, 0.000000000000000000, 0.000000000000000000 ) ) ;
#1100 = EDGE_CURVE ( 'NONE', #1436, #515, #850, .T. ) ;
#1101 = LINE ( 'NONE', #101, #1473 ) ;
#1102 = DIRECTION ( 'NONE',  ( 0.000000000000000000, 0.000000000000000000, 1.000000000000000000 ) ) ;
#1103 = CIRCLE ( 'NONE', #707, 35.06416855902246255 ) ;
#1104 = EDGE_LOOP ( 'NONE', ( #1384, #840, #620, #45 ) ) ;
#1105 = ORIENTED_EDGE ( 'NONE', *, *, #221, .T. ) ;
#1106 = CYLINDRICAL_SURFACE ( 'NONE', #602, 1.499999999999999556 ) ;
#1107 = ORIENTED_EDGE ( 'NONE', *, *, #1085, .T. ) ;
#1108 = CARTESIAN_POINT ( 'NONE',  ( 28.24095802038124958, -54.03790752858659374, 0.000000000000000000 ) ) ;
#1109 = PLANE ( 'NONE',  #295 ) ;
#1110 = AXIS2_PLACEMENT_3D ( 'NONE', #424, #1001, #324 ) ;
#1111 = DIRECTION ( 'NONE',  ( 1.000000000000000000, -0.000000000000000000, 0.000000000000000000 ) ) ;
#1112 = ADVANCED_FACE ( 'NONE', ( #1319 ), #1062, .T. ) ;
#1113 = EDGE_CURVE ( 'NONE', #379, #64, #1277, .T. ) ;
#1114 = DIRECTION ( 'NONE',  ( 1.000000000000000000, -0.000000000000000000, -0.000000000000000000 ) ) ;
#1115 =( NAMED_UNIT ( * ) SI_UNIT ( $, .STERADIAN. ) SOLID_ANGLE_UNIT ( ) );
#1116 = CARTESIAN_POINT ( 'NONE',  ( 24.24095802038124603, -54.03790752858659374, 6.700000000000001066 ) ) ;
#1117 = TOROIDAL_SURFACE ( 'NONE', #1303, 33.56416855902245544, 1.500000000000000000 ) ;
#1118 = VECTOR ( 'NONE', #1142, 1000.000000000000000 ) ;
#1119 = DIRECTION ( 'NONE',  ( 0.000000000000000000, -1.000000000000000000, 0.000000000000000000 ) ) ;
#1120 = LINE ( 'NONE', #216, #1428 ) ;
#1121 = EDGE_CURVE ( 'NONE', #1193, #505, #859, .T. ) ;
#1122 = ORIENTED_EDGE ( 'NONE', *, *, #522, .T. ) ;
#1123 = CYLINDRICAL_SURFACE ( 'NONE', #1232, 1.499999999999999556 ) ;
#1124 = PLANE ( 'NONE',  #1238 ) ;
#1125 = ORIENTED_EDGE ( 'NONE', *, *, #1379, .T. ) ;
#1126 = LINE ( 'NONE', #1006, #1207 ) ;
#1127 = DIRECTION ( 'NONE',  ( 1.000000000000000000, 1.156482317317871478E-16, -0.000000000000000000 ) ) ;
#1128 = VECTOR ( 'NONE', #365, 1000.000000000000000 ) ;
#1129 = DIRECTION ( 'NONE',  ( -1.000000000000000000, -1.541976423090495387E-16, 0.000000000000000000 ) ) ;
#1130 = EDGE_LOOP ( 'NONE', ( #968, #115, #962, #294 ) ) ;
#1131 = LINE ( 'NONE', #71, #509 ) ;
#1132 = EDGE_LOOP ( 'NONE', ( #258, #636, #844, #1030 ) ) ;
#1133 = DIRECTION ( 'NONE',  ( 0.000000000000000000, 1.000000000000000000, 0.000000000000000000 ) ) ;
#1134 = CARTESIAN_POINT ( 'NONE',  ( 26.24095802038124603, -55.53790752858659374, 6.700000000000001066 ) ) ;
#1135 = CARTESIAN_POINT ( 'NONE',  ( 28.24095802038124958, -28.59822695298089457, 0.000000000000000000 ) ) ;
#1136 = ORIENTED_EDGE ( 'NONE', *, *, #634, .T. ) ;
#1137 = CARTESIAN_POINT ( 'NONE',  ( 25.07553401995676623, 1.719631593682090065, 8.055534504840021981 ) ) ;
#1138 = CALENDAR_DATE ( 2026, 7, 9 ) ;
#1139 = EDGE_CURVE ( 'NONE', #690, #164, #739, .T. ) ;
#1140 = CARTESIAN_POINT ( 'NONE',  ( -7.323210538641212963, -58.03790752858660085, 6.700000000000001066 ) ) ;
#1141 = APPROVAL ( #1185, 'UNSPECIFIED' ) ;
#1142 = DIRECTION ( 'NONE',  ( -0.000000000000000000, -0.000000000000000000, -1.000000000000000000 ) ) ;
#1143 = CYLINDRICAL_SURFACE ( 'NONE', #157, 1.499999999999999556 ) ;
#1144 = AXIS2_PLACEMENT_3D ( 'NONE', #1396, #967, #1425 ) ;
#1145 = VECTOR ( 'NONE', #556, 1000.000000000000000 ) ;
#1146 = ORIENTED_EDGE ( 'NONE', *, *, #1027, .F. ) ;
#1147 = FACE_OUTER_BOUND ( 'NONE', #696, .T. ) ;
#1148 = DATE_AND_TIME ( #234, #158 ) ;
#1149 = EDGE_CURVE ( 'NONE', #717, #746, #438, .T. ) ;
#1150 = DIRECTION ( 'NONE',  ( -1.000000000000000000, -0.000000000000000000, -0.000000000000000000 ) ) ;
#1151 = FACE_OUTER_BOUND ( 'NONE', #1465, .T. ) ;
#1152 = EDGE_CURVE ( 'NONE', #1219, #754, #332, .T. ) ;
#1153 = DIRECTION ( 'NONE',  ( 1.000000000000000000, -0.000000000000000000, -0.000000000000000000 ) ) ;
#1154 = AXIS2_PLACEMENT_3D ( 'NONE', #1140, #1253, #821 ) ;
#1155 = EDGE_CURVE ( 'NONE', #339, #430, #784, .T. ) ;
#1156 = CARTESIAN_POINT ( 'NONE',  ( 57.30512657940370502, -54.03790752858658664, 0.000000000000000000 ) ) ;
#1157 = DIRECTION ( 'NONE',  ( -0.000000000000000000, -0.000000000000000000, -1.000000000000000000 ) ) ;
#1158 = AXIS2_PLACEMENT_3D ( 'NONE', #1166, #804, #143 ) ;
#1159 = CARTESIAN_POINT ( 'NONE',  ( 57.30512657940370502, -54.03790752858658664, 6.700000000000001066 ) ) ;
#1160 = CARTESIAN_POINT ( 'NONE',  ( 28.24095802038124958, -24.59822695298089101, 0.000000000000000000 ) ) ;
#1161 = FACE_OUTER_BOUND ( 'NONE', #1349, .T. ) ;
#1162 = VECTOR ( 'NONE', #1330, 1000.000000000000000 ) ;
#1163 = CARTESIAN_POINT ( 'NONE',  ( 28.24095802038124958, -54.03790752858659374, 0.000000000000000000 ) ) ;
#1164 = ORIENTED_EDGE ( 'NONE', *, *, #380, .F. ) ;
#1165 = ADVANCED_FACE ( 'NONE', ( #992 ), #1106, .T. ) ;
#1166 = CARTESIAN_POINT ( 'NONE',  ( 24.24095802038124603, -28.59822695298089457, 0.000000000000000000 ) ) ;
#1167 = VERTEX_POINT ( 'NONE', #1328 ) ;
#1168 = CARTESIAN_POINT ( 'NONE',  ( -4.823210538641212963, -54.03790752858659374, 6.700000000000001066 ) ) ;
#1169 = PERSON_AND_ORGANIZATION_ROLE ( 'creator' ) ;
#1170 = CARTESIAN_POINT ( 'NONE',  ( 26.24095802038124603, -30.15826521905758995, 0.000000000000000000 ) ) ;
#1171 = VERTEX_POINT ( 'NONE', #1230 ) ;
#1172 = AXIS2_PLACEMENT_3D ( 'NONE', #65, #969, #1047 ) ;
#1173 = CARTESIAN_POINT ( 'NONE',  ( 28.24095802038124958, -24.59822695298089101, 0.000000000000000000 ) ) ;
#1174 = ORIENTED_EDGE ( 'NONE', *, *, #272, .F. ) ;
#1175 = DIRECTION ( 'NONE',  ( 0.000000000000000000, -1.000000000000000000, 0.000000000000000000 ) ) ;
#1176 = EDGE_LOOP ( 'NONE', ( #1390, #990, #1461, #384 ) ) ;
#1177 = ORIENTED_EDGE ( 'NONE', *, *, #1252, .T. ) ;
#1178 = VERTEX_POINT ( 'NONE', #540 ) ;
#1179 = EDGE_CURVE ( 'NONE', #1171, #839, #1131, .T. ) ;
#1180 = VECTOR ( 'NONE', #926, 1000.000000000000000 ) ;
#1181 = CARTESIAN_POINT ( 'NONE',  ( 28.24095802038124958, -54.03790752858659374, 0.000000000000000000 ) ) ;
#1182 = ORIENTED_EDGE ( 'NONE', *, *, #245, .T. ) ;
#1183 = CARTESIAN_POINT ( 'NONE',  ( -8.201890195081571022, -57.41658718502695535, 8.200000000000001066 ) ) ;
#1184 = VERTEX_POINT ( 'NONE', #898 ) ;
#1185 = APPROVAL_STATUS ( 'not_yet_approved' ) ;
#1186 = CIRCLE ( 'NONE', #136, 1.499999999999999556 ) ;
#1187 = LINE ( 'NONE', #1068, #1128 ) ;
#1188 = ORIENTED_EDGE ( 'NONE', *, *, #6, .F. ) ;
#1189 = DIRECTION ( 'NONE',  ( -0.000000000000000000, -1.000000000000000000, -0.000000000000000000 ) ) ;
#1190 = ORIENTED_EDGE ( 'NONE', *, *, #85, .F. ) ;
#1191 = DIRECTION ( 'NONE',  ( -0.000000000000000000, -0.000000000000000000, 1.000000000000000000 ) ) ;
#1192 = ORIENTED_EDGE ( 'NONE', *, *, #1318, .T. ) ;
#1193 = VERTEX_POINT ( 'NONE', #1445 ) ;
#1194 = EDGE_CURVE ( 'NONE', #1440, #187, #96, .T. ) ;
#1195 = DIRECTION ( 'NONE',  ( -0.000000000000000000, -0.000000000000000000, -1.000000000000000000 ) ) ;
#1196 = EDGE_CURVE ( 'NONE', #1449, #27, #218, .T. ) ;
#1197 = CARTESIAN_POINT ( 'NONE',  ( -8.823210538641212963, -58.03790752858660085, 12.20000000000000107 ) ) ;
#1198 = CARTESIAN_POINT ( 'NONE',  ( -53.35904197961877315, -98.03790752858660085, 0.000000000000000000 ) ) ;
#1199 = ORIENTED_EDGE ( 'NONE', *, *, #932, .F. ) ;
#1200 = FACE_OUTER_BOUND ( 'NONE', #371, .T. ) ;
#1201 = VERTEX_POINT ( 'NONE', #1012 ) ;
#1202 = CC_DESIGN_DATE_AND_TIME_ASSIGNMENT ( #227, #1395, ( #242 ) ) ;
#1203 = CARTESIAN_POINT ( 'NONE',  ( 28.24095802038124958, -28.59822695298089457, 6.700000000000001066 ) ) ;
#1204 = ORIENTED_EDGE ( 'NONE', *, *, #713, .F. ) ;
#1205 = DIRECTION ( 'NONE',  ( -1.000000000000000000, 0.000000000000000000, 0.000000000000000000 ) ) ;
#1206 = EDGE_LOOP ( 'NONE', ( #476, #228, #153, #1075 ) ) ;
#1207 = VECTOR ( 'NONE', #1343, 1000.000000000000227 ) ;
#1208 = CARTESIAN_POINT ( 'NONE',  ( -6.069120333259730771, -26.09822695298089101, 8.200000000000001066 ) ) ;
#1209 = ORIENTED_EDGE ( 'NONE', *, *, #1152, .T. ) ;
#1210 = DIRECTION ( 'NONE',  ( 0.000000000000000000, -1.000000000000000000, 0.000000000000000000 ) ) ;
#1211 = CYLINDRICAL_SURFACE ( 'NONE', #353, 1.499999999999999556 ) ;
#1212 = ORIENTED_EDGE ( 'NONE', *, *, #1421, .T. ) ;
#1213 = DIRECTION ( 'NONE',  ( -1.000000000000000000, 0.000000000000000000, 0.000000000000000000 ) ) ;
#1214 = LINE ( 'NONE', #777, #1162 ) ;
#1215 = DIRECTION ( 'NONE',  ( 1.000000000000000000, 0.000000000000000000, 0.000000000000000000 ) ) ;
#1216 = EDGE_CURVE ( 'NONE', #624, #192, #1056, .T. ) ;
#1217 = ADVANCED_FACE ( 'NONE', ( #524 ), #1124, .F. ) ;
#1218 = LINE ( 'NONE', #1, #1057 ) ;
#1219 = VERTEX_POINT ( 'NONE', #755 ) ;
#1220 = DIRECTION ( 'NONE',  ( -0.000000000000000000, -0.000000000000000000, 1.000000000000000000 ) ) ;
#1221 = ORIENTED_EDGE ( 'NONE', *, *, #1350, .T. ) ;
#1222 = EDGE_CURVE ( 'NONE', #176, #287, #1358, .T. ) ;
#1223 = CARTESIAN_POINT ( 'NONE',  ( -4.823210538641212963, -54.03790752858659374, 0.000000000000000000 ) ) ;
#1224 = ORIENTED_EDGE ( 'NONE', *, *, #521, .F. ) ;
#1225 = DIRECTION ( 'NONE',  ( 0.000000000000000000, 1.000000000000000000, 0.000000000000000000 ) ) ;
#1226 = APPROVAL_PERSON_ORGANIZATION ( #443, #1418, #1471 ) ;
#1227 = CARTESIAN_POINT ( 'NONE',  ( 25.74095802038124603, -26.09822695298089101, 8.200000000000001066 ) ) ;
#1228 = EDGE_LOOP ( 'NONE', ( #1291, #427, #585, #618 ) ) ;
#1229 = CARTESIAN_POINT ( 'NONE',  ( 24.63119583514979638, 1.255286399826870181, 7.726655639016988708 ) ) ;
#1230 = CARTESIAN_POINT ( 'NONE',  ( 24.24095802038124603, -24.59822695298089101, 0.000000000000000000 ) ) ;
#1231 = VERTEX_POINT ( 'NONE', #745 ) ;
#1232 = AXIS2_PLACEMENT_3D ( 'NONE', #1003, #435, #98 ) ;
#1233 = VECTOR ( 'NONE', #1189, 1000.000000000000000 ) ;
#1234 = FACE_OUTER_BOUND ( 'NONE', #329, .T. ) ;
#1235 = PLANE ( 'NONE',  #987 ) ;
#1236 = VERTEX_POINT ( 'NONE', #1208 ) ;
#1237 = CARTESIAN_POINT ( 'NONE',  ( 25.74095802038124603, -30.15826521905758995, 8.200000000000001066 ) ) ;
#1238 = AXIS2_PLACEMENT_3D ( 'NONE', #1472, #204, #1335 ) ;
#1239 = CARTESIAN_POINT ( 'NONE',  ( -53.35904197961877315, -98.03790752858660085, 4.200000000000000178 ) ) ;
#1240 = EDGE_CURVE ( 'NONE', #339, #287, #186, .T. ) ;
#1241 = FACE_OUTER_BOUND ( 'NONE', #418, .T. ) ;
#1242 = CARTESIAN_POINT ( 'NONE',  ( 57.80301363124527114, -25.44548590342931149, 8.061221603431338423 ) ) ;
#1243 = DIRECTION ( 'NONE',  ( 0.000000000000000000, -1.000000000000000000, 0.000000000000000000 ) ) ;
#1244 = COORDINATED_UNIVERSAL_TIME_OFFSET ( 0, 0, .AHEAD. ) ;
#1245 = CC_DESIGN_PERSON_AND_ORGANIZATION_ASSIGNMENT ( #792, #679, ( #1355 ) ) ;
#1246 = DIRECTION ( 'NONE',  ( 0.000000000000000000, -0.000000000000000000, 1.000000000000000000 ) ) ;
#1247 = ORIENTED_EDGE ( 'NONE', *, *, #1444, .T. ) ;
#1248 = ADVANCED_FACE ( 'NONE', ( #982 ), #640, .T. ) ;
#1249 = CARTESIAN_POINT ( 'NONE',  ( 86.64095802038121974, 16.96209247141340626, 0.000000000000000000 ) ) ;
#1250 = COORDINATED_UNIVERSAL_TIME_OFFSET ( 0, 0, .AHEAD. ) ;
#1251 = ORIENTED_EDGE ( 'NONE', *, *, #1084, .T. ) ;
#1252 = EDGE_CURVE ( 'NONE', #144, #176, #764, .T. ) ;
#1253 = DIRECTION ( 'NONE',  ( 0.000000000000000000, -1.000000000000000000, 0.000000000000000000 ) ) ;
#1254 = DIRECTION ( 'NONE',  ( 0.001540787296352342248, -0.9999988129865491349, 0.000000000000000000 ) ) ;
#1255 = CYLINDRICAL_SURFACE ( 'NONE', #320, 1.500000000000000000 ) ;
#1256 = AXIS2_PLACEMENT_3D ( 'NONE', #305, #33, #1284 ) ;
#1257 = FACE_OUTER_BOUND ( 'NONE', #1324, .T. ) ;
#1258 = DIRECTION ( 'NONE',  ( 1.541976423090495387E-16, -1.000000000000000000, 0.000000000000000000 ) ) ;
#1259 = COORDINATED_UNIVERSAL_TIME_OFFSET ( 0, 0, .AHEAD. ) ;
#1260 = DIRECTION ( 'NONE',  ( 0.000000000000000000, 1.000000000000000000, 0.000000000000000000 ) ) ;
#1261 = LOCAL_TIME ( 18, 35, 16.00000000000000000, #1244 ) ;
#1262 = CC_DESIGN_PERSON_AND_ORGANIZATION_ASSIGNMENT ( #4, #1169, ( #988 ) ) ;
#1263 = CARTESIAN_POINT ( 'NONE',  ( 57.26592939622196354, -28.59822695298089457, 0.000000000000000000 ) ) ;
#1264 = EDGE_CURVE ( 'NONE', #164, #676, #999, .T. ) ;
#1265 = VECTOR ( 'NONE', #1150, 1000.000000000000000 ) ;
#1266 = CARTESIAN_POINT ( 'NONE',  ( -6.286341605155322476, -30.10814750951951524, 8.200000000000001066 ) ) ;
#1267 = FACE_BOUND ( 'NONE', #1441, .T. ) ;
#1268 = DIRECTION ( 'NONE',  ( -1.000000000000000000, 0.000000000000000000, 0.000000000000000000 ) ) ;
#1269 = DIRECTION ( 'NONE',  ( -0.000000000000000000, -0.000000000000000000, -1.000000000000000000 ) ) ;
#1270 = VERTEX_POINT ( 'NONE', #1385 ) ;
#1271 = CARTESIAN_POINT ( 'NONE',  ( -34.00904197961883568, 16.96209247141340626, 4.200000000000000178 ) ) ;
#1272 = CARTESIAN_POINT ( 'NONE',  ( 61.30512657940370502, -58.03790752858660085, 4.200000000000000178 ) ) ;
#1273 = LINE ( 'NONE', #37, #1451 ) ;
#1274 = VECTOR ( 'NONE', #1454, 1000.000000000000000 ) ;
#1275 = AXIS2_PLACEMENT_3D ( 'NONE', #1404, #1074, #498 ) ;
#1276 = CARTESIAN_POINT ( 'NONE',  ( 24.24095802038124603, -54.03790752858659374, 6.700000000000001066 ) ) ;
#1277 = CIRCLE ( 'NONE', #1381, 35.06416855902246255 ) ;
#1278 = ORIENTED_EDGE ( 'NONE', *, *, #56, .T. ) ;
#1279 = ADVANCED_FACE ( 'NONE', ( #229 ), #243, .T. ) ;
#1280 = ORIENTED_EDGE ( 'NONE', *, *, #1379, .F. ) ;
#1281 = PRODUCT_RELATED_PRODUCT_CATEGORY ( 'detail', '', ( #929 ) ) ;
#1282 = CARTESIAN_POINT ( 'NONE',  ( -8.823210538641212963, -30.15826521905758995, 4.200000000000000178 ) ) ;
#1283 = ORIENTED_EDGE ( 'NONE', *, *, #464, .F. ) ;
#1284 = DIRECTION ( 'NONE',  ( 0.000000000000000000, 0.000000000000000000, 1.000000000000000000 ) ) ;
#1285 = FACE_OUTER_BOUND ( 'NONE', #377, .T. ) ;
#1286 = VERTEX_POINT ( 'NONE', #1163 ) ;
#1287 = LINE ( 'NONE', #1299, #1327 ) ;
#1288 = ORIENTED_EDGE ( 'NONE', *, *, #292, .T. ) ;
#1289 = APPLICATION_PROTOCOL_DEFINITION ( 'international standard', 'config_control_design', 1994, #790 ) ;
#1290 = CARTESIAN_POINT ( 'NONE',  ( 24.24095802038124603, 0.8414536226248152673, 6.700000000000001066 ) ) ;
#1291 = ORIENTED_EDGE ( 'NONE', *, *, #1435, .F. ) ;
#1292 = EDGE_CURVE ( 'NONE', #181, #1219, #7, .T. ) ;
#1293 = CARTESIAN_POINT ( 'NONE',  ( 56.80349297321397017, -24.59822695298089101, 0.000000000000000000 ) ) ;
#1294 = ORIENTED_EDGE ( 'NONE', *, *, #481, .T. ) ;
#1295 = AXIS2_PLACEMENT_3D ( 'NONE', #387, #732, #611 ) ;
#1296 = EDGE_CURVE ( 'NONE', #1184, #225, #575, .T. ) ;
#1297 = LINE ( 'NONE', #955, #337 ) ;
#1298 = EDGE_LOOP ( 'NONE', ( #616, #376, #849, #727 ) ) ;
#1299 = CARTESIAN_POINT ( 'NONE',  ( -53.35904197961878737, 16.96209247141340626, 0.000000000000000000 ) ) ;
#1300 = ORIENTED_EDGE ( 'NONE', *, *, #932, .T. ) ;
#1301 = DIRECTION ( 'NONE',  ( 0.000000000000000000, 1.000000000000000000, 0.000000000000000000 ) ) ;
#1302 = EDGE_CURVE ( 'NONE', #953, #1184, #473, .T. ) ;
#1303 = AXIS2_PLACEMENT_3D ( 'NONE', #689, #1393, #1044 ) ;
#1304 = ORIENTED_EDGE ( 'NONE', *, *, #915, .F. ) ;
#1305 = ORIENTED_EDGE ( 'NONE', *, *, #1216, .F. ) ;
#1306 = LINE ( 'NONE', #173, #876 ) ;
#1307 = EDGE_LOOP ( 'NONE', ( #946, #97, #1280, #1209 ) ) ;
#1308 = VECTOR ( 'NONE', #91, 1000.000000000000000 ) ;
#1309 = ORIENTED_EDGE ( 'NONE', *, *, #5, .F. ) ;
#1310 = DIRECTION ( 'NONE',  ( 1.000000000000000000, 0.000000000000000000, 0.000000000000000000 ) ) ;
#1311 = ORIENTED_EDGE ( 'NONE', *, *, #730, .F. ) ;
#1312 = CARTESIAN_POINT ( 'NONE',  ( 27.98191720061239707, 1.116700104910104852, 7.570683946483447002 ) ) ;
#1313 = CARTESIAN_POINT ( 'NONE',  ( 26.24095802038125314, -55.53790752858659374, 6.700000000000001066 ) ) ;
#1314 = CARTESIAN_POINT ( 'NONE',  ( 56.80349297321397017, -24.59822695298089101, 0.000000000000000000 ) ) ;
#1315 = EDGE_LOOP ( 'NONE', ( #776, #1182, #42, #455 ) ) ;
#1316 = ORIENTED_EDGE ( 'NONE', *, *, #272, .T. ) ;
#1317 = EDGE_LOOP ( 'NONE', ( #72, #60, #1457, #209 ) ) ;
#1318 = EDGE_CURVE ( 'NONE', #27, #50, #794, .T. ) ;
#1319 = FACE_OUTER_BOUND ( 'NONE', #1315, .T. ) ;
#1320 = VERTEX_POINT ( 'NONE', #1365 ) ;
#1321 = CYLINDRICAL_SURFACE ( 'NONE', #441, 1.499999999999999556 ) ;
#1322 = DIRECTION ( 'NONE',  ( -0.000000000000000000, -0.000000000000000000, -1.000000000000000000 ) ) ;
#1323 = FACE_BOUND ( 'NONE', #276, .T. ) ;
#1324 = EDGE_LOOP ( 'NONE', ( #222, #1086, #950, #551 ) ) ;
#1325 = CARTESIAN_POINT ( 'NONE',  ( -4.784013355459465267, -28.59822695298089101, 7.578679656440356460 ) ) ;
#1326 = VECTOR ( 'NONE', #35, 1000.000000000000000 ) ;
#1327 = VECTOR ( 'NONE', #1191, 1000.000000000000000 ) ;
#1328 = CARTESIAN_POINT ( 'NONE',  ( -7.323210538641212963, -56.53790752858659374, 8.200000000000001066 ) ) ;
#1329 = ORIENTED_EDGE ( 'NONE', *, *, #23, .T. ) ;
#1330 = DIRECTION ( 'NONE',  ( 1.000000000000000000, 0.000000000000000000, 0.000000000000000000 ) ) ;
#1331 = CARTESIAN_POINT ( 'NONE',  ( 58.17416087357452170, -25.76721423726681692, 8.172897047812055504 ) ) ;
#1332 = LINE ( 'NONE', #68, #677 ) ;
#1333 = EDGE_CURVE ( 'NONE', #1171, #895, #691, .T. ) ;
#1334 = ORIENTED_EDGE ( 'NONE', *, *, #583, .F. ) ;
#1335 = DIRECTION ( 'NONE',  ( 0.000000000000000000, 0.000000000000000000, -1.000000000000000000 ) ) ;
#1336 = ORIENTED_EDGE ( 'NONE', *, *, #32, .F. ) ;
#1337 = CARTESIAN_POINT ( 'NONE',  ( -4.823210538641212963, -54.03790752858659374, 0.000000000000000000 ) ) ;
#1338 = CARTESIAN_POINT ( 'NONE',  ( 61.30512657940370502, -58.03790752858660085, 8.200000000000001066 ) ) ;
#1339 = ORIENTED_EDGE ( 'NONE', *, *, #1292, .T. ) ;
#1340 = ORIENTED_EDGE ( 'NONE', *, *, #1139, .T. ) ;
#1341 = CARTESIAN_POINT ( 'NONE',  ( -8.823210538641212963, -58.03790752858660085, 8.200000000000001066 ) ) ;
#1342 = ORIENTED_EDGE ( 'NONE', *, *, #266, .T. ) ;
#1343 = DIRECTION ( 'NONE',  ( -0.001540787296352342248, 0.9999988129865491349, -0.000000000000000000 ) ) ;
#1344 = DIRECTION ( 'NONE',  ( 0.000000000000000000, -1.000000000000000000, 0.000000000000000000 ) ) ;
#1345 = AXIS2_PLACEMENT_3D ( 'NONE', #355, #574, #1039 ) ;
#1346 = EDGE_LOOP ( 'NONE', ( #1107, #975, #869, #604 ) ) ;
#1347 = EDGE_CURVE ( 'NONE', #600, #503, #810, .T. ) ;
#1348 = DIRECTION ( 'NONE',  ( 0.000000000000000000, 1.000000000000000000, 0.000000000000000000 ) ) ;
#1349 = EDGE_LOOP ( 'NONE', ( #998, #62, #2, #490 ) ) ;
#1350 = EDGE_CURVE ( 'NONE', #1201, #1286, #562, .T. ) ;
#1351 = CARTESIAN_POINT ( 'NONE',  ( 27.61963767682160409, -27.97690660942124907, 8.200000000000001066 ) ) ;
#1352 = EDGE_CURVE ( 'NONE', #1437, #1231, #1103, .T. ) ;
#1353 = DIRECTION ( 'NONE',  ( -2.387439327505955132E-16, 1.000000000000000000, 0.000000000000000000 ) ) ;
#1354 = CARTESIAN_POINT ( 'NONE',  ( 57.28816297950952219, -25.00580841091623086, 7.732793632848615317 ) ) ;
#1355 = PRODUCT_DEFINITION ( 'UNKNOWN', '', #988, #121 ) ;
#1356 = CARTESIAN_POINT ( 'NONE',  ( 26.74095802038124603, -28.59822695298089457, 8.200000000000001066 ) ) ;
#1357 = VECTOR ( 'NONE', #534, 1000.000000000000000 ) ;
#1358 = LINE ( 'NONE', #1116, #142 ) ;
#1359 = CARTESIAN_POINT ( 'NONE',  ( 57.26592939622196354, -28.59822695298089457, 6.700000000000001066 ) ) ;
#1360 = CARTESIAN_POINT ( 'NONE',  ( 56.82267717921848771, -24.61422338966737655, 6.950314503342490013 ) ) ;
#1361 = EDGE_CURVE ( 'NONE', #260, #187, #925, .T. ) ;
#1362 = ORIENTED_EDGE ( 'NONE', *, *, #1405, .T. ) ;
#1363 = EDGE_CURVE ( 'NONE', #746, #941, #817, .T. ) ;
#1364 = DIRECTION ( 'NONE',  ( -0.001540787296352614816, -0.9999988129865491349, -0.000000000000000000 ) ) ;
#1365 = CARTESIAN_POINT ( 'NONE',  ( 28.24095802038124958, -24.59822695298089101, 0.000000000000000000 ) ) ;
#1366 = CARTESIAN_POINT ( 'NONE',  ( 26.74095802038124603, -55.53790752858659374, 8.200000000000001066 ) ) ;
#1367 = DIRECTION ( 'NONE',  ( -1.000000000000000000, 0.000000000000000000, 0.000000000000000000 ) ) ;
#1368 = DIRECTION ( 'NONE',  ( -0.000000000000000000, -0.000000000000000000, 1.000000000000000000 ) ) ;
#1369 = ORIENTED_EDGE ( 'NONE', *, *, #248, .T. ) ;
#1370 = ORIENTED_EDGE ( 'NONE', *, *, #1222, .F. ) ;
#1371 = DIRECTION ( 'NONE',  ( -0.000000000000000000, -0.000000000000000000, -1.000000000000000000 ) ) ;
#1372 = DIRECTION ( 'NONE',  ( 1.000000000000000000, 2.387439327505955132E-16, -0.000000000000000000 ) ) ;
#1373 = ADVANCED_FACE ( 'NONE', ( #572 ), #1408, .T. ) ;
#1374 = EDGE_CURVE ( 'NONE', #737, #1449, #843, .T. ) ;
#1375 = DIRECTION ( 'NONE',  ( -1.000000000000000000, 0.000000000000000000, 0.000000000000000000 ) ) ;
#1376 = CIRCLE ( 'NONE', #393, 31.06416855902245189 ) ;
#1377 = VECTOR ( 'NONE', #1463, 1000.000000000000000 ) ;
#1378 = FACE_OUTER_BOUND ( 'NONE', #1426, .T. ) ;
#1379 = EDGE_CURVE ( 'NONE', #1219, #1476, #257, .T. ) ;
#1380 = CARTESIAN_POINT ( 'NONE',  ( 28.24095802038124958, -55.53790752858659374, 8.200000000000001066 ) ) ;
#1381 = AXIS2_PLACEMENT_3D ( 'NONE', #734, #1195, #400 ) ;
#1382 = DIRECTION ( 'NONE',  ( 1.000000000000000000, 0.000000000000000000, 0.000000000000000000 ) ) ;
#1383 = CARTESIAN_POINT ( 'NONE',  ( -4.784013355459467931, -28.59822695298089457, 0.000000000000000000 ) ) ;
#1384 = ORIENTED_EDGE ( 'NONE', *, *, #395, .T. ) ;
#1385 = CARTESIAN_POINT ( 'NONE',  ( 64.30512657940370502, -62.03790752858659374, 4.200000000000000178 ) ) ;
#1386 = ORIENTED_EDGE ( 'NONE', *, *, #591, .F. ) ;
#1387 = CARTESIAN_POINT ( 'NONE',  ( 26.24095802038124603, -30.15826521905758995, 6.700000000000001066 ) ) ;
#1388 = DIRECTION ( 'NONE',  ( -0.000000000000000000, -0.000000000000000000, -1.000000000000000000 ) ) ;
#1389 = EDGE_LOOP ( 'NONE', ( #318, #1412, #81, #278 ) ) ;
#1390 = ORIENTED_EDGE ( 'NONE', *, *, #496, .T. ) ;
#1391 = FACE_OUTER_BOUND ( 'NONE', #513, .T. ) ;
#1392 = ADVANCED_FACE ( 'NONE', ( #838 ), #501, .T. ) ;
#1393 = DIRECTION ( 'NONE',  ( -0.000000000000000000, -0.000000000000000000, -1.000000000000000000 ) ) ;
#1394 = AXIS2_PLACEMENT_3D ( 'NONE', #1434, #404, #75 ) ;
#1395 = DATE_TIME_ROLE ( 'classification_date' ) ;
#1396 = CARTESIAN_POINT ( 'NONE',  ( 26.24095802038124603, -30.15826521905758995, 0.000000000000000000 ) ) ;
#1397 = ORIENTED_EDGE ( 'NONE', *, *, #266, .F. ) ;
#1398 = CARTESIAN_POINT ( 'NONE',  ( -53.35904197961877315, -98.03790752858660085, 4.200000000000000178 ) ) ;
#1399 = ORIENTED_EDGE ( 'NONE', *, *, #1098, .T. ) ;
#1400 = CARTESIAN_POINT ( 'NONE',  ( -7.323210538641212963, -58.03790752858660085, 8.200000000000001066 ) ) ;
#1401 = PLANE ( 'NONE',  #459 ) ;
#1402 = DIRECTION ( 'NONE',  ( -0.000000000000000000, 1.000000000000000000, -0.000000000000000000 ) ) ;
#1403 = AXIS2_PLACEMENT_3D ( 'NONE', #152, #853, #66 ) ;
#1404 = CARTESIAN_POINT ( 'NONE',  ( 64.30512657940370502, -62.03790752858659374, 12.20000000000000107 ) ) ;
#1405 = EDGE_CURVE ( 'NONE', #839, #1443, #1187, .T. ) ;
#1406 = EDGE_LOOP ( 'NONE', ( #326, #878, #751, #1336 ) ) ;
#1407 = EDGE_CURVE ( 'NONE', #172, #600, #617, .T. ) ;
#1408 = CYLINDRICAL_SURFACE ( 'NONE', #289, 1.499999999999999556 ) ;
#1409 = ORIENTED_EDGE ( 'NONE', *, *, #1194, .F. ) ;
#1410 = CARTESIAN_POINT ( 'NONE',  ( 28.17920619791724235, 0.9074242581120021134, 7.179074526016911761 ) ) ;
#1411 = ADVANCED_FACE ( 'NONE', ( #1087 ), #831, .F. ) ;
#1412 = ORIENTED_EDGE ( 'NONE', *, *, #591, .T. ) ;
#1413 = DIRECTION ( 'NONE',  ( -1.000000000000000000, 0.000000000000000000, 0.000000000000000000 ) ) ;
#1414 = AXIS2_PLACEMENT_3D ( 'NONE', #1026, #913, #1382 ) ;
#1415 = CYLINDRICAL_SURFACE ( 'NONE', #1295, 1.499999999999999556 ) ;
#1416 = ORIENTED_EDGE ( 'NONE', *, *, #85, .T. ) ;
#1417 = VECTOR ( 'NONE', #149, 1000.000000000000000 ) ;
#1418 = APPROVAL ( #449, 'UNSPECIFIED' ) ;
#1419 = DIRECTION ( 'NONE',  ( -1.000000000000000000, -0.000000000000000000, 0.000000000000000000 ) ) ;
#1420 = CARTESIAN_POINT ( 'NONE',  ( 24.24095802038124603, -24.59822695298088746, 7.578679656440356460 ) ) ;
#1421 = EDGE_CURVE ( 'NONE', #1320, #50, #704, .T. ) ;
#1422 = CYLINDRICAL_SURFACE ( 'NONE', #1058, 1.500000000000001332 ) ;
#1423 = DIRECTION ( 'NONE',  ( 1.000000000000000000, 0.000000000000000000, 0.000000000000000000 ) ) ;
#1424 = CC_DESIGN_SECURITY_CLASSIFICATION ( #242, ( #988 ) ) ;
#1425 = DIRECTION ( 'NONE',  ( 1.000000000000000000, 0.000000000000000000, 0.000000000000000000 ) ) ;
#1426 = EDGE_LOOP ( 'NONE', ( #1294, #1041, #601, #382 ) ) ;
#1427 = AXIS2_PLACEMENT_3D ( 'NONE', #1470, #1023, #429 ) ;
#1428 = VECTOR ( 'NONE', #908, 1000.000000000000000 ) ;
#1429 = AXIS2_PLACEMENT_3D ( 'NONE', #108, #1353, #985 ) ;
#1430 = ORIENTED_EDGE ( 'NONE', *, *, #984, .T. ) ;
#1431 = CARTESIAN_POINT ( 'NONE',  ( 24.86227836394088797, -25.21954729654052940, 8.200000000000001066 ) ) ;
#1432 = DIRECTION ( 'NONE',  ( 1.000000000000000000, 0.000000000000000000, 0.000000000000000000 ) ) ;
#1433 = ORIENTED_EDGE ( 'NONE', *, *, #9, .F. ) ;
#1434 = CARTESIAN_POINT ( 'NONE',  ( 26.24095802038124603, -30.15826521905758995, 0.000000000000000000 ) ) ;
#1435 = EDGE_CURVE ( 'NONE', #582, #754, #263, .T. ) ;
#1436 = VERTEX_POINT ( 'NONE', #370 ) ;
#1437 = VERTEX_POINT ( 'NONE', #1282 ) ;
#1438 = VECTOR ( 'NONE', #912, 1000.000000000000000 ) ;
#1439 = LINE ( 'NONE', #275, #537 ) ;
#1440 = VERTEX_POINT ( 'NONE', #589 ) ;
#1441 = EDGE_LOOP ( 'NONE', ( #1199, #348, #1278, #1025 ) ) ;
#1442 = CARTESIAN_POINT ( 'NONE',  ( 28.24095802038124958, 0.8414536226248152673, 0.000000000000000000 ) ) ;
#1443 = VERTEX_POINT ( 'NONE', #1060 ) ;
#1444 = EDGE_CURVE ( 'NONE', #1092, #488, #79, .T. ) ;
#1445 = CARTESIAN_POINT ( 'NONE',  ( 28.24095802038124958, -28.59822695298089457, 6.700000000000001066 ) ) ;
#1446 = EDGE_LOOP ( 'NONE', ( #351, #1397, #865, #1188 ) ) ;
#1447 = DIRECTION ( 'NONE',  ( -0.000000000000000000, -0.000000000000000000, 1.000000000000000000 ) ) ;
#1448 = CARTESIAN_POINT ( 'NONE',  ( 61.30512657940370502, -58.03790752858660085, 6.700000000000001066 ) ) ;
#1449 = VERTEX_POINT ( 'NONE', #961 ) ;
#1450 = AXIS2_PLACEMENT_3D ( 'NONE', #916, #788, #312 ) ;
#1451 = VECTOR ( 'NONE', #1153, 1000.000000000000000 ) ;
#1452 = DIRECTION ( 'NONE',  ( -0.001540787296352342465, 0.9999988129865493569, 0.000000000000000000 ) ) ;
#1453 = ORIENTED_EDGE ( 'NONE', *, *, #868, .F. ) ;
#1454 = DIRECTION ( 'NONE',  ( 0.000000000000000000, 1.000000000000000000, 0.000000000000000000 ) ) ;
#1455 = FACE_OUTER_BOUND ( 'NONE', #973, .T. ) ;
#1456 = CARTESIAN_POINT ( 'NONE',  ( 61.30512657940370502, -58.03790752858660085, 4.200000000000000178 ) ) ;
#1457 = ORIENTED_EDGE ( 'NONE', *, *, #1302, .F. ) ;
#1458 = CARTESIAN_POINT ( 'NONE',  ( 24.91999553146845159, 1.557804351273258225, 7.969493797028232684 ) ) ;
#1459 = ORIENTED_EDGE ( 'NONE', *, *, #201, .F. ) ;
#1460 = DIRECTION ( 'NONE',  ( 1.000000000000000000, -0.000000000000000000, -0.000000000000000000 ) ) ;
#1461 = ORIENTED_EDGE ( 'NONE', *, *, #198, .F. ) ;
#1462 = DIRECTION ( 'NONE',  ( -1.000000000000000000, 0.000000000000000000, 0.000000000000000000 ) ) ;
#1463 = DIRECTION ( 'NONE',  ( -0.000000000000000000, -0.000000000000000000, -1.000000000000000000 ) ) ;
#1464 = ADVANCED_FACE ( 'NONE', ( #283 ), #1415, .T. ) ;
#1465 = EDGE_LOOP ( 'NONE', ( #1459, #1339, #1125, #525 ) ) ;
#1466 = CARTESIAN_POINT ( 'NONE',  ( 28.24095802038124958, -54.03790752858659374, 6.700000000000001066 ) ) ;
#1467 = ORIENTED_EDGE ( 'NONE', *, *, #904, .T. ) ;
#1468 = CARTESIAN_POINT ( 'NONE',  ( 58.80512479888352573, -54.03559634764206265, 8.200000000000001066 ) ) ;
#1469 = LINE ( 'NONE', #675, #645 ) ;
#1470 = CARTESIAN_POINT ( 'NONE',  ( 61.30512657940370502, -58.03790752858660085, 8.200000000000001066 ) ) ;
#1471 = APPROVAL_ROLE ( '' ) ;
#1472 = CARTESIAN_POINT ( 'NONE',  ( 24.24095802038124603, -24.59822695298089101, 0.000000000000000000 ) ) ;
#1473 = VECTOR ( 'NONE', #1013, 1000.000000000000000 ) ;
#1474 = DIRECTION ( 'NONE',  ( 0.000000000000000000, -0.000000000000000000, 1.000000000000000000 ) ) ;
#1475 = CARTESIAN_POINT ( 'NONE',  ( 57.30512657940370502, -54.03790752858658664, 6.700000000000001066 ) ) ;
#1476 = VERTEX_POINT ( 'NONE', #1077 ) ;
#1477 = CARTESIAN_POINT ( 'NONE',  ( 59.80512657940370502, -30.15826521905758639, 6.700000000000001066 ) ) ;
#1478 = VECTOR ( 'NONE', #444, 1000.000000000000000 ) ;
#1479 = CARTESIAN_POINT ( 'NONE',  ( -11.82321053864121296, -62.03790752858659374, 4.200000000000000178 ) ) ;
#1480 = DIRECTION ( 'NONE',  ( 0.000000000000000000, 0.000000000000000000, 1.000000000000000000 ) ) ;
ENDSEC;
END-ISO-10303-21;
