ISO-10303-21;
HEADER;
FILE_DESCRIPTION (( 'STEP AP203' ),
    '1' );
FILE_NAME ('Balustrade.step',
    '2026-09-07T17:35:17',
    ( '' ),
    ( '' ),
    'SwSTEP 2.0',
    'SolidWorks 2026',
    '' );
FILE_SCHEMA (( 'CONFIG_CONTROL_DESIGN' ));
ENDSEC;

DATA;
#1 = CARTESIAN_POINT ( 'NONE',  ( 0.000000000000000000, 0.000000000000000000, 0.000000000000000000 ) ) ;
#2 = CARTESIAN_POINT ( 'NONE',  ( -76.23443666732610779, 5.999999999999994671, -47.22193540819357338 ) ) ;
#3 = CARTESIAN_POINT ( 'NONE',  ( -76.64822194740493444, 7.346301483960322010, -44.65153460344433967 ) ) ;
#4 = DIRECTION ( 'NONE',  ( 0.000000000000000000, 0.000000000000000000, -1.000000000000000000 ) ) ;
#5 = EDGE_CURVE ( 'NONE', #1015, #700, #39, .T. ) ;
#6 = ADVANCED_FACE ( 'NONE', ( #348 ), #951, .T. ) ;
#7 = EDGE_CURVE ( 'NONE', #700, #925, #165, .T. ) ;
#8 = PRODUCT ( 'Balustrade', 'Balustrade', '', ( #104 ) ) ;
#9 = EDGE_LOOP ( 'NONE', ( #798, #932, #665 ) ) ;
#10 = PLANE ( 'NONE',  #817 ) ;
#11 = LOCAL_TIME ( 18, 35, 17.00000000000000000, #43 ) ;
#12 = CARTESIAN_POINT ( 'NONE',  ( -72.67310748207881943, 5.941290499929265501, -47.21961256719953326 ) ) ;
#13 = CARTESIAN_POINT ( 'NONE',  ( -74.17310748207881943, 4.502503294865063843, -47.16071899713505644 ) ) ;
#14 = CARTESIAN_POINT ( 'NONE',  ( -77.67310748207881943, 0.000000000000000000, -47.16071899713505644 ) ) ;
#15 = FACE_OUTER_BOUND ( 'NONE', #134, .T. ) ;
#16 = ORIENTED_EDGE ( 'NONE', *, *, #540, .T. ) ;
#17 = AXIS2_PLACEMENT_3D ( 'NONE', #958, #874, #306 ) ;
#18 = VECTOR ( 'NONE', #470, 1000.000000000000000 ) ;
#19 = CARTESIAN_POINT ( 'NONE',  ( -73.04163181473536781, 11.29671010970426970, -44.67195809953268082 ) ) ;
#20 = PERSON_AND_ORGANIZATION ( #178, #1102 ) ;
#21 = CARTESIAN_POINT ( 'NONE',  ( -76.17310748207881943, 6.000000000000000000, -47.16071899713505644 ) ) ;
#22 = FACE_OUTER_BOUND ( 'NONE', #938, .T. ) ;
#23 = ORIENTED_EDGE ( 'NONE', *, *, #1138, .F. ) ;
#24 = CARTESIAN_POINT ( 'NONE',  ( -72.68501674748148389, 11.29666053453550845, -45.26105217240860412 ) ) ;
#25 = LINE ( 'NONE', #985, #18 ) ;
#26 = DIRECTION ( 'NONE',  ( 0.000000000000000000, 0.9991629788651495980, 0.04090649905968968963 ) ) ;
#27 = ORIENTED_EDGE ( 'NONE', *, *, #125, .F. ) ;
#28 = LINE ( 'NONE', #535, #928 ) ;
#29 = CARTESIAN_POINT ( 'NONE',  ( -74.61588877517750973, 17.99999999999999645, -45.30128239274735336 ) ) ;
#30 = CARTESIAN_POINT ( 'NONE',  ( -74.33938969358150928, 4.509299786152642042, -48.66071899713506355 ) ) ;
#31 = CARTESIAN_POINT ( 'NONE',  ( -73.76009277578089041, 5.999999999999996447, -45.55696770732748746 ) ) ;
#32 = VERTEX_POINT ( 'NONE', #1116 ) ;
#33 = CARTESIAN_POINT ( 'NONE',  ( -76.53152420623881369, 15.34629880741618457, -47.28643184396256771 ) ) ;
#34 = APPROVAL ( #205, 'UNSPECIFIED' ) ;
#35 = CARTESIAN_POINT ( 'NONE',  ( -72.67310748207881943, 4.568691687759505626, -46.49025466126703066 ) ) ;
#36 = VECTOR ( 'NONE', #742, 1000.000000000000000 ) ;
#37 = AXIS2_PLACEMENT_3D ( 'NONE', #281, #102, #720 ) ;
#38 = CARTESIAN_POINT ( 'NONE',  ( -77.67310748207881943, 5.941308982439136521, -45.10181317469676543 ) ) ;
#39 = B_SPLINE_CURVE_WITH_KNOTS ( 'NONE', 3,
 ( #261, #614, #964, #168 ),
 .UNSPECIFIED., .F., .F.,
 ( 4, 4 ),
 ( 0.000000000000000000, 2.354055901449010190E-05 ),
 .UNSPECIFIED. ) ;
#40 = ORIENTED_EDGE ( 'NONE', *, *, #212, .T. ) ;
#41 = EDGE_CURVE ( 'NONE', #471, #634, #801, .T. ) ;
#42 = CARTESIAN_POINT ( 'NONE',  ( -76.29613158585986810, 11.29669892385430963, -48.55679820603946695 ) ) ;
#43 = COORDINATED_UNIVERSAL_TIME_OFFSET ( 0, 0, .AHEAD. ) ;
#44 = CARTESIAN_POINT ( 'NONE',  ( -77.67310748207881943, 4.582261452069201546, -45.99853861001824384 ) ) ;
#45 = CARTESIAN_POINT ( 'NONE',  ( -74.32443181855097691, 5.999999986115195583, -47.41268032829667334 ) ) ;
#46 = CARTESIAN_POINT ( 'NONE',  ( -74.27503104162536829, 18.00000000000000355, -45.70181439387731359 ) ) ;
#47 = CARTESIAN_POINT ( 'NONE',  ( -72.67310748207881943, 6.000000000000000000, -48.66071899713506355 ) ) ;
#48 = ORIENTED_EDGE ( 'NONE', *, *, #630, .F. ) ;
#49 = CARTESIAN_POINT ( 'NONE',  ( -77.66151474930940424, 11.29670162216647533, -47.06084526400892543 ) ) ;
#50 = PERSON_AND_ORGANIZATION_ROLE ( 'creator' ) ;
#51 = CARTESIAN_POINT ( 'NONE',  ( -76.67461408915100662, 5.999999993910281937, -46.03938100971595304 ) ) ;
#52 = CARTESIAN_POINT ( 'NONE',  ( -72.68501674748148389, 11.29666053453550845, -45.26105217240860412 ) ) ;
#53 = PRODUCT_DEFINITION_FORMATION_WITH_SPECIFIED_SOURCE ( 'ANY', '', #8, .NOT_KNOWN. ) ;
#54 = ORIENTED_EDGE ( 'NONE', *, *, #418, .F. ) ;
#55 = CARTESIAN_POINT ( 'NONE',  ( -73.48846377174035638, 15.34635407249097128, -45.64092115459472154 ) ) ;
#56 = CARTESIAN_POINT ( 'NONE',  ( -77.67310748207881943, 4.502504997653070440, -47.16071899713508486 ) ) ;
#57 = CARTESIAN_POINT ( 'NONE',  ( -74.50491532878815804, 4.529566860688075458, -48.66071899713506355 ) ) ;
#58 = CARTESIAN_POINT ( 'NONE',  ( -76.60239793580429080, 6.000000000028146374, -45.59512646590125229 ) ) ;
#59 = ORIENTED_EDGE ( 'NONE', *, *, #949, .T. ) ;
#60 = PERSON_AND_ORGANIZATION_ROLE ( 'classification_officer' ) ;
#61 = CARTESIAN_POINT ( 'NONE',  ( -75.33528968617542887, 4.582168471167423540, -48.66071899713506355 ) ) ;
#62 = CARTESIAN_POINT ( 'NONE',  ( -72.67310748207881943, 6.000000000000000000, -45.16071899713506355 ) ) ;
#63 = EDGE_LOOP ( 'NONE', ( #307, #605, #721, #499 ) ) ;
#64 = LINE ( 'NONE', #169, #637 ) ;
#65 = PERSON_AND_ORGANIZATION ( #178, #1102 ) ;
#66 = FACE_OUTER_BOUND ( 'NONE', #959, .T. ) ;
#67 = CARTESIAN_POINT ( 'NONE',  ( -75.42001116402035166, 6.000000008885305824, -47.64479462412817412 ) ) ;
#68 = CARTESIAN_POINT ( 'NONE',  ( -74.60613938900144149, 6.000000000028160585, -44.73092052302762056 ) ) ;
#69 = CARTESIAN_POINT ( 'NONE',  ( -74.11243092584014391, 6.000000000000000000, -45.10008024215117217 ) ) ;
#70 = VERTEX_POINT ( 'NONE', #592 ) ;
#71 = CARTESIAN_POINT ( 'NONE',  ( -76.17310748207881943, 6.000000000000000000, -48.66071899713506355 ) ) ;
#72 = PRODUCT_RELATED_PRODUCT_CATEGORY ( 'detail', '', ( #8 ) ) ;
#73 = CARTESIAN_POINT ( 'NONE',  ( -76.00682545096282183, 4.509297218518984351, -43.66071899713506355 ) ) ;
#74 = CARTESIAN_POINT ( 'NONE',  ( -75.99659556338131949, 5.784444625818886188, -48.66071899713506355 ) ) ;
#75 = CARTESIAN_POINT ( 'NONE',  ( -75.00836160379523676, 15.34629279292895276, -44.40418112434107201 ) ) ;
#76 = CARTESIAN_POINT ( 'NONE',  ( -75.17310748207881943, 24.00000000000000000, -46.16071899713505644 ) ) ;
#77 = CIRCLE ( 'NONE', #618, 1.500000000000001332 ) ;
#78 = ADVANCED_FACE ( 'NONE', ( #761 ), #854, .F. ) ;
#79 = ORIENTED_EDGE ( 'NONE', *, *, #594, .F. ) ;
#80 = CARTESIAN_POINT ( 'NONE',  ( -74.42340620125467865, 18.00000000000000355, -45.48612080760346288 ) ) ;
#81 = CARTESIAN_POINT ( 'NONE',  ( -74.75965508054048314, 4.559537899106237191, -43.66071899713506355 ) ) ;
#82 = CARTESIAN_POINT ( 'NONE',  ( -76.29897647352918000, 15.34630148396035487, -44.80247284754629078 ) ) ;
#83 = DIRECTION ( 'NONE',  ( 0.000000000000000000, 1.000000000000000000, 0.000000000000000000 ) ) ;
#84 = ORIENTED_EDGE ( 'NONE', *, *, #41, .T. ) ;
#85 = CARTESIAN_POINT ( 'NONE',  ( -74.12923828719036123, 6.000000000000000000, -45.08352955049026178 ) ) ;
#86 = CARTESIAN_POINT ( 'NONE',  ( -74.59520051280199482, 6.000000007674787916, -44.77321079813472693 ) ) ;
#87 = CARTESIAN_POINT ( 'NONE',  ( -76.13968584775534509, 5.862037600251388092, -48.66071899713506355 ) ) ;
#88 = CARTESIAN_POINT ( 'NONE',  ( -76.60239793579363266, 5.999999999999993783, -45.59512646590677321 ) ) ;
#89 = EDGE_LOOP ( 'NONE', ( #989, #753, #248, #826, #333 ) ) ;
#90 = CARTESIAN_POINT ( 'NONE',  ( -76.21758687837548507, 5.999999999999994671, -47.23853812278602504 ) ) ;
#91 = LINE ( 'NONE', #336, #268 ) ;
#92 = CARTESIAN_POINT ( 'NONE',  ( -75.83822612860149093, 4.530003304143455978, -48.66071899713506355 ) ) ;
#93 = CARTESIAN_POINT ( 'NONE',  ( -76.00210468287463073, 7.346323266877904601, -48.09950972252834589 ) ) ;
#94 = CARTESIAN_POINT ( 'NONE',  ( -76.17310748207881943, 4.502504997653071328, -47.16071899713505644 ) ) ;
#95 = EDGE_CURVE ( 'NONE', #148, #269, #936, .T. ) ;
#96 = VECTOR ( 'NONE', #596, 1000.000000000000000 ) ;
#97 = AXIS2_PLACEMENT_3D ( 'NONE', #94, #712, #533 ) ;
#98 = CARTESIAN_POINT ( 'NONE',  ( -75.17310748207881943, 24.00000000000000000, -43.66071899713506355 ) ) ;
#99 = CARTESIAN_POINT ( 'NONE',  ( -75.99730756675643306, 18.00000000000001066, -46.72768448388512041 ) ) ;
#100 = ADVANCED_FACE ( 'NONE', ( #327 ), #1025, .T. ) ;
#101 = CARTESIAN_POINT ( 'NONE',  ( -76.92950543405699193, 15.34630679156108890, -45.99613777341401999 ) ) ;
#102 = DIRECTION ( 'NONE',  ( 0.9991676814675410911, 0.04075733018040255534, 0.001668636372610166714 ) ) ;
#103 = DIRECTION ( 'NONE',  ( 0.000000000000000000, 0.000000000000000000, 1.000000000000000000 ) ) ;
#104 = MECHANICAL_CONTEXT ( 'NONE', #208, 'mechanical' ) ;
#105 = CARTESIAN_POINT ( 'NONE',  ( -73.89125081044070953, 7.346313726869868610, -44.53092487015162249 ) ) ;
#106 = ORIENTED_EDGE ( 'NONE', *, *, #389, .F. ) ;
#107 = DESIGN_CONTEXT ( 'detailed design', #229, 'design' ) ;
#108 = CARTESIAN_POINT ( 'NONE',  ( -74.34921862144001636, 18.00000000000000355, -45.59396760074038468 ) ) ;
#109 = CARTESIAN_POINT ( 'NONE',  ( -74.27024204749305625, 6.000000000000000000, -44.94688740067912391 ) ) ;
#110 = EDGE_CURVE ( 'NONE', #413, #148, #1000, .T. ) ;
#111 = ORIENTED_EDGE ( 'NONE', *, *, #342, .F. ) ;
#112 = CIRCLE ( 'NONE', #762, 1.499999999999999778 ) ;
#113 = VECTOR ( 'NONE', #955, 1000.000000000000000 ) ;
#114 = CARTESIAN_POINT ( 'NONE',  ( -74.27503104162536829, 18.00000000000000355, -45.70181439387731359 ) ) ;
#115 = CARTESIAN_POINT ( 'NONE',  ( -73.68910520229763961, 6.000000008673089802, -46.40719455251507242 ) ) ;
#116 = ORIENTED_EDGE ( 'NONE', *, *, #7, .F. ) ;
#117 = CARTESIAN_POINT ( 'NONE',  ( -74.34012754955101343, 4.509222148044529810, -43.66071899713506355 ) ) ;
#118 = CARTESIAN_POINT ( 'NONE',  ( -72.67310748207881943, 4.530008280251548669, -46.82580734716628967 ) ) ;
#119 = FACE_OUTER_BOUND ( 'NONE', #89, .T. ) ;
#120 = ORIENTED_EDGE ( 'NONE', *, *, #953, .F. ) ;
#121 = CARTESIAN_POINT ( 'NONE',  ( -72.77699803688376790, 11.29669250425401827, -47.28371030118449880 ) ) ;
#122 = CC_DESIGN_SECURITY_CLASSIFICATION ( #238, ( #53 ) ) ;
#123 = DIRECTION ( 'NONE',  ( 0.000000000000000000, 0.000000000000000000, 1.000000000000000000 ) ) ;
#124 = CARTESIAN_POINT ( 'NONE',  ( -74.17310748207881943, 4.502454909888513157, -45.16071899713506355 ) ) ;
#125 = EDGE_CURVE ( 'NONE', #925, #822, #568, .T. ) ;
#126 = EDGE_LOOP ( 'NONE', ( #419, #741, #687, #904 ) ) ;
#127 = CARTESIAN_POINT ( 'NONE',  ( -73.41651783227047190, 15.34629032903550794, -46.32503898928570152 ) ) ;
#128 = DATE_AND_TIME ( #772, #571 ) ;
#129 = AXIS2_PLACEMENT_3D ( 'NONE', #797, #1145, #4 ) ;
#130 = CARTESIAN_POINT ( 'NONE',  ( -77.67310748207881943, 4.568811643345577878, -45.83111537829341131 ) ) ;
#131 = ADVANCED_FACE ( 'NONE', ( #237 ), #147, .F. ) ;
#132 = DIRECTION ( 'NONE',  ( 0.000000000000000000, -1.000000000000000000, 0.000000000000000000 ) ) ;
#133 = CARTESIAN_POINT ( 'NONE',  ( -75.17310748207881943, 19.50000000000000355, -43.66071899713506355 ) ) ;
#134 = EDGE_LOOP ( 'NONE', ( #391, #656, #541, #510 ) ) ;
#135 = CARTESIAN_POINT ( 'NONE',  ( -74.95970498577744934, 17.99999999999998934, -47.16278046807411073 ) ) ;
#136 = COORDINATED_UNIVERSAL_TIME_OFFSET ( 0, 0, .AHEAD. ) ;
#137 = CARTESIAN_POINT ( 'NONE',  ( -76.23429469233758482, 5.999999999999998224, -45.09941031940142864 ) ) ;
#138 = FACE_OUTER_BOUND ( 'NONE', #207, .T. ) ;
#139 = ORIENTED_EDGE ( 'NONE', *, *, #376, .T. ) ;
#140 = CARTESIAN_POINT ( 'NONE',  ( -77.13019782377644162, 7.346321101609934345, -46.94552867288167874 ) ) ;
#141 = PERSON_AND_ORGANIZATION_ROLE ( 'design_supplier' ) ;
#142 = CARTESIAN_POINT ( 'NONE',  ( -76.59667700254534850, 5.999999990235113323, -46.64475597321359857 ) ) ;
#143 = CARTESIAN_POINT ( 'NONE',  ( -74.27024204748514080, 6.000000000028151703, -44.94688740067042687 ) ) ;
#144 = VERTEX_POINT ( 'NONE', #424 ) ;
#145 = CARTESIAN_POINT ( 'NONE',  ( -75.29366740426070237, 11.29671969445132795, -48.80217697149621614 ) ) ;
#146 = DATE_AND_TIME ( #934, #11 ) ;
#147 = PLANE ( 'NONE',  #837 ) ;
#148 = VERTEX_POINT ( 'NONE', #584 ) ;
#149 = DIRECTION ( 'NONE',  ( 0.9991671351632730458, -0.04077071154351592785, 0.001668858847520086073 ) ) ;
#150 = CARTESIAN_POINT ( 'NONE',  ( -75.61558931086780433, 5.682670436892206745, -48.66071899713505644 ) ) ;
#151 = CARTESIAN_POINT ( 'NONE',  ( -76.38290880336492705, 6.000000000028148150, -45.25008140980547466 ) ) ;
#152 = CARTESIAN_POINT ( 'NONE',  ( -73.97922290387123212, 6.000000000000002665, -45.23337130392481242 ) ) ;
#153 = ORIENTED_EDGE ( 'NONE', *, *, #664, .F. ) ;
#154 = APPROVAL ( #494, 'UNSPECIFIED' ) ;
#155 = DIRECTION ( 'NONE',  ( 0.000000000000000000, 0.000000000000000000, 1.000000000000000000 ) ) ;
#156 = CARTESIAN_POINT ( 'NONE',  ( -76.68212220802358559, 7.346298807416165921, -47.63605989196310730 ) ) ;
#157 = ADVANCED_FACE ( 'NONE', ( #138 ), #1125, .T. ) ;
#158 = CARTESIAN_POINT ( 'NONE',  ( -74.17310748207881943, 4.502454909888513157, -45.16071899713506355 ) ) ;
#159 = ORIENTED_EDGE ( 'NONE', *, *, #851, .T. ) ;
#160 = CARTESIAN_POINT ( 'NONE',  ( -75.69319616782148330, 15.34632775882980837, -44.47573461154632923 ) ) ;
#161 = FACE_OUTER_BOUND ( 'NONE', #676, .T. ) ;
#162 = CARTESIAN_POINT ( 'NONE',  ( -73.92208673134646801, 5.999999984646732010, -45.31056913449769041 ) ) ;
#163 = CARTESIAN_POINT ( 'NONE',  ( -77.81456208962477206, 11.29671945505373287, -46.03999241071362292 ) ) ;
#164 = ADVANCED_FACE ( 'NONE', ( #924 ), #1078, .T. ) ;
#165 = B_SPLINE_CURVE_WITH_KNOTS ( 'NONE', 3,
 ( #575, #321, #929, #485, #58, #151, #313, #681 ),
 .UNSPECIFIED., .F., .F.,
 ( 4, 1, 1, 1, 1, 4 ),
 ( 2.354055901449010190E-05, 0.0005906059387454254839, 0.001181443300993028581, 0.001772280663240631462, 0.002363118025488234342, 0.002386594861444856983 ),
 .UNSPECIFIED. ) ;
#166 = DIRECTION ( 'NONE',  ( 1.000000000000000000, 0.000000000000000000, 0.000000000000000000 ) ) ;
#167 = AXIS2_PLACEMENT_3D ( 'NONE', #562, #567, #280 ) ;
#168 = CARTESIAN_POINT ( 'NONE',  ( -76.23443666732613622, 5.999999999999994671, -47.22193540819356627 ) ) ;
#169 = CARTESIAN_POINT ( 'NONE',  ( -75.17310748207881943, 24.00000000000000000, -43.66071899713506355 ) ) ;
#170 = CARTESIAN_POINT ( 'NONE',  ( -74.17310748207881943, 6.000000000000000000, -45.16071899713506355 ) ) ;
#171 = CARTESIAN_POINT ( 'NONE',  ( -75.71722170899229809, 5.703853332571378054, -48.66071899713505644 ) ) ;
#172 = CARTESIAN_POINT ( 'NONE',  ( -77.28336979746596569, 7.346306791561098670, -46.13690244805957263 ) ) ;
#173 = ORIENTED_EDGE ( 'NONE', *, *, #632, .F. ) ;
#174 = CARTESIAN_POINT ( 'NONE',  ( -74.27024204749305625, 6.000000000000000000, -44.94688740067912391 ) ) ;
#175 = CARTESIAN_POINT ( 'NONE',  ( -75.59293580926589584, 4.558602772516781698, -43.66071899713506355 ) ) ;
#176 = CARTESIAN_POINT ( 'NONE',  ( -75.78349165437201407, 5.999999999999996447, -44.75062853443145627 ) ) ;
#177 = CARTESIAN_POINT ( 'NONE',  ( -77.67310748207883364, 4.516178403357210769, -46.82623586829814855 ) ) ;
#178 = PERSON ( 'UNSPECIFIED', 'UNSPECIFIED', 'UNSPECIFIED', ('UNSPECIFIED'), ('UNSPECIFIED'), ('UNSPECIFIED') ) ;
#179 = CARTESIAN_POINT ( 'NONE',  ( -74.17310748207881943, 4.502503294865063843, -48.66071899713506355 ) ) ;
#180 = EDGE_CURVE ( 'NONE', #290, #875, #945, .T. ) ;
#181 = CARTESIAN_POINT ( 'NONE',  ( -74.17060211066353759, 4.502503294865063843, -48.66071690483829570 ) ) ;
#182 = CARTESIAN_POINT ( 'NONE',  ( -77.11217325891583130, 7.346326617166553774, -45.33178112347399491 ) ) ;
#183 = CARTESIAN_POINT ( 'NONE',  ( -77.67310748207881943, 4.516199934626900614, -45.49527477162936151 ) ) ;
#184 = CIRCLE ( 'NONE', #617, 1.499999999999999778 ) ;
#185 = CIRCLE ( 'NONE', #782, 1.000000000000014655 ) ;
#186 = CARTESIAN_POINT ( 'NONE',  ( -76.17310748207881943, 6.000000000000000000, -45.16071899713506355 ) ) ;
#187 = VERTEX_POINT ( 'NONE', #461 ) ;
#188 = CARTESIAN_POINT ( 'NONE',  ( -74.34791325231077508, 5.785285716134191958, -43.66071899713507065 ) ) ;
#189 = CARTESIAN_POINT ( 'NONE',  ( -73.74867497831141350, 5.999999991099584484, -45.67693479328363537 ) ) ;
#190 = CARTESIAN_POINT ( 'NONE',  ( -72.67310748207883364, 4.515998374821510453, -45.49519072926237584 ) ) ;
#191 = CARTESIAN_POINT ( 'NONE',  ( -77.67310748207881943, 4.502504997653070440, -47.16071899713505644 ) ) ;
#192 = ORIENTED_EDGE ( 'NONE', *, *, #872, .T. ) ;
#193 = CC_DESIGN_DATE_AND_TIME_ASSIGNMENT ( #330, #223, ( #1097 ) ) ;
#194 = CARTESIAN_POINT ( 'NONE',  ( -74.17310748207881943, 4.502503294865062955, -47.16071899713505644 ) ) ;
#195 = CARTESIAN_POINT ( 'NONE',  ( -72.67310748207881943, 4.502454909888513157, -45.16071899713506355 ) ) ;
#196 = CARTESIAN_POINT ( 'NONE',  ( -74.17310748207881943, 0.000000000000000000, -45.16071899713506355 ) ) ;
#197 = EDGE_CURVE ( 'NONE', #868, #634, #466, .T. ) ;
#198 =( BOUNDED_SURFACE ( )  B_SPLINE_SURFACE ( 3, 2, ( 
 ( #56, #674, #495 ),
 ( #1012, #684, #773 ),
 ( #1035, #927, #312 ),
 ( #319, #663, #667 ),
 ( #1017, #1096, #142 ),
 ( #572, #767, #759 ),
 ( #218, #848, #1114 ),
 ( #679, #233, #51 ),
 ( #44, #1119, #325 ),
 ( #130, #484, #398 ),
 ( #241, #226, #597 ),
 ( #236, #582, #935 ),
 ( #843, #948, #1024 ),
 ( #507, #38, #137 ) ),
 .UNSPECIFIED., .F., .F., .T. ) 
 B_SPLINE_SURFACE_WITH_KNOTS ( ( 4, 2, 2, 2, 2, 2, 4 ),
 ( 3, 3 ),
 ( 0.002647273671561335522, 0.003142587892673265673, 0.003390245003229231183, 0.003637902113785196258, 0.003885559224341161334, 0.004133216334897126844, 0.004628530556009056995 ),
 ( 0.000000000000000000, 1.000000000000000000 ),
 .UNSPECIFIED. ) 
 GEOMETRIC_REPRESENTATION_ITEM ( )  RATIONAL_B_SPLINE_SURFACE ( (
 ( 1.000000000000000000, 0.7214173977310922581, 1.000000000000000000),
 ( 1.000000000000000000, 0.7416944364212056939, 1.000000000000000000),
 ( 1.000000000000000000, 0.7644487612733210646, 1.000000000000000000),
 ( 1.000000000000000000, 0.7924810286969492523, 1.000000000000000000),
 ( 1.000000000000000000, 0.8007659985164921057, 1.000000000000000000),
 ( 1.000000000000000000, 0.8128232806065498472, 1.000000000000000000),
 ( 1.000000000000000000, 0.8165631871181929791, 1.000000000000000000),
 ( 1.000000000000000000, 0.8168040672584179207, 1.000000000000000000),
 ( 1.000000000000000000, 0.8133367649508597141, 1.000000000000000000),
 ( 1.000000000000000000, 0.8015360309587616916, 1.000000000000000000),
 ( 1.000000000000000000, 0.7932353204730425711, 1.000000000000000000),
 ( 1.000000000000000000, 0.7649312161627623841, 1.000000000000000000),
 ( 1.000000000000000000, 0.7417460163382798566, 1.000000000000000000),
 ( 1.000000000000000000, 0.7213845969750946052, 1.000000000000000000) ) ) 
 REPRESENTATION_ITEM ( '' )  SURFACE ( )  );
#199 = ORIENTED_EDGE ( 'NONE', *, *, #752, .T. ) ;
#200 = CARTESIAN_POINT ( 'NONE',  ( -74.17310748207881943, 4.502454909888513157, -43.66071899713506355 ) ) ;
#201 = CC_DESIGN_APPROVAL ( #154, ( #238 ) ) ;
#202 = CARTESIAN_POINT ( 'NONE',  ( -73.70298823858553305, 7.346314008816015040, -44.72349117632448667 ) ) ;
#203 = ORIENTED_EDGE ( 'NONE', *, *, #95, .F. ) ;
#204 = DIRECTION ( 'NONE',  ( -0.04077076831868198248, -0.9991685265513042813, 0.000000000000000000 ) ) ;
#205 = APPROVAL_STATUS ( 'not_yet_approved' ) ;
#206 = SPHERICAL_SURFACE ( 'NONE', #167, 1.500000000000000000 ) ;
#207 = EDGE_LOOP ( 'NONE', ( #942, #523, #427, #622, #239, #1117, #23 ) ) ;
#208 = APPLICATION_CONTEXT ( 'configuration controlled 3d designs of mechanical parts and assemblies' ) ;
#209 = CARTESIAN_POINT ( 'NONE',  ( -76.71435930243220014, 6.000000000000009770, -46.18498903657685162 ) ) ;
#210 = CARTESIAN_POINT ( 'NONE',  ( 0.000000000000000000, 0.000000000000000000, 0.000000000000000000 ) ) ;
#211 = DIRECTION ( 'NONE',  ( 0.000000000000000000, 0.000000000000000000, -1.000000000000000000 ) ) ;
#212 = EDGE_CURVE ( 'NONE', #269, #144, #25, .T. ) ;
#213 = EDGE_LOOP ( 'NONE', ( #600, #660, #444 ) ) ;
#214 = ADVANCED_FACE ( 'NONE', ( #725 ), #304, .T. ) ;
#215 = EDGE_CURVE ( 'NONE', #887, #148, #1103, .T. ) ;
#216 = CARTESIAN_POINT ( 'NONE',  ( -76.18356281378021322, 17.99999999999997868, -45.97384198059546634 ) ) ;
#217 = APPROVAL_ROLE ( '' ) ;
#218 = CARTESIAN_POINT ( 'NONE',  ( -77.67310748207881943, 4.585976914023962792, -46.24874789046090484 ) ) ;
#219 = DIRECTION ( 'NONE',  ( 0.000000000000000000, 0.000000000000000000, -1.000000000000000000 ) ) ;
#220 = CARTESIAN_POINT ( 'NONE',  ( -74.10625539422218822, 6.000000000000001776, -47.21637913795665042 ) ) ;
#221 = ORIENTED_EDGE ( 'NONE', *, *, #872, .F. ) ;
#222 = CARTESIAN_POINT ( 'NONE',  ( -75.75571042133660171, 18.00000000000002487, -45.31404805594674201 ) ) ;
#223 = DATE_TIME_ROLE ( 'creation_date' ) ;
#224 = AXIS2_PLACEMENT_3D ( 'NONE', #186, #641, #988 ) ;
#225 = CIRCLE ( 'NONE', #911, 1.500000000000001332 ) ;
#226 = CARTESIAN_POINT ( 'NONE',  ( -77.67310748207880522, 5.703775918082416574, -45.61627365318951632 ) ) ;
#227 = CARTESIAN_POINT ( 'NONE',  ( -75.29521052853954188, 5.999999993418102306, -47.66200772497522564 ) ) ;
#228 = DIRECTION ( 'NONE',  ( -1.000000000000000000, 0.000000000000000000, -0.000000000000000000 ) ) ;
#229 = APPLICATION_CONTEXT ( 'configuration controlled 3d designs of mechanical parts and assemblies' ) ;
#230 = EDGE_LOOP ( 'NONE', ( #775, #998, #882, #1113, #54 ) ) ;
#231 = CARTESIAN_POINT ( 'NONE',  ( -76.60239793579363266, 5.999999999999993783, -45.59512646590677321 ) ) ;
#232 = COORDINATED_UNIVERSAL_TIME_OFFSET ( 0, 0, .AHEAD. ) ;
#233 = CARTESIAN_POINT ( 'NONE',  ( -77.67310748207883364, 5.645763881383783378, -46.05009123504757440 ) ) ;
#234 = CARTESIAN_POINT ( 'NONE',  ( -76.17310748207881943, 4.502502964498657612, -45.16071899713506355 ) ) ;
#235 = ORIENTED_EDGE ( 'NONE', *, *, #716, .F. ) ;
#236 = CARTESIAN_POINT ( 'NONE',  ( -77.67310748207881943, 4.530014156638594081, -45.49559985178748178 ) ) ;
#237 = FACE_OUTER_BOUND ( 'NONE', #487, .T. ) ;
#238 = SECURITY_CLASSIFICATION ( '', '', #1011 ) ;
#239 = ORIENTED_EDGE ( 'NONE', *, *, #374, .T. ) ;
#240 = CARTESIAN_POINT ( 'NONE',  ( -75.19779397106788110, 5.999999999999997335, -44.61981324290709239 ) ) ;
#241 = CARTESIAN_POINT ( 'NONE',  ( -77.67310748207881943, 4.559433332767614644, -45.74725455117010142 ) ) ;
#242 = AXIS2_PLACEMENT_3D ( 'NONE', #194, #909, #1087 ) ;
#243 = VECTOR ( 'NONE', #733, 1000.000000000000000 ) ;
#244 = AXIS2_PLACEMENT_3D ( 'NONE', #368, #538, #791 ) ;
#245 = CARTESIAN_POINT ( 'NONE',  ( -72.53157096861347952, 11.29673997031311572, -46.28126402603444234 ) ) ;
#246 = CARTESIAN_POINT ( 'NONE',  ( -77.67310748207881943, 0.000000000000000000, -45.16071899713506355 ) ) ;
#247 = CC_DESIGN_PERSON_AND_ORGANIZATION_ASSIGNMENT ( #20, #1084, ( #8 ) ) ;
#248 = ORIENTED_EDGE ( 'NONE', *, *, #1138, .T. ) ;
#249 = DIRECTION ( 'NONE',  ( 0.000000000000000000, 0.9991654909106711946, -0.04084509484916786642 ) ) ;
#250 = DIRECTION ( 'NONE',  ( -0.000000000000000000, -1.000000000000000000, -0.000000000000000000 ) ) ;
#251 = DIRECTION ( 'NONE',  ( 0.000000000000000000, 1.000000000000000000, 0.000000000000000000 ) ) ;
#252 = EDGE_CURVE ( 'NONE', #401, #70, #895, .T. ) ;
#253 = CARTESIAN_POINT ( 'NONE',  ( -75.73077430420366341, 17.99999999999999645, -47.02013837357903725 ) ) ;
#254 = B_SPLINE_SURFACE_WITH_KNOTS ( 'NONE', 3, 3, ( 
 ( #291, #1066, #278, #372, #108 ),
 ( #722, #816, #19, #1080, #114 ),
 ( #469, #823, #24, #55, #414 ),
 ( #939, #1107, #483, #127, #661 ),
 ( #1010, #831, #121, #590, #493 ),
 ( #408, #933, #476, #677, #329 ),
 ( #323, #842, #846, #926, #135 ),
 ( #771, #943, #145, #403, #858 ),
 ( #1118, #1094, #42, #581, #488 ),
 ( #397, #500, #754, #33, #316 ),
 ( #749, #140, #49, #765, #393 ),
 ( #209, #1027, #1023, #672, #216 ),
 ( #231, #565, #1100, #923, #586 ),
 ( #308, #311, #666, #1016, #222 ),
 ( #757, #852, #1148, #160, #517 ),
 ( #240, #435, #349, #1131, #1047 ),
 ( #788, #428, #878, #972, #354 ),
 ( #174, #334, #440, #343, #80 ),
 ( #1123, #505, #863, #420, #701 ) ),
 .UNSPECIFIED., .T., .F., .F.,
 ( 4, 1, 1, 1, 1, 1, 1, 1, 1, 1, 1, 1, 1, 1, 1, 1, 4 ),
 ( 4, 1, 4 ),
 ( 0.000000000000000000, 0.06250000000000000000, 0.1250000000000000000, 0.1875000000000000000, 0.2500000000000000000, 0.3125000000000000000, 0.3750000000000000000, 0.4375000000000000000, 0.5000000000000000000, 0.5625000000000000000, 0.6250000000000000000, 0.6875000000000000000, 0.7500000000000000000, 0.8125000000000000000, 0.8750000000000000000, 0.9375000000000000000, 1.000000000000000000 ),
 ( 0.000000000000000000, 0.3344711889685332284, 1.000000000000000000 ),
 .UNSPECIFIED. ) ;
#255 = ORIENTED_EDGE ( 'NONE', *, *, #252, .T. ) ;
#256 = EDGE_CURVE ( 'NONE', #401, #875, #225, .T. ) ;
#257 = CARTESIAN_POINT ( 'NONE',  ( -74.73078543071905244, 5.682225954291724612, -43.66071899713505644 ) ) ;
#258 = DIRECTION ( 'NONE',  ( 0.000000000000000000, 0.000000000000000000, 1.000000000000000000 ) ) ;
#259 = CARTESIAN_POINT ( 'NONE',  ( -77.66151474930940424, 11.29670162216647533, -47.06084526400892543 ) ) ;
#260 = APPROVAL_PERSON_ORGANIZATION ( #489, #569, #673 ) ;
#261 = CARTESIAN_POINT ( 'NONE',  ( -76.21758687837548507, 5.999999999999994671, -47.23853812278602504 ) ) ;
#262 = DIRECTION ( 'NONE',  ( 0.000000000000000000, -0.04089853863481954926, -0.9991633047392883826 ) ) ;
#263 = CARTESIAN_POINT ( 'NONE',  ( -74.62805399003177342, 5.703722403305625299, -43.66071899713506355 ) ) ;
#264 = CARTESIAN_POINT ( 'NONE',  ( -72.67310748207881943, 5.705574550282546120, -45.60807374012566839 ) ) ;
#265 = CARTESIAN_POINT ( 'NONE',  ( -74.16244046265198619, 18.00000000000001066, -46.34729640374689552 ) ) ;
#266 = FACE_OUTER_BOUND ( 'NONE', #1056, .T. ) ;
#267 = CIRCLE ( 'NONE', #640, 2.499999999999995115 ) ;
#268 = VECTOR ( 'NONE', #968, 1000.000000000000000 ) ;
#269 = VERTEX_POINT ( 'NONE', #744 ) ;
#270 = CARTESIAN_POINT ( 'NONE',  ( -74.12359109093516452, 5.999999999999997335, -45.08900206437964897 ) ) ;
#271 = CARTESIAN_POINT ( 'NONE',  ( -75.05266177349899692, 5.999999994237168011, -44.65926472491032939 ) ) ;
#272 = FACE_OUTER_BOUND ( 'NONE', #63, .T. ) ;
#273 = CARTESIAN_POINT ( 'NONE',  ( -75.35991109980707847, 17.99999999999996803, -47.17118790070328060 ) ) ;
#274 = PLANE ( 'NONE',  #838 ) ;
#275 = CARTESIAN_POINT ( 'NONE',  ( -75.29656534364006859, 5.646434465110507617, -43.66071899713506355 ) ) ;
#276 = CARTESIAN_POINT ( 'NONE',  ( -74.38834516917239625, 7.346330013401347614, -48.11808863113623858 ) ) ;
#277 = FACE_OUTER_BOUND ( 'NONE', #1122, .T. ) ;
#278 = CARTESIAN_POINT ( 'NONE',  ( -73.26897057511105515, 11.29671046105973353, -44.42285532358516065 ) ) ;
#279 = APPROVAL_ROLE ( '' ) ;
#280 = DIRECTION ( 'NONE',  ( 0.9991624172428063000, 0.04092021468067136986, 0.000000000000000000 ) ) ;
#281 = CARTESIAN_POINT ( 'NONE',  ( -76.17310748207881943, 4.502502964498657612, -45.16071899713506355 ) ) ;
#282 = AXIS2_PLACEMENT_3D ( 'NONE', #124, #380, #834 ) ;
#283 = CARTESIAN_POINT ( 'NONE',  ( -75.17310748207881943, 19.50000000000000355, -46.16071899713505644 ) ) ;
#284 = ORIENTED_EDGE ( 'NONE', *, *, #873, .T. ) ;
#285 = CARTESIAN_POINT ( 'NONE',  ( -75.83861554318679055, 4.516170189280839686, -43.66071899713507065 ) ) ;
#286 = CARTESIAN_POINT ( 'NONE',  ( -74.11190020292306713, 6.000000000000000000, -47.22201571065514258 ) ) ;
#287 = EDGE_CURVE ( 'NONE', #830, #341, #474, .T. ) ;
#288 = DIRECTION ( 'NONE',  ( 0.000000000000000000, -1.000000000000000000, -0.000000000000000000 ) ) ;
#289 = FACE_OUTER_BOUND ( 'NONE', #434, .T. ) ;
#290 = VERTEX_POINT ( 'NONE', #913 ) ;
#291 = CARTESIAN_POINT ( 'NONE',  ( -74.12923828719034702, 6.000000000000000000, -45.08352955049027599 ) ) ;
#292 = CARTESIAN_POINT ( 'NONE',  ( -72.67310748207881943, 4.568177704096635594, -45.82361542875923988 ) ) ;
#293 = CARTESIAN_POINT ( 'NONE',  ( -75.17310748207881943, 19.50000000000000355, -45.16071899713506355 ) ) ;
#294 = ORIENTED_EDGE ( 'NONE', *, *, #574, .T. ) ;
#295 = CARTESIAN_POINT ( 'NONE',  ( -74.17310748207881943, 6.000000000000000000, -43.66071899713506355 ) ) ;
#296 = PERSON_AND_ORGANIZATION ( #178, #1102 ) ;
#297 = CARTESIAN_POINT ( 'NONE',  ( -74.34994053177265982, 15.34635238081410513, -44.60167830210977513 ) ) ;
#298 = DIRECTION ( 'NONE',  ( -0.000000000000000000, -1.000000000000000000, -0.000000000000000000 ) ) ;
#299 = AXIS2_PLACEMENT_3D ( 'NONE', #983, #549, #905 ) ;
#300 = AXIS2_PLACEMENT_3D ( 'NONE', #774, #412, #669 ) ;
#301 = AXIS2_PLACEMENT_3D ( 'NONE', #512, #250, #441 ) ;
#302 = CARTESIAN_POINT ( 'NONE',  ( -74.20010932184176511, 5.999999996131838209, -45.01234709327526673 ) ) ;
#303 = CARTESIAN_POINT ( 'NONE',  ( -72.67310748207881943, 4.581794470681666454, -45.98950174076632180 ) ) ;
#304 = SPHERICAL_SURFACE ( 'NONE', #726, 1.500000000000000000 ) ;
#305 = EDGE_CURVE ( 'NONE', #463, #887, #877, .T. ) ;
#306 = DIRECTION ( 'NONE',  ( 0.04082558850238004328, -0.9991662881239711247, 0.000000000000000000 ) ) ;
#307 = ORIENTED_EDGE ( 'NONE', *, *, #110, .T. ) ;
#308 = CARTESIAN_POINT ( 'NONE',  ( -76.27957784169025501, 5.999999999999999112, -45.08764130597636210 ) ) ;
#309 = PERSON_AND_ORGANIZATION ( #178, #1102 ) ;
#310 = ORIENTED_EDGE ( 'NONE', *, *, #1121, .F. ) ;
#311 = CARTESIAN_POINT ( 'NONE',  ( -76.64822194740493444, 7.346301483960322010, -44.65153460344433967 ) ) ;
#312 = CARTESIAN_POINT ( 'NONE',  ( -76.42520546659093839, 5.999999986671352481, -47.00891619308799108 ) ) ;
#313 = CARTESIAN_POINT ( 'NONE',  ( -76.23980819204606973, 6.000000000028148150, -45.10491289550306249 ) ) ;
#314 = DIRECTION ( 'NONE',  ( 0.000000000000000000, -1.000000000000000000, 0.000000000000000000 ) ) ;
#315 = ORIENTED_EDGE ( 'NONE', *, *, #462, .T. ) ;
#316 = CARTESIAN_POINT ( 'NONE',  ( -76.01995560654270889, 18.00000000000002487, -46.74326402232438227 ) ) ;
#317 = AXIS2_PLACEMENT_3D ( 'NONE', #560, #827, #810 ) ;
#318 = AXIS2_PLACEMENT_3D ( 'NONE', #1007, #416, #410 ) ;
#319 = CARTESIAN_POINT ( 'NONE',  ( -77.67310748207881943, 4.558612979754827599, -46.58054290520221485 ) ) ;
#320 = ADVANCED_FACE ( 'NONE', ( #825 ), #206, .T. ) ;
#321 = CARTESIAN_POINT ( 'NONE',  ( -76.36731912787436727, 6.000000000028148150, -47.08880814873543841 ) ) ;
#322 = ORIENTED_EDGE ( 'NONE', *, *, #540, .F. ) ;
#323 = CARTESIAN_POINT ( 'NONE',  ( -74.56289893852799366, 6.000000000000009770, -47.57153849155633196 ) ) ;
#324 = APPROVAL_DATE_TIME ( #128, #154 ) ;
#325 = CARTESIAN_POINT ( 'NONE',  ( -76.65755311757179413, 6.000000008886881453, -45.91426616602693400 ) ) ;
#326 = CARTESIAN_POINT ( 'NONE',  ( -75.05020154097802276, 5.646231242927707505, -48.66071899713506355 ) ) ;
#327 = FACE_OUTER_BOUND ( 'NONE', #845, .T. ) ;
#328 = ORIENTED_EDGE ( 'NONE', *, *, #389, .T. ) ;
#329 = CARTESIAN_POINT ( 'NONE',  ( -74.59074863410751277, 18.00000000000001776, -47.00755784820061933 ) ) ;
#330 = DATE_AND_TIME ( #501, #352 ) ;
#331 = CARTESIAN_POINT ( 'NONE',  ( -75.08507269693083686, 4.586017472566449094, -48.66071899713506355 ) ) ;
#332 = DIRECTION ( 'NONE',  ( 0.000000000000000000, 0.000000000000000000, -1.000000000000000000 ) ) ;
#333 = ORIENTED_EDGE ( 'NONE', *, *, #180, .F. ) ;
#334 = CARTESIAN_POINT ( 'NONE',  ( -73.89125081044070953, 7.346313726869868610, -44.53092487015162249 ) ) ;
#335 = ADVANCED_FACE ( 'NONE', ( #119 ), #820, .T. ) ;
#336 = CARTESIAN_POINT ( 'NONE',  ( -77.67310748207881943, 6.000000000000000000, -47.16071899713505644 ) ) ;
#337 = AXIS2_PLACEMENT_3D ( 'NONE', #283, #547, #1065 ) ;
#338 = CARTESIAN_POINT ( 'NONE',  ( -73.26897057511105515, 11.29671046105973353, -44.42285532358516065 ) ) ;
#339 = DIRECTION ( 'NONE',  ( 0.000000000000000000, -0.000000000000000000, 1.000000000000000000 ) ) ;
#340 = ADVANCED_FACE ( 'NONE', ( #388 ), #198, .T. ) ;
#341 = VERTEX_POINT ( 'NONE', #395 ) ;
#342 = EDGE_CURVE ( 'NONE', #1093, #868, #490, .T. ) ;
#343 = CARTESIAN_POINT ( 'NONE',  ( -73.99330122212921879, 15.34631372686986772, -44.89045981884299863 ) ) ;
#344 = CARTESIAN_POINT ( 'NONE',  ( -76.17310748207881943, 6.000000000000000000, -43.66071899713506355 ) ) ;
#345 = CARTESIAN_POINT ( 'NONE',  ( -72.67310748207881943, 4.529532078444667320, -45.49249724069775169 ) ) ;
#346 = CARTESIAN_POINT ( 'NONE',  ( -74.59074863410751277, 18.00000000000001776, -47.00755784820061933 ) ) ;
#347 = CARTESIAN_POINT ( 'NONE',  ( -75.17310748207881943, 18.00000000000000355, -46.16071899713505644 ) ) ;
#348 = FACE_OUTER_BOUND ( 'NONE', #230, .T. ) ;
#349 = CARTESIAN_POINT ( 'NONE',  ( -75.05237266080331437, 11.29673689985994578, -43.51916640921577084 ) ) ;
#350 = CARTESIAN_POINT ( 'NONE',  ( -74.92774485789591665, 6.000000007980554884, -44.67593667795554069 ) ) ;
#351 = CARTESIAN_POINT ( 'NONE',  ( -73.39075468694984750, 11.29673086782446667, -48.11402019564800270 ) ) ;
#352 = LOCAL_TIME ( 18, 35, 17.00000000000000000, #136 ) ;
#353 = VERTEX_POINT ( 'NONE', #405 ) ;
#354 = CARTESIAN_POINT ( 'NONE',  ( -74.61588877517750973, 17.99999999999999645, -45.30128239274735336 ) ) ;
#355 = CARTESIAN_POINT ( 'NONE',  ( -74.84351753596064327, 4.568934732629100104, -43.66071899713506355 ) ) ;
#356 = CARTESIAN_POINT ( 'NONE',  ( -76.27957784169025501, 5.999999999999999112, -45.08764130597636210 ) ) ;
#357 = AXIS2_PLACEMENT_3D ( 'NONE', #234, #503, #599 ) ;
#358 = CARTESIAN_POINT ( 'NONE',  ( -77.67310748207881943, 4.502504997653070440, -47.16071899713505644 ) ) ;
#359 = EDGE_LOOP ( 'NONE', ( #908, #1022, #857, #377, #671, #707, #159 ) ) ;
#360 = CARTESIAN_POINT ( 'NONE',  ( -76.49681983140432351, 15.34630659969209887, -47.25778662817959486 ) ) ;
#361 = DIRECTION ( 'NONE',  ( 0.000000000000000000, 0.000000000000000000, -1.000000000000000000 ) ) ;
#362 = CARTESIAN_POINT ( 'NONE',  ( -72.77699803688376790, 11.29669250425401827, -47.28371030118449880 ) ) ;
#363 = DIRECTION ( 'NONE',  ( 0.001636604890407648274, 0.04039269480690740877, -0.9991825417463362502 ) ) ;
#364 = CARTESIAN_POINT ( 'NONE',  ( -75.17310748207881943, 19.50000000000000355, -47.16071899713504934 ) ) ;
#365 = CARTESIAN_POINT ( 'NONE',  ( -76.17310748207881943, 0.000000000000000000, -47.16071899713505644 ) ) ;
#366 = CC_DESIGN_DATE_AND_TIME_ASSIGNMENT ( #146, #404, ( #238 ) ) ;
#367 = CARTESIAN_POINT ( 'NONE',  ( -72.67310748207880522, 4.516198361516396531, -46.82614449861414130 ) ) ;
#368 = CARTESIAN_POINT ( 'NONE',  ( -75.17310748207881943, 19.50000000000000355, -46.16071899713505644 ) ) ;
#369 = CC_DESIGN_APPROVAL ( #34, ( #1097 ) ) ;
#370 = EDGE_CURVE ( 'NONE', #32, #830, #751, .T. ) ;
#371 = ORIENTED_EDGE ( 'NONE', *, *, #1034, .T. ) ;
#372 = CARTESIAN_POINT ( 'NONE',  ( -73.84964179475203139, 15.34631400881600705, -45.06378320982454255 ) ) ;
#373 =( NAMED_UNIT ( * ) PLANE_ANGLE_UNIT ( ) SI_UNIT ( $, .RADIAN. ) );
#374 = EDGE_CURVE ( 'NONE', #822, #70, #819, .T. ) ;
#375 = CARTESIAN_POINT ( 'NONE',  ( -72.67310748207881943, 4.502503294865062067, -47.16071899713505644 ) ) ;
#376 = EDGE_CURVE ( 'NONE', #144, #887, #889, .T. ) ;
#377 = ORIENTED_EDGE ( 'NONE', *, *, #732, .F. ) ;
#378 = CARTESIAN_POINT ( 'NONE',  ( -74.17310748207881943, 0.000000000000000000, -43.66071899713506355 ) ) ;
#379 = CARTESIAN_POINT ( 'NONE',  ( -75.17310748207881943, 19.50000000000000355, -46.16071899713505644 ) ) ;
#380 = DIRECTION ( 'NONE',  ( -0.001636604890407636782, -0.04039269480690740183, 0.9991825417463360282 ) ) ;
#381 = CARTESIAN_POINT ( 'NONE',  ( -74.12923828719036123, 6.000000000000000000, -45.08352955049026178 ) ) ;
#382 = VERTEX_POINT ( 'NONE', #181 ) ;
#383 = CARTESIAN_POINT ( 'NONE',  ( -74.11243092584015812, 5.999999999999999112, -45.10008024215115796 ) ) ;
#384 = DIRECTION ( 'NONE',  ( 1.000000000000000000, 0.000000000000000000, 0.000000000000000000 ) ) ;
#385 = DIRECTION ( 'NONE',  ( 0.000000000000000000, -0.04089853863481954926, -0.9991633047392883826 ) ) ;
#386 = ORIENTED_EDGE ( 'NONE', *, *, #5, .F. ) ;
#387 = CARTESIAN_POINT ( 'NONE',  ( -74.17310748207881943, 4.502503294865063843, -47.16071899713505644 ) ) ;
#388 = FACE_OUTER_BOUND ( 'NONE', #647, .T. ) ;
#389 = EDGE_CURVE ( 'NONE', #471, #548, #446, .T. ) ;
#390 = AXIS2_PLACEMENT_3D ( 'NONE', #601, #511, #155 ) ;
#391 = ORIENTED_EDGE ( 'NONE', *, *, #197, .T. ) ;
#392 =( BOUNDED_SURFACE ( )  B_SPLINE_SURFACE ( 3, 2, ( 
 ( #960, #870, #692 ),
 ( #73, #884, #1048 ),
 ( #421, #802, #1149 ),
 ( #175, #1143, #436 ),
 ( #1061, #976, #530 ),
 ( #429, #608, #784 ),
 ( #518, #275, #1132 ),
 ( #1139, #865, #271 ),
 ( #777, #1043, #350 ),
 ( #355, #257, #879 ),
 ( #81, #263, #86 ),
 ( #917, #188, #657 ),
 ( #117, #737, #302 ),
 ( #200, #1005, #383 ) ),
 .UNSPECIFIED., .F., .F., .F. ) 
 B_SPLINE_SURFACE_WITH_KNOTS ( ( 4, 2, 2, 2, 2, 2, 4 ),
 ( 3, 3 ),
 ( 0.002647584088873706706, 0.003142896312043235926, 0.003390552423628000536, 0.003638208535212765146, 0.003885864646797529756, 0.004133520758382294366, 0.004628832981551823586 ),
 ( 0.000000000000000000, 1.000000000000000000 ),
 .UNSPECIFIED. ) 
 GEOMETRIC_REPRESENTATION_ITEM ( )  RATIONAL_B_SPLINE_SURFACE ( (
 ( 1.000000000000000000, 0.7214126599327250755, 1.000000000000000000),
 ( 1.000000000000000000, 0.7416793508437996563, 1.000000000000000000),
 ( 1.000000000000000000, 0.7644447957395165139, 1.000000000000000000),
 ( 1.000000000000000000, 0.7924860912562874393, 1.000000000000000000),
 ( 1.000000000000000000, 0.8007684495656446355, 1.000000000000000000),
 ( 1.000000000000000000, 0.8128002399036275971, 1.000000000000000000),
 ( 1.000000000000000000, 0.8165122396435268159, 1.000000000000000000),
 ( 1.000000000000000000, 0.8167933916014814555, 1.000000000000000000),
 ( 1.000000000000000000, 0.8134056102290576629, 1.000000000000000000),
 ( 1.000000000000000000, 0.8016446848703742134, 1.000000000000000000),
 ( 1.000000000000000000, 0.7932591331079839048, 1.000000000000000000),
 ( 1.000000000000000000, 0.7646957000478784572, 1.000000000000000000),
 ( 1.000000000000000000, 0.7415199569907778843, 1.000000000000000000),
 ( 1.000000000000000000, 0.7212578722814523280, 1.000000000000000000) ) ) 
 REPRESENTATION_ITEM ( '' )  SURFACE ( )  );
#393 = CARTESIAN_POINT ( 'NONE',  ( -76.17511601439980495, 18.00000000000000711, -46.37419698256233147 ) ) ;
#394 = CARTESIAN_POINT ( 'NONE',  ( -73.91866885090026074, 5.999999986615478065, -47.00679126734956981 ) ) ;
#395 = CARTESIAN_POINT ( 'NONE',  ( -74.17310748207881943, 0.000000000000000000, -48.66071899713506355 ) ) ;
#396 = EDGE_LOOP ( 'NONE', ( #682, #899, #79 ) ) ;
#397 = CARTESIAN_POINT ( 'NONE',  ( -76.24585260921971042, 5.999999999999994671, -47.26770609432517034 ) ) ;
#398 = CARTESIAN_POINT ( 'NONE',  ( -76.60038306703930289, 5.999999991113087461, -45.68652124869747411 ) ) ;
#399 = CARTESIAN_POINT ( 'NONE',  ( -73.76182342539463832, 5.999999999999993783, -45.54911961319149327 ) ) ;
#400 = CARTESIAN_POINT ( 'NONE',  ( -72.67310748207881943, 4.502503294865062067, -47.16071899713505644 ) ) ;
#401 = VERTEX_POINT ( 'NONE', #616 ) ;
#402 = EDGE_CURVE ( 'NONE', #1046, #1093, #91, .T. ) ;
#403 = CARTESIAN_POINT ( 'NONE',  ( -75.33756314369335882, 15.34630659945578834, -47.91712618253752254 ) ) ;
#404 = DATE_TIME_ROLE ( 'classification_date' ) ;
#405 = CARTESIAN_POINT ( 'NONE',  ( -75.17310748207881943, 24.00000000000000000, -48.66071899713505644 ) ) ;
#406 = CARTESIAN_POINT ( 'NONE',  ( -73.06300795082628952, 7.346290329035499944, -46.18484196543212761 ) ) ;
#407 = ORIENTED_EDGE ( 'NONE', *, *, #583, .F. ) ;
#408 = CARTESIAN_POINT ( 'NONE',  ( -74.06580421609073994, 5.999999999999995559, -47.23293719558775905 ) ) ;
#409 = PERSON_AND_ORGANIZATION ( #178, #1102 ) ;
#410 = DIRECTION ( 'NONE',  ( 0.000000000000000000, 0.000000000000000000, 1.000000000000000000 ) ) ;
#411 = CARTESIAN_POINT ( 'NONE',  ( -74.72095807859784600, 5.684265992064629458, -48.66071899713505644 ) ) ;
#412 = DIRECTION ( 'NONE',  ( 2.339503094980719746E-17, 0.04045895142446323534, -0.9991812014092504857 ) ) ;
#413 = VERTEX_POINT ( 'NONE', #789 ) ;
#414 = CARTESIAN_POINT ( 'NONE',  ( -74.17124310052024327, 18.00000000000000355, -45.94766565816455994 ) ) ;
#415 = CALENDAR_DATE ( 2026, 7, 9 ) ;
#416 = DIRECTION ( 'NONE',  ( 0.000000000000000000, 1.000000000000000000, 0.000000000000000000 ) ) ;
#417 = CARTESIAN_POINT ( 'NONE',  ( -72.67310748207881943, 6.000000000000000000, -46.16071899713505644 ) ) ;
#418 = EDGE_CURVE ( 'NONE', #341, #144, #914, .T. ) ;
#419 = ORIENTED_EDGE ( 'NONE', *, *, #748, .T. ) ;
#420 = CARTESIAN_POINT ( 'NONE',  ( -73.84964179475203139, 15.34631400881600705, -45.06378320982454255 ) ) ;
#421 = CARTESIAN_POINT ( 'NONE',  ( -75.84129983900086813, 4.529548552772116210, -43.66071899713506355 ) ) ;
#422 = CARTESIAN_POINT ( 'NONE',  ( -75.50271445369136813, 4.568702014509259612, -48.66071899713506355 ) ) ;
#423 = APPROVAL_PERSON_ORGANIZATION ( #758, #154, #217 ) ;
#424 = CARTESIAN_POINT ( 'NONE',  ( -72.67310748207881943, 0.000000000000000000, -47.16071899713505644 ) ) ;
#425 = ADVANCED_FACE ( 'NONE', ( #66 ), #602, .T. ) ;
#426 = PLANE ( 'NONE',  #1109 ) ;
#427 = ORIENTED_EDGE ( 'NONE', *, *, #7, .T. ) ;
#428 = CARTESIAN_POINT ( 'NONE',  ( -74.34341354778791811, 7.346352380814112237, -44.22145840929643157 ) ) ;
#429 = CARTESIAN_POINT ( 'NONE',  ( -75.34423274699639705, 4.581635957087949684, -43.66071899713506355 ) ) ;
#430 = CIRCLE ( 'NONE', #1074, 1.500000000000000222 ) ;
#431 = CARTESIAN_POINT ( 'NONE',  ( -72.67310748207881943, 4.509187927414170183, -45.32699809002312463 ) ) ;
#432 = CARTESIAN_POINT ( 'NONE',  ( -76.73231030333316482, 15.34632661716653779, -45.33709919798783261 ) ) ;
#433 = CARTESIAN_POINT ( 'NONE',  ( -74.17310748207881943, 4.502503294865063843, -47.16071899713505644 ) ) ;
#434 = EDGE_LOOP ( 'NONE', ( #1146, #1073, #468, #946, #255 ) ) ;
#435 = CARTESIAN_POINT ( 'NONE',  ( -75.14959934580751622, 7.346292792928974080, -44.05061120538828590 ) ) ;
#436 = CARTESIAN_POINT ( 'NONE',  ( -75.75752605082625735, 6.000000006701831978, -44.77687848873392085 ) ) ;
#437 = CARTESIAN_POINT ( 'NONE',  ( -72.67310748207881943, 4.558807599675828826, -45.74081917678839204 ) ) ;
#438 = CARTESIAN_POINT ( 'NONE',  ( -76.07320216244811206, 11.29669332607655718, -43.67227983010759118 ) ) ;
#439 = ORIENTED_EDGE ( 'NONE', *, *, #1019, .F. ) ;
#440 = CARTESIAN_POINT ( 'NONE',  ( -73.49630933548675671, 11.29671081241519737, -44.17375254763764758 ) ) ;
#441 = DIRECTION ( 'NONE',  ( 0.000000000000000000, 0.000000000000000000, 1.000000000000000000 ) ) ;
#442 = CARTESIAN_POINT ( 'NONE',  ( -75.14959934580751622, 7.346292792928974080, -44.05061120538828590 ) ) ;
#443 = CARTESIAN_POINT ( 'NONE',  ( -74.17310748207881943, 4.502454909888513157, -45.16071899713506355 ) ) ;
#444 = ORIENTED_EDGE ( 'NONE', *, *, #716, .T. ) ;
#445 = CARTESIAN_POINT ( 'NONE',  ( -76.64346522312423815, 7.346306599692084660, -47.59821299387707683 ) ) ;
#446 = LINE ( 'NONE', #344, #113 ) ;
#447 = CARTESIAN_POINT ( 'NONE',  ( -72.67310748207881943, 5.863005436457648933, -45.19432239782415195 ) ) ;
#448 = CIRCLE ( 'NONE', #242, 1.500000000000000222 ) ;
#449 = CARTESIAN_POINT ( 'NONE',  ( -74.34341354778791811, 7.346352380814112237, -44.22145840929643157 ) ) ;
#450 = AXIS2_PLACEMENT_3D ( 'NONE', #379, #739, #123 ) ;
#451 = FACE_OUTER_BOUND ( 'NONE', #1031, .T. ) ;
#452 = DIRECTION ( 'NONE',  ( 0.000000000000000000, 0.04090649905968947453, -0.9991629788651497091 ) ) ;
#453 = CARTESIAN_POINT ( 'NONE',  ( -74.17310748207881943, 4.502454909888514045, -43.66071899713506355 ) ) ;
#454 = CARTESIAN_POINT ( 'NONE',  ( -76.00607823008692776, 4.509345629240420372, -48.66071899713506355 ) ) ;
#455 = CARTESIAN_POINT ( 'NONE',  ( -75.14895365611340594, 5.999999999999999112, -47.70197264311558172 ) ) ;
#456 = DIRECTION ( 'NONE',  ( -0.001636604890407636782, -0.04039269480690740183, 0.9991825417463360282 ) ) ;
#457 = ADVANCED_FACE ( 'NONE', ( #161 ), #392, .T. ) ;
#458 = ORIENTED_EDGE ( 'NONE', *, *, #522, .T. ) ;
#459 = CARTESIAN_POINT ( 'NONE',  ( -74.83755024073617790, 4.586117266904108369, -43.66071899713507065 ) ) ;
#460 = CARTESIAN_POINT ( 'NONE',  ( -72.67310748207881943, 5.646275984031335682, -46.03824275159720258 ) ) ;
#461 = CARTESIAN_POINT ( 'NONE',  ( -76.17310748207881943, 0.000000000000000000, -48.66071899713506355 ) ) ;
#462 = EDGE_CURVE ( 'NONE', #463, #830, #448, .T. ) ;
#463 = VERTEX_POINT ( 'NONE', #635 ) ;
#464 = CARTESIAN_POINT ( 'NONE',  ( -76.17310748207881943, 0.000000000000000000, -43.66071899713506355 ) ) ;
#465 = CARTESIAN_POINT ( 'NONE',  ( -74.02397317573203850, 5.999999995689885068, -47.13421707782202930 ) ) ;
#466 = LINE ( 'NONE', #659, #243 ) ;
#467 = VECTOR ( 'NONE', #1029, 1000.000000000000000 ) ;
#468 = ORIENTED_EDGE ( 'NONE', *, *, #1034, .F. ) ;
#469 = CARTESIAN_POINT ( 'NONE',  ( -73.76182342539463832, 5.999999999999993783, -45.54911961319149327 ) ) ;
#470 = DIRECTION ( 'NONE',  ( 0.000000000000000000, 0.000000000000000000, -1.000000000000000000 ) ) ;
#471 = VERTEX_POINT ( 'NONE', #542 ) ;
#472 = DIRECTION ( 'NONE',  ( -1.000000000000000000, 0.000000000000000000, 0.000000000000000000 ) ) ;
#473 = CARTESIAN_POINT ( 'NONE',  ( -72.67310748207881943, 5.862079859367995915, -47.12727638037754474 ) ) ;
#474 = LINE ( 'NONE', #649, #1039 ) ;
#475 = ORIENTED_EDGE ( 'NONE', *, *, #632, .T. ) ;
#476 = CARTESIAN_POINT ( 'NONE',  ( -73.39075468694984750, 11.29673086782446667, -48.11402019564800270 ) ) ;
#477 = CARTESIAN_POINT ( 'NONE',  ( -72.67310748207881943, 4.582123369176816396, -46.32281723347236380 ) ) ;
#478 = CARTESIAN_POINT ( 'NONE',  ( -73.49630933548675671, 11.29671081241519737, -44.17375254763764758 ) ) ;
#479 = AXIS2_PLACEMENT_3D ( 'NONE', #387, #896, #204 ) ;
#480 = CARTESIAN_POINT ( 'NONE',  ( -73.63218665046456124, 6.000000000000010658, -46.13699228542393627 ) ) ;
#481 = VERTEX_POINT ( 'NONE', #378 ) ;
#482 = CIRCLE ( 'NONE', #727, 1.500000000000001332 ) ;
#483 = CARTESIAN_POINT ( 'NONE',  ( -72.53157096861347952, 11.29673997031311572, -46.28126402603444234 ) ) ;
#484 = CARTESIAN_POINT ( 'NONE',  ( -77.67310748207940208, 5.682499290723652230, -45.71814381361319590 ) ) ;
#485 = CARTESIAN_POINT ( 'NONE',  ( -76.71435930244406620, 6.000000000028158809, -46.18498903657582844 ) ) ;
#486 = EDGE_CURVE ( 'NONE', #341, #187, #28, .T. ) ;
#487 = EDGE_LOOP ( 'NONE', ( #16, #764, #328, #1130 ) ) ;
#488 = CARTESIAN_POINT ( 'NONE',  ( -75.73077430420366341, 17.99999999999999645, -47.02013837357903725 ) ) ;
#489 = PERSON_AND_ORGANIZATION ( #178, #1102 ) ;
#490 = LINE ( 'NONE', #750, #467 ) ;
#491 = CARTESIAN_POINT ( 'NONE',  ( -73.70298823858553305, 7.346314008816015040, -44.72349117632448667 ) ) ;
#492 = ORIENTED_EDGE ( 'NONE', *, *, #1099, .F. ) ;
#493 = CARTESIAN_POINT ( 'NONE',  ( -74.31363471679004817, 18.00000000000001776, -46.71816181359189102 ) ) ;
#494 = APPROVAL_STATUS ( 'not_yet_approved' ) ;
#495 = CARTESIAN_POINT ( 'NONE',  ( -76.23443666732612201, 5.999999999999996447, -47.22193540819355917 ) ) ;
#496 = CARTESIAN_POINT ( 'NONE',  ( -74.58817791471382463, 6.000000006942410202, -47.54473094571560665 ) ) ;
#497 = ADVANCED_BREP_SHAPE_REPRESENTATION ( 'Balustrade', ( #841, #1051 ), #740 ) ;
#498 = CARTESIAN_POINT ( 'NONE',  ( -73.51472566673038500, 7.346314290762163246, -44.91605748249735086 ) ) ;
#499 = ORIENTED_EDGE ( 'NONE', *, *, #851, .F. ) ;
#500 = CARTESIAN_POINT ( 'NONE',  ( -76.68212220802358559, 7.346298807416165921, -47.63605989196310730 ) ) ;
#501 = CALENDAR_DATE ( 2026, 7, 9 ) ;
#502 = CARTESIAN_POINT ( 'NONE',  ( -74.75327599548127466, 4.558703509343543736, -48.66071899713506355 ) ) ;
#503 = DIRECTION ( 'NONE',  ( 0.000000000000000000, -1.000000000000000000, 0.000000000000000000 ) ) ;
#504 = ORIENTED_EDGE ( 'NONE', *, *, #594, .T. ) ;
#505 = CARTESIAN_POINT ( 'NONE',  ( -73.70298823858553305, 7.346314008816015040, -44.72349117632448667 ) ) ;
#506 = EDGE_CURVE ( 'NONE', #1040, #290, #894, .T. ) ;
#507 = CARTESIAN_POINT ( 'NONE',  ( -77.67310748207881943, 4.502502964498657612, -45.16071899713506355 ) ) ;
#508 = CARTESIAN_POINT ( 'NONE',  ( -74.91369934752729876, 6.000000009756099040, -47.64301040257656439 ) ) ;
#509 = CARTESIAN_POINT ( 'NONE',  ( -73.84964179475203139, 15.34631400881600705, -45.06378320982454255 ) ) ;
#510 = ORIENTED_EDGE ( 'NONE', *, *, #342, .T. ) ;
#511 = DIRECTION ( 'NONE',  ( 0.000000000000000000, 1.000000000000000000, 0.000000000000000000 ) ) ;
#512 = CARTESIAN_POINT ( 'NONE',  ( -74.17310748207881943, 0.000000000000000000, -47.16071899713505644 ) ) ;
#513 = LOCAL_TIME ( 18, 35, 17.00000000000000000, #232 ) ;
#514 = CARTESIAN_POINT ( 'NONE',  ( -75.69319616782148330, 15.34632775882980837, -44.47573461154632923 ) ) ;
#515 = DIRECTION ( 'NONE',  ( 0.000000000000000000, 0.000000000000000000, -1.000000000000000000 ) ) ;
#516 = ORIENTED_EDGE ( 'NONE', *, *, #462, .F. ) ;
#517 = CARTESIAN_POINT ( 'NONE',  ( -75.38635718193228286, 18.00000000000001066, -45.15874070724803602 ) ) ;
#518 = CARTESIAN_POINT ( 'NONE',  ( -75.26113955844296299, 4.585900888726849978, -43.66071899713506355 ) ) ;
#519 = CIRCLE ( 'NONE', #479, 1.500000000000000000 ) ;
#520 = CARTESIAN_POINT ( 'NONE',  ( -76.03260329068919532, 18.00000000000000000, -45.60310374272641099 ) ) ;
#521 = LINE ( 'NONE', #986, #580 ) ;
#522 = EDGE_CURVE ( 'NONE', #463, #382, #519, .T. ) ;
#523 = ORIENTED_EDGE ( 'NONE', *, *, #5, .T. ) ;
#524 = CARTESIAN_POINT ( 'NONE',  ( -76.07684942544183571, 6.000000000000001776, -47.37492220280288535 ) ) ;
#525 = CARTESIAN_POINT ( 'NONE',  ( -73.70298823858553305, 7.346314008816015040, -44.72349117632448667 ) ) ;
#526 = CARTESIAN_POINT ( 'NONE',  ( -75.95795051604140724, 7.346327758829801269, -44.20366136278942548 ) ) ;
#527 = CARTESIAN_POINT ( 'NONE',  ( -77.67310748207881943, 4.586159067539162137, -46.49644443383266434 ) ) ;
#528 = VERTEX_POINT ( 'NONE', #99 ) ;
#529 = CARTESIAN_POINT ( 'NONE',  ( -74.11190020292312397, 5.999999999999997335, -47.22201571065520653 ) ) ;
#530 = CARTESIAN_POINT ( 'NONE',  ( -75.65688444884861497, 5.999999990476715617, -44.73713723971379608 ) ) ;
#531 = CARTESIAN_POINT ( 'NONE',  ( -75.58657439529775957, 4.559346778735470451, -48.66071899713506355 ) ) ;
#532 = CARTESIAN_POINT ( 'NONE',  ( -75.19692481025663255, 7.346306599455808772, -48.27098270682106573 ) ) ;
#533 = DIRECTION ( 'NONE',  ( 0.000000000000000000, 0.000000000000000000, -1.000000000000000000 ) ) ;
#534 = DIRECTION ( 'NONE',  ( 1.000000000000000000, 0.000000000000000000, 0.000000000000000000 ) ) ;
#535 = CARTESIAN_POINT ( 'NONE',  ( -72.67310748207881943, 0.000000000000000000, -48.66071899713506355 ) ) ;
#536 = AXIS2_PLACEMENT_3D ( 'NONE', #952, #776, #249 ) ;
#537 = CARTESIAN_POINT ( 'NONE',  ( -73.74454018371642405, 6.000000000000001776, -46.72650996988316052 ) ) ;
#538 = DIRECTION ( 'NONE',  ( 0.000000000000000000, 1.000000000000000000, 0.000000000000000000 ) ) ;
#539 = CIRCLE ( 'NONE', #244, 2.499999999999995115 ) ;
#540 = EDGE_CURVE ( 'NONE', #481, #787, #990, .T. ) ;
#541 = ORIENTED_EDGE ( 'NONE', *, *, #402, .T. ) ;
#542 = CARTESIAN_POINT ( 'NONE',  ( -76.17310748207881943, 4.502502964498657612, -43.66071899713506355 ) ) ;
#543 = CARTESIAN_POINT ( 'NONE',  ( -72.67310748207881943, 5.645965004115223174, -46.27165368261812262 ) ) ;
#544 = EDGE_CURVE ( 'NONE', #787, #471, #645, .T. ) ;
#545 = DIRECTION ( 'NONE',  ( 0.000000000000000000, 1.000000000000000000, 0.000000000000000000 ) ) ;
#546 = CARTESIAN_POINT ( 'NONE',  ( -75.17310748207881943, 24.00000000000000000, -46.16071899713505644 ) ) ;
#547 = DIRECTION ( 'NONE',  ( 0.000000000000000000, 1.000000000000000000, 0.000000000000000000 ) ) ;
#548 = VERTEX_POINT ( 'NONE', #464 ) ;
#549 = DIRECTION ( 'NONE',  ( -0.000000000000000000, -1.000000000000000000, -0.000000000000000000 ) ) ;
#550 = CARTESIAN_POINT ( 'NONE',  ( -72.67310748207881943, 5.654605779566589163, -45.92304086104100236 ) ) ;
#551 = CARTESIAN_POINT ( 'NONE',  ( -75.17310748207881943, 18.00000000000000355, -46.16071899713505644 ) ) ;
#552 = LOCAL_TIME ( 18, 35, 17.00000000000000000, #636 ) ;
#553 = ORIENTED_EDGE ( 'NONE', *, *, #1019, .T. ) ;
#554 =( BOUNDED_SURFACE ( )  B_SPLINE_SURFACE ( 3, 2, ( 
 ( #1091, #734, #828 ),
 ( #30, #680, #1044 ),
 ( #57, #1108, #45 ),
 ( #502, #940, #496 ),
 ( #1115, #411, #768 ),
 ( #1036, #573, #508 ),
 ( #331, #326, #860 ),
 ( #668, #1018, #227 ),
 ( #61, #760, #67 ),
 ( #422, #150, #598 ),
 ( #531, #171, #890 ),
 ( #92, #74, #795 ),
 ( #454, #87, #710 ),
 ( #625, #806, #2 ) ),
 .UNSPECIFIED., .F., .F., .T. ) 
 B_SPLINE_SURFACE_WITH_KNOTS ( ( 4, 2, 2, 2, 2, 2, 4 ),
 ( 3, 3 ),
 ( 0.002647233319619338079, 0.003142546201476610970, 0.003390202642405247633, 0.003637859083333884296, 0.003885515524262520958, 0.004133171965191157621, 0.004628484847048430946 ),
 ( 0.000000000000000000, 1.000000000000000000 ),
 .UNSPECIFIED. ) 
 GEOMETRIC_REPRESENTATION_ITEM ( )  RATIONAL_B_SPLINE_SURFACE ( (
 ( 1.000000000000000000, 0.7214098958567485287, 1.000000000000000000),
 ( 1.000000000000000000, 0.7416804720268719286, 1.000000000000000000),
 ( 1.000000000000000000, 0.7644201097417600010, 1.000000000000000000),
 ( 1.000000000000000000, 0.7925223857642952341, 1.000000000000000000),
 ( 1.000000000000000000, 0.8008404126498084308, 1.000000000000000000),
 ( 1.000000000000000000, 0.8128961417478578477, 1.000000000000000000),
 ( 1.000000000000000000, 0.8166017348229375195, 1.000000000000000000),
 ( 1.000000000000000000, 0.8167596033399451283, 1.000000000000000000),
 ( 1.000000000000000000, 0.8132609203158075450, 1.000000000000000000),
 ( 1.000000000000000000, 0.8014657001498700639, 1.000000000000000000),
 ( 1.000000000000000000, 0.7932029580981716510, 1.000000000000000000),
 ( 1.000000000000000000, 0.7649650588584366862, 1.000000000000000000),
 ( 1.000000000000000000, 0.7417575905178805939, 1.000000000000000000),
 ( 1.000000000000000000, 0.7213913434141269176, 1.000000000000000000) ) ) 
 REPRESENTATION_ITEM ( '' )  SURFACE ( )  );
#555 = CARTESIAN_POINT ( 'NONE',  ( -74.50766465091800228, 4.516010279275491257, -43.66071899713507065 ) ) ;
#556 = DIRECTION ( 'NONE',  ( 0.000000000000000000, -1.000000000000000000, 0.000000000000000000 ) ) ;
#557 = SPHERICAL_SURFACE ( 'NONE', #282, 1.500000000000000000 ) ;
#558 = AXIS2_PLACEMENT_3D ( 'NONE', #619, #251, #603 ) ;
#559 = ORIENTED_EDGE ( 'NONE', *, *, #544, .F. ) ;
#560 = CARTESIAN_POINT ( 'NONE',  ( -74.17310748207881943, 4.502454909888513157, -45.16071899713506355 ) ) ;
#561 = CARTESIAN_POINT ( 'NONE',  ( -72.67310748207881943, 5.653906516262347637, -46.38704358354742396 ) ) ;
#562 = CARTESIAN_POINT ( 'NONE',  ( -76.17310748207881943, 4.502504997653071328, -47.16071899713505644 ) ) ;
#563 = DIRECTION ( 'NONE',  ( 0.000000000000000000, 0.000000000000000000, 1.000000000000000000 ) ) ;
#564 = ORIENTED_EDGE ( 'NONE', *, *, #180, .T. ) ;
#565 = CARTESIAN_POINT ( 'NONE',  ( -77.11217325891583130, 7.346326617166553774, -45.33178112347399491 ) ) ;
#566 = DIRECTION ( 'NONE',  ( 0.000000000000000000, 0.000000000000000000, 1.000000000000000000 ) ) ;
#567 = DIRECTION ( 'NONE',  ( -0.001669992454995910657, 0.04077675816542383758, 0.9991668865203242600 ) ) ;
#568 = B_SPLINE_CURVE_WITH_KNOTS ( 'NONE', 3,
 ( #944, #844, #769, #778, #68, #143, #1030 ),
 .UNSPECIFIED., .F., .F.,
 ( 4, 1, 1, 1, 4 ),
 ( 0.002386594861444856983, 0.002954639302735063804, 0.003546188879730462987, 0.004137738456725862171, 0.004729288033721261789 ),
 .UNSPECIFIED. ) ;
#569 = APPROVAL ( #864, 'UNSPECIFIED' ) ;
#570 = ORIENTED_EDGE ( 'NONE', *, *, #41, .F. ) ;
#571 = LOCAL_TIME ( 18, 35, 17.00000000000000000, #1028 ) ;
#572 = CARTESIAN_POINT ( 'NONE',  ( -77.67310748207881943, 4.581690663050245860, -46.33184030660888908 ) ) ;
#573 = CARTESIAN_POINT ( 'NONE',  ( -74.93473734722890356, 5.654736944251345321, -48.66071899713505644 ) ) ;
#574 = EDGE_CURVE ( 'NONE', #548, #868, #982, .T. ) ;
#575 = CARTESIAN_POINT ( 'NONE',  ( -76.23443666732613622, 5.999999999999994671, -47.22193540819356627 ) ) ;
#576 = ADVANCED_FACE ( 'NONE', ( #999 ), #10, .F. ) ;
#577 = CARTESIAN_POINT ( 'NONE',  ( -74.17310748207881943, 4.502454909888513157, -45.16071899713506355 ) ) ;
#578 = AXIS2_PLACEMENT_3D ( 'NONE', #417, #588, #675 ) ;
#579 = ORIENTED_EDGE ( 'NONE', *, *, #1099, .T. ) ;
#580 = VECTOR ( 'NONE', #166, 1000.000000000000000 ) ;
#581 = CARTESIAN_POINT ( 'NONE',  ( -75.99672550434280538, 15.34632326687791171, -47.72003236574435192 ) ) ;
#582 = CARTESIAN_POINT ( 'NONE',  ( -77.67310748207883364, 5.784549572845637755, -45.33684860516869719 ) ) ;
#583 = EDGE_CURVE ( 'NONE', #809, #353, #1127, .T. ) ;
#584 = CARTESIAN_POINT ( 'NONE',  ( -72.67310748207881943, 4.502454909888513157, -45.16071899713506355 ) ) ;
#585 = B_SPLINE_CURVE_WITH_KNOTS ( 'NONE', 3,
 ( #529, #708, #690, #1142, #1057, #524, #607 ),
 .UNSPECIFIED., .F., .F.,
 ( 4, 1, 1, 1, 4 ),
 ( 0.007117676376996577917, 0.007685271625178127612, 0.008276937165986543790, 0.008868602706794959101, 0.009460268247603374411 ),
 .UNSPECIFIED. ) ;
#586 = CARTESIAN_POINT ( 'NONE',  ( -76.03260329068919532, 18.00000000000000000, -45.60310374272641099 ) ) ;
#587 = CARTESIAN_POINT ( 'NONE',  ( -76.17310748207881943, 4.502504997653069552, -48.66071899713506355 ) ) ;
#588 = DIRECTION ( 'NONE',  ( -1.000000000000000000, 0.000000000000000000, 0.000000000000000000 ) ) ;
#589 = EDGE_LOOP ( 'NONE', ( #139, #747, #994, #40 ) ) ;
#590 = CARTESIAN_POINT ( 'NONE',  ( -73.61375150834923886, 15.34632841830355510, -46.98418639784146933 ) ) ;
#591 = APPROVAL_PERSON_ORGANIZATION ( #296, #34, #279 ) ;
#592 = CARTESIAN_POINT ( 'NONE',  ( -74.34921862144003057, 18.00000000000000355, -45.59396760074038468 ) ) ;
#593 = EDGE_LOOP ( 'NONE', ( #516, #458, #120 ) ) ;
#594 = EDGE_CURVE ( 'NONE', #1026, #787, #595, .T. ) ;
#595 = CIRCLE ( 'NONE', #317, 1.500000000000001332 ) ;
#596 = DIRECTION ( 'NONE',  ( -0.000000000000000000, -1.000000000000000000, -0.000000000000000000 ) ) ;
#597 = CARTESIAN_POINT ( 'NONE',  ( -76.56050726083374514, 6.000000006892945770, -45.58358258602297752 ) ) ;
#598 = CARTESIAN_POINT ( 'NONE',  ( -75.64715702981129652, 5.999999991114652431, -47.58765645840270508 ) ) ;
#599 = DIRECTION ( 'NONE',  ( 0.000000000000000000, 0.000000000000000000, -1.000000000000000000 ) ) ;
#600 = ORIENTED_EDGE ( 'NONE', *, *, #829, .T. ) ;
#601 = CARTESIAN_POINT ( 'NONE',  ( -75.17310748207881943, 18.00000000000000355, -46.16071899713505644 ) ) ;
#602 = CYLINDRICAL_SURFACE ( 'NONE', #876, 1.500000000000001332 ) ;
#603 = DIRECTION ( 'NONE',  ( 0.000000000000000000, 0.000000000000000000, 1.000000000000000000 ) ) ;
#604 = CARTESIAN_POINT ( 'NONE',  ( -76.24585260921971042, 5.999999999999994671, -47.26770609432517034 ) ) ;
#605 = ORIENTED_EDGE ( 'NONE', *, *, #215, .F. ) ;
#606 = CC_DESIGN_PERSON_AND_ORGANIZATION_ASSIGNMENT ( #309, #141, ( #53 ) ) ;
#607 = CARTESIAN_POINT ( 'NONE',  ( -76.21758687837548507, 5.999999999999994671, -47.23853812278602504 ) ) ;
#608 = CARTESIAN_POINT ( 'NONE',  ( -75.41165767184183721, 5.654957060770536614, -43.66071899713507065 ) ) ;
#609 = CARTESIAN_POINT ( 'NONE',  ( -72.67310748207883364, 5.786818598721086282, -45.33296089563018683 ) ) ;
#610 = CC_DESIGN_APPROVAL ( #569, ( #53 ) ) ;
#611 = CARTESIAN_POINT ( 'NONE',  ( -76.17511601439980495, 18.00000000000000711, -46.37419698256233147 ) ) ;
#612 = ADVANCED_FACE ( 'NONE', ( #717 ), #254, .T. ) ;
#613 = DIRECTION ( 'NONE',  ( 0.000000000000000000, 0.9991838798920368303, 0.04039274890244024668 ) ) ;
#614 = CARTESIAN_POINT ( 'NONE',  ( -76.22324936433982145, 6.000000000001098677, -47.23305079213830027 ) ) ;
#615 = CARTESIAN_POINT ( 'NONE',  ( -77.67310748207881943, 4.502502964498654947, -45.16071899713506355 ) ) ;
#616 = CARTESIAN_POINT ( 'NONE',  ( -75.17310759407833132, 18.00000000000000355, -45.16070330202261118 ) ) ;
#617 = AXIS2_PLACEMENT_3D ( 'NONE', #1070, #452, #26 ) ;
#618 = AXIS2_PLACEMENT_3D ( 'NONE', #365, #718, #258 ) ;
#619 = CARTESIAN_POINT ( 'NONE',  ( -75.17310748207881943, 18.00000000000000355, -46.16071899713505644 ) ) ;
#620 = CARTESIAN_POINT ( 'NONE',  ( -74.56289893852799366, 6.000000000000009770, -47.57153849155633196 ) ) ;
#621 = DIRECTION ( 'NONE',  ( 0.000000000000000000, -1.000000000000000000, 0.000000000000000000 ) ) ;
#622 = ORIENTED_EDGE ( 'NONE', *, *, #125, .T. ) ;
#623 = CARTESIAN_POINT ( 'NONE',  ( -74.11798848300900033, 5.999999999999997335, -45.09451922048776140 ) ) ;
#624 = CARTESIAN_POINT ( 'NONE',  ( -74.83733568044024764, 4.586332580864532105, -48.66071899713507065 ) ) ;
#625 = CARTESIAN_POINT ( 'NONE',  ( -76.17310748207876259, 4.502504997653072216, -48.66071899713506355 ) ) ;
#626 = CARTESIAN_POINT ( 'NONE',  ( -73.41651783227047190, 15.34629032903550794, -46.32503898928570152 ) ) ;
#627 = CYLINDRICAL_SURFACE ( 'NONE', #129, 2.499999999999995115 ) ;
#628 = DIRECTION ( 'NONE',  ( -0.04092021468069897971, 0.9991624172428051898, 0.000000000000000000 ) ) ;
#629 = CARTESIAN_POINT ( 'NONE',  ( -73.26897057511105515, 11.29671046105973353, -44.42285532358516065 ) ) ;
#630 = EDGE_CURVE ( 'NONE', #463, #1015, #585, .T. ) ;
#631 = CARTESIAN_POINT ( 'NONE',  ( -75.33756314369335882, 15.34630659945578834, -47.91712618253752254 ) ) ;
#632 = EDGE_CURVE ( 'NONE', #353, #290, #1137, .T. ) ;
#633 = ADVANCED_FACE ( 'NONE', ( #696 ), #967, .T. ) ;
#634 = VERTEX_POINT ( 'NONE', #615 ) ;
#635 = CARTESIAN_POINT ( 'NONE',  ( -74.11190020292312397, 5.999999999999997335, -47.22201571065520653 ) ) ;
#636 = COORDINATED_UNIVERSAL_TIME_OFFSET ( 0, 0, .AHEAD. ) ;
#637 = VECTOR ( 'NONE', #888, 1000.000000000000000 ) ;
#638 = CARTESIAN_POINT ( 'NONE',  ( -74.12923828719034702, 6.000000000000000000, -45.08352955049027599 ) ) ;
#639 = AXIS2_PLACEMENT_3D ( 'NONE', #551, #545, #902 ) ;
#640 = AXIS2_PLACEMENT_3D ( 'NONE', #546, #83, #975 ) ;
#641 = DIRECTION ( 'NONE',  ( 0.000000000000000000, -1.000000000000000000, 0.000000000000000000 ) ) ;
#642 = ORIENTED_EDGE ( 'NONE', *, *, #402, .F. ) ;
#643 = CARTESIAN_POINT ( 'NONE',  ( -75.17310748207881943, 24.00000000000000000, -46.16071899713505644 ) ) ;
#644 = CARTESIAN_POINT ( 'NONE',  ( -72.67310748207881943, 4.585768394332622400, -46.49617849597522223 ) ) ;
#645 = B_SPLINE_CURVE_WITH_KNOTS ( 'NONE', 3,
 ( #453, #555, #459, #805, #285, #651 ),
 .UNSPECIFIED., .F., .F.,
 ( 4, 2, 4 ),
 ( 0.000000000000000000, 0.001003557799112732339, 0.002007115598225464679 ),
 .UNSPECIFIED. ) ;
#646 = DIRECTION ( 'NONE',  ( -0.9991624172428051898, -0.04092021468069895196, 0.000000000000000000 ) ) ;
#647 = EDGE_LOOP ( 'NONE', ( #199, #116, #235, #736 ) ) ;
#648 = DIRECTION ( 'NONE',  ( 0.000000000000000000, 1.000000000000000000, 0.000000000000000000 ) ) ;
#649 = CARTESIAN_POINT ( 'NONE',  ( -74.17310748207881943, 6.000000000000000000, -48.66071899713506355 ) ) ;
#650 = ORIENTED_EDGE ( 'NONE', *, *, #829, .F. ) ;
#651 = CARTESIAN_POINT ( 'NONE',  ( -76.17310748207881943, 4.502502964498657612, -43.66071899713506355 ) ) ;
#652 = CARTESIAN_POINT ( 'NONE',  ( -73.67269796646634461, 6.000000005756152888, -46.02678787868542543 ) ) ;
#653 = CARTESIAN_POINT ( 'NONE',  ( -74.42340620125467865, 18.00000000000000355, -45.48612080760346288 ) ) ;
#654 = AXIS2_PLACEMENT_3D ( 'NONE', #1151, #363, #613 ) ;
#655 = FACE_OUTER_BOUND ( 'NONE', #126, .T. ) ;
#656 = ORIENTED_EDGE ( 'NONE', *, *, #954, .T. ) ;
#657 = CARTESIAN_POINT ( 'NONE',  ( -74.32526703060959505, 5.999999984649690532, -44.90752827998157670 ) ) ;
#658 = CARTESIAN_POINT ( 'NONE',  ( -72.67310748207883364, 5.784452793937385984, -46.98425340819398599 ) ) ;
#659 = CARTESIAN_POINT ( 'NONE',  ( -77.67310748207881943, 6.000000000000000000, -45.16071899713506355 ) ) ;
#660 = ORIENTED_EDGE ( 'NONE', *, *, #949, .F. ) ;
#661 = CARTESIAN_POINT ( 'NONE',  ( -74.16244046265198619, 18.00000000000001066, -46.34729640374689552 ) ) ;
#662 = PERSON_AND_ORGANIZATION_ROLE ( 'creator' ) ;
#663 = CARTESIAN_POINT ( 'NONE',  ( -77.67310748207881943, 5.705795514659743439, -46.71260013821873258 ) ) ;
#664 = EDGE_CURVE ( 'NONE', #809, #875, #64, .T. ) ;
#665 = ORIENTED_EDGE ( 'NONE', *, *, #922, .F. ) ;
#666 = CARTESIAN_POINT ( 'NONE',  ( -76.95578861985738683, 11.29672606927617906, -44.20775740618221050 ) ) ;
#667 = CARTESIAN_POINT ( 'NONE',  ( -76.55692408725805365, 6.000000006664321539, -46.74527253124164616 ) ) ;
#668 = CARTESIAN_POINT ( 'NONE',  ( -75.25172960202593231, 4.586195434050059028, -48.66071899713506355 ) ) ;
#669 = DIRECTION ( 'NONE',  ( 0.000000000000000000, 0.9991812014092502636, 0.04045895142446483128 ) ) ;
#670 = AXIS2_PLACEMENT_3D ( 'NONE', #1085, #719, #1002 ) ;
#671 = ORIENTED_EDGE ( 'NONE', *, *, #374, .F. ) ;
#672 = CARTESIAN_POINT ( 'NONE',  ( -76.92950543405699193, 15.34630679156108890, -45.99613777341401999 ) ) ;
#673 = APPROVAL_ROLE ( '' ) ;
#674 = CARTESIAN_POINT ( 'NONE',  ( -77.67310748207883364, 5.941178228605711098, -47.21953082071165397 ) ) ;
#675 = DIRECTION ( 'NONE',  ( 0.000000000000000000, 0.000000000000000000, 1.000000000000000000 ) ) ;
#676 = EDGE_LOOP ( 'NONE', ( #284, #1136, #27, #221, #559 ) ) ;
#677 = CARTESIAN_POINT ( 'NONE',  ( -74.04756718481857547, 15.34629763335220609, -47.51925709370259199 ) ) ;
#678 = PERSON_AND_ORGANIZATION ( #178, #1102 ) ;
#679 = CARTESIAN_POINT ( 'NONE',  ( -77.67310748207881943, 4.586248403156125697, -46.08209626021271532 ) ) ;
#680 = CARTESIAN_POINT ( 'NONE',  ( -74.20658822494985429, 5.862256491185501517, -48.66071899713506355 ) ) ;
#681 = CARTESIAN_POINT ( 'NONE',  ( -76.23429469233758482, 5.999999999999996447, -45.09941031940142864 ) ) ;
#682 = ORIENTED_EDGE ( 'NONE', *, *, #1068, .F. ) ;
#683 = DATE_AND_TIME ( #415, #552 ) ;
#684 = CARTESIAN_POINT ( 'NONE',  ( -77.67310748207881943, 5.862239368924472949, -47.12722489215739330 ) ) ;
#685 = DIRECTION ( 'NONE',  ( 0.000000000000000000, 0.000000000000000000, -1.000000000000000000 ) ) ;
#686 = DIRECTION ( 'NONE',  ( 0.000000000000000000, 0.000000000000000000, -1.000000000000000000 ) ) ;
#687 = ORIENTED_EDGE ( 'NONE', *, *, #287, .T. ) ;
#688 = VECTOR ( 'NONE', #821, 1000.000000000000000 ) ;
#689 = VECTOR ( 'NONE', #132, 1000.000000000000000 ) ;
#690 = CARTESIAN_POINT ( 'NONE',  ( -74.57084628240990298, 6.000000000000016875, -47.57330727700467321 ) ) ;
#691 = CIRCLE ( 'NONE', #654, 1.500000000000000666 ) ;
#692 = CARTESIAN_POINT ( 'NONE',  ( -76.23429469233758482, 5.999999999999998224, -45.09941031940143574 ) ) ;
#693 = CARTESIAN_POINT ( 'NONE',  ( -76.95578861985738683, 11.29672606927617906, -44.20775740618221050 ) ) ;
#694 = DIRECTION ( 'NONE',  ( 1.000000000000000000, 0.000000000000000000, -0.000000000000000000 ) ) ;
#695 = ORIENTED_EDGE ( 'NONE', *, *, #418, .T. ) ;
#696 = FACE_OUTER_BOUND ( 'NONE', #9, .T. ) ;
#697 = EDGE_CURVE ( 'NONE', #822, #413, #916, .T. ) ;
#698 = DIRECTION ( 'NONE',  ( 0.000000000000000000, -1.000000000000000000, 0.000000000000000000 ) ) ;
#699 = CARTESIAN_POINT ( 'NONE',  ( -75.99672550434280538, 15.34632326687791171, -47.72003236574435192 ) ) ;
#700 = VERTEX_POINT ( 'NONE', #883 ) ;
#701 = CARTESIAN_POINT ( 'NONE',  ( -74.34921862144001636, 18.00000000000000355, -45.59396760074038468 ) ) ;
#702 = EDGE_CURVE ( 'NONE', #1015, #528, #861, .T. ) ;
#703 = CARTESIAN_POINT ( 'NONE',  ( -74.17310748207881943, 4.502503294865063843, -48.66071899713506355 ) ) ;
#704 = CARTESIAN_POINT ( 'NONE',  ( -72.67310748207881943, 4.502454909888514045, -45.16071899713506355 ) ) ;
#705 = CARTESIAN_POINT ( 'NONE',  ( -74.65288239285175109, 15.34633001340133873, -47.84558339218059331 ) ) ;
#706 = CARTESIAN_POINT ( 'NONE',  ( -77.67310748207881943, 4.502502964498654947, -45.16071899713506355 ) ) ;
#707 = ORIENTED_EDGE ( 'NONE', *, *, #697, .T. ) ;
#708 = CARTESIAN_POINT ( 'NONE',  ( -74.24500895425964586, 6.000000000000008882, -47.35493025098267594 ) ) ;
#709 = CARTESIAN_POINT ( 'NONE',  ( -73.84964179475203139, 15.34631400881600705, -45.06378320982454255 ) ) ;
#710 = CARTESIAN_POINT ( 'NONE',  ( -76.14663086766243794, 5.999999995659663021, -47.30990307176409715 ) ) ;
#711 = CARTESIAN_POINT ( 'NONE',  ( -74.98594836802848818, 17.99999999999998934, -45.15015953879375843 ) ) ;
#712 = DIRECTION ( 'NONE',  ( 0.000000000000000000, -1.000000000000000000, -0.000000000000000000 ) ) ;
#713 = CARTESIAN_POINT ( 'NONE',  ( -74.34921862144003057, 18.00000000000000355, -45.59396760074038468 ) ) ;
#714 = CARTESIAN_POINT ( 'NONE',  ( -76.18356281378021322, 17.99999999999997868, -45.97384198059546634 ) ) ;
#715 = DIRECTION ( 'NONE',  ( 0.000000000000000000, 1.000000000000000000, 0.000000000000000000 ) ) ;
#716 = EDGE_CURVE ( 'NONE', #1046, #700, #965, .T. ) ;
#717 = FACE_OUTER_BOUND ( 'NONE', #359, .T. ) ;
#718 = DIRECTION ( 'NONE',  ( -0.000000000000000000, -1.000000000000000000, -0.000000000000000000 ) ) ;
#719 = DIRECTION ( 'NONE',  ( -0.000000000000000000, -0.04089853863484758933, -0.9991633047392873834 ) ) ;
#720 = DIRECTION ( 'NONE',  ( 0.000000000000000000, 0.04090649905968509609, -0.9991629788651498201 ) ) ;
#721 = ORIENTED_EDGE ( 'NONE', *, *, #305, .F. ) ;
#722 = CARTESIAN_POINT ( 'NONE',  ( -73.98823452688763780, 6.000000000000000000, -45.22017170030142807 ) ) ;
#723 = CARTESIAN_POINT ( 'NONE',  ( -72.67310748207881943, 4.585972454045542435, -46.07259573924505958 ) ) ;
#724 = CIRCLE ( 'NONE', #17, 1.500000000000000222 ) ;
#725 = FACE_OUTER_BOUND ( 'NONE', #593, .T. ) ;
#726 = AXIS2_PLACEMENT_3D ( 'NONE', #13, #833, #385 ) ;
#727 = AXIS2_PLACEMENT_3D ( 'NONE', #931, #314, #686 ) ;
#728 = PLANE ( 'NONE',  #836 ) ;
#729 = ORIENTED_EDGE ( 'NONE', *, *, #583, .T. ) ;
#730 = DIRECTION ( 'NONE',  ( 0.000000000000000000, 1.000000000000000000, 0.000000000000000000 ) ) ;
#731 = CARTESIAN_POINT ( 'NONE',  ( -73.67203921537378619, 5.999999994243826684, -46.28248205286893580 ) ) ;
#732 = EDGE_CURVE ( 'NONE', #70, #1040, #781, .T. ) ;
#733 = DIRECTION ( 'NONE',  ( -0.000000000000000000, 1.000000000000000000, -0.000000000000000000 ) ) ;
#734 = CARTESIAN_POINT ( 'NONE',  ( -74.11430320872162270, 5.941208083167583531, -48.66071899713506355 ) ) ;
#735 = B_SPLINE_CURVE_WITH_KNOTS ( 'NONE', 3,
 ( #69, #152, #31, #480, #1092, #839, #220, #779 ),
 .UNSPECIFIED., .F., .F.,
 ( 4, 1, 1, 1, 1, 4 ),
 ( 0.004753018822504049591, 0.005320417405048531202, 0.005911488361172255630, 0.006502559317295980926, 0.007093630273419705354, 0.007117676376996577917 ),
 .UNSPECIFIED. ) ;
#736 = ORIENTED_EDGE ( 'NONE', *, *, #954, .F. ) ;
#737 = CARTESIAN_POINT ( 'NONE',  ( -74.20690311353607171, 5.862751315431187216, -43.66071899713506355 ) ) ;
#738 = CARTESIAN_POINT ( 'NONE',  ( -72.67310748207881943, 5.703820216754614592, -46.70467137183855044 ) ) ;
#739 = DIRECTION ( 'NONE',  ( 0.000000000000000000, 1.000000000000000000, 0.000000000000000000 ) ) ;
#740 =( GEOMETRIC_REPRESENTATION_CONTEXT ( 3 ) GLOBAL_UNCERTAINTY_ASSIGNED_CONTEXT ( ( #815 ) ) GLOBAL_UNIT_ASSIGNED_CONTEXT ( ( #1067, #373, #824 ) ) REPRESENTATION_CONTEXT ( 'NONE', 'WORKASPACE' ) );
#741 = ORIENTED_EDGE ( 'NONE', *, *, #370, .T. ) ;
#742 = DIRECTION ( 'NONE',  ( -0.000000000000000000, 1.000000000000000000, -0.000000000000000000 ) ) ;
#743 = CARTESIAN_POINT ( 'NONE',  ( -73.74611813351320677, 5.999999991326886217, -46.63443677279202859 ) ) ;
#744 = CARTESIAN_POINT ( 'NONE',  ( -72.67310748207881943, 0.000000000000000000, -45.16071899713506355 ) ) ;
#745 = AXIS2_PLACEMENT_3D ( 'NONE', #793, #149, #262 ) ;
#746 = AXIS2_PLACEMENT_3D ( 'NONE', #443, #456, #881 ) ;
#747 = ORIENTED_EDGE ( 'NONE', *, *, #215, .T. ) ;
#748 = EDGE_CURVE ( 'NONE', #187, #32, #869, .T. ) ;
#749 = CARTESIAN_POINT ( 'NONE',  ( -76.58326777548799669, 6.000000000000004441, -46.77104993965718194 ) ) ;
#750 = CARTESIAN_POINT ( 'NONE',  ( -77.67310748207881943, 0.000000000000000000, -48.66071899713506355 ) ) ;
#752 = EDGE_CURVE ( 'NONE', #634, #925, #184, .T. ) ;
#751 = B_SPLINE_CURVE_WITH_KNOTS ( 'NONE', 3,
 ( #587, #853, #794, #624, #1124, #703 ),
 .UNSPECIFIED., .F., .F.,
 ( 4, 2, 4 ),
 ( 0.000000000000000000, 0.001003635304327869879, 0.002007270608655739759 ),
 .UNSPECIFIED. ) ;
#753 = ORIENTED_EDGE ( 'NONE', *, *, #1071, .T. ) ;
#754 = CARTESIAN_POINT ( 'NONE',  ( -77.12618960730235074, 11.29672940473018095, -47.94318702337927363 ) ) ;
#755 = CARTESIAN_POINT ( 'NONE',  ( -74.17124310052024327, 18.00000000000000355, -45.94766565816455994 ) ) ;
#756 = ORIENTED_EDGE ( 'NONE', *, *, #110, .F. ) ;
#757 = CARTESIAN_POINT ( 'NONE',  ( -75.78349165437201407, 5.999999999999996447, -44.75062853443145627 ) ) ;
#758 = PERSON_AND_ORGANIZATION ( #178, #1102 ) ;
#759 = CARTESIAN_POINT ( 'NONE',  ( -76.65504350416352963, 6.000000009764904441, -46.42062588064161588 ) ) ;
#760 = CARTESIAN_POINT ( 'NONE',  ( -75.39977495658115458, 5.653876995474921507, -48.66071899713506355 ) ) ;
#761 = FACE_OUTER_BOUND ( 'NONE', #589, .T. ) ;
#762 = AXIS2_PLACEMENT_3D ( 'NONE', #158, #1104, #1008 ) ;
#763 = B_SPLINE_CURVE_WITH_KNOTS ( 'NONE', 3,
 ( #706, #183, #786, #527, #177, #191 ),
 .UNSPECIFIED., .F., .F.,
 ( 4, 2, 4 ),
 ( 0.000000000000000000, 0.001003588914856423393, 0.002007177829712846785 ),
 .UNSPECIFIED. ) ;
#764 = ORIENTED_EDGE ( 'NONE', *, *, #544, .T. ) ;
#765 = CARTESIAN_POINT ( 'NONE',  ( -76.85809665912800881, 15.34632110160994678, -46.68096002748291795 ) ) ;
#766 = APPROVAL_DATE_TIME ( #683, #34 ) ;
#767 = CARTESIAN_POINT ( 'NONE',  ( -77.67310748207883364, 5.654908864016504388, -46.39947827623650056 ) ) ;
#768 = CARTESIAN_POINT ( 'NONE',  ( -74.68898815546033632, 5.999999990243922277, -47.58464609219243613 ) ) ;
#769 = CARTESIAN_POINT ( 'NONE',  ( -75.77573411718647378, 6.000000000028149039, -44.74889589227742448 ) ) ;
#770 = ORIENTED_EDGE ( 'NONE', *, *, #664, .T. ) ;
#771 = CARTESIAN_POINT ( 'NONE',  ( -75.14895365611340594, 5.999999999999999112, -47.70197264311558172 ) ) ;
#772 = CALENDAR_DATE ( 2026, 7, 9 ) ;
#773 = CARTESIAN_POINT ( 'NONE',  ( -76.32212675325544637, 5.999999996175723105, -47.13408387125286936 ) ) ;
#774 = CARTESIAN_POINT ( 'NONE',  ( -74.17310748207881943, 4.502454909888514045, -45.16071899713506355 ) ) ;
#775 = ORIENTED_EDGE ( 'NONE', *, *, #287, .F. ) ;
#776 = DIRECTION ( 'NONE',  ( 0.000000000000000000, -0.04084509484916888644, -0.9991654909106710836 ) ) ;
#777 = CARTESIAN_POINT ( 'NONE',  ( -75.01093712575917039, 4.582306062450715700, -43.66071899713506355 ) ) ;
#778 = CARTESIAN_POINT ( 'NONE',  ( -75.19779397106687213, 6.000000000028149927, -44.61981324289520501 ) ) ;
#779 = CARTESIAN_POINT ( 'NONE',  ( -74.11190020292312397, 5.999999999999997335, -47.22201571065520653 ) ) ;
#780 = ORIENTED_EDGE ( 'NONE', *, *, #197, .F. ) ;
#781 = CIRCLE ( 'NONE', #390, 1.000000000000014655 ) ;
#782 = AXIS2_PLACEMENT_3D ( 'NONE', #347, #715, #1064 ) ;
#783 = ADVANCED_FACE ( 'NONE', ( #15 ), #728, .F. ) ;
#784 = CARTESIAN_POINT ( 'NONE',  ( -75.43273307656424720, 6.000000009523266620, -44.67889488110295559 ) ) ;
#785 = CARTESIAN_POINT ( 'NONE',  ( -74.06580421609073994, 5.999999999999995559, -47.23293719558775905 ) ) ;
#786 = CARTESIAN_POINT ( 'NONE',  ( -77.67310748207883364, 4.586073156788324390, -45.82519239717359483 ) ) ;
#787 = VERTEX_POINT ( 'NONE', #1153 ) ;
#788 = CARTESIAN_POINT ( 'NONE',  ( -74.60613938900694109, 6.000000000000008882, -44.73092052303827870 ) ) ;
#789 = CARTESIAN_POINT ( 'NONE',  ( -74.11243092584014391, 6.000000000000000000, -45.10008024215117217 ) ) ;
#790 = CARTESIAN_POINT ( 'NONE',  ( -75.38635718193228286, 18.00000000000001066, -45.15874070724803602 ) ) ;
#791 = DIRECTION ( 'NONE',  ( 0.000000000000000000, 0.000000000000000000, 1.000000000000000000 ) ) ;
#792 = CARTESIAN_POINT ( 'NONE',  ( -74.17310748207881943, 6.000000000000000000, -47.16071899713505644 ) ) ;
#793 = CARTESIAN_POINT ( 'NONE',  ( -74.17310748207881943, 4.502503294865063843, -47.16071899713505644 ) ) ;
#794 = CARTESIAN_POINT ( 'NONE',  ( -75.50858556021039192, 4.585882131209268131, -48.66071899713507065 ) ) ;
#795 = CARTESIAN_POINT ( 'NONE',  ( -76.01912101893900342, 5.999999986716545664, -47.41517045201381109 ) ) ;
#796 = CARTESIAN_POINT ( 'NONE',  ( -77.13019782377644162, 7.346321101609934345, -46.94552867288167874 ) ) ;
#797 = CARTESIAN_POINT ( 'NONE',  ( -75.17310748207881943, 24.00000000000000000, -46.16071899713505644 ) ) ;
#798 = ORIENTED_EDGE ( 'NONE', *, *, #522, .F. ) ;
#799 = CARTESIAN_POINT ( 'NONE',  ( -77.07706746072979342, 11.29671969415691990, -47.89839859392758115 ) ) ;
#800 = AXIS2_PLACEMENT_3D ( 'NONE', #364, #1083, #1075 ) ;
#801 = CIRCLE ( 'NONE', #357, 1.500000000000001332 ) ;
#802 = CARTESIAN_POINT ( 'NONE',  ( -75.99912849201312781, 5.786110279527250988, -43.66071899713505644 ) ) ;
#803 = CARTESIAN_POINT ( 'NONE',  ( -75.73884305788608629, 5.999999999999992895, -47.58935441975825853 ) ) ;
#804 = DIRECTION ( 'NONE',  ( 0.000000000000000000, 1.000000000000000000, 0.000000000000000000 ) ) ;
#805 = CARTESIAN_POINT ( 'NONE',  ( -75.50880171459155576, 4.586012062476387818, -43.66071899713505644 ) ) ;
#806 = CARTESIAN_POINT ( 'NONE',  ( -76.23203190614925973, 5.941282150909751536, -48.66071899713505644 ) ) ;
#807 = CARTESIAN_POINT ( 'NONE',  ( -73.23435711970670070, 7.346328418303535557, -46.98975030224818994 ) ) ;
#808 = FACE_OUTER_BOUND ( 'NONE', #915, .T. ) ;
#809 = VERTEX_POINT ( 'NONE', #98 ) ;
#810 = DIRECTION ( 'NONE',  ( 0.000000000000000000, 0.000000000000000000, -1.000000000000000000 ) ) ;
#811 = CARTESIAN_POINT ( 'NONE',  ( -73.78888107971555144, 6.000000007676631775, -45.57519657370569632 ) ) ;
#812 = CARTESIAN_POINT ( 'NONE',  ( -74.05052630894581966, 11.29666264266829501, -43.76498171388681868 ) ) ;
#813 = ADVANCED_FACE ( 'NONE', ( #289 ), #1020, .T. ) ;
#814 = ORIENTED_EDGE ( 'NONE', *, *, #212, .F. ) ;
#815 = UNCERTAINTY_MEASURE_WITH_UNIT (LENGTH_MEASURE( 1.000000000000000082E-05 ), #1067, 'distance_accuracy_value', 'NONE');
#816 = CARTESIAN_POINT ( 'NONE',  ( -73.51472566673038500, 7.346314290762163246, -44.91605748249735086 ) ) ;
#817 = AXIS2_PLACEMENT_3D ( 'NONE', #1, #648, #900 ) ;
#818 = CARTESIAN_POINT ( 'NONE',  ( -74.34921862144001636, 18.00000000000000355, -45.59396760074038468 ) ) ;
#819 = B_SPLINE_CURVE_WITH_KNOTS ( 'NONE', 3,
 ( #973, #525, #629, #709, #713 ),
 .UNSPECIFIED., .F., .F.,
 ( 4, 1, 4 ),
 ( 0.000000000000000000, 0.3344711889685332284, 1.000000000000000000 ),
 .UNSPECIFIED. ) ;
#820 = TOROIDAL_SURFACE ( 'NONE', #318, 0.9999999999999956701, 1.500000000000000000 ) ;
#821 = DIRECTION ( 'NONE',  ( -0.000000000000000000, 1.000000000000000000, 0.000000000000000000 ) ) ;
#822 = VERTEX_POINT ( 'NONE', #381 ) ;
#823 = CARTESIAN_POINT ( 'NONE',  ( -73.21554471486084026, 7.346354072490976606, -45.37520243761994010 ) ) ;
#824 =( NAMED_UNIT ( * ) SI_UNIT ( $, .STERADIAN. ) SOLID_ANGLE_UNIT ( ) );
#825 = FACE_OUTER_BOUND ( 'NONE', #213, .T. ) ;
#826 = ORIENTED_EDGE ( 'NONE', *, *, #256, .T. ) ;
#827 = DIRECTION ( 'NONE',  ( 0.000000000000000000, -1.000000000000000000, 0.000000000000000000 ) ) ;
#828 = CARTESIAN_POINT ( 'NONE',  ( -74.11190020292312397, 6.000000000000000888, -47.22201571065519232 ) ) ;
#829 = EDGE_CURVE ( 'NONE', #700, #32, #430, .T. ) ;
#830 = VERTEX_POINT ( 'NONE', #179 ) ;
#831 = CARTESIAN_POINT ( 'NONE',  ( -73.23435711970670070, 7.346328418303535557, -46.98975030224818994 ) ) ;
#832 = CARTESIAN_POINT ( 'NONE',  ( -72.67310748207881943, 4.559346590324958370, -46.57412415208177237 ) ) ;
#833 = DIRECTION ( 'NONE',  ( 0.9991671351632730458, -0.04077071154351592785, 0.001668858847520086073 ) ) ;
#834 = DIRECTION ( 'NONE',  ( 0.9991801814939175186, -0.04048413157994339845, 0.000000000000000000 ) ) ;
#835 = ADVANCED_FACE ( 'NONE', ( #277 ), #980, .T. ) ;
#836 = AXIS2_PLACEMENT_3D ( 'NONE', #907, #534, #997 ) ;
#837 = AXIS2_PLACEMENT_3D ( 'NONE', #950, #332, #228 ) ;
#838 = AXIS2_PLACEMENT_3D ( 'NONE', #76, #804, #1135 ) ;
#839 = CARTESIAN_POINT ( 'NONE',  ( -73.96307278782573746, 6.000000000000000000, -47.07099565540220709 ) ) ;
#840 = EDGE_LOOP ( 'NONE', ( #111, #1105, #1050, #695, #814, #579, #1004, #294 ) ) ;
#841 = MANIFOLD_SOLID_BREP ( 'Fillet8', #966 ) ;
#842 = CARTESIAN_POINT ( 'NONE',  ( -74.38834516917239625, 7.346330013401347614, -48.11808863113623858 ) ) ;
#843 = CARTESIAN_POINT ( 'NONE',  ( -77.67310748207881943, 4.509341252097983421, -45.32774709656457190 ) ) ;
#844 = CARTESIAN_POINT ( 'NONE',  ( -76.10105092400144144, 6.000000000028149927, -44.96643053951967062 ) ) ;
#845 = EDGE_LOOP ( 'NONE', ( #153, #439, #475, #564 ) ) ;
#846 = CARTESIAN_POINT ( 'NONE',  ( -74.27293269306994716, 11.29669051647611511, -48.64885757891021001 ) ) ;
#847 = CALENDAR_DATE ( 2026, 7, 9 ) ;
#848 = CARTESIAN_POINT ( 'NONE',  ( -77.67310748207881943, 5.646321167210818892, -46.28424081232225973 ) ) ;
#849 = CARTESIAN_POINT ( 'NONE',  ( -74.34921862144001636, 18.00000000000000355, -45.59396760074038468 ) ) ;
#850 = ORIENTED_EDGE ( 'NONE', *, *, #1068, .T. ) ;
#851 = EDGE_CURVE ( 'NONE', #413, #463, #735, .T. ) ;
#852 = CARTESIAN_POINT ( 'NONE',  ( -75.95795051604140724, 7.346327758829801269, -44.20366136278942548 ) ) ;
#853 = CARTESIAN_POINT ( 'NONE',  ( -75.83853680957284382, 4.516207178107952025, -48.66071899713505644 ) ) ;
#854 = PLANE ( 'NONE',  #578 ) ;
#855 = AXIS2_PLACEMENT_3D ( 'NONE', #792, #1141, #219 ) ;
#856 = AXIS2_PLACEMENT_3D ( 'NONE', #433, #621, #978 ) ;
#857 = ORIENTED_EDGE ( 'NONE', *, *, #1071, .F. ) ;
#858 = CARTESIAN_POINT ( 'NONE',  ( -75.35991109980707847, 17.99999999999996803, -47.17118790070328060 ) ) ;
#859 = SHAPE_DEFINITION_REPRESENTATION ( #1079, #497 ) ;
#860 = CARTESIAN_POINT ( 'NONE',  ( -75.03857225827209732, 6.000000006581870160, -47.66123416080275632 ) ) ;
#861 = B_SPLINE_CURVE_WITH_KNOTS ( 'NONE', 3,
 ( #90, #445, #799, #360, #1032 ),
 .UNSPECIFIED., .F., .F.,
 ( 4, 1, 4 ),
 ( 0.000000000000000000, 0.3344711889685332284, 1.000000000000000000 ),
 .UNSPECIFIED. ) ;
#862 = ORIENTED_EDGE ( 'NONE', *, *, #748, .F. ) ;
#863 = CARTESIAN_POINT ( 'NONE',  ( -73.26897057511105515, 11.29671046105973353, -44.42285532358516065 ) ) ;
#864 = APPROVAL_STATUS ( 'not_yet_approved' ) ;
#865 = CARTESIAN_POINT ( 'NONE',  ( -75.06315040523546145, 5.645784155834186357, -43.66071899713505644 ) ) ;
#866 = CARTESIAN_POINT ( 'NONE',  ( -73.48846377174035638, 15.34635407249097128, -45.64092115459472154 ) ) ;
#867 = ADVANCED_FACE ( 'NONE', ( #655 ), #426, .F. ) ;
#868 = VERTEX_POINT ( 'NONE', #246 ) ;
#869 = LINE ( 'NONE', #71, #688 ) ;
#870 = CARTESIAN_POINT ( 'NONE',  ( -76.23189202398080511, 5.941197045487577988, -43.66071899713506355 ) ) ;
#871 = CARTESIAN_POINT ( 'NONE',  ( -75.19779397106788110, 5.999999999999997335, -44.61981324290709239 ) ) ;
#872 = EDGE_CURVE ( 'NONE', #471, #925, #724, .T. ) ;
#873 = EDGE_CURVE ( 'NONE', #787, #413, #112, .T. ) ;
#874 = DIRECTION ( 'NONE',  ( -0.9991662881239713467, -0.04082558850237574810, -0.000000000000000000 ) ) ;
#875 = VERTEX_POINT ( 'NONE', #133 ) ;
#876 = AXIS2_PLACEMENT_3D ( 'NONE', #170, #698, #361 ) ;
#877 = CIRCLE ( 'NONE', #670, 1.499999999999999778 ) ;
#878 = CARTESIAN_POINT ( 'NONE',  ( -74.05052630894581966, 11.29666264266829501, -43.76498171388681868 ) ) ;
#879 = CARTESIAN_POINT ( 'NONE',  ( -74.69918711086553742, 5.999999992019424688, -44.73292013276344647 ) ) ;
#880 = CARTESIAN_POINT ( 'NONE',  ( -76.58326777548799669, 6.000000000000004441, -46.77104993965718194 ) ) ;
#881 = DIRECTION ( 'NONE',  ( 0.9991801814939175186, -0.04048413157994339845, 0.000000000000000000 ) ) ;
#882 = ORIENTED_EDGE ( 'NONE', *, *, #922, .T. ) ;
#883 = CARTESIAN_POINT ( 'NONE',  ( -76.23443666732613622, 5.999999999999994671, -47.22193540819356627 ) ) ;
#884 = CARTESIAN_POINT ( 'NONE',  ( -76.13961421306971999, 5.862289082178721245, -43.66071899713505644 ) ) ;
#885 = CARTESIAN_POINT ( 'NONE',  ( -77.12618960730235074, 11.29672940473018095, -47.94318702337927363 ) ) ;
#886 = SPHERICAL_SURFACE ( 'NONE', #746, 1.500000000000000000 ) ;
#887 = VERTEX_POINT ( 'NONE', #400 ) ;
#888 = DIRECTION ( 'NONE',  ( -0.000000000000000000, -1.000000000000000000, -0.000000000000000000 ) ) ;
#889 = LINE ( 'NONE', #1058, #1111 ) ;
#890 = CARTESIAN_POINT ( 'NONE',  ( -75.74981585086793245, 6.000000006641352357, -47.54796600086071834 ) ) ;
#891 = CARTESIAN_POINT ( 'NONE',  ( -73.61375150834923886, 15.34632841830355510, -46.98418639784146933 ) ) ;
#892 = CARTESIAN_POINT ( 'NONE',  ( -72.67310949421978705, 4.502454909888513157, -45.15826208466916114 ) ) ;
#893 = CARTESIAN_POINT ( 'NONE',  ( -76.17310748207876259, 4.502504997653073993, -47.16071899713505644 ) ) ;
#894 = CIRCLE ( 'NONE', #800, 1.500000000000001332 ) ;
#895 = CIRCLE ( 'NONE', #639, 1.000000000000014655 ) ;
#896 = DIRECTION ( 'NONE',  ( -0.9991671351632732678, 0.04077071154351593479, -0.001668858847520092578 ) ) ;
#897 = CARTESIAN_POINT ( 'NONE',  ( -75.29366740426070237, 11.29671969445132795, -48.80217697149621614 ) ) ;
#898 = CARTESIAN_POINT ( 'NONE',  ( -75.17310739493731830, 17.99999999999998934, -47.16073283361731683 ) ) ;
#899 = ORIENTED_EDGE ( 'NONE', *, *, #873, .F. ) ;
#900 = DIRECTION ( 'NONE',  ( 0.000000000000000000, -0.000000000000000000, 1.000000000000000000 ) ) ;
#901 = CARTESIAN_POINT ( 'NONE',  ( -72.67310748207881943, 4.509340568174805775, -46.99368311229259376 ) ) ;
#902 = DIRECTION ( 'NONE',  ( 0.000000000000000000, 0.000000000000000000, 1.000000000000000000 ) ) ;
#903 = EDGE_CURVE ( 'NONE', #148, #1026, #1110, .T. ) ;
#904 = ORIENTED_EDGE ( 'NONE', *, *, #486, .T. ) ;
#905 = DIRECTION ( 'NONE',  ( 0.000000000000000000, 0.000000000000000000, 1.000000000000000000 ) ) ;
#906 = DIRECTION ( 'NONE',  ( -1.000000000000000000, 0.000000000000000000, 0.000000000000000000 ) ) ;
#907 = CARTESIAN_POINT ( 'NONE',  ( -77.67310748207881943, 6.000000000000000000, -48.66071899713506355 ) ) ;
#908 = ORIENTED_EDGE ( 'NONE', *, *, #630, .T. ) ;
#909 = DIRECTION ( 'NONE',  ( -0.9991657414498077427, 0.04083896562177209699, 2.361477079956592115E-17 ) ) ;
#910 = CARTESIAN_POINT ( 'NONE',  ( -72.67310748207881943, 4.502503294865069172, -47.16071899713497118 ) ) ;
#911 = AXIS2_PLACEMENT_3D ( 'NONE', #293, #906, #1069 ) ;
#912 = CIRCLE ( 'NONE', #558, 1.000000000000014655 ) ;
#913 = CARTESIAN_POINT ( 'NONE',  ( -75.17310748207881943, 19.50000000000000355, -48.66071899713505644 ) ) ;
#914 = CIRCLE ( 'NONE', #301, 1.500000000000001332 ) ;
#915 = EDGE_LOOP ( 'NONE', ( #407, #770, #371, #173 ) ) ;
#916 = B_SPLINE_CURVE_WITH_KNOTS ( 'NONE', 3,
 ( #85, #270, #623, #947 ),
 .UNSPECIFIED., .F., .F.,
 ( 4, 4 ),
 ( 0.004729288033721261789, 0.004753018822504049591 ),
 .UNSPECIFIED. ) ;
#917 = CARTESIAN_POINT ( 'NONE',  ( -74.50798872204802592, 4.529944539079070687, -43.66071899713506355 ) ) ;
#918 = CARTESIAN_POINT ( 'NONE',  ( -72.67310748207881943, 4.586124507464068856, -46.23925419644764645 ) ) ;
#919 = CARTESIAN_POINT ( 'NONE',  ( -73.26897057511105515, 11.29671046105973353, -44.42285532358516065 ) ) ;
#920 =( BOUNDED_SURFACE ( )  B_SPLINE_SURFACE ( 3, 2, ( 
 ( #704, #961, #956 ),
 ( #431, #447, #1133 ),
 ( #345, #609, #162 ),
 ( #437, #264, #811 ),
 ( #292, #995, #189 ),
 ( #303, #550, #984 ),
 ( #723, #460, #652 ),
 ( #918, #543, #731 ),
 ( #477, #561, #115 ),
 ( #35, #1077, #743 ),
 ( #832, #738, #991 ),
 ( #118, #658, #394 ),
 ( #901, #473, #465 ),
 ( #910, #12, #286 ) ),
 .UNSPECIFIED., .F., .F., .F. ) 
 B_SPLINE_SURFACE_WITH_KNOTS ( ( 4, 2, 2, 2, 2, 2, 4 ),
 ( 3, 3 ),
 ( 0.002647900598470378196, 0.003143193961957342630, 0.003390840643700824848, 0.003638487325444307065, 0.003886134007187789282, 0.004133780688931271499, 0.004629074052418235934 ),
 ( 0.000000000000000000, 1.000000000000000000 ),
 .UNSPECIFIED. ) 
 GEOMETRIC_REPRESENTATION_ITEM ( )  RATIONAL_B_SPLINE_SURFACE ( (
 ( 1.000000000000000000, 0.7212666072585295352, 1.000000000000000000),
 ( 1.000000000000000000, 0.7414472279544107591, 1.000000000000000000),
 ( 1.000000000000000000, 0.7642190639290277199, 1.000000000000000000),
 ( 1.000000000000000000, 0.7925684617276821387, 1.000000000000000000),
 ( 1.000000000000000000, 0.8009453902857700536, 1.000000000000000000),
 ( 1.000000000000000000, 0.8129482866810139319, 1.000000000000000000),
 ( 1.000000000000000000, 0.8165801710105355937, 1.000000000000000000),
 ( 1.000000000000000000, 0.8167146140415517674, 1.000000000000000000),
 ( 1.000000000000000000, 0.8132457951664404661, 1.000000000000000000),
 ( 1.000000000000000000, 0.8014763952524546209, 1.000000000000000000),
 ( 1.000000000000000000, 0.7932143411903508357, 1.000000000000000000),
 ( 1.000000000000000000, 0.7649624937859177409, 1.000000000000000000),
 ( 1.000000000000000000, 0.7417438729751690829, 1.000000000000000000),
 ( 1.000000000000000000, 0.7213892336216655155, 1.000000000000000000) ) ) 
 REPRESENTATION_ITEM ( '' )  SURFACE ( )  );
#921 = ORIENTED_EDGE ( 'NONE', *, *, #370, .F. ) ;
#922 = EDGE_CURVE ( 'NONE', #382, #887, #482, .T. ) ;
#923 = CARTESIAN_POINT ( 'NONE',  ( -76.73231030333316482, 15.34632661716653779, -45.33709919798783261 ) ) ;
#924 = FACE_OUTER_BOUND ( 'NONE', #1082, .T. ) ;
#925 = VERTEX_POINT ( 'NONE', #1038 ) ;
#926 = CARTESIAN_POINT ( 'NONE',  ( -74.65288239285175109, 15.34633001340133873, -47.84558339218059331 ) ) ;
#927 = CARTESIAN_POINT ( 'NONE',  ( -77.67310748207883364, 5.786097272255100066, -46.98668107105744696 ) ) ;
#928 = VECTOR ( 'NONE', #472, 1000.000000000000000 ) ;
#929 = CARTESIAN_POINT ( 'NONE',  ( -76.58502590482891037, 6.000000000028156144, -46.76319000479998778 ) ) ;
#930 = CIRCLE ( 'NONE', #1076, 1.500000000000001332 ) ;
#931 = CARTESIAN_POINT ( 'NONE',  ( -74.17310748207881943, 4.502503294865063843, -47.16071899713505644 ) ) ;
#932 = ORIENTED_EDGE ( 'NONE', *, *, #305, .T. ) ;
#933 = CARTESIAN_POINT ( 'NONE',  ( -73.69760371250067976, 7.346297633352210532, -47.66951040274898332 ) ) ;
#934 = CALENDAR_DATE ( 2026, 7, 9 ) ;
#935 = CARTESIAN_POINT ( 'NONE',  ( -76.42739861818392910, 5.999999986213362391, -45.31428452022277042 ) ) ;
#936 = LINE ( 'NONE', #62, #689 ) ;
#937 = EDGE_CURVE ( 'NONE', #548, #481, #521, .T. ) ;
#938 = EDGE_LOOP ( 'NONE', ( #315, #921, #650, #386, #48 ) ) ;
#939 = CARTESIAN_POINT ( 'NONE',  ( -73.63218665046456124, 6.000000000000007994, -46.13699228542393627 ) ) ;
#940 = CARTESIAN_POINT ( 'NONE',  ( -74.62093736580469283, 5.705692427126948907, -48.66071899713504934 ) ) ;
#941 = CARTESIAN_POINT ( 'NONE',  ( -73.04163181473536781, 11.29671010970426970, -44.67195809953268082 ) ) ;
#942 = ORIENTED_EDGE ( 'NONE', *, *, #702, .F. ) ;
#943 = CARTESIAN_POINT ( 'NONE',  ( -75.19692481025663255, 7.346306599455808772, -48.27098270682106573 ) ) ;
#944 = CARTESIAN_POINT ( 'NONE',  ( -76.23429469233758482, 5.999999999999996447, -45.09941031940142864 ) ) ;
#945 = CIRCLE ( 'NONE', #450, 2.499999999999995115 ) ;
#946 = ORIENTED_EDGE ( 'NONE', *, *, #256, .F. ) ;
#947 = CARTESIAN_POINT ( 'NONE',  ( -74.11243092584014391, 6.000000000000000000, -45.10008024215117217 ) ) ;
#948 = CARTESIAN_POINT ( 'NONE',  ( -77.67310748207883364, 5.862047058055387616, -45.19416293154994690 ) ) ;
#949 = EDGE_CURVE ( 'NONE', #1046, #32, #1129, .T. ) ;
#950 = CARTESIAN_POINT ( 'NONE',  ( -77.67310748207881943, 6.000000000000000000, -43.66071899713506355 ) ) ;
#951 = CYLINDRICAL_SURFACE ( 'NONE', #855, 1.500000000000001332 ) ;
#952 = CARTESIAN_POINT ( 'NONE',  ( -76.17310748207881943, 4.502504997653070440, -47.16071899713508486 ) ) ;
#953 = EDGE_CURVE ( 'NONE', #830, #382, #1001, .T. ) ;
#954 = EDGE_CURVE ( 'NONE', #634, #1046, #763, .T. ) ;
#955 = DIRECTION ( 'NONE',  ( 0.000000000000000000, -1.000000000000000000, 0.000000000000000000 ) ) ;
#956 = CARTESIAN_POINT ( 'NONE',  ( -74.11243092584012970, 5.999999999999999112, -45.10008024215116507 ) ) ;
#957 = CARTESIAN_POINT ( 'NONE',  ( -74.27293269306994716, 11.29669051647611511, -48.64885757891021001 ) ) ;
#958 = CARTESIAN_POINT ( 'NONE',  ( -76.17310748207881943, 4.502502964498658500, -45.16071899713506355 ) ) ;
#959 = EDGE_LOOP ( 'NONE', ( #203, #1098, #504, #322, #492 ) ) ;
#960 = CARTESIAN_POINT ( 'NONE',  ( -76.17310748207881943, 4.502502964498657612, -43.66071899713506355 ) ) ;
#961 = CARTESIAN_POINT ( 'NONE',  ( -72.67310748207881943, 5.941777892083472068, -45.10243777793416342 ) ) ;
#962 = CARTESIAN_POINT ( 'NONE',  ( -76.71435930243220014, 6.000000000000009770, -46.18498903657685162 ) ) ;
#963 = FACE_OUTER_BOUND ( 'NONE', #971, .T. ) ;
#964 = CARTESIAN_POINT ( 'NONE',  ( -76.22886609355883536, 6.000000000001098677, -47.22751624419229444 ) ) ;
#965 = CIRCLE ( 'NONE', #536, 1.500000000000000222 ) ;
#966 = CLOSED_SHELL ( 'NONE', ( #813, #992, #214, #1072, #612, #78, #867, #783, #131, #576, #157, #164, #835, #6, #425, #987, #1152, #457, #633, #1041, #1106, #340, #320, #100, #1054, #335 ) ) ;
#967 = SPHERICAL_SURFACE ( 'NONE', #745, 1.500000000000000000 ) ;
#968 = DIRECTION ( 'NONE',  ( 0.000000000000000000, -1.000000000000000000, -0.000000000000000000 ) ) ;
#969 = CARTESIAN_POINT ( 'NONE',  ( -76.29613158585986810, 11.29669892385430963, -48.55679820603946695 ) ) ;
#970 = FACE_OUTER_BOUND ( 'NONE', #396, .T. ) ;
#971 = EDGE_LOOP ( 'NONE', ( #756, #850, #1086 ) ) ;
#972 = CARTESIAN_POINT ( 'NONE',  ( -74.34994053177265982, 15.34635238081410513, -44.60167830210977513 ) ) ;
#973 = CARTESIAN_POINT ( 'NONE',  ( -74.12923828719036123, 6.000000000000000000, -45.08352955049026178 ) ) ;
#974 = CARTESIAN_POINT ( 'NONE',  ( -77.56891889110366378, 11.29669474879371194, -45.03764050043756839 ) ) ;
#975 = DIRECTION ( 'NONE',  ( 0.000000000000000000, 0.000000000000000000, 1.000000000000000000 ) ) ;
#976 = CARTESIAN_POINT ( 'NONE',  ( -75.62501033104724968, 5.684438475151702086, -43.66071899713507065 ) ) ;
#977 = CARTESIAN_POINT ( 'NONE',  ( -76.53152420623881369, 15.34629880741618457, -47.28643184396256771 ) ) ;
#978 = DIRECTION ( 'NONE',  ( 0.000000000000000000, 0.000000000000000000, -1.000000000000000000 ) ) ;
#979 = CC_DESIGN_PERSON_AND_ORGANIZATION_ASSIGNMENT ( #409, #662, ( #1097 ) ) ;
#980 = CYLINDRICAL_SURFACE ( 'NONE', #224, 1.500000000000001332 ) ;
#981 = ORIENTED_EDGE ( 'NONE', *, *, #574, .F. ) ;
#982 = CIRCLE ( 'NONE', #299, 1.500000000000001332 ) ;
#983 = CARTESIAN_POINT ( 'NONE',  ( -76.17310748207881943, 0.000000000000000000, -45.16071899713506355 ) ) ;
#984 = CARTESIAN_POINT ( 'NONE',  ( -73.69056078501617435, 6.000000008900412851, -45.90223767182699532 ) ) ;
#985 = CARTESIAN_POINT ( 'NONE',  ( -72.67310748207881943, 0.000000000000000000, -46.16071899713505644 ) ) ;
#986 = CARTESIAN_POINT ( 'NONE',  ( -77.67310748207881943, 0.000000000000000000, -43.66071899713506355 ) ) ;
#987 = ADVANCED_FACE ( 'NONE', ( #970 ), #886, .T. ) ;
#988 = DIRECTION ( 'NONE',  ( 0.000000000000000000, 0.000000000000000000, -1.000000000000000000 ) ) ;
#989 = ORIENTED_EDGE ( 'NONE', *, *, #506, .F. ) ;
#990 = LINE ( 'NONE', #295, #36 ) ;
#991 = CARTESIAN_POINT ( 'NONE',  ( -73.78580656599098120, 6.000000006691895926, -46.73724446911064945 ) ) ;
#992 = ADVANCED_FACE ( 'NONE', ( #808 ), #627, .T. ) ;
#993 = CARTESIAN_POINT ( 'NONE',  ( -72.67310748207881943, 4.586328921775219669, -45.82493190466222899 ) ) ;
#994 = ORIENTED_EDGE ( 'NONE', *, *, #95, .T. ) ;
#995 = CARTESIAN_POINT ( 'NONE',  ( -72.67310748207881943, 5.683997837568804279, -45.70884730263531281 ) ) ;
#996 = CARTESIAN_POINT ( 'NONE',  ( -73.99330122212921879, 15.34631372686986772, -44.89045981884299863 ) ) ;
#997 = DIRECTION ( 'NONE',  ( 0.000000000000000000, 0.000000000000000000, -1.000000000000000000 ) ) ;
#998 = ORIENTED_EDGE ( 'NONE', *, *, #953, .T. ) ;
#999 = FACE_OUTER_BOUND ( 'NONE', #840, .T. ) ;
#1000 = CIRCLE ( 'NONE', #300, 1.500000000000000222 ) ;
#1001 = CIRCLE ( 'NONE', #856, 1.500000000000001332 ) ;
#1002 = DIRECTION ( 'NONE',  ( 0.000000000000000000, -0.9991633047392873834, 0.04089853863484724239 ) ) ;
#1003 = DIRECTION ( 'NONE',  ( 0.000000000000000000, -1.000000000000000000, 0.000000000000000000 ) ) ;
#1004 = ORIENTED_EDGE ( 'NONE', *, *, #937, .F. ) ;
#1005 = CARTESIAN_POINT ( 'NONE',  ( -74.11478851872658424, 5.941812754869363111, -43.66071899713506355 ) ) ;
#1006 = APPLICATION_PROTOCOL_DEFINITION ( 'international standard', 'config_control_design', 1994, #229 ) ;
#1007 = CARTESIAN_POINT ( 'NONE',  ( -75.17310748207881943, 19.50000000000000355, -46.16071899713505644 ) ) ;
#1008 = DIRECTION ( 'NONE',  ( -0.04048413157994868589, -0.9991801814939171855, 0.000000000000000000 ) ) ;
#1009 = ORIENTED_EDGE ( 'NONE', *, *, #752, .F. ) ;
#1010 = CARTESIAN_POINT ( 'NONE',  ( -73.74454018371642405, 6.000000000000001776, -46.72650996988316052 ) ) ;
#1011 = SECURITY_CLASSIFICATION_LEVEL ( 'unclassified' ) ;
#1012 = CARTESIAN_POINT ( 'NONE',  ( -77.67310748207881943, 4.509302518623052869, -46.99443659463418754 ) ) ;
#1013 = CARTESIAN_POINT ( 'NONE',  ( -73.63218665046456124, 6.000000000000007994, -46.13699228542393627 ) ) ;
#1014 = CC_DESIGN_PERSON_AND_ORGANIZATION_ASSIGNMENT ( #678, #60, ( #238 ) ) ;
#1015 = VERTEX_POINT ( 'NONE', #1060 ) ;
#1016 = CARTESIAN_POINT ( 'NONE',  ( -76.29897647352918000, 15.34630148396035487, -44.80247284754629078 ) ) ;
#1017 = CARTESIAN_POINT ( 'NONE',  ( -77.67310748207881943, 4.567966342055383322, -46.49773543225880701 ) ) ;
#1018 = CARTESIAN_POINT ( 'NONE',  ( -75.28431451708502209, 5.645866008701226235, -48.66071899713507065 ) ) ;
#1019 = EDGE_CURVE ( 'NONE', #353, #809, #267, .T. ) ;
#1020 = TOROIDAL_SURFACE ( 'NONE', #337, 0.9999999999999956701, 1.500000000000000000 ) ;
#1021 = DIRECTION ( 'NONE',  ( -0.000000000000000000, -1.000000000000000000, -0.000000000000000000 ) ) ;
#1022 = ORIENTED_EDGE ( 'NONE', *, *, #702, .T. ) ;
#1023 = CARTESIAN_POINT ( 'NONE',  ( -77.81456208962477206, 11.29671945505373287, -46.03999241071362292 ) ) ;
#1024 = CARTESIAN_POINT ( 'NONE',  ( -76.32229365046775627, 5.999999995708060752, -45.18723482525511059 ) ) ;
#1025 = CYLINDRICAL_SURFACE ( 'NONE', #1147, 2.499999999999995115 ) ;
#1026 = VERTEX_POINT ( 'NONE', #892 ) ;
#1027 = CARTESIAN_POINT ( 'NONE',  ( -77.28336979746596569, 7.346306791561098670, -46.13690244805957263 ) ) ;
#1028 = COORDINATED_UNIVERSAL_TIME_OFFSET ( 0, 0, .AHEAD. ) ;
#1029 = DIRECTION ( 'NONE',  ( 0.000000000000000000, 0.000000000000000000, 1.000000000000000000 ) ) ;
#1030 = CARTESIAN_POINT ( 'NONE',  ( -74.12923828719036123, 6.000000000000000000, -45.08352955049026178 ) ) ;
#1031 = EDGE_LOOP ( 'NONE', ( #570, #192, #1009 ) ) ;
#1032 = CARTESIAN_POINT ( 'NONE',  ( -75.99730756675643306, 18.00000000000001066, -46.72768448388512041 ) ) ;
#1033 = DATE_AND_TIME ( #847, #513 ) ;
#1034 = EDGE_CURVE ( 'NONE', #875, #290, #539, .T. ) ;
#1035 = CARTESIAN_POINT ( 'NONE',  ( -77.67310748207881943, 4.529546278889609034, -46.82890871824887569 ) ) ;
#1036 = CARTESIAN_POINT ( 'NONE',  ( -75.00197804966779813, 4.581773923258847248, -48.66071899713506355 ) ) ;
#1037 = CARTESIAN_POINT ( 'NONE',  ( -73.21554471486084026, 7.346354072490976606, -45.37520243761994010 ) ) ;
#1038 = CARTESIAN_POINT ( 'NONE',  ( -76.23429469233758482, 5.999999999999996447, -45.09941031940142864 ) ) ;
#1039 = VECTOR ( 'NONE', #556, 1000.000000000000000 ) ;
#1040 = VERTEX_POINT ( 'NONE', #898 ) ;
#1041 = ADVANCED_FACE ( 'NONE', ( #451 ), #1055, .T. ) ;
#1042 = CARTESIAN_POINT ( 'NONE',  ( -75.17310748207881943, 24.00000000000000000, -48.66071899713505644 ) ) ;
#1043 = CARTESIAN_POINT ( 'NONE',  ( -74.94763543689802532, 5.653530584865500863, -43.66071899713506355 ) ) ;
#1044 = CARTESIAN_POINT ( 'NONE',  ( -74.19974276255395296, 5.999999996209007591, -47.30973019708208227 ) ) ;
#1045 = CARTESIAN_POINT ( 'NONE',  ( -75.75571042133660171, 18.00000000000002487, -45.31404805594674201 ) ) ;
#1046 = VERTEX_POINT ( 'NONE', #358 ) ;
#1047 = CARTESIAN_POINT ( 'NONE',  ( -74.98594836802848818, 17.99999999999998934, -45.15015953879375843 ) ) ;
#1048 = CARTESIAN_POINT ( 'NONE',  ( -76.14647018774329013, 5.999999996180998885, -45.01175972333457054 ) ) ;
#1049 = CARTESIAN_POINT ( 'NONE',  ( -76.01995560654270889, 18.00000000000002487, -46.74326402232438227 ) ) ;
#1050 = ORIENTED_EDGE ( 'NONE', *, *, #486, .F. ) ;
#1051 = AXIS2_PLACEMENT_3D ( 'NONE', #210, #566, #384 ) ;
#1052 = DIRECTION ( 'NONE',  ( -0.000000000000000000, 1.000000000000000000, -0.000000000000000000 ) ) ;
#1053 = CARTESIAN_POINT ( 'NONE',  ( -76.85809665912800881, 15.34632110160994678, -46.68096002748291795 ) ) ;
#1054 = ADVANCED_FACE ( 'NONE', ( #266 ), #274, .T. ) ;
#1055 = SPHERICAL_SURFACE ( 'NONE', #37, 1.500000000000000000 ) ;
#1056 = EDGE_LOOP ( 'NONE', ( #553, #729 ) ) ;
#1057 = CARTESIAN_POINT ( 'NONE',  ( -75.73884305788608629, 6.000000000000000888, -47.58935441975827985 ) ) ;
#1058 = CARTESIAN_POINT ( 'NONE',  ( -72.67310748207881943, 6.000000000000000000, -47.16071899713505644 ) ) ;
#1059 = CARTESIAN_POINT ( 'NONE',  ( -74.60613938900694109, 6.000000000000008882, -44.73092052303827870 ) ) ;
#1060 = CARTESIAN_POINT ( 'NONE',  ( -76.21758687837548507, 5.999999999999994671, -47.23853812278602504 ) ) ;
#1061 = CARTESIAN_POINT ( 'NONE',  ( -75.51012845442750177, 4.567943956970431429, -43.66071899713506355 ) ) ;
#1062 = CC_DESIGN_PERSON_AND_ORGANIZATION_ASSIGNMENT ( #65, #50, ( #53 ) ) ;
#1063 = CARTESIAN_POINT ( 'NONE',  ( -74.04756718481857547, 15.34629763335220609, -47.51925709370259199 ) ) ;
#1064 = DIRECTION ( 'NONE',  ( 0.000000000000000000, 0.000000000000000000, 1.000000000000000000 ) ) ;
#1065 = DIRECTION ( 'NONE',  ( 0.000000000000000000, 0.000000000000000000, 1.000000000000000000 ) ) ;
#1066 = CARTESIAN_POINT ( 'NONE',  ( -73.70298823858553305, 7.346314008816015040, -44.72349117632448667 ) ) ;
#1067 =( LENGTH_UNIT ( ) NAMED_UNIT ( * ) SI_UNIT ( .MILLI., .METRE. ) );
#1068 = EDGE_CURVE ( 'NONE', #413, #1026, #691, .T. ) ;
#1069 = DIRECTION ( 'NONE',  ( 0.000000000000000000, 0.000000000000000000, 1.000000000000000000 ) ) ;
#1070 = CARTESIAN_POINT ( 'NONE',  ( -76.17310748207881943, 4.502502964498657612, -45.16071899713506355 ) ) ;
#1071 = EDGE_CURVE ( 'NONE', #1040, #528, #185, .T. ) ;
#1072 = ADVANCED_FACE ( 'NONE', ( #963 ), #557, .T. ) ;
#1073 = ORIENTED_EDGE ( 'NONE', *, *, #506, .T. ) ;
#1074 = AXIS2_PLACEMENT_3D ( 'NONE', #893, #646, #628 ) ;
#1075 = DIRECTION ( 'NONE',  ( 0.000000000000000000, 0.000000000000000000, -1.000000000000000000 ) ) ;
#1076 = AXIS2_PLACEMENT_3D ( 'NONE', #196, #298, #563 ) ;
#1077 = CARTESIAN_POINT ( 'NONE',  ( -72.67310748207881943, 5.682639093377932937, -46.60292264046141497 ) ) ;
#1078 = CYLINDRICAL_SURFACE ( 'NONE', #1128, 1.500000000000001332 ) ;
#1079 = PRODUCT_DEFINITION_SHAPE ( 'NONE', 'NONE',  #1097 ) ;
#1080 = CARTESIAN_POINT ( 'NONE',  ( -73.70598236737487241, 15.34631429076214637, -45.23710660080607937 ) ) ;
#1081 = CARTESIAN_POINT ( 'NONE',  ( -73.84964179475203139, 15.34631400881600705, -45.06378320982454255 ) ) ;
#1082 = EDGE_LOOP ( 'NONE', ( #642, #59, #862, #310 ) ) ;
#1083 = DIRECTION ( 'NONE',  ( 1.000000000000000000, -0.000000000000000000, 1.224646799147353207E-16 ) ) ;
#1084 = PERSON_AND_ORGANIZATION_ROLE ( 'design_owner' ) ;
#1085 = CARTESIAN_POINT ( 'NONE',  ( -74.17310748207881943, 4.502503294865068284, -47.16071899713497118 ) ) ;
#1086 = ORIENTED_EDGE ( 'NONE', *, *, #903, .F. ) ;
#1087 = DIRECTION ( 'NONE',  ( -0.04083896562177372069, -0.9991657414498074097, 0.000000000000000000 ) ) ;
#1088 = APPLICATION_PROTOCOL_DEFINITION ( 'international standard', 'config_control_design', 1994, #208 ) ;
#1089 = AXIS2_PLACEMENT_3D ( 'NONE', #643, #730, #103 ) ;
#1090 = AXIS2_PLACEMENT_3D ( 'NONE', #577, #1003, #515 ) ;
#1091 = CARTESIAN_POINT ( 'NONE',  ( -74.17310748207881943, 4.502503294865065619, -48.66071899713506355 ) ) ;
#1092 = CARTESIAN_POINT ( 'NONE',  ( -73.74454018371642405, 6.000000000000004441, -46.72650996988316052 ) ) ;
#1093 = VERTEX_POINT ( 'NONE', #14 ) ;
#1094 = CARTESIAN_POINT ( 'NONE',  ( -76.00210468287463073, 7.346323266877904601, -48.09950972252834589 ) ) ;
#1095 = APPROVAL_DATE_TIME ( #1033, #569 ) ;
#1096 = CARTESIAN_POINT ( 'NONE',  ( -77.67310748207883364, 5.684449572940089901, -46.61282528019480509 ) ) ;
#1097 = PRODUCT_DEFINITION ( 'UNKNOWN', '', #53, #107 ) ;
#1098 = ORIENTED_EDGE ( 'NONE', *, *, #903, .T. ) ;
#1099 = EDGE_CURVE ( 'NONE', #269, #481, #930, .T. ) ;
#1100 = CARTESIAN_POINT ( 'NONE',  ( -77.56891889110366378, 11.29669474879371194, -45.03764050043756839 ) ) ;
#1101 = CARTESIAN_POINT ( 'NONE',  ( -73.70598236737487241, 15.34631429076214637, -45.23710660080607937 ) ) ;
#1102 = ORGANIZATION ( 'UNSPECIFIED', 'UNSPECIFIED', '' ) ;
#1103 = B_SPLINE_CURVE_WITH_KNOTS ( 'NONE', 3,
 ( #375, #367, #644, #993, #190, #195 ),
 .UNSPECIFIED., .F., .F.,
 ( 4, 2, 4 ),
 ( 0.000000000000000000, 0.001003647433234796868, 0.002007294866469593736 ),
 .UNSPECIFIED. ) ;
#1104 = DIRECTION ( 'NONE',  ( -0.9991801814939171855, 0.04048413157995291861, 0.000000000000000000 ) ) ;
#1105 = ORIENTED_EDGE ( 'NONE', *, *, #1121, .T. ) ;
#1106 = ADVANCED_FACE ( 'NONE', ( #22 ), #554, .T. ) ;
#1107 = CARTESIAN_POINT ( 'NONE',  ( -73.06300795082628952, 7.346290329035499944, -46.18484196543212761 ) ) ;
#1108 = CARTESIAN_POINT ( 'NONE',  ( -74.34671653736161545, 5.786186726819183335, -48.66071899713505644 ) ) ;
#1109 = AXIS2_PLACEMENT_3D ( 'NONE', #47, #339, #694 ) ;
#1110 = CIRCLE ( 'NONE', #1090, 1.500000000000001332 ) ;
#1111 = VECTOR ( 'NONE', #1052, 1000.000000000000000 ) ;
#1112 = CARTESIAN_POINT ( 'NONE',  ( -73.98823452688763780, 6.000000000000000000, -45.22017170030142807 ) ) ;
#1113 = ORIENTED_EDGE ( 'NONE', *, *, #376, .F. ) ;
#1114 = CARTESIAN_POINT ( 'NONE',  ( -76.67343375651132931, 6.000000006089704740, -46.29606973827699079 ) ) ;
#1115 = CARTESIAN_POINT ( 'NONE',  ( -74.83608212419179040, 4.568073846568166729, -48.66071899713506355 ) ) ;
#1116 = CARTESIAN_POINT ( 'NONE',  ( -76.17310748207881943, 4.502504997653069552, -48.66071899713506355 ) ) ;
#1117 = ORIENTED_EDGE ( 'NONE', *, *, #252, .F. ) ;
#1118 = CARTESIAN_POINT ( 'NONE',  ( -75.73884305788608629, 5.999999999999992895, -47.58935441975825853 ) ) ;
#1119 = CARTESIAN_POINT ( 'NONE',  ( -77.67310748207825100, 5.653699856529948775, -45.93440614651665754 ) ) ;
#1120 = CARTESIAN_POINT ( 'NONE',  ( -74.12923828719034702, 6.000000000000000000, -45.08352955049027599 ) ) ;
#1121 = EDGE_CURVE ( 'NONE', #1093, #187, #77, .T. ) ;
#1122 = EDGE_LOOP ( 'NONE', ( #106, #84, #780, #981 ) ) ;
#1123 = CARTESIAN_POINT ( 'NONE',  ( -74.12923828719034702, 6.000000000000000000, -45.08352955049027599 ) ) ;
#1124 = CARTESIAN_POINT ( 'NONE',  ( -74.50757469696414148, 4.516173994853729390, -48.66071899713506355 ) ) ;
#1125 = B_SPLINE_SURFACE_WITH_KNOTS ( 'NONE', 3, 3, ( 
 ( #1120, #491, #338, #509, #849 ),
 ( #1112, #498, #941, #1101, #46 ),
 ( #399, #1037, #52, #866, #755 ),
 ( #1013, #406, #245, #626, #265 ),
 ( #537, #807, #362, #891, #1134 ),
 ( #785, #1140, #351, #1063, #346 ),
 ( #620, #276, #957, #705, #1150 ),
 ( #455, #532, #897, #631, #273 ),
 ( #803, #93, #969, #699, #253 ),
 ( #604, #156, #885, #977, #1049 ),
 ( #880, #796, #259, #1053, #611 ),
 ( #962, #172, #163, #101, #714 ),
 ( #88, #182, #974, #432, #520 ),
 ( #356, #3, #693, #82, #1045 ),
 ( #176, #526, #438, #514, #790 ),
 ( #871, #442, #1144, #75, #711 ),
 ( #1059, #449, #812, #297, #29 ),
 ( #109, #105, #478, #996, #653 ),
 ( #638, #202, #919, #1081, #818 ) ),
 .UNSPECIFIED., .T., .F., .F.,
 ( 4, 1, 1, 1, 1, 1, 1, 1, 1, 1, 1, 1, 1, 1, 1, 1, 4 ),
 ( 4, 1, 4 ),
 ( 0.000000000000000000, 0.06250000000000000000, 0.1250000000000000000, 0.1875000000000000000, 0.2500000000000000000, 0.3125000000000000000, 0.3750000000000000000, 0.4375000000000000000, 0.5000000000000000000, 0.5625000000000000000, 0.6250000000000000000, 0.6875000000000000000, 0.7500000000000000000, 0.8125000000000000000, 0.8750000000000000000, 0.9375000000000000000, 1.000000000000000000 ),
 ( 0.000000000000000000, 0.3344711889685332284, 1.000000000000000000 ),
 .UNSPECIFIED. ) ;
#1126 = CARTESIAN_POINT ( 'NONE',  ( -75.17310748207881943, 24.00000000000000000, -46.16071899713505644 ) ) ;
#1127 = CIRCLE ( 'NONE', #1089, 2.499999999999995115 ) ;
#1128 = AXIS2_PLACEMENT_3D ( 'NONE', #21, #288, #211 ) ;
#1129 = CIRCLE ( 'NONE', #97, 1.500000000000001332 ) ;
#1130 = ORIENTED_EDGE ( 'NONE', *, *, #937, .T. ) ;
#1131 = CARTESIAN_POINT ( 'NONE',  ( -75.00836160379523676, 15.34629279292895276, -44.40418112434107201 ) ) ;
#1132 = CARTESIAN_POINT ( 'NONE',  ( -75.30836426868349065, 6.000000005762809785, -44.66064234177481751 ) ) ;
#1133 = CARTESIAN_POINT ( 'NONE',  ( -74.02497789894991342, 5.999999996355730225, -45.18758769589589264 ) ) ;
#1134 = CARTESIAN_POINT ( 'NONE',  ( -74.31363471679004817, 18.00000000000001776, -46.71816181359189102 ) ) ;
#1135 = DIRECTION ( 'NONE',  ( 0.000000000000000000, -0.000000000000000000, 1.000000000000000000 ) ) ;
#1136 = ORIENTED_EDGE ( 'NONE', *, *, #697, .F. ) ;
#1137 = LINE ( 'NONE', #1042, #96 ) ;
#1138 = EDGE_CURVE ( 'NONE', #528, #401, #912, .T. ) ;
#1139 = CARTESIAN_POINT ( 'NONE',  ( -75.09449078628254881, 4.586218864950856400, -43.66071899713506355 ) ) ;
#1140 = CARTESIAN_POINT ( 'NONE',  ( -73.69760371250067976, 7.346297633352210532, -47.66951040274898332 ) ) ;
#1141 = DIRECTION ( 'NONE',  ( 0.000000000000000000, -1.000000000000000000, 0.000000000000000000 ) ) ;
#1142 = CARTESIAN_POINT ( 'NONE',  ( -75.14895365611340594, 6.000000000000007105, -47.70197264311560303 ) ) ;
#1143 = CARTESIAN_POINT ( 'NONE',  ( -75.72488003027457637, 5.705778692818873843, -43.66071899713506355 ) ) ;
#1144 = CARTESIAN_POINT ( 'NONE',  ( -75.05237266080331437, 11.29673689985994578, -43.51916640921577084 ) ) ;
#1145 = DIRECTION ( 'NONE',  ( -0.000000000000000000, -1.000000000000000000, -0.000000000000000000 ) ) ;
#1146 = ORIENTED_EDGE ( 'NONE', *, *, #732, .T. ) ;
#1147 = AXIS2_PLACEMENT_3D ( 'NONE', #1126, #1021, #685 ) ;
#1148 = CARTESIAN_POINT ( 'NONE',  ( -76.07320216244811206, 11.29669332607655718, -43.67227983010759118 ) ) ;
#1149 = CARTESIAN_POINT ( 'NONE',  ( -76.02137310067554665, 5.999999986596328938, -44.90863987623816911 ) ) ;
#1150 = CARTESIAN_POINT ( 'NONE',  ( -74.95970498577744934, 17.99999999999998934, -47.16278046807411073 ) ) ;
#1151 = CARTESIAN_POINT ( 'NONE',  ( -74.17310748207881943, 4.502454909888513157, -45.16071899713506355 ) ) ;
#1152 = ADVANCED_FACE ( 'NONE', ( #272 ), #920, .T. ) ;
#1153 = CARTESIAN_POINT ( 'NONE',  ( -74.17310748207881943, 4.502454909888514045, -43.66071899713506355 ) ) ;
ENDSEC;
END-ISO-10303-21;
