ISO-10303-21;
HEADER;
FILE_DESCRIPTION (( 'STEP AP214' ),
    '1' );
FILE_NAME ('BarAssem.STEP',
    '2026-09-07T17:37:47',
    ( '' ),
    ( '' ),
    'SwSTEP 2.0',
    'SolidWorks 2026',
    '' );
FILE_SCHEMA (( 'AUTOMOTIVE_DESIGN' ));
ENDSEC;

DATA;
#1 = CARTESIAN_POINT ( 'NONE',  ( -13.29105590657982106, 26.00000000000000000, 13.19549783445958013 ) ) ;
#2 = DIRECTION ( 'NONE',  ( 0.000000000000000000, 0.000000000000000000, -1.000000000000000000 ) ) ;
#3 = CARTESIAN_POINT ( 'NONE',  ( -24.29105590657982461, 26.00000000000000000, 13.19549783445958013 ) ) ;
#4 = LINE ( 'NONE', #851, #2402 ) ;
#5 = ORIENTED_EDGE ( 'NONE', *, *, #505, .T. ) ;
#6 = EDGE_CURVE ( 'NONE', #2024, #663, #780, .T. ) ;
#7 = PRODUCT_RELATED_PRODUCT_CATEGORY ( 'part', '', ( #1401 ) ) ;
#8 = LINE ( 'NONE', #1263, #989 ) ;
#9 = ORIENTED_EDGE ( 'NONE', *, *, #2503, .T. ) ;
#10 = VECTOR ( 'NONE', #2193, 1000.000000000000000 ) ;
#11 = AXIS2_PLACEMENT_3D ( 'NONE', #1182, #548, #1593 ) ;
#12 = PLANE ( 'NONE',  #1214 ) ;
#13 = AXIS2_PLACEMENT_3D ( 'NONE', #1160, #1147, #87 ) ;
#14 = LINE ( 'NONE', #410, #1450 ) ;
#15 = FACE_OUTER_BOUND ( 'NONE', #522, .T. ) ;
#16 = ORIENTED_EDGE ( 'NONE', *, *, #563, .T. ) ;
#17 = CARTESIAN_POINT ( 'NONE',  ( -2.291055906579823720, 26.00000000000000000, 12.69549783445958013 ) ) ;
#18 = EDGE_CURVE ( 'NONE', #1136, #1902, #1887, .T. ) ;
#19 =( BOUNDED_CURVE ( )  B_SPLINE_CURVE ( 3, ( #926, #2196, #1957, #2182 ),
 .UNSPECIFIED., .F., .T. ) 
 B_SPLINE_CURVE_WITH_KNOTS ( ( 4, 4 ),
 ( 4.712388980384689674, 6.283185307179586232 ),
 .UNSPECIFIED. ) 
 CURVE ( )  GEOMETRIC_REPRESENTATION_ITEM ( )  RATIONAL_B_SPLINE_CURVE ( ( 1.000000000000000000, 0.8047378541243649375, 0.8047378541243649375, 1.000000000000000000 ) ) 
 REPRESENTATION_ITEM ( '' )  );
#20 = EDGE_LOOP ( 'NONE', ( #280, #2090, #460, #909 ) ) ;
#21 = CARTESIAN_POINT ( 'NONE',  ( 4.708944093420180721, 26.00000000000000000, 12.69549783445958013 ) ) ;
#22 = ORIENTED_EDGE ( 'NONE', *, *, #2448, .T. ) ;
#23 = EDGE_CURVE ( 'NONE', #353, #1054, #1571, .T. ) ;
#24 = EDGE_CURVE ( 'NONE', #1002, #148, #720, .T. ) ;
#25 = DIRECTION ( 'NONE',  ( 0.000000000000000000, 0.000000000000000000, 1.000000000000000000 ) ) ;
#26 = ORIENTED_EDGE ( 'NONE', *, *, #301, .F. ) ;
#27 = DIRECTION ( 'NONE',  ( 0.000000000000000000, 0.000000000000000000, -1.000000000000000000 ) ) ;
#28 = EDGE_LOOP ( 'NONE', ( #756, #2481, #146, #92 ) ) ;
#29 = LINE ( 'NONE', #2109, #709 ) ;
#30 = ORIENTED_EDGE ( 'NONE', *, *, #1560, .T. ) ;
#31 = PLANE ( 'NONE',  #1595 ) ;
#32 = VECTOR ( 'NONE', #648, 1000.000000000000000 ) ;
#33 = DIRECTION ( 'NONE',  ( 1.000000000000000000, -0.000000000000000000, 0.000000000000000000 ) ) ;
#34 = ADVANCED_FACE ( 'NONE', ( #1543 ), #287, .T. ) ;
#35 = EDGE_LOOP ( 'NONE', ( #2598, #1082, #1989, #1102 ) ) ;
#36 = CARTESIAN_POINT ( 'NONE',  ( -6.291055906579821944, 26.00000000000000000, 13.19549783445958013 ) ) ;
#37 = ORIENTED_EDGE ( 'NONE', *, *, #2184, .T. ) ;
#38 = EDGE_CURVE ( 'NONE', #1208, #973, #1537, .T. ) ;
#39 = CARTESIAN_POINT ( 'NONE',  ( -14.29105590657982283, 1.000000000000000888, 14.19549783445957836 ) ) ;
#40 = CARTESIAN_POINT ( 'NONE',  ( -44.79105590657983527, 1.000000000000000888, 13.19549783445958013 ) ) ;
#41 = CARTESIAN_POINT ( 'NONE',  ( 7.708944093420163846, 1.000000000000000888, 14.19549783445957836 ) ) ;
#42 = EDGE_CURVE ( 'NONE', #2657, #1245, #2382, .T. ) ;
#43 = LINE ( 'NONE', #1538, #1385 ) ;
#44 = LINE ( 'NONE', #2003, #2161 ) ;
#45 = CARTESIAN_POINT ( 'NONE',  ( -7.791055906579821944, 26.00000000000000000, 13.19549783445958013 ) ) ;
#46 = LINE ( 'NONE', #2588, #1008 ) ;
#47 = ADVANCED_FACE ( 'NONE', ( #893 ), #1307, .F. ) ;
#48 = CARTESIAN_POINT ( 'NONE',  ( -14.29105590657982283, 26.00000000000000000, 13.19549783445958013 ) ) ;
#49 = EDGE_CURVE ( 'NONE', #1506, #742, #699, .T. ) ;
#50 = CARTESIAN_POINT ( 'NONE',  ( 0.000000000000000000, 0.000000000000000000, 0.000000000000000000 ) ) ;
#51 = VERTEX_POINT ( 'NONE', #2177 ) ;
#52 = DIRECTION ( 'NONE',  ( 0.000000000000000000, -1.000000000000000000, 0.000000000000000000 ) ) ;
#53 = VECTOR ( 'NONE', #1791, 1000.000000000000000 ) ;
#54 = ORIENTED_EDGE ( 'NONE', *, *, #2476, .F. ) ;
#55 = DIRECTION ( 'NONE',  ( -0.000000000000000000, 1.000000000000000000, -0.000000000000000000 ) ) ;
#56 = VECTOR ( 'NONE', #1741, 1000.000000000000000 ) ;
#57 = VECTOR ( 'NONE', #1125, 1000.000000000000000 ) ;
#58 = ADVANCED_FACE ( 'NONE', ( #102 ), #735, .T. ) ;
#59 = DIRECTION ( 'NONE',  ( 1.000000000000000000, 0.000000000000000000, 0.000000000000000000 ) ) ;
#60 = SHAPE_REPRESENTATION ( 'BarBase', ( #808 ), #1664 ) ;
#61 = DIRECTION ( 'NONE',  ( -0.000000000000000000, -0.000000000000000000, 1.000000000000000000 ) ) ;
#62 = CARTESIAN_POINT ( 'NONE',  ( -21.79105590657982106, 0.000000000000000000, 13.19549783445958013 ) ) ;
#63 = ORIENTED_EDGE ( 'NONE', *, *, #459, .F. ) ;
#64 = DIRECTION ( 'NONE',  ( -1.000000000000000000, -0.000000000000000000, -0.000000000000000000 ) ) ;
#65 = ORIENTED_EDGE ( 'NONE', *, *, #833, .T. ) ;
#66 = DIRECTION ( 'NONE',  ( 1.000000000000000000, 0.000000000000000000, 0.000000000000000000 ) ) ;
#67 = VERTEX_POINT ( 'NONE', #1967 ) ;
#68 = LINE ( 'NONE', #913, #899 ) ;
#69 = VECTOR ( 'NONE', #2147, 1000.000000000000000 ) ;
#70 = SURFACE_SIDE_STYLE ('',( #2405 ) ) ;
#71 = CARTESIAN_POINT ( 'NONE',  ( 8.708944093420157628, 0.000000000000000000, -3.804502165540419423 ) ) ;
#72 = ADVANCED_FACE ( 'NONE', ( #518 ), #455, .T. ) ;
#73 = VECTOR ( 'NONE', #995, 1000.000000000000000 ) ;
#74 = CARTESIAN_POINT ( 'NONE',  ( -30.20526946895291687, 25.58578643762690419, 14.19549783445957836 ) ) ;
#75 = EDGE_LOOP ( 'NONE', ( #293, #2695, #2420, #2072 ) ) ;
#76 = EDGE_CURVE ( 'NONE', #2053, #999, #2216, .T. ) ;
#77 = LINE ( 'NONE', #1972, #2272 ) ;
#78 = ORIENTED_EDGE ( 'NONE', *, *, #1570, .T. ) ;
#79 = VERTEX_POINT ( 'NONE', #2648 ) ;
#80 = LINE ( 'NONE', #2198, #1437 ) ;
#81 = EDGE_CURVE ( 'NONE', #83, #935, #1784, .T. ) ;
#82 = CYLINDRICAL_SURFACE ( 'NONE', #1795, 1.000000000000000888 ) ;
#83 = VERTEX_POINT ( 'NONE', #1324 ) ;
#84 = CARTESIAN_POINT ( 'NONE',  ( -13.75849803319520426, 3.000000000000000000, -22.56519104384513241 ) ) ;
#85 = DIRECTION ( 'NONE',  ( 0.000000000000000000, -1.000000000000000000, 0.000000000000000000 ) ) ;
#86 = CARTESIAN_POINT ( 'NONE',  ( -11.79105590657981928, 7.956235894060315629E-16, 13.78128427208648255 ) ) ;
#87 = DIRECTION ( 'NONE',  ( -1.000000000000000000, 0.000000000000000000, -0.000000000000000000 ) ) ;
#88 = CARTESIAN_POINT ( 'NONE',  ( 7.708944093420163846, 26.00000000000000000, 13.19549783445957480 ) ) ;
#89 = DIRECTION ( 'NONE',  ( 0.000000000000000000, -1.000000000000000000, 0.000000000000000000 ) ) ;
#90 = EDGE_CURVE ( 'NONE', #498, #973, #1769, .T. ) ;
#91 = CARTESIAN_POINT ( 'NONE',  ( -40.79105590657982816, 0.000000000000000000, 12.69549783445958013 ) ) ;
#92 = ORIENTED_EDGE ( 'NONE', *, *, #2429, .F. ) ;
#93 = CARTESIAN_POINT ( 'NONE',  ( -7.791055906579821944, 26.00000000000000000, 12.69549783445958013 ) ) ;
#94 = DIRECTION ( 'NONE',  ( 6.672013369141565463E-17, -1.000000000000000000, 0.000000000000000000 ) ) ;
#95 = VERTEX_POINT ( 'NONE', #486 ) ;
#96 = VECTOR ( 'NONE', #1473, 1000.000000000000000 ) ;
#97 = VERTEX_POINT ( 'NONE', #1600 ) ;
#98 = FACE_OUTER_BOUND ( 'NONE', #1891, .T. ) ;
#99 =( NAMED_UNIT ( * ) SI_UNIT ( $, .STERADIAN. ) SOLID_ANGLE_UNIT ( ) );
#100 = CARTESIAN_POINT ( 'NONE',  ( -38.29105590657982816, 0.000000000000000000, 13.19549783445958013 ) ) ;
#101 = CARTESIAN_POINT ( 'NONE',  ( 4.708944093420181609, 1.012464023903132450E-15, 13.78128427208648255 ) ) ;
#102 = FACE_OUTER_BOUND ( 'NONE', #1435, .T. ) ;
#103 = EDGE_CURVE ( 'NONE', #922, #1495, #46, .T. ) ;
#104 =( GEOMETRIC_REPRESENTATION_CONTEXT ( 3 ) GLOBAL_UNCERTAINTY_ASSIGNED_CONTEXT ( ( #1698 ) ) GLOBAL_UNIT_ASSIGNED_CONTEXT ( ( #2366, #1460, #589 ) ) REPRESENTATION_CONTEXT ( 'NONE', 'WORKASPACE' ) );
#105 = VERTEX_POINT ( 'NONE', #1557 ) ;
#106 = DIRECTION ( 'NONE',  ( -1.000000000000000000, 3.336006684570782732E-17, 0.000000000000000000 ) ) ;
#107 =( NAMED_UNIT ( * ) SI_UNIT ( $, .STERADIAN. ) SOLID_ANGLE_UNIT ( ) );
#108 = ORIENTED_EDGE ( 'NONE', *, *, #1833, .F. ) ;
#109 = CYLINDRICAL_SURFACE ( 'NONE', #2718, 0.9999999999999991118 ) ;
#110 = CARTESIAN_POINT ( 'NONE',  ( -39.29105590657982816, 0.000000000000000000, 13.19549783445958013 ) ) ;
#111 =( BOUNDED_CURVE ( )  B_SPLINE_CURVE ( 3, ( #628, #1686, #1484, #1858 ),
 .UNSPECIFIED., .F., .T. ) 
 B_SPLINE_CURVE_WITH_KNOTS ( ( 4, 4 ),
 ( 0.000000000000000000, 1.570796326794896558 ),
 .UNSPECIFIED. ) 
 CURVE ( )  GEOMETRIC_REPRESENTATION_ITEM ( )  RATIONAL_B_SPLINE_CURVE ( ( 1.000000000000000000, 0.8047378541243649375, 0.8047378541243649375, 1.000000000000000000 ) ) 
 REPRESENTATION_ITEM ( '' )  );
#112 = VERTEX_POINT ( 'NONE', #2393 ) ;
#113 = CARTESIAN_POINT ( 'NONE',  ( 4.708944093420180721, 0.000000000000000000, 12.69549783445958013 ) ) ;
#114 = AXIS2_PLACEMENT_3D ( 'NONE', #1882, #2708, #178 ) ;
#115 = CARTESIAN_POINT ( 'NONE',  ( -40.79105590657982816, 26.00000000000000000, 13.19549783445958013 ) ) ;
#116 = PLANE ( 'NONE',  #2006 ) ;
#117 = CARTESIAN_POINT ( 'NONE',  ( 8.708944093420162957, 0.000000000000000000, 13.19549783445958191 ) ) ;
#118 = LINE ( 'NONE', #1819, #225 ) ;
#119 = ORIENTED_EDGE ( 'NONE', *, *, #2684, .F. ) ;
#120 = VERTEX_POINT ( 'NONE', #1336 ) ;
#121 = ORIENTED_EDGE ( 'NONE', *, *, #399, .T. ) ;
#122 = VECTOR ( 'NONE', #1161, 1000.000000000000000 ) ;
#123 = ORIENTED_EDGE ( 'NONE', *, *, #1990, .F. ) ;
#124 = CYLINDRICAL_SURFACE ( 'NONE', #11, 2.000000000000000000 ) ;
#125 = EDGE_CURVE ( 'NONE', #1167, #2356, #2190, .T. ) ;
#126 = ORIENTED_EDGE ( 'NONE', *, *, #1250, .F. ) ;
#127 = EDGE_CURVE ( 'NONE', #51, #120, #2232, .T. ) ;
#128 = CARTESIAN_POINT ( 'NONE',  ( -44.79105590657983527, 26.00000000000000000, 14.19549783445957836 ) ) ;
#129 = UNCERTAINTY_MEASURE_WITH_UNIT (LENGTH_MEASURE( 1.000000000000000082E-05 ), #1222, 'distance_accuracy_value', 'NONE');
#130 = LINE ( 'NONE', #1844, #2078 ) ;
#131 = CARTESIAN_POINT ( 'NONE',  ( -11.37684234420672524, 25.58578643762690419, 14.19549783445957836 ) ) ;
#132 = CARTESIAN_POINT ( 'NONE',  ( 7.708944093420163846, 24.99999999999999645, 14.19549783445957836 ) ) ;
#133 = SHAPE_REPRESENTATION_RELATIONSHIP ( 'NONE' , 'NONE' ,  #1126, #687 ) ;
#134 = ORIENTED_EDGE ( 'NONE', *, *, #274, .F. ) ;
#135 = ORIENTED_EDGE ( 'NONE', *, *, #2284, .T. ) ;
#136 = FACE_OUTER_BOUND ( 'NONE', #904, .T. ) ;
#137 = EDGE_CURVE ( 'NONE', #574, #1596, #2267, .T. ) ;
#138 = VERTEX_POINT ( 'NONE', #2021 ) ;
#139 = FACE_OUTER_BOUND ( 'NONE', #1765, .T. ) ;
#140 = AXIS2_PLACEMENT_3D ( 'NONE', #2018, #2407, #501 ) ;
#141 = AXIS2_PLACEMENT_3D ( 'NONE', #1530, #444, #1326 ) ;
#142 = ADVANCED_FACE ( 'NONE', ( #781 ), #2709, .F. ) ;
#143 = LINE ( 'NONE', #567, #1100 ) ;
#144 = EDGE_CURVE ( 'NONE', #922, #184, #750, .T. ) ;
#145 = DIRECTION ( 'NONE',  ( -1.000000000000000000, -3.336006684570783348E-17, 0.000000000000000000 ) ) ;
#146 = ORIENTED_EDGE ( 'NONE', *, *, #1700, .F. ) ;
#147 = VECTOR ( 'NONE', #2647, 1000.000000000000000 ) ;
#148 = VERTEX_POINT ( 'NONE', #117 ) ;
#149 = CARTESIAN_POINT ( 'NONE',  ( -25.29105590657982461, 24.99999999999999645, 14.19549783445957836 ) ) ;
#150 = CARTESIAN_POINT ( 'NONE',  ( -29.79105590657982461, 26.00000000000000000, 12.69549783445958013 ) ) ;
#151 = ORIENTED_EDGE ( 'NONE', *, *, #1493, .F. ) ;
#152 = DIRECTION ( 'NONE',  ( -0.000000000000000000, -0.000000000000000000, 1.000000000000000000 ) ) ;
#153 = ORIENTED_EDGE ( 'NONE', *, *, #1368, .F. ) ;
#154 = EDGE_CURVE ( 'NONE', #83, #574, #541, .T. ) ;
#155 = LINE ( 'NONE', #594, #416 ) ;
#156 = CARTESIAN_POINT ( 'NONE',  ( 0.000000000000000000, 0.000000000000000000, 0.000000000000000000 ) ) ;
#157 = CARTESIAN_POINT ( 'NONE',  ( -44.79105590657983527, 26.00000000000000000, -3.804502165540419423 ) ) ;
#158 = VECTOR ( 'NONE', #2121, 1000.000000000000000 ) ;
#159 = EDGE_CURVE ( 'NONE', #2513, #2356, #130, .T. ) ;
#160 = CARTESIAN_POINT ( 'NONE',  ( -29.79105590657982461, 0.000000000000000000, 13.19549783445958013 ) ) ;
#161 = VERTEX_POINT ( 'NONE', #360 ) ;
#162 = ORIENTED_EDGE ( 'NONE', *, *, #2567, .T. ) ;
#163 = DIRECTION ( 'NONE',  ( -1.000000000000000000, -0.000000000000000000, -0.000000000000000000 ) ) ;
#164 = ORIENTED_EDGE ( 'NONE', *, *, #1354, .T. ) ;
#165 = DIRECTION ( 'NONE',  ( -0.000000000000000000, 1.000000000000000000, -0.000000000000000000 ) ) ;
#166 = LINE ( 'NONE', #1480, #1588 ) ;
#167 = CARTESIAN_POINT ( 'NONE',  ( -0.7910559065798221656, 0.000000000000000000, 13.19549783445958013 ) ) ;
#168 = CARTESIAN_POINT ( 'NONE',  ( -17.29105590657982106, 24.99999999999999645, 14.19549783445957836 ) ) ;
#169 = CARTESIAN_POINT ( 'NONE',  ( -44.79105590657983527, 26.00000000000000000, -3.804502165540419423 ) ) ;
#170 = EDGE_CURVE ( 'NONE', #2590, #2028, #1219, .T. ) ;
#171 = ORIENTED_EDGE ( 'NONE', *, *, #2050, .F. ) ;
#172 = DIRECTION ( 'NONE',  ( -1.000000000000000000, 0.000000000000000000, 0.000000000000000000 ) ) ;
#173 = ORIENTED_EDGE ( 'NONE', *, *, #2250, .F. ) ;
#174 = CARTESIAN_POINT ( 'NONE',  ( -35.29105590657982816, 26.00000000000000000, 13.19549783445958013 ) ) ;
#175 = EDGE_CURVE ( 'NONE', #2000, #722, #1901, .T. ) ;
#176 = ORIENTED_EDGE ( 'NONE', *, *, #418, .T. ) ;
#177 = DIRECTION ( 'NONE',  ( -1.000000000000000000, 0.000000000000000000, -0.000000000000000000 ) ) ;
#178 = DIRECTION ( 'NONE',  ( 0.000000000000000000, 0.000000000000000000, -1.000000000000000000 ) ) ;
#179 = FACE_OUTER_BOUND ( 'NONE', #827, .T. ) ;
#180 = VECTOR ( 'NONE', #413, 1000.000000000000000 ) ;
#181 = DIRECTION ( 'NONE',  ( 6.672013369141566696E-17, -1.000000000000000000, 0.000000000000000000 ) ) ;
#182 = VECTOR ( 'NONE', #2672, 1000.000000000000000 ) ;
#183 = VECTOR ( 'NONE', #243, 1000.000000000000000 ) ;
#184 = VERTEX_POINT ( 'NONE', #2040 ) ;
#185 = EDGE_CURVE ( 'NONE', #2058, #1650, #1818, .T. ) ;
#186 = ORIENTED_EDGE ( 'NONE', *, *, #1006, .F. ) ;
#187 = AXIS2_PLACEMENT_3D ( 'NONE', #2167, #1946, #2431 ) ;
#188 = DIRECTION ( 'NONE',  ( -0.000000000000000000, -0.000000000000000000, 1.000000000000000000 ) ) ;
#189 = VECTOR ( 'NONE', #623, 1000.000000000000000 ) ;
#190 = VERTEX_POINT ( 'NONE', #1402 ) ;
#191 = CARTESIAN_POINT ( 'NONE',  ( -22.79105590657982106, 0.000000000000000000, 12.69549783445958013 ) ) ;
#192 = EDGE_CURVE ( 'NONE', #1506, #1547, #528, .T. ) ;
#193 = DIRECTION ( 'NONE',  ( -3.336006684570782732E-17, -1.000000000000000000, 0.000000000000000000 ) ) ;
#194 = DIRECTION ( 'NONE',  ( 0.000000000000000000, 0.000000000000000000, -1.000000000000000000 ) ) ;
#195 = LINE ( 'NONE', #1498, #2231 ) ;
#196 = LINE ( 'NONE', #373, #1881 ) ;
#197 = DIRECTION ( 'NONE',  ( 0.000000000000000000, 0.000000000000000000, 1.000000000000000000 ) ) ;
#198 = ORIENTED_EDGE ( 'NONE', *, *, #2236, .F. ) ;
#199 = EDGE_CURVE ( 'NONE', #575, #1941, #983, .T. ) ;
#200 = CARTESIAN_POINT ( 'NONE',  ( -71.25849803319519538, 0.000000000000000000, -22.56519104384513241 ) ) ;
#201 = ORIENTED_EDGE ( 'NONE', *, *, #452, .T. ) ;
#202 = LINE ( 'NONE', #2320, #855 ) ;
#203 = ORIENTED_EDGE ( 'NONE', *, *, #2537, .T. ) ;
#204 = VECTOR ( 'NONE', #1417, 1000.000000000000000 ) ;
#205 = CARTESIAN_POINT ( 'NONE',  ( -6.291055906579821944, 0.000000000000000000, 12.69549783445958013 ) ) ;
#206 = EDGE_CURVE ( 'NONE', #2526, #2464, #1176, .T. ) ;
#207 = LINE ( 'NONE', #1910, #2510 ) ;
#208 = UNCERTAINTY_MEASURE_WITH_UNIT (LENGTH_MEASURE( 1.000000000000000082E-05 ), #853, 'distance_accuracy_value', 'NONE');
#209 = CARTESIAN_POINT ( 'NONE',  ( -44.79105590657983527, 26.00000000000000000, -3.804502165540419423 ) ) ;
#210 = CARTESIAN_POINT ( 'NONE',  ( 8.708944093420157628, 26.00000000000000000, -3.804502165540419423 ) ) ;
#211 =( BOUNDED_CURVE ( )  B_SPLINE_CURVE ( 3, ( #1494, #1894, #834, #1693 ),
 .UNSPECIFIED., .F., .T. ) 
 B_SPLINE_CURVE_WITH_KNOTS ( ( 4, 4 ),
 ( 0.000000000000000000, 1.570796326794896558 ),
 .UNSPECIFIED. ) 
 CURVE ( )  GEOMETRIC_REPRESENTATION_ITEM ( )  RATIONAL_B_SPLINE_CURVE ( ( 1.000000000000000000, 0.8047378541243649375, 0.8047378541243649375, 1.000000000000000000 ) ) 
 REPRESENTATION_ITEM ( '' )  );
#212 = APPLICATION_PROTOCOL_DEFINITION ( 'draft international standard', 'automotive_design', 1998, #1829 ) ;
#213 = ORIENTED_EDGE ( 'NONE', *, *, #2641, .F. ) ;
#214 = CARTESIAN_POINT ( 'NONE',  ( -39.29105590657982816, 0.000000000000000000, 12.69549783445958013 ) ) ;
#215 = ORIENTED_EDGE ( 'NONE', *, *, #185, .T. ) ;
#216 = CYLINDRICAL_SURFACE ( 'NONE', #631, 0.9999999999999991118 ) ;
#217 = ADVANCED_FACE ( 'NONE', ( #1202 ), #2474, .F. ) ;
#218 = FACE_OUTER_BOUND ( 'NONE', #670, .T. ) ;
#219 = CARTESIAN_POINT ( 'NONE',  ( -18.79105590657982106, 26.00000000000000000, 12.69549783445958013 ) ) ;
#220 = CARTESIAN_POINT ( 'NONE',  ( 3.208944093420178056, 0.000000000000000000, 12.69549783445958013 ) ) ;
#221 = EDGE_CURVE ( 'NONE', #2081, #663, #143, .T. ) ;
#222 = ORIENTED_EDGE ( 'NONE', *, *, #2476, .T. ) ;
#223 = VECTOR ( 'NONE', #1533, 1000.000000000000000 ) ;
#224 = CARTESIAN_POINT ( 'NONE',  ( -44.79105590657983527, 1.000000000000000888, 14.19549783445957836 ) ) ;
#225 = VECTOR ( 'NONE', #542, 1000.000000000000000 ) ;
#226 = ORIENTED_EDGE ( 'NONE', *, *, #1582, .T. ) ;
#227 = CARTESIAN_POINT ( 'NONE',  ( -39.29105590657982816, 0.000000000000000000, 13.19549783445958013 ) ) ;
#228 = EDGE_LOOP ( 'NONE', ( #2609, #914, #1220, #1432 ) ) ;
#229 = CARTESIAN_POINT ( 'NONE',  ( -44.79105590657983527, 26.00000000000000000, 13.19549783445958191 ) ) ;
#230 = VECTOR ( 'NONE', #2698, 1000.000000000000000 ) ;
#231 = EDGE_LOOP ( 'NONE', ( #2606, #1908, #258, #2110 ) ) ;
#232 = ADVANCED_FACE ( 'NONE', ( #795 ), #1440, .T. ) ;
#233 = CARTESIAN_POINT ( 'NONE',  ( -44.79105590657983527, 1.000000000000000888, 13.19549783445958013 ) ) ;
#234 = ORIENTED_EDGE ( 'NONE', *, *, #2700, .T. ) ;
#235 = LINE ( 'NONE', #2600, #2596 ) ;
#236 = AXIS2_PLACEMENT_3D ( 'NONE', #1701, #2315, #1274 ) ;
#237 = LINE ( 'NONE', #209, #1230 ) ;
#238 = ORIENTED_EDGE ( 'NONE', *, *, #1516, .T. ) ;
#239 = ADVANCED_FACE ( 'NONE', ( #2285 ), #371, .T. ) ;
#240 = LINE ( 'NONE', #1969, #1922 ) ;
#241 = VERTEX_POINT ( 'NONE', #1870 ) ;
#242 = VECTOR ( 'NONE', #2108, 1000.000000000000000 ) ;
#243 = DIRECTION ( 'NONE',  ( 0.000000000000000000, -1.000000000000000000, 0.000000000000000000 ) ) ;
#244 = ORIENTED_EDGE ( 'NONE', *, *, #2286, .F. ) ;
#245 = CARTESIAN_POINT ( 'NONE',  ( 0.000000000000000000, 24.99999999999999645, 13.19549783445958013 ) ) ;
#246 = VECTOR ( 'NONE', #689, 1000.000000000000000 ) ;
#247 = ORIENTED_EDGE ( 'NONE', *, *, #221, .T. ) ;
#248 = DIRECTION ( 'NONE',  ( 0.000000000000000000, 0.000000000000000000, -1.000000000000000000 ) ) ;
#249 = AXIS2_PLACEMENT_3D ( 'NONE', #427, #1281, #2137 ) ;
#250 = DIRECTION ( 'NONE',  ( 1.000000000000000000, -0.000000000000000000, 0.000000000000000000 ) ) ;
#251 = CARTESIAN_POINT ( 'NONE',  ( -39.29105590657982816, 26.00000000000000355, 13.78128427208648255 ) ) ;
#252 = CARTESIAN_POINT ( 'NONE',  ( 0.000000000000000000, 0.000000000000000000, 13.19549783445958013 ) ) ;
#253 = DIRECTION ( 'NONE',  ( -0.000000000000000000, -0.000000000000000000, 1.000000000000000000 ) ) ;
#254 = EDGE_CURVE ( 'NONE', #1608, #1110, #2094, .T. ) ;
#255 = VERTEX_POINT ( 'NONE', #440 ) ;
#256 = DIRECTION ( 'NONE',  ( 0.000000000000000000, 0.000000000000000000, 1.000000000000000000 ) ) ;
#257 = CARTESIAN_POINT ( 'NONE',  ( 8.708944093420162957, 0.000000000000000000, 13.19549783445958191 ) ) ;
#258 = ORIENTED_EDGE ( 'NONE', *, *, #1772, .F. ) ;
#259 = ORIENTED_EDGE ( 'NONE', *, *, #2215, .T. ) ;
#260 = CARTESIAN_POINT ( 'NONE',  ( -44.79105590657983527, 26.00000000000000000, 14.19549783445957836 ) ) ;
#261 = CARTESIAN_POINT ( 'NONE',  ( 3.208944093420178945, 26.00000000000000000, 13.19549783445958013 ) ) ;
#262 = CARTESIAN_POINT ( 'NONE',  ( -36.29105590657982816, 24.99999999999999645, 14.19549783445957836 ) ) ;
#263 = CARTESIAN_POINT ( 'NONE',  ( 0.000000000000000000, 0.000000000000000000, 12.69549783445958013 ) ) ;
#264 = VECTOR ( 'NONE', #1379, 1000.000000000000000 ) ;
#265 = ORIENTED_EDGE ( 'NONE', *, *, #2562, .T. ) ;
#266 = DIRECTION ( 'NONE',  ( 3.336006684570782732E-17, -1.000000000000000000, 0.000000000000000000 ) ) ;
#267 = AXIS2_PLACEMENT_3D ( 'NONE', #1341, #106, #898 ) ;
#268 = VERTEX_POINT ( 'NONE', #2299 ) ;
#269 = CARTESIAN_POINT ( 'NONE',  ( -44.79105590657983527, 1.000000000000000888, 13.19549783445958013 ) ) ;
#270 = EDGE_CURVE ( 'NONE', #935, #2513, #1292, .T. ) ;
#271 = VECTOR ( 'NONE', #757, 1000.000000000000000 ) ;
#272 = VECTOR ( 'NONE', #2260, 1000.000000000000000 ) ;
#273 = CARTESIAN_POINT ( 'NONE',  ( -29.79105590657982461, 26.00000000000000000, 12.69549783445958013 ) ) ;
#274 = EDGE_CURVE ( 'NONE', #1580, #2526, #1240, .T. ) ;
#275 = DIRECTION ( 'NONE',  ( 0.000000000000000000, 0.000000000000000000, 1.000000000000000000 ) ) ;
#276 = CARTESIAN_POINT ( 'NONE',  ( -22.79105590657982106, 0.000000000000000000, 13.19549783445958013 ) ) ;
#277 = DIRECTION ( 'NONE',  ( 0.000000000000000000, -1.000000000000000000, 0.000000000000000000 ) ) ;
#278 = EDGE_CURVE ( 'NONE', #1207, #51, #2148, .T. ) ;
#279 = CARTESIAN_POINT ( 'NONE',  ( -35.29105590657982816, 26.00000000000000000, 12.69549783445958013 ) ) ;
#280 = ORIENTED_EDGE ( 'NONE', *, *, #2599, .T. ) ;
#281 = ORIENTED_EDGE ( 'NONE', *, *, #2429, .T. ) ;
#282 = DIRECTION ( 'NONE',  ( 0.000000000000000000, 0.000000000000000000, 1.000000000000000000 ) ) ;
#283 = AXIS2_PLACEMENT_3D ( 'NONE', #1004, #177, #1237 ) ;
#284 = ORIENTED_EDGE ( 'NONE', *, *, #301, .T. ) ;
#285 = CARTESIAN_POINT ( 'NONE',  ( -27.29105590657982461, 26.00000000000000000, 14.19549783445957836 ) ) ;
#286 = EDGE_CURVE ( 'NONE', #1345, #366, #2124, .T. ) ;
#287 = PLANE ( 'NONE',  #1055 ) ;
#288 = DIRECTION ( 'NONE',  ( -1.000000000000000000, 0.000000000000000000, -0.000000000000000000 ) ) ;
#289 = CARTESIAN_POINT ( 'NONE',  ( -71.25849803319519538, 3.000000000000000000, -0.5651910438451355212 ) ) ;
#290 = ORIENTED_EDGE ( 'NONE', *, *, #1516, .F. ) ;
#291 = LINE ( 'NONE', #2622, #2582 ) ;
#292 = CARTESIAN_POINT ( 'NONE',  ( -14.29105590657982283, 1.000000000000000888, 14.19549783445957836 ) ) ;
#293 = ORIENTED_EDGE ( 'NONE', *, *, #81, .T. ) ;
#294 = ORIENTED_EDGE ( 'NONE', *, *, #2383, .T. ) ;
#295 = EDGE_CURVE ( 'NONE', #575, #2075, #237, .T. ) ;
#296 = CARTESIAN_POINT ( 'NONE',  ( -0.7910559065798221656, 0.000000000000000000, 12.69549783445958013 ) ) ;
#297 = CARTESIAN_POINT ( 'NONE',  ( -14.29105590657982283, 26.00000000000000000, 14.19549783445957836 ) ) ;
#298 = LINE ( 'NONE', #918, #805 ) ;
#299 = CARTESIAN_POINT ( 'NONE',  ( -29.79105590657982461, 26.00000000000000000, 13.19549783445958013 ) ) ;
#300 = CARTESIAN_POINT ( 'NONE',  ( 2.208944093420178945, 26.00000000000000000, 14.19549783445957836 ) ) ;
#301 = EDGE_CURVE ( 'NONE', #1110, #1208, #1912, .T. ) ;
#302 = LINE ( 'NONE', #2463, #272 ) ;
#303 = ORIENTED_EDGE ( 'NONE', *, *, #2352, .F. ) ;
#304 = FACE_OUTER_BOUND ( 'NONE', #28, .T. ) ;
#305 = PLANE ( 'NONE',  #2055 ) ;
#306 = ADVANCED_FACE ( 'NONE', ( #1052 ), #31, .F. ) ;
#307 = ORIENTED_EDGE ( 'NONE', *, *, #1822, .F. ) ;
#308 = DIRECTION ( 'NONE',  ( 0.000000000000000000, 0.000000000000000000, -1.000000000000000000 ) ) ;
#309 = VERTEX_POINT ( 'NONE', #1512 ) ;
#310 = CARTESIAN_POINT ( 'NONE',  ( -22.79105590657982106, 0.000000000000000000, 13.19549783445958013 ) ) ;
#311 = VECTOR ( 'NONE', #2730, 1000.000000000000000 ) ;
#312 = EDGE_LOOP ( 'NONE', ( #1970, #435, #2387, #290 ) ) ;
#313 = CARTESIAN_POINT ( 'NONE',  ( -11.79105590657982106, 0.000000000000000000, 12.69549783445958013 ) ) ;
#314 = VECTOR ( 'NONE', #1119, 1000.000000000000000 ) ;
#315 = ADVANCED_FACE ( 'NONE', ( #1038 ), #1470, .T. ) ;
#316 = AXIS2_PLACEMENT_3D ( 'NONE', #436, #1287, #27 ) ;
#317 = CARTESIAN_POINT ( 'NONE',  ( -19.79105590657982461, 24.99999999999999645, 14.19549783445957836 ) ) ;
#318 = DIRECTION ( 'NONE',  ( 1.000000000000000000, -0.000000000000000000, 0.000000000000000000 ) ) ;
#319 = EDGE_CURVE ( 'NONE', #1283, #1138, #1273, .T. ) ;
#320 = VERTEX_POINT ( 'NONE', #1500 ) ;
#321 = LINE ( 'NONE', #1405, #2628 ) ;
#322 = CARTESIAN_POINT ( 'NONE',  ( -35.29105590657982816, 26.00000000000000000, 13.19549783445958013 ) ) ;
#323 = VERTEX_POINT ( 'NONE', #2353 ) ;
#324 = LINE ( 'NONE', #2656, #1083 ) ;
#325 = ORIENTED_EDGE ( 'NONE', *, *, #1897, .F. ) ;
#326 = EDGE_LOOP ( 'NONE', ( #1915, #2238, #2663, #2169 ) ) ;
#327 = FACE_OUTER_BOUND ( 'NONE', #508, .T. ) ;
#328 = AXIS2_PLACEMENT_3D ( 'NONE', #1868, #1921, #820 ) ;
#329 = DIRECTION ( 'NONE',  ( 1.000000000000000000, 0.000000000000000000, 0.000000000000000000 ) ) ;
#330 = CARTESIAN_POINT ( 'NONE',  ( -32.79105590657982816, 1.000000000000000888, 14.19549783445957836 ) ) ;
#331 = CARTESIAN_POINT ( 'NONE',  ( -7.791055906579821944, 26.00000000000000000, 12.69549783445958013 ) ) ;
#332 = CARTESIAN_POINT ( 'NONE',  ( -10.79105590657982106, 24.99999999999999645, 14.19549783445957836 ) ) ;
#333 = AXIS2_PLACEMENT_3D ( 'NONE', #260, #248, #1103 ) ;
#334 = VECTOR ( 'NONE', #61, 1000.000000000000000 ) ;
#335 = ORIENTED_EDGE ( 'NONE', *, *, #2537, .F. ) ;
#336 = ADVANCED_FACE ( 'NONE', ( #2727 ), #598, .T. ) ;
#337 = ORIENTED_EDGE ( 'NONE', *, *, #1695, .T. ) ;
#338 = PLANE ( 'NONE',  #1392 ) ;
#339 = VERTEX_POINT ( 'NONE', #1885 ) ;
#340 = EDGE_LOOP ( 'NONE', ( #1562, #2271, #1373, #422 ) ) ;
#341 = CARTESIAN_POINT ( 'NONE',  ( -11.79105590657981928, 26.00000000000000000, 13.19549783445958013 ) ) ;
#342 = EDGE_CURVE ( 'NONE', #1009, #1184, #1454, .T. ) ;
#343 = ORIENTED_EDGE ( 'NONE', *, *, #1104, .T. ) ;
#344 = CARTESIAN_POINT ( 'NONE',  ( -0.7910559065798221656, 0.000000000000000000, 12.69549783445958013 ) ) ;
#345 = LINE ( 'NONE', #1215, #2554 ) ;
#346 = CARTESIAN_POINT ( 'NONE',  ( -13.75849803319520426, 0.000000000000000000, -20.56519104384513241 ) ) ;
#347 = LINE ( 'NONE', #1201, #2273 ) ;
#348 = DIRECTION ( 'NONE',  ( -1.000000000000000000, 0.000000000000000000, 3.854941057726238590E-16 ) ) ;
#349 = FACE_OUTER_BOUND ( 'NONE', #845, .T. ) ;
#350 = ORIENTED_EDGE ( 'NONE', *, *, #658, .T. ) ;
#351 = CARTESIAN_POINT ( 'NONE',  ( 687.2354072072257622, 864.2087470139252900, 1284.736317979512251 ) ) ;
#352 = ORIENTED_EDGE ( 'NONE', *, *, #627, .F. ) ;
#353 = VERTEX_POINT ( 'NONE', #2313 ) ;
#354 = DIRECTION ( 'NONE',  ( 0.000000000000000000, 0.000000000000000000, -1.000000000000000000 ) ) ;
#355 = ORIENTED_EDGE ( 'NONE', *, *, #103, .F. ) ;
#356 = CARTESIAN_POINT ( 'NONE',  ( 2.208944093420178945, 26.00000000000000000, 13.19549783445958013 ) ) ;
#357 = EDGE_CURVE ( 'NONE', #105, #1330, #384, .T. ) ;
#358 = DIRECTION ( 'NONE',  ( -0.000000000000000000, -0.000000000000000000, 1.000000000000000000 ) ) ;
#359 = VECTOR ( 'NONE', #698, 1000.000000000000000 ) ;
#360 = CARTESIAN_POINT ( 'NONE',  ( 4.708944093420180721, 26.00000000000000000, 12.69549783445958013 ) ) ;
#361 = DIRECTION ( 'NONE',  ( 0.000000000000000000, 1.000000000000000000, 0.000000000000000000 ) ) ;
#362 = ORIENTED_EDGE ( 'NONE', *, *, #1522, .F. ) ;
#363 = VECTOR ( 'NONE', #1029, 1000.000000000000000 ) ;
#364 = ORIENTED_EDGE ( 'NONE', *, *, #342, .F. ) ;
#365 = DIRECTION ( 'NONE',  ( 1.000000000000000000, -0.000000000000000000, 0.000000000000000000 ) ) ;
#366 = VERTEX_POINT ( 'NONE', #612 ) ;
#367 = EDGE_LOOP ( 'NONE', ( #1717, #2689, #1578, #2338 ) ) ;
#368 = CARTESIAN_POINT ( 'NONE',  ( -2.291055906579821944, 0.000000000000000000, 12.69549783445958013 ) ) ;
#369 = DIRECTION ( 'NONE',  ( -1.000000000000000000, 0.000000000000000000, -0.000000000000000000 ) ) ;
#370 = CARTESIAN_POINT ( 'NONE',  ( -0.7910559065798221656, 0.000000000000000000, 12.69549783445958013 ) ) ;
#371 = CYLINDRICAL_SURFACE ( 'NONE', #783, 0.9999999999999991118 ) ;
#372 = ADVANCED_FACE ( 'NONE', ( #398 ), #838, .F. ) ;
#373 = CARTESIAN_POINT ( 'NONE',  ( -18.79105590657982106, 26.00000000000000000, 12.69549783445958013 ) ) ;
#374 = ORIENTED_EDGE ( 'NONE', *, *, #42, .F. ) ;
#375 = ORIENTED_EDGE ( 'NONE', *, *, #526, .T. ) ;
#376 = DIRECTION ( 'NONE',  ( 1.000000000000000000, -0.000000000000000000, 0.000000000000000000 ) ) ;
#377 = ORIENTED_EDGE ( 'NONE', *, *, #1634, .T. ) ;
#378 = ORIENTED_EDGE ( 'NONE', *, *, #382, .F. ) ;
#379 = CARTESIAN_POINT ( 'NONE',  ( -69.25849803319519538, 3.000000000000000000, -22.56519104384513241 ) ) ;
#380 = DIRECTION ( 'NONE',  ( 0.000000000000000000, 0.000000000000000000, -1.000000000000000000 ) ) ;
#381 = DIRECTION ( 'NONE',  ( 1.000000000000000000, -0.000000000000000000, 0.000000000000000000 ) ) ;
#382 = EDGE_CURVE ( 'NONE', #390, #120, #762, .T. ) ;
#383 =( BOUNDED_CURVE ( )  B_SPLINE_CURVE ( 3, ( #2269, #2475, #2068, #160 ),
 .UNSPECIFIED., .F., .T. ) 
 B_SPLINE_CURVE_WITH_KNOTS ( ( 4, 4 ),
 ( 4.712388980384689674, 6.283185307179586232 ),
 .UNSPECIFIED. ) 
 CURVE ( )  GEOMETRIC_REPRESENTATION_ITEM ( )  RATIONAL_B_SPLINE_CURVE ( ( 1.000000000000000000, 0.8047378541243649375, 0.8047378541243649375, 1.000000000000000000 ) ) 
 REPRESENTATION_ITEM ( '' )  );
#384 = LINE ( 'NONE', #825, #1366 ) ;
#385 = CARTESIAN_POINT ( 'NONE',  ( 0.000000000000000000, 24.99999999999999645, 13.19549783445958013 ) ) ;
#386 =( NAMED_UNIT ( * ) PLANE_ANGLE_UNIT ( ) SI_UNIT ( $, .RADIAN. ) );
#387 = ORIENTED_EDGE ( 'NONE', *, *, #2484, .T. ) ;
#388 = ADVANCED_FACE ( 'NONE', ( #639 ), #905, .F. ) ;
#389 = CARTESIAN_POINT ( 'NONE',  ( 4.708944093420180721, 0.000000000000000000, 13.19549783445958013 ) ) ;
#390 = VERTEX_POINT ( 'NONE', #2423 ) ;
#391 = CARTESIAN_POINT ( 'NONE',  ( -28.29105590657982461, 26.00000000000000000, 13.19549783445958013 ) ) ;
#392 = ADVANCED_FACE ( 'NONE', ( #454 ), #2570, .T. ) ;
#393 = VERTEX_POINT ( 'NONE', #716 ) ;
#394 = DIRECTION ( 'NONE',  ( -3.336006684570783348E-17, -1.000000000000000000, 0.000000000000000000 ) ) ;
#395 = PLANE ( 'NONE',  #328 ) ;
#396 = DIRECTION ( 'NONE',  ( 0.000000000000000000, -1.000000000000000000, 0.000000000000000000 ) ) ;
#397 = VECTOR ( 'NONE', #89, 1000.000000000000000 ) ;
#398 = FACE_OUTER_BOUND ( 'NONE', #2372, .T. ) ;
#399 = EDGE_CURVE ( 'NONE', #1115, #862, #2612, .T. ) ;
#400 = CARTESIAN_POINT ( 'NONE',  ( 3.208944093420178945, 26.00000000000000000, 12.69549783445958013 ) ) ;
#401 = VERTEX_POINT ( 'NONE', #2377 ) ;
#402 = DIRECTION ( 'NONE',  ( 1.000000000000000000, -0.000000000000000000, 0.000000000000000000 ) ) ;
#403 = ORIENTED_EDGE ( 'NONE', *, *, #1308, .F. ) ;
#404 = CARTESIAN_POINT ( 'NONE',  ( -25.29105590657982461, 24.99999999999999645, 14.19549783445957836 ) ) ;
#405 = DIRECTION ( 'NONE',  ( -1.000000000000000000, 0.000000000000000000, 0.000000000000000000 ) ) ;
#406 = EDGE_CURVE ( 'NONE', #2454, #2617, #891, .T. ) ;
#407 = CARTESIAN_POINT ( 'NONE',  ( 3.208944093420178945, 26.00000000000000000, 13.19549783445958013 ) ) ;
#408 = ORIENTED_EDGE ( 'NONE', *, *, #2228, .F. ) ;
#409 = CARTESIAN_POINT ( 'NONE',  ( -44.79105590657983527, 1.000000000000000888, 14.19549783445957836 ) ) ;
#410 = CARTESIAN_POINT ( 'NONE',  ( -0.7910559065798230538, 24.99999999999999645, 14.19549783445957836 ) ) ;
#411 = CARTESIAN_POINT ( 'NONE',  ( -33.79105590657982816, 26.00000000000000000, 13.19549783445958013 ) ) ;
#412 = DIRECTION ( 'NONE',  ( 1.000000000000000000, -0.000000000000000000, 0.000000000000000000 ) ) ;
#413 = DIRECTION ( 'NONE',  ( 1.000000000000000000, -0.000000000000000000, 0.000000000000000000 ) ) ;
#414 = CONTEXT_DEPENDENT_SHAPE_REPRESENTATION ( #1743, #1981 ) ;
#415 = EDGE_LOOP ( 'NONE', ( #493, #1824, #2102, #2168 ) ) ;
#416 = VECTOR ( 'NONE', #165, 1000.000000000000000 ) ;
#417 = CARTESIAN_POINT ( 'NONE',  ( -11.79105590657981928, 26.00000000000000000, 12.69549783445958013 ) ) ;
#418 = EDGE_CURVE ( 'NONE', #2390, #1694, #500, .T. ) ;
#419 = ORIENTED_EDGE ( 'NONE', *, *, #1063, .T. ) ;
#420 = FACE_OUTER_BOUND ( 'NONE', #2640, .T. ) ;
#421 = CARTESIAN_POINT ( 'NONE',  ( -33.79105590657982816, 0.000000000000000000, 13.19549783445958013 ) ) ;
#422 = ORIENTED_EDGE ( 'NONE', *, *, #450, .T. ) ;
#423 = CARTESIAN_POINT ( 'NONE',  ( -19.79105590657982461, 26.00000000000000000, 14.19549783445957836 ) ) ;
#424 = LINE ( 'NONE', #2092, #1271 ) ;
#425 = ADVANCED_FACE ( 'NONE', ( #1753 ), #1525, .F. ) ;
#426 = EDGE_CURVE ( 'NONE', #2677, #2024, #659, .T. ) ;
#427 = CARTESIAN_POINT ( 'NONE',  ( -44.79105590657983527, 1.000000000000000888, 13.19549783445958013 ) ) ;
#428 = DIRECTION ( 'NONE',  ( 1.000000000000000000, 0.000000000000000000, 0.000000000000000000 ) ) ;
#429 = ORIENTED_EDGE ( 'NONE', *, *, #1140, .T. ) ;
#430 = LINE ( 'NONE', #214, #311 ) ;
#431 = ORIENTED_EDGE ( 'NONE', *, *, #382, .T. ) ;
#432 = EDGE_CURVE ( 'NONE', #742, #1009, #1144, .T. ) ;
#433 = ORIENTED_EDGE ( 'NONE', *, *, #1067, .F. ) ;
#434 = LINE ( 'NONE', #621, #2408 ) ;
#435 = ORIENTED_EDGE ( 'NONE', *, *, #2300, .F. ) ;
#436 = CARTESIAN_POINT ( 'NONE',  ( -15.75849803319520603, 3.000000000000000000, -20.56519104384513241 ) ) ;
#437 = PLANE ( 'NONE',  #1541 ) ;
#438 = ORIENTED_EDGE ( 'NONE', *, *, #1522, .T. ) ;
#439 = EDGE_CURVE ( 'NONE', #390, #601, #44, .T. ) ;
#440 = CARTESIAN_POINT ( 'NONE',  ( -41.79105590657983527, 1.000000000000000888, 14.19549783445957836 ) ) ;
#441 =( BOUNDED_CURVE ( )  B_SPLINE_CURVE ( 3, ( #1309, #251, #1106, #1295 ),
 .UNSPECIFIED., .F., .T. ) 
 B_SPLINE_CURVE_WITH_KNOTS ( ( 4, 4 ),
 ( 0.000000000000000000, 1.570796326794896558 ),
 .UNSPECIFIED. ) 
 CURVE ( )  GEOMETRIC_REPRESENTATION_ITEM ( )  RATIONAL_B_SPLINE_CURVE ( ( 1.000000000000000000, 0.8047378541243649375, 0.8047378541243649375, 1.000000000000000000 ) ) 
 REPRESENTATION_ITEM ( '' )  );
#442 = ORIENTED_EDGE ( 'NONE', *, *, #1718, .T. ) ;
#443 = AXIS2_PLACEMENT_3D ( 'NONE', #233, #1089, #903 ) ;
#444 = DIRECTION ( 'NONE',  ( -0.000000000000000000, -1.000000000000000000, -0.000000000000000000 ) ) ;
#445 = VERTEX_POINT ( 'NONE', #1964 ) ;
#446 = AXIS2_PLACEMENT_3D ( 'NONE', #50, #1798, #2219 ) ;
#447 = APPLICATION_CONTEXT ( 'automotive_design' ) ;
#448 = VECTOR ( 'NONE', #2118, 1000.000000000000000 ) ;
#449 = CARTESIAN_POINT ( 'NONE',  ( 0.000000000000000000, 24.99999999999999645, 13.19549783445958013 ) ) ;
#450 = EDGE_CURVE ( 'NONE', #1442, #2657, #1349, .T. ) ;
#451 = DIRECTION ( 'NONE',  ( 0.000000000000000000, 1.000000000000000000, 0.000000000000000000 ) ) ;
#452 = EDGE_CURVE ( 'NONE', #1707, #112, #1305, .T. ) ;
#453 = ORIENTED_EDGE ( 'NONE', *, *, #2211, .F. ) ;
#454 = FACE_OUTER_BOUND ( 'NONE', #916, .T. ) ;
#455 = PLANE ( 'NONE',  #1414 ) ;
#456 = ADVANCED_FACE ( 'NONE', ( #1737 ), #1540, .F. ) ;
#457 =( BOUNDED_CURVE ( )  B_SPLINE_CURVE ( 3, ( #1526, #2038, #949, #764 ),
 .UNSPECIFIED., .F., .T. ) 
 B_SPLINE_CURVE_WITH_KNOTS ( ( 4, 4 ),
 ( 3.141592653589793116, 4.712388980384689674 ),
 .UNSPECIFIED. ) 
 CURVE ( )  GEOMETRIC_REPRESENTATION_ITEM ( )  RATIONAL_B_SPLINE_CURVE ( ( 1.000000000000000000, 0.8047378541243649375, 0.8047378541243649375, 1.000000000000000000 ) ) 
 REPRESENTATION_ITEM ( '' )  );
#458 = CYLINDRICAL_SURFACE ( 'NONE', #490, 0.9999999999999991118 ) ;
#459 = EDGE_CURVE ( 'NONE', #498, #536, #1116, .T. ) ;
#460 = ORIENTED_EDGE ( 'NONE', *, *, #127, .F. ) ;
#461 = CARTESIAN_POINT ( 'NONE',  ( -8.791055906579822832, 24.99999999999999645, 14.19549783445957836 ) ) ;
#462 = FACE_OUTER_BOUND ( 'NONE', #1637, .T. ) ;
#463 = ORIENTED_EDGE ( 'NONE', *, *, #2383, .F. ) ;
#464 = DIRECTION ( 'NONE',  ( 0.000000000000000000, 0.000000000000000000, -1.000000000000000000 ) ) ;
#465 = VERTEX_POINT ( 'NONE', #1766 ) ;
#466 = VECTOR ( 'NONE', #1793, 1000.000000000000000 ) ;
#467 = VECTOR ( 'NONE', #907, 1000.000000000000000 ) ;
#468 = CYLINDRICAL_SURFACE ( 'NONE', #806, 0.9999999999999991118 ) ;
#469 = ORIENTED_EDGE ( 'NONE', *, *, #1833, .T. ) ;
#470 = DIRECTION ( 'NONE',  ( -0.000000000000000000, -1.000000000000000000, -0.000000000000000000 ) ) ;
#471 = LINE ( 'NONE', #932, #2635 ) ;
#472 = DIRECTION ( 'NONE',  ( 3.336006684570782732E-17, 1.000000000000000000, -0.000000000000000000 ) ) ;
#473 = CARTESIAN_POINT ( 'NONE',  ( -13.75849803319520426, 3.000000000000000000, -20.56519104384513241 ) ) ;
#474 = EDGE_CURVE ( 'NONE', #1859, #353, #1335, .T. ) ;
#475 = LINE ( 'NONE', #2205, #704 ) ;
#476 = CARTESIAN_POINT ( 'NONE',  ( -13.29105590657982106, 0.000000000000000000, 12.69549783445958013 ) ) ;
#477 = ORIENTED_EDGE ( 'NONE', *, *, #485, .T. ) ;
#478 = CARTESIAN_POINT ( 'NONE',  ( -69.25849803319519538, 0.000000000000000000, -0.5651910438451355212 ) ) ;
#479 = VERTEX_POINT ( 'NONE', #1132 ) ;
#480 = DIRECTION ( 'NONE',  ( 0.000000000000000000, -1.000000000000000000, 0.000000000000000000 ) ) ;
#481 = EDGE_CURVE ( 'NONE', #498, #401, #1556, .T. ) ;
#482 = MANIFOLD_SOLID_BREP ( 'Fillet1', #1312 ) ;
#483 = CARTESIAN_POINT ( 'NONE',  ( -29.79105590657982461, 26.00000000000000000, 12.69549783445958013 ) ) ;
#484 = LINE ( 'NONE', #2378, #1714 ) ;
#485 = EDGE_CURVE ( 'NONE', #2390, #1515, #1158, .T. ) ;
#486 = CARTESIAN_POINT ( 'NONE',  ( -43.79105590657983527, 1.000000000000000888, 14.19549783445957836 ) ) ;
#487 = AXIS2_PLACEMENT_3D ( 'NONE', #100, #540, #1805 ) ;
#488 = DIRECTION ( 'NONE',  ( 0.000000000000000000, 1.000000000000000000, 0.000000000000000000 ) ) ;
#489 = DIRECTION ( 'NONE',  ( 0.000000000000000000, 1.000000000000000000, 0.000000000000000000 ) ) ;
#490 = AXIS2_PLACEMENT_3D ( 'NONE', #48, #894, #2589 ) ;
#491 = VERTEX_POINT ( 'NONE', #115 ) ;
#492 = CARTESIAN_POINT ( 'NONE',  ( -18.79105590657982106, 0.000000000000000000, 12.69549783445958013 ) ) ;
#493 = ORIENTED_EDGE ( 'NONE', *, *, #1942, .T. ) ;
#494 = CARTESIAN_POINT ( 'NONE',  ( -2.291055906579823720, 26.00000000000000000, 12.69549783445958013 ) ) ;
#495 =( BOUNDED_CURVE ( )  B_SPLINE_CURVE ( 3, ( #227, #1934, #2564, #1518 ),
 .UNSPECIFIED., .F., .T. ) 
 B_SPLINE_CURVE_WITH_KNOTS ( ( 4, 4 ),
 ( 3.141592653589793116, 4.712388980384689674 ),
 .UNSPECIFIED. ) 
 CURVE ( )  GEOMETRIC_REPRESENTATION_ITEM ( )  RATIONAL_B_SPLINE_CURVE ( ( 1.000000000000000000, 0.8047378541243649375, 0.8047378541243649375, 1.000000000000000000 ) ) 
 REPRESENTATION_ITEM ( '' )  );
#496 = EDGE_CURVE ( 'NONE', #309, #666, #1627, .T. ) ;
#497 = CARTESIAN_POINT ( 'NONE',  ( -29.79105590657982461, 0.000000000000000000, 12.69549783445958013 ) ) ;
#498 = VERTEX_POINT ( 'NONE', #1804 ) ;
#499 = VECTOR ( 'NONE', #2615, 1000.000000000000000 ) ;
#500 = LINE ( 'NONE', #513, #1097 ) ;
#501 = DIRECTION ( 'NONE',  ( -3.336006684570782732E-17, 1.000000000000000000, 0.000000000000000000 ) ) ;
#502 = LINE ( 'NONE', #299, #1216 ) ;
#503 = CARTESIAN_POINT ( 'NONE',  ( -30.79105590657982461, 24.99999999999999645, 14.19549783445957836 ) ) ;
#504 = DIRECTION ( 'NONE',  ( -0.000000000000000000, 0.000000000000000000, 1.000000000000000000 ) ) ;
#505 = EDGE_CURVE ( 'NONE', #868, #2403, #2437, .T. ) ;
#506 = CARTESIAN_POINT ( 'NONE',  ( 4.708944093420180721, 0.000000000000000000, 12.69549783445958013 ) ) ;
#507 = EDGE_LOOP ( 'NONE', ( #1223, #708, #2354, #587 ) ) ;
#508 = EDGE_LOOP ( 'NONE', ( #2593, #2278, #2358, #1559 ) ) ;
#509 = CARTESIAN_POINT ( 'NONE',  ( -6.291055906579821944, 1.012464023903132450E-15, 13.78128427208648255 ) ) ;
#510 = VECTOR ( 'NONE', #1268, 1000.000000000000000 ) ;
#511 = FACE_OUTER_BOUND ( 'NONE', #2073, .T. ) ;
#512 = EDGE_CURVE ( 'NONE', #2028, #120, #345, .T. ) ;
#513 = CARTESIAN_POINT ( 'NONE',  ( -22.79105590657982106, 24.99999999999999645, 14.19549783445957836 ) ) ;
#514 = ADVANCED_FACE ( 'NONE', ( #1227 ), #746, .T. ) ;
#515 = CARTESIAN_POINT ( 'NONE',  ( -40.79105590657982816, 26.00000000000000000, 12.69549783445958013 ) ) ;
#516 = CARTESIAN_POINT ( 'NONE',  ( -69.25849803319519538, 3.000000000000000000, -0.5651910438451355212 ) ) ;
#517 = VECTOR ( 'NONE', #2686, 1000.000000000000000 ) ;
#518 = FACE_OUTER_BOUND ( 'NONE', #2701, .T. ) ;
#519 = CARTESIAN_POINT ( 'NONE',  ( -28.29105590657982461, 0.000000000000000000, 13.19549783445958013 ) ) ;
#520 = ORIENTED_EDGE ( 'NONE', *, *, #406, .F. ) ;
#521 = DIRECTION ( 'NONE',  ( -1.000000000000000000, 0.000000000000000000, 0.000000000000000000 ) ) ;
#522 = EDGE_LOOP ( 'NONE', ( #2650, #2295, #753, #2495 ) ) ;
#523 = CARTESIAN_POINT ( 'NONE',  ( -38.29105590657982816, 24.99999999999999645, 14.19549783445957836 ) ) ;
#524 = DIRECTION ( 'NONE',  ( 0.000000000000000000, 1.000000000000000000, 0.000000000000000000 ) ) ;
#525 = DIRECTION ( 'NONE',  ( -1.000000000000000000, 0.000000000000000000, -0.000000000000000000 ) ) ;
#526 = EDGE_CURVE ( 'NONE', #802, #184, #577, .T. ) ;
#527 = CARTESIAN_POINT ( 'NONE',  ( 2.794730531047083133, 0.4142135623730961447, 14.19549783445957836 ) ) ;
#528 = LINE ( 'NONE', #331, #874 ) ;
#529 = ORIENTED_EDGE ( 'NONE', *, *, #751, .T. ) ;
#530 = ORIENTED_EDGE ( 'NONE', *, *, #1010, .T. ) ;
#531 = CARTESIAN_POINT ( 'NONE',  ( 0.000000000000000000, 0.000000000000000000, 0.000000000000000000 ) ) ;
#532 = LINE ( 'NONE', #2210, #271 ) ;
#533 = ORIENTED_EDGE ( 'NONE', *, *, #1368, .T. ) ;
#534 = VECTOR ( 'NONE', #603, 1000.000000000000000 ) ;
#535 = ADVANCED_FACE ( 'NONE', ( #730 ), #1413, .T. ) ;
#536 = VERTEX_POINT ( 'NONE', #538 ) ;
#537 = CYLINDRICAL_SURFACE ( 'NONE', #2375, 0.9999999999999991118 ) ;
#538 = CARTESIAN_POINT ( 'NONE',  ( -28.29105590657982461, 26.00000000000000000, 12.69549783445958013 ) ) ;
#539 = EDGE_CURVE ( 'NONE', #1245, #1902, #2379, .T. ) ;
#540 = DIRECTION ( 'NONE',  ( 0.000000000000000000, 1.000000000000000000, 0.000000000000000000 ) ) ;
#541 = LINE ( 'NONE', #766, #2381 ) ;
#542 = DIRECTION ( 'NONE',  ( 1.000000000000000000, 0.000000000000000000, 0.000000000000000000 ) ) ;
#543 = ADVANCED_FACE ( 'NONE', ( #1396 ), #2063, .T. ) ;
#544 = PRODUCT_DEFINITION_SHAPE ( 'NONE', 'NONE',  #2642 ) ;
#545 = CARTESIAN_POINT ( 'NONE',  ( -8.205269468952916867, 25.58578643762690419, 14.19549783445957836 ) ) ;
#546 = DIRECTION ( 'NONE',  ( 1.000000000000000000, 0.000000000000000000, 0.000000000000000000 ) ) ;
#547 = ORIENTED_EDGE ( 'NONE', *, *, #1472, .F. ) ;
#548 = DIRECTION ( 'NONE',  ( 0.000000000000000000, -1.000000000000000000, 0.000000000000000000 ) ) ;
#549 = ORIENTED_EDGE ( 'NONE', *, *, #1953, .T. ) ;
#550 = ORIENTED_EDGE ( 'NONE', *, *, #954, .T. ) ;
#551 = DIRECTION ( 'NONE',  ( 6.672013369141565463E-17, 1.000000000000000000, 0.000000000000000000 ) ) ;
#552 = VECTOR ( 'NONE', #1497, 1000.000000000000000 ) ;
#553 = DIRECTION ( 'NONE',  ( -1.000000000000000000, 0.000000000000000000, -0.000000000000000000 ) ) ;
#554 = DIRECTION ( 'NONE',  ( -0.000000000000000000, -1.000000000000000000, -0.000000000000000000 ) ) ;
#555 = EDGE_CURVE ( 'NONE', #97, #2081, #1828, .T. ) ;
#556 = CARTESIAN_POINT ( 'NONE',  ( -11.79105590657981928, 26.00000000000000355, 13.78128427208648255 ) ) ;
#557 = AXIS2_PLACEMENT_3D ( 'NONE', #1655, #2491, #583 ) ;
#558 = CARTESIAN_POINT ( 'NONE',  ( 0.000000000000000000, 0.000000000000000000, 0.000000000000000000 ) ) ;
#559 = ADVANCED_FACE ( 'NONE', ( #2459 ), #777, .F. ) ;
#560 = ORIENTED_EDGE ( 'NONE', *, *, #474, .T. ) ;
#561 = CARTESIAN_POINT ( 'NONE',  ( -35.29105590657982816, 0.000000000000000000, 13.19549783445958013 ) ) ;
#562 = EDGE_LOOP ( 'NONE', ( #2740, #1866, #1704, #9 ) ) ;
#563 = EDGE_CURVE ( 'NONE', #574, #2513, #564, .T. ) ;
#564 = LINE ( 'NONE', #2266, #2289 ) ;
#565 = FACE_OUTER_BOUND ( 'NONE', #2434, .T. ) ;
#566 = PLANE ( 'NONE',  #2322 ) ;
#567 = CARTESIAN_POINT ( 'NONE',  ( -13.29105590657982106, 26.00000000000000000, 13.19549783445958013 ) ) ;
#568 = EDGE_CURVE ( 'NONE', #754, #1694, #2105, .T. ) ;
#569 = ORIENTED_EDGE ( 'NONE', *, *, #866, .T. ) ;
#570 = ORIENTED_EDGE ( 'NONE', *, *, #2184, .F. ) ;
#571 = FACE_OUTER_BOUND ( 'NONE', #694, .T. ) ;
#572 = CARTESIAN_POINT ( 'NONE',  ( -2.705269468952918199, 25.58578643762690419, 14.19549783445957836 ) ) ;
#573 = ORIENTED_EDGE ( 'NONE', *, *, #1960, .F. ) ;
#574 = VERTEX_POINT ( 'NONE', #837 ) ;
#575 = VERTEX_POINT ( 'NONE', #2517 ) ;
#576 = CYLINDRICAL_SURFACE ( 'NONE', #1711, 1.000000000000000000 ) ;
#577 = LINE ( 'NONE', #1610, #1306 ) ;
#578 = VECTOR ( 'NONE', #2370, 1000.000000000000000 ) ;
#579 = CARTESIAN_POINT ( 'NONE',  ( 0.2089440934201777789, 1.000000000000000888, 14.19549783445957836 ) ) ;
#580 = LINE ( 'NONE', #967, #1211 ) ;
#581 = AXIS2_PLACEMENT_3D ( 'NONE', #721, #1955, #1532 ) ;
#582 =( BOUNDED_CURVE ( )  B_SPLINE_CURVE ( 3, ( #1364, #759, #1423, #2241 ),
 .UNSPECIFIED., .F., .T. ) 
 B_SPLINE_CURVE_WITH_KNOTS ( ( 4, 4 ),
 ( 0.000000000000000000, 1.570796326794896558 ),
 .UNSPECIFIED. ) 
 CURVE ( )  GEOMETRIC_REPRESENTATION_ITEM ( )  RATIONAL_B_SPLINE_CURVE ( ( 1.000000000000000000, 0.8047378541243649375, 0.8047378541243649375, 1.000000000000000000 ) ) 
 REPRESENTATION_ITEM ( '' )  );
#583 = DIRECTION ( 'NONE',  ( 1.000000000000000000, 0.000000000000000000, 0.000000000000000000 ) ) ;
#584 = VECTOR ( 'NONE', #163, 1000.000000000000000 ) ;
#585 = CIRCLE ( 'NONE', #668, 2.000000000000000000 ) ;
#586 = AXIS2_PLACEMENT_3D ( 'NONE', #1674, #2085, #1648 ) ;
#587 = ORIENTED_EDGE ( 'NONE', *, *, #2165, .F. ) ;
#588 = DIRECTION ( 'NONE',  ( 0.000000000000000000, 1.000000000000000000, 0.000000000000000000 ) ) ;
#589 =( NAMED_UNIT ( * ) SI_UNIT ( $, .STERADIAN. ) SOLID_ANGLE_UNIT ( ) );
#590 = ORIENTED_EDGE ( 'NONE', *, *, #2082, .F. ) ;
#591 = ORIENTED_EDGE ( 'NONE', *, *, #81, .F. ) ;
#592 = DIRECTION ( 'NONE',  ( 0.000000000000000000, 1.000000000000000000, 0.000000000000000000 ) ) ;
#593 = ORIENTED_EDGE ( 'NONE', *, *, #2716, .F. ) ;
#594 = CARTESIAN_POINT ( 'NONE',  ( -71.25849803319519538, 3.000000000000000000, -2.565191043845137298 ) ) ;
#595 = APPLICATION_CONTEXT ( 'automotive_design' ) ;
#596 = CARTESIAN_POINT ( 'NONE',  ( -44.79105590657983527, 1.000000000000000888, 14.19549783445957836 ) ) ;
#597 = CARTESIAN_POINT ( 'NONE',  ( -40.79105590657982816, 26.00000000000000000, 13.19549783445958013 ) ) ;
#598 = CYLINDRICAL_SURFACE ( 'NONE', #249, 0.9999999999999991118 ) ;
#599 = VECTOR ( 'NONE', #1508, 1000.000000000000000 ) ;
#600 = DIRECTION ( 'NONE',  ( 0.000000000000000000, 1.000000000000000000, 0.000000000000000000 ) ) ;
#601 = VERTEX_POINT ( 'NONE', #637 ) ;
#602 = STYLED_ITEM ( 'NONE', ( #793 ), #482 ) ;
#603 = DIRECTION ( 'NONE',  ( 0.000000000000000000, 0.000000000000000000, 1.000000000000000000 ) ) ;
#604 = ORIENTED_EDGE ( 'NONE', *, *, #1200, .T. ) ;
#605 = DIRECTION ( 'NONE',  ( 1.000000000000000000, 0.000000000000000000, 0.000000000000000000 ) ) ;
#606 = ORIENTED_EDGE ( 'NONE', *, *, #963, .T. ) ;
#607 = ADVANCED_FACE ( 'NONE', ( #218 ), #437, .F. ) ;
#608 = DIRECTION ( 'NONE',  ( 0.000000000000000000, 0.000000000000000000, -1.000000000000000000 ) ) ;
#609 = CYLINDRICAL_SURFACE ( 'NONE', #1677, 2.000000000000000000 ) ;
#610 = FACE_OUTER_BOUND ( 'NONE', #2346, .T. ) ;
#611 = CARTESIAN_POINT ( 'NONE',  ( -13.29105590657982106, 0.000000000000000000, 12.69549783445958013 ) ) ;
#612 = CARTESIAN_POINT ( 'NONE',  ( -69.25849803319519538, 0.000000000000000000, -22.56519104384513241 ) ) ;
#613 = ADVANCED_FACE ( 'NONE', ( #1269 ), #2310, .T. ) ;
#614 = CARTESIAN_POINT ( 'NONE',  ( -0.7910559065798226097, 26.00000000000000355, 13.78128427208648255 ) ) ;
#615 = ORIENTED_EDGE ( 'NONE', *, *, #801, .T. ) ;
#616 = LINE ( 'NONE', #1459, #2268 ) ;
#617 = FILL_AREA_STYLE ('',( #1044 ) ) ;
#618 = ORIENTED_EDGE ( 'NONE', *, *, #18, .T. ) ;
#619 = LINE ( 'NONE', #1209, #811 ) ;
#620 = CARTESIAN_POINT ( 'NONE',  ( -33.79105590657982816, 24.99999999999999645, 14.19549783445957836 ) ) ;
#621 = CARTESIAN_POINT ( 'NONE',  ( -6.291055906579821944, 26.00000000000000000, 12.69549783445958013 ) ) ;
#622 = VERTEX_POINT ( 'NONE', #2297 ) ;
#623 = DIRECTION ( 'NONE',  ( 1.000000000000000000, -0.000000000000000000, 0.000000000000000000 ) ) ;
#624 = DIRECTION ( 'NONE',  ( -0.000000000000000000, -0.000000000000000000, 1.000000000000000000 ) ) ;
#625 = UNCERTAINTY_MEASURE_WITH_UNIT (LENGTH_MEASURE( 1.000000000000000082E-05 ), #1172, 'distance_accuracy_value', 'NONE');
#626 = CARTESIAN_POINT ( 'NONE',  ( -2.291055906579824164, 8.673617379884035472E-16, 13.78128427208648255 ) ) ;
#627 = EDGE_CURVE ( 'NONE', #2512, #1138, #166, .T. ) ;
#628 = CARTESIAN_POINT ( 'NONE',  ( -33.79105590657982816, 26.00000000000000000, 13.19549783445958013 ) ) ;
#629 = ORIENTED_EDGE ( 'NONE', *, *, #2568, .F. ) ;
#630 = DIRECTION ( 'NONE',  ( 1.000000000000000000, -0.000000000000000000, 0.000000000000000000 ) ) ;
#631 = AXIS2_PLACEMENT_3D ( 'NONE', #269, #1072, #2566 ) ;
#632 = ORIENTED_EDGE ( 'NONE', *, *, #856, .T. ) ;
#633 = ADVANCED_FACE ( 'NONE', ( #1021 ), #395, .T. ) ;
#634 = CARTESIAN_POINT ( 'NONE',  ( -5.291055906579821944, 0.000000000000000000, 13.19549783445958013 ) ) ;
#635 = ORIENTED_EDGE ( 'NONE', *, *, #2521, .T. ) ;
#636 = LINE ( 'NONE', #2502, #641 ) ;
#637 = CARTESIAN_POINT ( 'NONE',  ( -3.291055906579823720, 24.99999999999999645, 14.19549783445957836 ) ) ;
#638 = CARTESIAN_POINT ( 'NONE',  ( -21.79105590657982106, 24.99999999999999645, 14.19549783445957836 ) ) ;
#639 = FACE_OUTER_BOUND ( 'NONE', #340, .T. ) ;
#640 = ORIENTED_EDGE ( 'NONE', *, *, #749, .T. ) ;
#641 = VECTOR ( 'NONE', #1020, 1000.000000000000000 ) ;
#642 = DIRECTION ( 'NONE',  ( 1.000000000000000000, -0.000000000000000000, 0.000000000000000000 ) ) ;
#643 = LINE ( 'NONE', #1808, #578 ) ;
#644 = EDGE_CURVE ( 'NONE', #120, #1184, #2736, .T. ) ;
#645 = ORIENTED_EDGE ( 'NONE', *, *, #432, .F. ) ;
#646 = CARTESIAN_POINT ( 'NONE',  ( -8.791055906579822832, 1.000000000000000888, 14.19549783445957836 ) ) ;
#647 = DIRECTION ( 'NONE',  ( -1.000000000000000000, 0.000000000000000000, -0.000000000000000000 ) ) ;
#648 = DIRECTION ( 'NONE',  ( -0.000000000000000000, 1.000000000000000000, -0.000000000000000000 ) ) ;
#649 = DIRECTION ( 'NONE',  ( 0.000000000000000000, 0.000000000000000000, 1.000000000000000000 ) ) ;
#650 = ORIENTED_EDGE ( 'NONE', *, *, #481, .F. ) ;
#651 = EDGE_CURVE ( 'NONE', #1245, #1727, #14, .T. ) ;
#652 = LINE ( 'NONE', #200, #534 ) ;
#653 = ORIENTED_EDGE ( 'NONE', *, *, #2286, .T. ) ;
#654 = ADVANCED_FACE ( 'NONE', ( #864 ), #1062, .T. ) ;
#655 = ORIENTED_EDGE ( 'NONE', *, *, #24, .F. ) ;
#656 = DIRECTION ( 'NONE',  ( -0.000000000000000000, 1.000000000000000000, -0.000000000000000000 ) ) ;
#657 = ORIENTED_EDGE ( 'NONE', *, *, #996, .T. ) ;
#658 = EDGE_CURVE ( 'NONE', #112, #2081, #207, .T. ) ;
#659 = LINE ( 'NONE', #297, #2733 ) ;
#660 = CARTESIAN_POINT ( 'NONE',  ( -15.75849803319519893, 3.000000000000000000, -0.5651910438451355212 ) ) ;
#661 = LINE ( 'NONE', #2150, #2411 ) ;
#662 = PRODUCT_CONTEXT ( 'NONE', #595, 'mechanical' ) ;
#663 = VERTEX_POINT ( 'NONE', #1 ) ;
#664 = VECTOR ( 'NONE', #642, 1000.000000000000000 ) ;
#665 = FACE_OUTER_BOUND ( 'NONE', #675, .T. ) ;
#666 = VERTEX_POINT ( 'NONE', #2557 ) ;
#667 = AXIS2_PLACEMENT_3D ( 'NONE', #245, #1778, #2348 ) ;
#668 = AXIS2_PLACEMENT_3D ( 'NONE', #2314, #361, #2096 ) ;
#669 = DIRECTION ( 'NONE',  ( -0.000000000000000000, -0.000000000000000000, 1.000000000000000000 ) ) ;
#670 = EDGE_LOOP ( 'NONE', ( #1107, #2128, #2318, #244 ) ) ;
#671 = DIRECTION ( 'NONE',  ( -0.000000000000000000, -0.000000000000000000, 1.000000000000000000 ) ) ;
#672 = EDGE_CURVE ( 'NONE', #1874, #2563, #1898, .T. ) ;
#673 = ORIENTED_EDGE ( 'NONE', *, *, #801, .F. ) ;
#674 = CARTESIAN_POINT ( 'NONE',  ( -10.79105590657982283, -6.672013369141566696E-17, 13.19549783445958013 ) ) ;
#675 = EDGE_LOOP ( 'NONE', ( #2220, #590, #1917, #1177 ) ) ;
#676 = CARTESIAN_POINT ( 'NONE',  ( -17.29105590657982106, 0.000000000000000000, 12.69549783445958013 ) ) ;
#677 = CARTESIAN_POINT ( 'NONE',  ( -33.37684234420672880, 0.4142135623730958671, 14.19549783445957836 ) ) ;
#678 = LINE ( 'NONE', #45, #2149 ) ;
#679 = DIRECTION ( 'NONE',  ( -0.000000000000000000, 0.000000000000000000, 1.000000000000000000 ) ) ;
#680 = FACE_OUTER_BOUND ( 'NONE', #2456, .T. ) ;
#681 = MECHANICAL_DESIGN_GEOMETRIC_PRESENTATION_REPRESENTATION (  '', ( #602 ), #1226 ) ;
#682 = PLANE ( 'NONE',  #267 ) ;
#683 = FACE_OUTER_BOUND ( 'NONE', #1998, .T. ) ;
#684 = ORIENTED_EDGE ( 'NONE', *, *, #2342, .F. ) ;
#685 = LINE ( 'NONE', #1301, #2406 ) ;
#686 = VECTOR ( 'NONE', #318, 1000.000000000000000 ) ;
#687 = ADVANCED_BREP_SHAPE_REPRESENTATION ( '', ( #482, #808 ), #1965 ) ;
#688 = ORIENTED_EDGE ( 'NONE', *, *, #406, .T. ) ;
#689 = DIRECTION ( 'NONE',  ( -0.000000000000000000, 1.000000000000000000, -0.000000000000000000 ) ) ;
#690 = DIRECTION ( 'NONE',  ( 0.000000000000000000, 1.000000000000000000, 0.000000000000000000 ) ) ;
#691 = DIRECTION ( 'NONE',  ( 0.000000000000000000, 1.000000000000000000, 0.000000000000000000 ) ) ;
#692 = EDGE_CURVE ( 'NONE', #1275, #390, #2504, .T. ) ;
#693 = PLANE ( 'NONE',  #939 ) ;
#694 = EDGE_LOOP ( 'NONE', ( #431, #2477, #1124, #1702 ) ) ;
#695 = EDGE_LOOP ( 'NONE', ( #30, #2621, #2705, #374 ) ) ;
#696 = FACE_OUTER_BOUND ( 'NONE', #2374, .T. ) ;
#697 = DIRECTION ( 'NONE',  ( 1.000000000000000000, 0.000000000000000000, -0.000000000000000000 ) ) ;
#698 = DIRECTION ( 'NONE',  ( 0.000000000000000000, 1.000000000000000000, 0.000000000000000000 ) ) ;
#699 = LINE ( 'NONE', #1984, #122 ) ;
#700 = EDGE_CURVE ( 'NONE', #2403, #1136, #1451, .T. ) ;
#701 = CARTESIAN_POINT ( 'NONE',  ( -6.291055906579821944, 26.00000000000000355, 13.78128427208648255 ) ) ;
#702 = ORIENTED_EDGE ( 'NONE', *, *, #2215, .F. ) ;
#703 = VECTOR ( 'NONE', #1782, 1000.000000000000000 ) ;
#704 = VECTOR ( 'NONE', #1327, 1000.000000000000000 ) ;
#705 = CARTESIAN_POINT ( 'NONE',  ( -17.29105590657982106, 0.000000000000000000, 12.69549783445958013 ) ) ;
#706 = AXIS2_PLACEMENT_3D ( 'NONE', #1328, #521, #1561 ) ;
#707 = EDGE_CURVE ( 'NONE', #1975, #1809, #1724, .T. ) ;
#708 = ORIENTED_EDGE ( 'NONE', *, *, #24, .T. ) ;
#709 = VECTOR ( 'NONE', #1239, 1000.000000000000000 ) ;
#710 = ORIENTED_EDGE ( 'NONE', *, *, #154, .T. ) ;
#711 = CARTESIAN_POINT ( 'NONE',  ( -0.7910559065798230538, 26.00000000000000000, 13.19549783445958013 ) ) ;
#712 = VECTOR ( 'NONE', #975, 1000.000000000000000 ) ;
#713 = ORIENTED_EDGE ( 'NONE', *, *, #2490, .T. ) ;
#714 = COLOUR_RGB ( '',0.7921568627450980005, 0.8196078431372548767, 0.9333333333333333481 ) ;
#715 = CYLINDRICAL_SURFACE ( 'NONE', #2729, 0.9999999999999991118 ) ;
#716 = CARTESIAN_POINT ( 'NONE',  ( -39.29105590657982816, 26.00000000000000000, 13.19549783445958013 ) ) ;
#717 = LINE ( 'NONE', #1611, #1835 ) ;
#718 = CARTESIAN_POINT ( 'NONE',  ( -35.70526946895292042, 25.58578643762690419, 14.19549783445957836 ) ) ;
#719 = AXIS2_PLACEMENT_3D ( 'NONE', #826, #197, #1053 ) ;
#720 = LINE ( 'NONE', #1993, #2518 ) ;
#721 = CARTESIAN_POINT ( 'NONE',  ( 0.000000000000000000, 0.000000000000000000, 12.69549783445958013 ) ) ;
#722 = VERTEX_POINT ( 'NONE', #1238 ) ;
#723 = LINE ( 'NONE', #1776, #57 ) ;
#724 = EDGE_LOOP ( 'NONE', ( #1286, #530, #153, #1066 ) ) ;
#725 = DIRECTION ( 'NONE',  ( -0.000000000000000000, -1.000000000000000000, -0.000000000000000000 ) ) ;
#726 = ORIENTED_EDGE ( 'NONE', *, *, #727, .T. ) ;
#727 = EDGE_CURVE ( 'NONE', #1297, #1330, #424, .T. ) ;
#728 = AXIS2_PLACEMENT_3D ( 'NONE', #1259, #1927, #2111 ) ;
#729 = CARTESIAN_POINT ( 'NONE',  ( -28.29105590657982106, 1.012464023903132450E-15, 13.78128427208648255 ) ) ;
#730 = FACE_OUTER_BOUND ( 'NONE', #1592, .T. ) ;
#731 = VECTOR ( 'NONE', #59, 1000.000000000000000 ) ;
#732 = CARTESIAN_POINT ( 'NONE',  ( 0.000000000000000000, 0.000000000000000000, 13.19549783445958013 ) ) ;
#733 = CARTESIAN_POINT ( 'NONE',  ( -15.75849803319520603, 3.000000000000000000, -22.56519104384513241 ) ) ;
#734 = VECTOR ( 'NONE', #1685, 1000.000000000000000 ) ;
#735 = CYLINDRICAL_SURFACE ( 'NONE', #2602, 1.000000000000000888 ) ;
#736 = EDGE_LOOP ( 'NONE', ( #1672, #226, #1834, #2605 ) ) ;
#737 = ORIENTED_EDGE ( 'NONE', *, *, #1329, .T. ) ;
#738 = ADVANCED_FACE ( 'NONE', ( #1680 ), #609, .T. ) ;
#739 = DIRECTION ( 'NONE',  ( -0.000000000000000000, 0.000000000000000000, 1.000000000000000000 ) ) ;
#740 = EDGE_LOOP ( 'NONE', ( #123, #1285, #2418, #1789 ) ) ;
#741 = CARTESIAN_POINT ( 'NONE',  ( -71.25849803319519538, 3.000000000000000000, -20.56519104384513241 ) ) ;
#742 = VERTEX_POINT ( 'NONE', #1049 ) ;
#743 = ORIENTED_EDGE ( 'NONE', *, *, #707, .F. ) ;
#744 = ORIENTED_EDGE ( 'NONE', *, *, #1607, .T. ) ;
#745 = PLANE ( 'NONE',  #1093 ) ;
#746 = PLANE ( 'NONE',  #2508 ) ;
#747 = DIRECTION ( 'NONE',  ( -3.854941057726238097E-16, -0.000000000000000000, -1.000000000000000000 ) ) ;
#748 = CARTESIAN_POINT ( 'NONE',  ( -41.79105590657983527, 24.99999999999999645, 14.19549783445957836 ) ) ;
#749 = EDGE_CURVE ( 'NONE', #465, #935, #1321, .T. ) ;
#750 = LINE ( 'NONE', #2674, #73 ) ;
#751 = EDGE_CURVE ( 'NONE', #1184, #2590, #235, .T. ) ;
#752 = ORIENTED_EDGE ( 'NONE', *, *, #137, .F. ) ;
#753 = ORIENTED_EDGE ( 'NONE', *, *, #2321, .F. ) ;
#754 = VERTEX_POINT ( 'NONE', #1567 ) ;
#755 = VERTEX_POINT ( 'NONE', #1377 ) ;
#756 = ORIENTED_EDGE ( 'NONE', *, *, #1084, .T. ) ;
#757 = DIRECTION ( 'NONE',  ( -0.000000000000000000, -1.000000000000000000, -0.000000000000000000 ) ) ;
#758 = ADVANCED_FACE ( 'NONE', ( #98 ), #2226, .F. ) ;
#759 = CARTESIAN_POINT ( 'NONE',  ( -17.29105590657982106, 26.00000000000000355, 13.78128427208648255 ) ) ;
#760 = AXIS2_PLACEMENT_3D ( 'NONE', #1786, #2620, #1149 ) ;
#761 = DIRECTION ( 'NONE',  ( -0.000000000000000000, -0.000000000000000000, 1.000000000000000000 ) ) ;
#762 =( BOUNDED_CURVE ( )  B_SPLINE_CURVE ( 3, ( #2343, #2535, #626, #2559 ),
 .UNSPECIFIED., .F., .T. ) 
 B_SPLINE_CURVE_WITH_KNOTS ( ( 4, 4 ),
 ( 4.712388980384690562, 6.283185307179586232 ),
 .UNSPECIFIED. ) 
 CURVE ( )  GEOMETRIC_REPRESENTATION_ITEM ( )  RATIONAL_B_SPLINE_CURVE ( ( 1.000000000000000000, 0.8047378541243652705, 0.8047378541243652705, 1.000000000000000000 ) ) 
 REPRESENTATION_ITEM ( '' )  );
#763 = AXIS2_PLACEMENT_3D ( 'NONE', #2307, #592, #1676 ) ;
#764 = CARTESIAN_POINT ( 'NONE',  ( -21.79105590657982106, 1.000000000000000888, 14.19549783445957836 ) ) ;
#765 = CARTESIAN_POINT ( 'NONE',  ( -41.79105590657983527, 26.00000000000000000, 13.19549783445958013 ) ) ;
#766 = CARTESIAN_POINT ( 'NONE',  ( -24.29105590657982461, 26.00000000000000000, 12.69549783445958013 ) ) ;
#767 = EDGE_CURVE ( 'NONE', #1009, #1025, #321, .T. ) ;
#768 = EDGE_LOOP ( 'NONE', ( #1977, #1031, #2444, #453 ) ) ;
#769 = CARTESIAN_POINT ( 'NONE',  ( 8.708944093420162957, 26.00000000000000000, 13.19549783445957480 ) ) ;
#770 = DIRECTION ( 'NONE',  ( 0.000000000000000000, 0.000000000000000000, 1.000000000000000000 ) ) ;
#771 = ORIENTED_EDGE ( 'NONE', *, *, #1140, .F. ) ;
#772 = VERTEX_POINT ( 'NONE', #1584 ) ;
#773 = CARTESIAN_POINT ( 'NONE',  ( -25.29105590657982461, 1.000000000000000888, 14.19549783445957836 ) ) ;
#774 = ORIENTED_EDGE ( 'NONE', *, *, #672, .T. ) ;
#775 = DIRECTION ( 'NONE',  ( -0.000000000000000000, -0.000000000000000000, 1.000000000000000000 ) ) ;
#776 = AXIS2_PLACEMENT_3D ( 'NONE', #1679, #2516, #1708 ) ;
#777 = PLANE ( 'NONE',  #2645 ) ;
#778 = PLANE ( 'NONE',  #1077 ) ;
#779 = CARTESIAN_POINT ( 'NONE',  ( -41.20526946895292753, 25.58578643762690419, 14.19549783445957836 ) ) ;
#780 =( BOUNDED_CURVE ( )  B_SPLINE_CURVE ( 3, ( #2728, #1148, #2007, #2426 ),
 .UNSPECIFIED., .F., .T. ) 
 B_SPLINE_CURVE_WITH_KNOTS ( ( 4, 4 ),
 ( 1.570796326794896558, 3.141592653589793116 ),
 .UNSPECIFIED. ) 
 CURVE ( )  GEOMETRIC_REPRESENTATION_ITEM ( )  RATIONAL_B_SPLINE_CURVE ( ( 1.000000000000000000, 0.8047378541243649375, 0.8047378541243649375, 1.000000000000000000 ) ) 
 REPRESENTATION_ITEM ( '' )  );
#781 = FACE_OUTER_BOUND ( 'NONE', #1389, .T. ) ;
#782 = DIRECTION ( 'NONE',  ( 0.000000000000000000, -1.000000000000000000, 0.000000000000000000 ) ) ;
#783 = AXIS2_PLACEMENT_3D ( 'NONE', #1229, #2080, #1023 ) ;
#784 = LINE ( 'NONE', #2025, #947 ) ;
#785 = LINE ( 'NONE', #2071, #2500 ) ;
#786 = ORIENTED_EDGE ( 'NONE', *, *, #1752, .F. ) ;
#787 = VERTEX_POINT ( 'NONE', #1792 ) ;
#788 = CARTESIAN_POINT ( 'NONE',  ( -24.70526946895292042, 0.4142135623730961447, 14.19549783445957836 ) ) ;
#789 = ADVANCED_FACE ( 'NONE', ( #139 ), #537, .T. ) ;
#790 = ORIENTED_EDGE ( 'NONE', *, *, #125, .F. ) ;
#791 = CARTESIAN_POINT ( 'NONE',  ( -24.29105590657982461, 26.00000000000000000, 13.19549783445958013 ) ) ;
#792 = APPLICATION_CONTEXT ( 'automotive_design' ) ;
#793 = PRESENTATION_STYLE_ASSIGNMENT (( #917 ) ) ;
#794 = UNCERTAINTY_MEASURE_WITH_UNIT (LENGTH_MEASURE( 1.000000000000000082E-05 ), #1443, 'distance_accuracy_value', 'NONE');
#795 = FACE_OUTER_BOUND ( 'NONE', #1534, .T. ) ;
#796 = CARTESIAN_POINT ( 'NONE',  ( -40.79105590657982816, 0.000000000000000000, 13.19549783445958013 ) ) ;
#797 =( NAMED_UNIT ( * ) PLANE_ANGLE_UNIT ( ) SI_UNIT ( $, .RADIAN. ) );
#798 = CARTESIAN_POINT ( 'NONE',  ( -2.291055906579823720, 26.00000000000000000, 13.19549783445958013 ) ) ;
#799 = ORIENTED_EDGE ( 'NONE', *, *, #175, .T. ) ;
#800 = CARTESIAN_POINT ( 'NONE',  ( 2.208944093420178945, 24.99999999999999645, 14.19549783445957836 ) ) ;
#801 = EDGE_CURVE ( 'NONE', #868, #479, #948, .T. ) ;
#802 = VERTEX_POINT ( 'NONE', #2449 ) ;
#803 = CARTESIAN_POINT ( 'NONE',  ( -7.791055906579821055, 0.000000000000000000, 12.69549783445958013 ) ) ;
#804 = DIRECTION ( 'NONE',  ( -1.000000000000000000, -0.000000000000000000, -0.000000000000000000 ) ) ;
#805 = VECTOR ( 'NONE', #1794, 1000.000000000000000 ) ;
#806 = AXIS2_PLACEMENT_3D ( 'NONE', #2389, #1114, #2185 ) ;
#807 = CARTESIAN_POINT ( 'NONE',  ( 3.208944093420178056, 0.000000000000000000, 12.69549783445958013 ) ) ;
#808 = AXIS2_PLACEMENT_3D ( 'NONE', #531, #2042, #1861 ) ;
#809 = VECTOR ( 'NONE', #1137, 1000.000000000000000 ) ;
#810 = DIRECTION ( 'NONE',  ( 0.000000000000000000, -1.000000000000000000, 0.000000000000000000 ) ) ;
#811 = VECTOR ( 'NONE', #605, 1000.000000000000000 ) ;
#812 = CYLINDRICAL_SURFACE ( 'NONE', #2141, 0.9999999999999991118 ) ;
#813 = ORIENTED_EDGE ( 'NONE', *, *, #672, .F. ) ;
#814 = ADVANCED_FACE ( 'NONE', ( #2643 ), #715, .T. ) ;
#815 = LINE ( 'NONE', #1028, #1523 ) ;
#816 = ORIENTED_EDGE ( 'NONE', *, *, #954, .F. ) ;
#817 = EDGE_LOOP ( 'NONE', ( #1069, #684, #1787, #325 ) ) ;
#818 = DIRECTION ( 'NONE',  ( -0.000000000000000000, 0.000000000000000000, 1.000000000000000000 ) ) ;
#819 = EDGE_CURVE ( 'NONE', #2081, #445, #582, .T. ) ;
#820 = DIRECTION ( 'NONE',  ( 0.000000000000000000, -0.000000000000000000, 1.000000000000000000 ) ) ;
#821 = CARTESIAN_POINT ( 'NONE',  ( -40.79105590657982816, 1.084202172485504434E-15, 13.78128427208648255 ) ) ;
#822 = VECTOR ( 'NONE', #775, 1000.000000000000000 ) ;
#823 = EDGE_CURVE ( 'NONE', #2356, #2617, #1350, .T. ) ;
#824 = PRODUCT_DEFINITION_CONTEXT ( 'detailed design', #880, 'design' ) ;
#825 = CARTESIAN_POINT ( 'NONE',  ( -35.29105590657982816, 0.000000000000000000, 12.69549783445958013 ) ) ;
#826 = CARTESIAN_POINT ( 'NONE',  ( 711.7028493338410726, 890.2087470139252900, 1300.997006857817041 ) ) ;
#827 = EDGE_LOOP ( 'NONE', ( #2583, #1939, #929, #355 ) ) ;
#828 = ADVANCED_BREP_SHAPE_REPRESENTATION ( '', ( #1486, #808 ), #1664 ) ;
#829 = DIRECTION ( 'NONE',  ( -0.000000000000000000, -0.000000000000000000, 1.000000000000000000 ) ) ;
#830 = ORIENTED_EDGE ( 'NONE', *, *, #1030, .F. ) ;
#831 = CARTESIAN_POINT ( 'NONE',  ( -24.29105590657982106, 26.00000000000000355, 13.78128427208648255 ) ) ;
#832 = VECTOR ( 'NONE', #472, 1000.000000000000000 ) ;
#833 = EDGE_CURVE ( 'NONE', #2526, #161, #1640, .T. ) ;
#834 = CARTESIAN_POINT ( 'NONE',  ( 5.123157655793274756, 25.58578643762690419, 14.19549783445957836 ) ) ;
#835 = ORIENTED_EDGE ( 'NONE', *, *, #921, .T. ) ;
#836 = CARTESIAN_POINT ( 'NONE',  ( -17.29105590657982106, 0.000000000000000000, 12.69549783445958013 ) ) ;
#837 = CARTESIAN_POINT ( 'NONE',  ( -24.29105590657982461, 0.000000000000000000, 12.69549783445958013 ) ) ;
#838 = PLANE ( 'NONE',  #728 ) ;
#839 = ADVANCED_FACE ( 'NONE', ( #327 ), #2472, .F. ) ;
#840 = ADVANCED_FACE ( 'NONE', ( #511 ), #745, .F. ) ;
#841 =( NAMED_UNIT ( * ) SI_UNIT ( $, .STERADIAN. ) SOLID_ANGLE_UNIT ( ) );
#842 = ORIENTED_EDGE ( 'NONE', *, *, #474, .F. ) ;
#843 = CYLINDRICAL_SURFACE ( 'NONE', #2625, 0.9999999999999991118 ) ;
#844 = VERTEX_POINT ( 'NONE', #2627 ) ;
#845 = EDGE_LOOP ( 'NONE', ( #1838, #1041, #2336, #1095 ) ) ;
#846 = CARTESIAN_POINT ( 'NONE',  ( -24.29105590657982461, 26.00000000000000000, 12.69549783445958013 ) ) ;
#847 = CARTESIAN_POINT ( 'NONE',  ( -22.79105590657981395, 26.00000000000000355, 13.78128427208648255 ) ) ;
#848 = DIRECTION ( 'NONE',  ( 1.000000000000000000, -0.000000000000000000, 0.000000000000000000 ) ) ;
#849 = CARTESIAN_POINT ( 'NONE',  ( -6.291055906579821944, 0.000000000000000000, 12.69549783445958013 ) ) ;
#850 = VECTOR ( 'NONE', #1418, 1000.000000000000000 ) ;
#851 = CARTESIAN_POINT ( 'NONE',  ( -44.79105590657983527, 1.000000000000000888, 14.19549783445957836 ) ) ;
#852 = VECTOR ( 'NONE', #1773, 1000.000000000000000 ) ;
#853 =( LENGTH_UNIT ( ) NAMED_UNIT ( * ) SI_UNIT ( .MILLI., .METRE. ) );
#854 = EDGE_LOOP ( 'NONE', ( #2288, #1528, #126, #1411 ) ) ;
#855 = VECTOR ( 'NONE', #1235, 1000.000000000000000 ) ;
#856 = EDGE_CURVE ( 'NONE', #112, #323, #2293, .T. ) ;
#857 =( BOUNDED_CURVE ( )  B_SPLINE_CURVE ( 3, ( #2457, #1878, #1852, #561 ),
 .UNSPECIFIED., .F., .T. ) 
 B_SPLINE_CURVE_WITH_KNOTS ( ( 4, 4 ),
 ( 4.712388980384689674, 6.283185307179586232 ),
 .UNSPECIFIED. ) 
 CURVE ( )  GEOMETRIC_REPRESENTATION_ITEM ( )  RATIONAL_B_SPLINE_CURVE ( ( 1.000000000000000000, 0.8047378541243649375, 0.8047378541243649375, 1.000000000000000000 ) ) 
 REPRESENTATION_ITEM ( '' )  );
#858 = DIRECTION ( 'NONE',  ( -1.000000000000000000, 0.000000000000000000, -0.000000000000000000 ) ) ;
#859 = VECTOR ( 'NONE', #2632, 1000.000000000000000 ) ;
#860 = ORIENTED_EDGE ( 'NONE', *, *, #1779, .F. ) ;
#861 = DIRECTION ( 'NONE',  ( 1.000000000000000000, -0.000000000000000000, 0.000000000000000000 ) ) ;
#862 = VERTEX_POINT ( 'NONE', #2436 ) ;
#863 = DIRECTION ( 'NONE',  ( 0.000000000000000000, -1.000000000000000000, 0.000000000000000000 ) ) ;
#864 = FACE_OUTER_BOUND ( 'NONE', #985, .T. ) ;
#865 = CARTESIAN_POINT ( 'NONE',  ( -30.79105590657982461, 26.00000000000000000, 14.19549783445957836 ) ) ;
#866 = EDGE_CURVE ( 'NONE', #268, #754, #1185, .T. ) ;
#867 = DIRECTION ( 'NONE',  ( 0.000000000000000000, 1.000000000000000000, 0.000000000000000000 ) ) ;
#868 = VERTEX_POINT ( 'NONE', #344 ) ;
#869 = AXIS2_PLACEMENT_3D ( 'NONE', #2037, #980, #2047 ) ;
#870 = LINE ( 'NONE', #1284, #1572 ) ;
#871 = ORIENTED_EDGE ( 'NONE', *, *, #1779, .T. ) ;
#872 =( BOUNDED_CURVE ( )  B_SPLINE_CURVE ( 3, ( #1615, #556, #131, #332 ),
 .UNSPECIFIED., .F., .T. ) 
 B_SPLINE_CURVE_WITH_KNOTS ( ( 4, 4 ),
 ( 0.000000000000000000, 1.570796326794896558 ),
 .UNSPECIFIED. ) 
 CURVE ( )  GEOMETRIC_REPRESENTATION_ITEM ( )  RATIONAL_B_SPLINE_CURVE ( ( 1.000000000000000000, 0.8047378541243649375, 0.8047378541243649375, 1.000000000000000000 ) ) 
 REPRESENTATION_ITEM ( '' )  );
#873 = FACE_OUTER_BOUND ( 'NONE', #1930, .T. ) ;
#874 = VECTOR ( 'NONE', #1643, 1000.000000000000000 ) ;
#875 = PRODUCT_DEFINITION ( 'UNKNOWN', '', #2283, #2298 ) ;
#876 = LINE ( 'NONE', #1735, #1039 ) ;
#877 = ORIENTED_EDGE ( 'NONE', *, *, #644, .T. ) ;
#878 = DIRECTION ( 'NONE',  ( 1.000000000000000000, -0.000000000000000000, 0.000000000000000000 ) ) ;
#879 = ITEM_DEFINED_TRANSFORMATION ( 'NONE', 'NONE', #2325,  #808 ) ;
#880 = APPLICATION_CONTEXT ( 'automotive_design' ) ;
#881 = ORIENTED_EDGE ( 'NONE', *, *, #185, .F. ) ;
#882 = CARTESIAN_POINT ( 'NONE',  ( -35.29105590657982816, 0.000000000000000000, 12.69549783445958013 ) ) ;
#883 = ADVANCED_FACE ( 'NONE', ( #1198 ), #2744, .F. ) ;
#884 = FACE_OUTER_BOUND ( 'NONE', #1933, .T. ) ;
#885 = DIRECTION ( 'NONE',  ( 1.000000000000000000, -0.000000000000000000, 0.000000000000000000 ) ) ;
#886 = FACE_OUTER_BOUND ( 'NONE', #415, .T. ) ;
#887 = ORIENTED_EDGE ( 'NONE', *, *, #1050, .T. ) ;
#888 = EDGE_CURVE ( 'NONE', #1603, #2512, #1496, .T. ) ;
#889 = FACE_OUTER_BOUND ( 'NONE', #1958, .T. ) ;
#890 = EDGE_LOOP ( 'NONE', ( #1739, #2069, #1722, #1820 ) ) ;
#891 = LINE ( 'NONE', #285, #1453 ) ;
#892 = LINE ( 'NONE', #276, #499 ) ;
#893 = FACE_OUTER_BOUND ( 'NONE', #1358, .T. ) ;
#894 = DIRECTION ( 'NONE',  ( 0.000000000000000000, -1.000000000000000000, 0.000000000000000000 ) ) ;
#895 = EDGE_LOOP ( 'NONE', ( #2667, #1386, #688, #1807 ) ) ;
#896 = VECTOR ( 'NONE', #1932, 1000.000000000000000 ) ;
#897 = EDGE_CURVE ( 'NONE', #79, #1941, #1696, .T. ) ;
#898 = DIRECTION ( 'NONE',  ( -3.336006684570782732E-17, -1.000000000000000000, 0.000000000000000000 ) ) ;
#899 = VECTOR ( 'NONE', #863, 1000.000000000000000 ) ;
#900 = FACE_OUTER_BOUND ( 'NONE', #228, .T. ) ;
#901 = ORIENTED_EDGE ( 'NONE', *, *, #1288, .F. ) ;
#902 = CARTESIAN_POINT ( 'NONE',  ( 3.208944093420178945, 26.00000000000000000, 12.69549783445958013 ) ) ;
#903 = DIRECTION ( 'NONE',  ( 0.000000000000000000, 0.000000000000000000, -1.000000000000000000 ) ) ;
#904 = EDGE_LOOP ( 'NONE', ( #2347, #1555, #1962, #1625 ) ) ;
#905 = PLANE ( 'NONE',  #1311 ) ;
#906 = ADVANCED_FACE ( 'NONE', ( #2696 ), #1880, .F. ) ;
#907 = DIRECTION ( 'NONE',  ( 1.000000000000000000, -0.000000000000000000, 0.000000000000000000 ) ) ;
#908 = AXIS2_PLACEMENT_3D ( 'NONE', #836, #1653, #608 ) ;
#909 = ORIENTED_EDGE ( 'NONE', *, *, #278, .F. ) ;
#910 = CARTESIAN_POINT ( 'NONE',  ( -71.25849803319519538, 0.000000000000000000, -0.5651910438451355212 ) ) ;
#911 = LINE ( 'NONE', #1745, #2187 ) ;
#912 = VERTEX_POINT ( 'NONE', #1225 ) ;
#913 = CARTESIAN_POINT ( 'NONE',  ( -18.79105590657982106, 26.00000000000000000, 13.19549783445958013 ) ) ;
#914 = ORIENTED_EDGE ( 'NONE', *, *, #450, .F. ) ;
#915 = LINE ( 'NONE', #497, #53 ) ;
#916 = EDGE_LOOP ( 'NONE', ( #547, #943, #771, #1127 ) ) ;
#917 = SURFACE_STYLE_USAGE ( .BOTH. , #70 ) ;
#918 = CARTESIAN_POINT ( 'NONE',  ( -11.79105590657981928, 24.99999999999999645, 14.19549783445957836 ) ) ;
#919 = DIRECTION ( 'NONE',  ( 3.336006684570782732E-17, -1.000000000000000000, 0.000000000000000000 ) ) ;
#920 = DIRECTION ( 'NONE',  ( 0.000000000000000000, 0.000000000000000000, -1.000000000000000000 ) ) ;
#921 = EDGE_CURVE ( 'NONE', #722, #1650, #155, .T. ) ;
#922 = VERTEX_POINT ( 'NONE', #2545 ) ;
#923 = LINE ( 'NONE', #252, #1573 ) ;
#924 = CYLINDRICAL_SURFACE ( 'NONE', #760, 0.9999999999999991118 ) ;
#925 = ORIENTED_EDGE ( 'NONE', *, *, #2004, .F. ) ;
#926 = CARTESIAN_POINT ( 'NONE',  ( -19.79105590657982461, 1.000000000000000888, 14.19549783445957836 ) ) ;
#927 = DIRECTION ( 'NONE',  ( 0.000000000000000000, 0.000000000000000000, -1.000000000000000000 ) ) ;
#928 = FACE_OUTER_BOUND ( 'NONE', #2565, .T. ) ;
#929 = ORIENTED_EDGE ( 'NONE', *, *, #2453, .F. ) ;
#930 = FILL_AREA_STYLE_COLOUR ( '', #1813 ) ;
#931 = CARTESIAN_POINT ( 'NONE',  ( -44.79105590657983527, 26.00000000000000000, 13.19549783445958191 ) ) ;
#932 = CARTESIAN_POINT ( 'NONE',  ( -13.75849803319520426, 3.000000000000000000, -22.56519104384513241 ) ) ;
#933 = DIRECTION ( 'NONE',  ( 0.000000000000000000, -1.000000000000000000, 0.000000000000000000 ) ) ;
#934 = CARTESIAN_POINT ( 'NONE',  ( -5.876842344206727020, 25.58578643762690419, 14.19549783445957836 ) ) ;
#935 = VERTEX_POINT ( 'NONE', #791 ) ;
#936 = CIRCLE ( 'NONE', #1291, 2.000000000000000000 ) ;
#937 = AXIS2_PLACEMENT_3D ( 'NONE', #449, #1918, #25 ) ;
#938 = CARTESIAN_POINT ( 'NONE',  ( -44.79105590657983527, 2.053029768809592126E-15, 13.78128427208648432 ) ) ;
#939 = AXIS2_PLACEMENT_3D ( 'NONE', #289, #2194, #1135 ) ;
#940 = ORIENTED_EDGE ( 'NONE', *, *, #2211, .T. ) ;
#941 = ORIENTED_EDGE ( 'NONE', *, *, #90, .T. ) ;
#942 = LINE ( 'NONE', #2252, #712 ) ;
#943 = ORIENTED_EDGE ( 'NONE', *, *, #1303, .F. ) ;
#944 = AXIS2_PLACEMENT_3D ( 'NONE', #1196, #725, #282 ) ;
#945 = ADVANCED_FACE ( 'NONE', ( #1252 ), #2329, .F. ) ;
#946 =( BOUNDED_CURVE ( )  B_SPLINE_CURVE ( 3, ( #1992, #86, #2438, #2661 ),
 .UNSPECIFIED., .F., .T. ) 
 B_SPLINE_CURVE_WITH_KNOTS ( ( 4, 4 ),
 ( 3.141592653589793116, 4.712388980384688786 ),
 .UNSPECIFIED. ) 
 CURVE ( )  GEOMETRIC_REPRESENTATION_ITEM ( )  RATIONAL_B_SPLINE_CURVE ( ( 1.000000000000000000, 0.8047378541243652705, 0.8047378541243652705, 1.000000000000000000 ) ) 
 REPRESENTATION_ITEM ( '' )  );
#947 = VECTOR ( 'NONE', #1221, 1000.000000000000000 ) ;
#948 = LINE ( 'NONE', #296, #822 ) ;
#949 = CARTESIAN_POINT ( 'NONE',  ( -22.37684234420672524, 0.4142135623730958671, 14.19549783445957836 ) ) ;
#950 = CARTESIAN_POINT ( 'NONE',  ( -35.29105590657982816, 26.00000000000000355, 13.78128427208648255 ) ) ;
#951 = ADVANCED_FACE ( 'NONE', ( #2076 ), #1061, .F. ) ;
#952 = CARTESIAN_POINT ( 'NONE',  ( -40.79105590657982816, 0.000000000000000000, 12.69549783445958013 ) ) ;
#953 = ORIENTED_EDGE ( 'NONE', *, *, #2160, .T. ) ;
#954 = EDGE_CURVE ( 'NONE', #973, #802, #636, .T. ) ;
#955 = ORIENTED_EDGE ( 'NONE', *, *, #357, .T. ) ;
#956 = ORIENTED_EDGE ( 'NONE', *, *, #1040, .T. ) ;
#957 = DIRECTION ( 'NONE',  ( 1.000000000000000000, 0.000000000000000000, 0.000000000000000000 ) ) ;
#958 = DIRECTION ( 'NONE',  ( -1.000000000000000000, 0.000000000000000000, 0.000000000000000000 ) ) ;
#959 = ORIENTED_EDGE ( 'NONE', *, *, #555, .T. ) ;
#960 = AXIS2_PLACEMENT_3D ( 'NONE', #313, #1609, #551 ) ;
#961 = EDGE_CURVE ( 'NONE', #1902, #772, #1896, .T. ) ;
#962 = ORIENTED_EDGE ( 'NONE', *, *, #2702, .F. ) ;
#963 = EDGE_CURVE ( 'NONE', #95, #255, #1854, .T. ) ;
#964 = DIRECTION ( 'NONE',  ( -1.000000000000000000, 0.000000000000000000, 0.000000000000000000 ) ) ;
#965 = CARTESIAN_POINT ( 'NONE',  ( -19.79105590657982461, 24.99999999999999645, 14.19549783445957836 ) ) ;
#966 = CARTESIAN_POINT ( 'NONE',  ( 4.708944093420180721, 26.00000000000000000, 13.19549783445958013 ) ) ;
#967 = CARTESIAN_POINT ( 'NONE',  ( -13.75849803319519715, 3.000000000000000000, -2.565191043845137298 ) ) ;
#968 = VECTOR ( 'NONE', #2462, 1000.000000000000000 ) ;
#969 = DIRECTION ( 'NONE',  ( 0.000000000000000000, 0.000000000000000000, 1.000000000000000000 ) ) ;
#970 = ORIENTED_EDGE ( 'NONE', *, *, #1544, .F. ) ;
#971 = ORIENTED_EDGE ( 'NONE', *, *, #1438, .F. ) ;
#972 = ADVANCED_FACE ( 'NONE', ( #1867 ), #576, .T. ) ;
#973 = VERTEX_POINT ( 'NONE', #2706 ) ;
#974 = ORIENTED_EDGE ( 'NONE', *, *, #1718, .F. ) ;
#975 = DIRECTION ( 'NONE',  ( 0.000000000000000000, -1.000000000000000000, 0.000000000000000000 ) ) ;
#976 = ORIENTED_EDGE ( 'NONE', *, *, #2123, .F. ) ;
#977 = ORIENTED_EDGE ( 'NONE', *, *, #1210, .T. ) ;
#978 = DIRECTION ( 'NONE',  ( 0.000000000000000000, 1.000000000000000000, 0.000000000000000000 ) ) ;
#979 = EDGE_CURVE ( 'NONE', #742, #787, #2309, .T. ) ;
#980 = DIRECTION ( 'NONE',  ( -1.000000000000000000, 0.000000000000000000, 0.000000000000000000 ) ) ;
#981 = DIRECTION ( 'NONE',  ( 0.000000000000000000, 0.000000000000000000, -1.000000000000000000 ) ) ;
#982 =( BOUNDED_CURVE ( )  B_SPLINE_CURVE ( 3, ( #1270, #821, #1075, #2519 ),
 .UNSPECIFIED., .F., .T. ) 
 B_SPLINE_CURVE_WITH_KNOTS ( ( 4, 4 ),
 ( 0.000000000000000000, 1.570796326794896780 ),
 .UNSPECIFIED. ) 
 CURVE ( )  GEOMETRIC_REPRESENTATION_ITEM ( )  RATIONAL_B_SPLINE_CURVE ( ( 1.000000000000000000, 0.8047378541243649375, 0.8047378541243649375, 1.000000000000000000 ) ) 
 REPRESENTATION_ITEM ( '' )  );
#983 = LINE ( 'NONE', #169, #1187 ) ;
#984 = LINE ( 'NONE', #1994, #397 ) ;
#985 = EDGE_LOOP ( 'NONE', ( #710, #2043, #2577, #1799 ) ) ;
#986 =( NAMED_UNIT ( * ) PLANE_ANGLE_UNIT ( ) SI_UNIT ( $, .RADIAN. ) );
#987 = EDGE_LOOP ( 'NONE', ( #121, #2034, #215, #1458, #2255, #953, #1087, #2466 ) ) ;
#988 = DIRECTION ( 'NONE',  ( 0.000000000000000000, 0.000000000000000000, 1.000000000000000000 ) ) ;
#989 = VECTOR ( 'NONE', #2116, 1000.000000000000000 ) ;
#990 = ORIENTED_EDGE ( 'NONE', *, *, #2521, .F. ) ;
#991 = CARTESIAN_POINT ( 'NONE',  ( -27.87684234420673235, 0.4142135623730958671, 14.19549783445957836 ) ) ;
#992 = CARTESIAN_POINT ( 'NONE',  ( 0.000000000000000000, 0.000000000000000000, 12.69549783445958013 ) ) ;
#993 = ADVANCED_FACE ( 'NONE', ( #1479 ), #1448, .T. ) ;
#994 = DIRECTION ( 'NONE',  ( -3.336006684570782732E-17, 1.000000000000000000, 0.000000000000000000 ) ) ;
#995 = DIRECTION ( 'NONE',  ( -0.000000000000000000, -0.000000000000000000, 1.000000000000000000 ) ) ;
#996 = EDGE_CURVE ( 'NONE', #1086, #1580, #2091, .T. ) ;
#997 = CARTESIAN_POINT ( 'NONE',  ( -6.291055906579821944, 26.00000000000000000, 13.19549783445958013 ) ) ;
#998 = PRODUCT_DEFINITION ( 'UNKNOWN', '', #1842, #824 ) ;
#999 = VERTEX_POINT ( 'NONE', #2106 ) ;
#1000 = ORIENTED_EDGE ( 'NONE', *, *, #1831, .T. ) ;
#1001 = CARTESIAN_POINT ( 'NONE',  ( -7.791055906579821055, 26.00000000000000355, 13.78128427208648255 ) ) ;
#1002 = VERTEX_POINT ( 'NONE', #2062 ) ;
#1003 = ORIENTED_EDGE ( 'NONE', *, *, #2550, .F. ) ;
#1004 = CARTESIAN_POINT ( 'NONE',  ( -18.79105590657982106, 26.00000000000000000, 12.69549783445958013 ) ) ;
#1005 = VECTOR ( 'NONE', #2282, 1000.000000000000000 ) ;
#1006 = EDGE_CURVE ( 'NONE', #1112, #2574, #2735, .T. ) ;
#1007 = CARTESIAN_POINT ( 'NONE',  ( 4.708944093420180721, 0.000000000000000000, 12.69549783445958013 ) ) ;
#1008 = VECTOR ( 'NONE', #691, 1000.000000000000000 ) ;
#1009 = VERTEX_POINT ( 'NONE', #205 ) ;
#1010 = EDGE_CURVE ( 'NONE', #1515, #67, #68, .T. ) ;
#1011 = CARTESIAN_POINT ( 'NONE',  ( -13.75849803319519715, 0.000000000000000000, -2.565191043845137298 ) ) ;
#1012 = ADVANCED_FACE ( 'NONE', ( #696 ), #12, .T. ) ;
#1013 = DIRECTION ( 'NONE',  ( 6.672013369141565463E-17, -1.000000000000000000, 0.000000000000000000 ) ) ;
#1014 = SURFACE_SIDE_STYLE ('',( #2525 ) ) ;
#1015 = ORIENTED_EDGE ( 'NONE', *, *, #1467, .T. ) ;
#1016 = ORIENTED_EDGE ( 'NONE', *, *, #2337, .F. ) ;
#1017 = CARTESIAN_POINT ( 'NONE',  ( -71.25849803319519538, 3.000000000000000000, -22.56519104384513241 ) ) ;
#1018 = ADVANCED_FACE ( 'NONE', ( #886 ), #1333, .T. ) ;
#1019 = ORIENTED_EDGE ( 'NONE', *, *, #2323, .F. ) ;
#1020 = DIRECTION ( 'NONE',  ( 0.000000000000000000, -1.000000000000000000, 0.000000000000000000 ) ) ;
#1021 = FACE_OUTER_BOUND ( 'NONE', #987, .T. ) ;
#1022 = DIRECTION ( 'NONE',  ( 0.000000000000000000, -1.000000000000000000, 0.000000000000000000 ) ) ;
#1023 = DIRECTION ( 'NONE',  ( 0.000000000000000000, 0.000000000000000000, -1.000000000000000000 ) ) ;
#1024 = ADVANCED_FACE ( 'NONE', ( #1111 ), #1128, .T. ) ;
#1025 = VERTEX_POINT ( 'NONE', #1959 ) ;
#1026 = EDGE_LOOP ( 'NONE', ( #1800, #186, #2482, #1195 ) ) ;
#1027 = DIRECTION ( 'NONE',  ( 0.000000000000000000, 0.000000000000000000, -1.000000000000000000 ) ) ;
#1028 = CARTESIAN_POINT ( 'NONE',  ( 5.708944093420181609, 26.00000000000000000, 14.19549783445957836 ) ) ;
#1029 = DIRECTION ( 'NONE',  ( -0.000000000000000000, -1.000000000000000000, 0.000000000000000000 ) ) ;
#1030 = EDGE_CURVE ( 'NONE', #1859, #148, #2558, .T. ) ;
#1031 = ORIENTED_EDGE ( 'NONE', *, *, #1063, .F. ) ;
#1032 = FACE_OUTER_BOUND ( 'NONE', #2555, .T. ) ;
#1033 = CARTESIAN_POINT ( 'NONE',  ( 0.000000000000000000, 0.000000000000000000, 13.19549783445958013 ) ) ;
#1034 = AXIS2_PLACEMENT_3D ( 'NONE', #1351, #2005, #1629 ) ;
#1035 = VECTOR ( 'NONE', #1725, 1000.000000000000000 ) ;
#1036 = CARTESIAN_POINT ( 'NONE',  ( -0.3768423442067276308, 0.4142135623730958671, 14.19549783445957836 ) ) ;
#1037 = DIRECTION ( 'NONE',  ( 1.000000000000000000, -0.000000000000000000, 0.000000000000000000 ) ) ;
#1038 = FACE_OUTER_BOUND ( 'NONE', #1945, .T. ) ;
#1039 = VECTOR ( 'NONE', #656, 1000.000000000000000 ) ;
#1040 = EDGE_CURVE ( 'NONE', #138, #2390, #1748, .T. ) ;
#1041 = ORIENTED_EDGE ( 'NONE', *, *, #2515, .F. ) ;
#1042 = ITEM_DEFINED_TRANSFORMATION ( 'NONE', 'NONE', #719,  #808 ) ;
#1043 = CARTESIAN_POINT ( 'NONE',  ( -44.79105590657983527, 26.00000000000000000, -3.804502165540419423 ) ) ;
#1044 = FILL_AREA_STYLE_COLOUR ( '', #714 ) ;
#1045 = ORIENTED_EDGE ( 'NONE', *, *, #2095, .T. ) ;
#1046 = PLANE ( 'NONE',  #763 ) ;
#1047 = ORIENTED_EDGE ( 'NONE', *, *, #644, .F. ) ;
#1048 = CARTESIAN_POINT ( 'NONE',  ( -19.79105590657982461, 26.00000000000000000, 13.19549783445958013 ) ) ;
#1049 = CARTESIAN_POINT ( 'NONE',  ( -7.791055906579821944, 0.000000000000000000, 12.69549783445958013 ) ) ;
#1050 = EDGE_CURVE ( 'NONE', #1975, #787, #1645, .T. ) ;
#1051 = ADVANCED_FACE ( 'NONE', ( #1976 ), #216, .T. ) ;
#1052 = FACE_OUTER_BOUND ( 'NONE', #1552, .T. ) ;
#1053 = DIRECTION ( 'NONE',  ( 1.000000000000000000, 0.000000000000000000, 0.000000000000000000 ) ) ;
#1054 = VERTEX_POINT ( 'NONE', #2580 ) ;
#1055 = AXIS2_PLACEMENT_3D ( 'NONE', #2410, #679, #2634 ) ;
#1056 = DIRECTION ( 'NONE',  ( -0.000000000000000000, -1.000000000000000000, -0.000000000000000000 ) ) ;
#1057 = ORIENTED_EDGE ( 'NONE', *, *, #1280, .T. ) ;
#1058 = CARTESIAN_POINT ( 'NONE',  ( -24.29105590657982461, 26.00000000000000000, 13.19549783445958013 ) ) ;
#1059 = ADVANCED_FACE ( 'NONE', ( #2556 ), #1507, .T. ) ;
#1060 = ORIENTED_EDGE ( 'NONE', *, *, #49, .T. ) ;
#1061 = PLANE ( 'NONE',  #283 ) ;
#1062 = PLANE ( 'NONE',  #1179 ) ;
#1063 = EDGE_CURVE ( 'NONE', #1665, #2075, #2145, .T. ) ;
#1064 = CARTESIAN_POINT ( 'NONE',  ( 0.000000000000000000, 0.000000000000000000, 12.69549783445958013 ) ) ;
#1065 = SHAPE_DEFINITION_REPRESENTATION ( #544, #60 ) ;
#1066 = ORIENTED_EDGE ( 'NONE', *, *, #1133, .F. ) ;
#1067 = EDGE_CURVE ( 'NONE', #2574, #2611, #876, .T. ) ;
#1068 = LINE ( 'NONE', #2335, #1877 ) ;
#1069 = ORIENTED_EDGE ( 'NONE', *, *, #2083, .T. ) ;
#1070 = DIRECTION ( 'NONE',  ( 0.000000000000000000, 1.000000000000000000, 0.000000000000000000 ) ) ;
#1071 = EDGE_CURVE ( 'NONE', #2464, #2413, #1520, .T. ) ;
#1072 = DIRECTION ( 'NONE',  ( 1.000000000000000000, -0.000000000000000000, 0.000000000000000000 ) ) ;
#1073 = DIRECTION ( 'NONE',  ( 0.000000000000000000, 0.000000000000000000, -1.000000000000000000 ) ) ;
#1074 = CARTESIAN_POINT ( 'NONE',  ( -25.29105590657982461, 1.000000000000000888, 14.19549783445957836 ) ) ;
#1075 = CARTESIAN_POINT ( 'NONE',  ( -41.20526946895292753, 0.4142135623730961447, 14.19549783445957836 ) ) ;
#1076 = VECTOR ( 'NONE', #376, 1000.000000000000000 ) ;
#1077 = AXIS2_PLACEMENT_3D ( 'NONE', #1228, #2726, #1681 ) ;
#1078 = DIRECTION ( 'NONE',  ( -1.000000000000000000, 0.000000000000000000, -0.000000000000000000 ) ) ;
#1079 = AXIS2_PLACEMENT_3D ( 'NONE', #2057, #1013, #546 ) ;
#1080 = CARTESIAN_POINT ( 'NONE',  ( -32.79105590657982816, 1.000000000000000888, 14.19549783445957836 ) ) ;
#1081 = PRODUCT_CONTEXT ( 'NONE', #792, 'mechanical' ) ;
#1082 = ORIENTED_EDGE ( 'NONE', *, *, #1010, .F. ) ;
#1083 = VECTOR ( 'NONE', #2401, 1000.000000000000000 ) ;
#1084 = EDGE_CURVE ( 'NONE', #1620, #663, #685, .T. ) ;
#1085 = DIRECTION ( 'NONE',  ( 0.000000000000000000, 0.000000000000000000, -1.000000000000000000 ) ) ;
#1086 = VERTEX_POINT ( 'NONE', #902 ) ;
#1087 = ORIENTED_EDGE ( 'NONE', *, *, #1546, .T. ) ;
#1088 = CARTESIAN_POINT ( 'NONE',  ( 8.294730531047067146, 0.4142135623730961447, 14.19549783445957658 ) ) ;
#1089 = DIRECTION ( 'NONE',  ( 1.000000000000000000, -0.000000000000000000, 0.000000000000000000 ) ) ;
#1090 = CARTESIAN_POINT ( 'NONE',  ( -44.79105590657983527, 1.000000000000000888, 14.19549783445957836 ) ) ;
#1091 = ADVANCED_FACE ( 'NONE', ( #1318 ), #1536, .T. ) ;
#1092 = EDGE_LOOP ( 'NONE', ( #201, #350, #1872, #307 ) ) ;
#1093 = AXIS2_PLACEMENT_3D ( 'NONE', #84, #1827, #2682 ) ;
#1094 = DIRECTION ( 'NONE',  ( -0.000000000000000000, -0.000000000000000000, 1.000000000000000000 ) ) ;
#1095 = ORIENTED_EDGE ( 'NONE', *, *, #1624, .F. ) ;
#1096 = EDGE_CURVE ( 'NONE', #1658, #105, #2595, .T. ) ;
#1097 = VECTOR ( 'NONE', #2629, 1000.000000000000000 ) ;
#1098 = ADVANCED_FACE ( 'NONE', ( #1801 ), #1375, .F. ) ;
#1099 = CARTESIAN_POINT ( 'NONE',  ( -8.791055906579822832, 1.000000000000000888, 14.19549783445957836 ) ) ;
#1100 = VECTOR ( 'NONE', #2699, 1000.000000000000000 ) ;
#1101 = DIRECTION ( 'NONE',  ( 1.000000000000000000, 0.000000000000000000, 0.000000000000000000 ) ) ;
#1102 = ORIENTED_EDGE ( 'NONE', *, *, #1040, .F. ) ;
#1103 = DIRECTION ( 'NONE',  ( -1.000000000000000000, 0.000000000000000000, -0.000000000000000000 ) ) ;
#1104 = EDGE_CURVE ( 'NONE', #1658, #1495, #324, .T. ) ;
#1105 = DIRECTION ( 'NONE',  ( -1.000000000000000000, -0.000000000000000000, -0.000000000000000000 ) ) ;
#1106 = CARTESIAN_POINT ( 'NONE',  ( -38.87684234420673590, 25.58578643762690419, 14.19549783445957836 ) ) ;
#1107 = ORIENTED_EDGE ( 'NONE', *, *, #125, .T. ) ;
#1108 = CYLINDRICAL_SURFACE ( 'NONE', #2270, 0.9999999999999991118 ) ;
#1109 = FACE_OUTER_BOUND ( 'NONE', #2302, .T. ) ;
#1110 = VERTEX_POINT ( 'NONE', #1564 ) ;
#1111 = FACE_OUTER_BOUND ( 'NONE', #2540, .T. ) ;
#1112 = VERTEX_POINT ( 'NONE', #1581 ) ;
#1113 = ADVANCED_FACE ( 'NONE', ( #2015 ), #2639, .F. ) ;
#1114 = DIRECTION ( 'NONE',  ( 0.000000000000000000, 1.000000000000000000, 0.000000000000000000 ) ) ;
#1115 = VERTEX_POINT ( 'NONE', #1346 ) ;
#1116 = LINE ( 'NONE', #273, #731 ) ;
#1117 = DIRECTION ( 'NONE',  ( 0.000000000000000000, 0.000000000000000000, -1.000000000000000000 ) ) ;
#1118 = VECTOR ( 'NONE', #1476, 1000.000000000000000 ) ;
#1119 = DIRECTION ( 'NONE',  ( 1.000000000000000000, 0.000000000000000000, 0.000000000000000000 ) ) ;
#1120 = LINE ( 'NONE', #910, #852 ) ;
#1121 = EDGE_CURVE ( 'NONE', #445, #323, #532, .T. ) ;
#1122 = AXIS2_PLACEMENT_3D ( 'NONE', #2339, #2388, #1101 ) ;
#1123 = DIRECTION ( 'NONE',  ( 0.000000000000000000, 0.000000000000000000, 1.000000000000000000 ) ) ;
#1124 = ORIENTED_EDGE ( 'NONE', *, *, #1482, .F. ) ;
#1125 = DIRECTION ( 'NONE',  ( 0.000000000000000000, -1.000000000000000000, 0.000000000000000000 ) ) ;
#1126 = SHAPE_REPRESENTATION ( 'BarWorktop', ( #808 ), #1965 ) ;
#1127 = ORIENTED_EDGE ( 'NONE', *, *, #2020, .F. ) ;
#1128 = CYLINDRICAL_SURFACE ( 'NONE', #1122, 1.000000000000000000 ) ;
#1129 = LINE ( 'NONE', #620, #1118 ) ;
#1130 = ORIENTED_EDGE ( 'NONE', *, *, #1096, .F. ) ;
#1131 = EDGE_CURVE ( 'NONE', #1422, #2454, #80, .T. ) ;
#1132 = CARTESIAN_POINT ( 'NONE',  ( -0.7910559065798221656, 0.000000000000000000, 13.19549783445958013 ) ) ;
#1133 = EDGE_CURVE ( 'NONE', #2086, #1501, #942, .T. ) ;
#1134 = ORIENTED_EDGE ( 'NONE', *, *, #295, .F. ) ;
#1135 = DIRECTION ( 'NONE',  ( -1.000000000000000000, 0.000000000000000000, -0.000000000000000000 ) ) ;
#1136 = VERTEX_POINT ( 'NONE', #711 ) ;
#1137 = DIRECTION ( 'NONE',  ( -1.000000000000000000, 0.000000000000000000, -0.000000000000000000 ) ) ;
#1138 = VERTEX_POINT ( 'NONE', #341 ) ;
#1139 = CARTESIAN_POINT ( 'NONE',  ( 0.000000000000000000, 24.99999999999999645, 13.19549783445958013 ) ) ;
#1140 = EDGE_CURVE ( 'NONE', #755, #366, #2584, .T. ) ;
#1141 = AXIS2_PLACEMENT_3D ( 'NONE', #2259, #554, #969 ) ;
#1142 = ORIENTED_EDGE ( 'NONE', *, *, #823, .F. ) ;
#1143 = CARTESIAN_POINT ( 'NONE',  ( -27.29105590657982461, 1.000000000000000888, 14.19549783445957836 ) ) ;
#1144 = LINE ( 'NONE', #2365, #466 ) ;
#1145 = CARTESIAN_POINT ( 'NONE',  ( -28.29105590657982461, 0.000000000000000000, 12.69549783445958013 ) ) ;
#1146 = EDGE_CURVE ( 'NONE', #2677, #241, #2669, .T. ) ;
#1147 = DIRECTION ( 'NONE',  ( 0.000000000000000000, 0.000000000000000000, -1.000000000000000000 ) ) ;
#1148 = CARTESIAN_POINT ( 'NONE',  ( -13.70526946895291687, 25.58578643762690419, 14.19549783445957836 ) ) ;
#1149 = DIRECTION ( 'NONE',  ( 0.000000000000000000, 0.000000000000000000, 1.000000000000000000 ) ) ;
#1150 = VERTEX_POINT ( 'NONE', #310 ) ;
#1151 = LINE ( 'NONE', #492, #1667 ) ;
#1152 = ORIENTED_EDGE ( 'NONE', *, *, #1864, .T. ) ;
#1153 = CARTESIAN_POINT ( 'NONE',  ( -13.70526946895291687, 0.4142135623730961447, 14.19549783445957836 ) ) ;
#1154 = ADVANCED_FACE ( 'NONE', ( #1825 ), #124, .T. ) ;
#1155 = ORIENTED_EDGE ( 'NONE', *, *, #2079, .F. ) ;
#1156 = DIRECTION ( 'NONE',  ( 0.000000000000000000, 1.000000000000000000, 0.000000000000000000 ) ) ;
#1157 = DIRECTION ( 'NONE',  ( -6.672013369141565463E-17, 1.000000000000000000, -0.000000000000000000 ) ) ;
#1158 =( BOUNDED_CURVE ( )  B_SPLINE_CURVE ( 3, ( #965, #1378, #2488, #2683 ),
 .UNSPECIFIED., .F., .T. ) 
 B_SPLINE_CURVE_WITH_KNOTS ( ( 4, 4 ),
 ( 1.570796326794896558, 3.141592653589793116 ),
 .UNSPECIFIED. ) 
 CURVE ( )  GEOMETRIC_REPRESENTATION_ITEM ( )  RATIONAL_B_SPLINE_CURVE ( ( 1.000000000000000000, 0.8047378541243649375, 0.8047378541243649375, 1.000000000000000000 ) ) 
 REPRESENTATION_ITEM ( '' )  );
#1159 = CYLINDRICAL_SURFACE ( 'NONE', #487, 0.9999999999999991118 ) ;
#1160 = CARTESIAN_POINT ( 'NONE',  ( -44.79105590657983527, 26.00000000000000000, 14.19549783445957836 ) ) ;
#1161 = DIRECTION ( 'NONE',  ( 3.336006684570783348E-17, -1.000000000000000000, 0.000000000000000000 ) ) ;
#1162 = AXIS2_PLACEMENT_3D ( 'NONE', #1673, #402, #1085 ) ;
#1163 = VECTOR ( 'NONE', #1452, 1000.000000000000000 ) ;
#1164 = LINE ( 'NONE', #705, #1663 ) ;
#1165 = VECTOR ( 'NONE', #253, 1000.000000000000000 ) ;
#1166 = VERTEX_POINT ( 'NONE', #110 ) ;
#1167 = VERTEX_POINT ( 'NONE', #2679 ) ;
#1168 = CARTESIAN_POINT ( 'NONE',  ( -5.876842344206726132, 0.4142135623730958671, 14.19549783445957836 ) ) ;
#1169 = VERTEX_POINT ( 'NONE', #2419 ) ;
#1170 = ORIENTED_EDGE ( 'NONE', *, *, #481, .T. ) ;
#1171 = CARTESIAN_POINT ( 'NONE',  ( 0.000000000000000000, 24.99999999999999645, 13.19549783445958013 ) ) ;
#1172 =( LENGTH_UNIT ( ) NAMED_UNIT ( * ) SI_UNIT ( .MILLI., .METRE. ) );
#1173 = CARTESIAN_POINT ( 'NONE',  ( -21.79105590657982106, 26.00000000000000000, 14.19549783445957836 ) ) ;
#1174 = CYLINDRICAL_SURFACE ( 'NONE', #2711, 0.9999999999999991118 ) ;
#1175 =( BOUNDED_CURVE ( )  B_SPLINE_CURVE ( 3, ( #773, #788, #2527, #1445 ),
 .UNSPECIFIED., .F., .F. ) 
 B_SPLINE_CURVE_WITH_KNOTS ( ( 4, 4 ),
 ( 4.712388980384689674, 6.283185307179586232 ),
 .UNSPECIFIED. ) 
 CURVE ( )  GEOMETRIC_REPRESENTATION_ITEM ( )  RATIONAL_B_SPLINE_CURVE ( ( 1.000000000000000000, 0.8047378541243649375, 0.8047378541243649375, 1.000000000000000000 ) ) 
 REPRESENTATION_ITEM ( '' )  );
#1176 = LINE ( 'NONE', #1007, #204 ) ;
#1177 = ORIENTED_EDGE ( 'NONE', *, *, #426, .F. ) ;
#1178 = DIRECTION ( 'NONE',  ( -1.000000000000000000, 0.000000000000000000, -0.000000000000000000 ) ) ;
#1179 = AXIS2_PLACEMENT_3D ( 'NONE', #2122, #1697, #1668 ) ;
#1180 = ADVANCED_FACE ( 'NONE', ( #136 ), #1790, .T. ) ;
#1181 = ORIENTED_EDGE ( 'NONE', *, *, #1960, .T. ) ;
#1182 = CARTESIAN_POINT ( 'NONE',  ( -15.75849803319519893, 3.000000000000000000, -2.565191043845137298 ) ) ;
#1183 = ORIENTED_EDGE ( 'NONE', *, *, #1744, .T. ) ;
#1184 = VERTEX_POINT ( 'NONE', #2223 ) ;
#1185 = LINE ( 'NONE', #2036, #2119 ) ;
#1186 = CARTESIAN_POINT ( 'NONE',  ( 3.208944093420178945, 26.00000000000000000, 13.19549783445958013 ) ) ;
#1187 = VECTOR ( 'NONE', #1832, 1000.000000000000000 ) ;
#1188 = CARTESIAN_POINT ( 'NONE',  ( -44.79105590657983527, 26.00000000000000355, 13.78128427208648255 ) ) ;
#1189 = FACE_OUTER_BOUND ( 'NONE', #895, .T. ) ;
#1190 = CARTESIAN_POINT ( 'NONE',  ( -28.29105590657982461, 0.000000000000000000, 12.69549783445958013 ) ) ;
#1191 = CARTESIAN_POINT ( 'NONE',  ( -17.29105590657982106, 26.00000000000000000, 13.19549783445958013 ) ) ;
#1192 = ORIENTED_EDGE ( 'NONE', *, *, #1509, .T. ) ;
#1193 = ORIENTED_EDGE ( 'NONE', *, *, #1446, .T. ) ;
#1194 = PLANE ( 'NONE',  #1293 ) ;
#1195 = ORIENTED_EDGE ( 'NONE', *, *, #2397, .F. ) ;
#1196 = CARTESIAN_POINT ( 'NONE',  ( -69.25849803319519538, 0.000000000000000000, -20.56519104384513241 ) ) ;
#1197 = VERTEX_POINT ( 'NONE', #523 ) ;
#1198 = FACE_OUTER_BOUND ( 'NONE', #1092, .T. ) ;
#1199 = CARTESIAN_POINT ( 'NONE',  ( 3.208944093420178945, 26.00000000000000355, 13.78128427208648255 ) ) ;
#1200 = EDGE_CURVE ( 'NONE', #1184, #1275, #1334, .T. ) ;
#1201 = CARTESIAN_POINT ( 'NONE',  ( -0.7910559065798221656, 0.000000000000000000, 13.19549783445958013 ) ) ;
#1202 = FACE_OUTER_BOUND ( 'NONE', #507, .T. ) ;
#1203 = CYLINDRICAL_SURFACE ( 'NONE', #2192, 1.000000000000000000 ) ;
#1204 = EDGE_LOOP ( 'NONE', ( #1060, #2507, #1278, #303 ) ) ;
#1205 = DIRECTION ( 'NONE',  ( 0.000000000000000000, -1.000000000000000000, 0.000000000000000000 ) ) ;
#1206 = DIRECTION ( 'NONE',  ( 0.000000000000000000, 0.000000000000000000, 1.000000000000000000 ) ) ;
#1207 = VERTEX_POINT ( 'NONE', #2433 ) ;
#1208 = VERTEX_POINT ( 'NONE', #1361 ) ;
#1209 = CARTESIAN_POINT ( 'NONE',  ( -29.79105590657982461, 0.000000000000000000, 12.69549783445958013 ) ) ;
#1210 = EDGE_CURVE ( 'NONE', #1941, #1665, #1409, .T. ) ;
#1211 = VECTOR ( 'NONE', #1022, 1000.000000000000000 ) ;
#1212 = ORIENTED_EDGE ( 'NONE', *, *, #1913, .F. ) ;
#1213 = DIRECTION ( 'NONE',  ( -0.000000000000000000, -0.000000000000000000, 1.000000000000000000 ) ) ;
#1214 = AXIS2_PLACEMENT_3D ( 'NONE', #2157, #2170, #1723 ) ;
#1215 = CARTESIAN_POINT ( 'NONE',  ( -2.291055906579823720, 26.00000000000000000, 13.19549783445958013 ) ) ;
#1216 = VECTOR ( 'NONE', #2188, 1000.000000000000000 ) ;
#1217 = CARTESIAN_POINT ( 'NONE',  ( 3.208944093420178056, 1.084202172485504434E-15, 13.78128427208648255 ) ) ;
#1218 = EDGE_CURVE ( 'NONE', #2574, #1330, #857, .T. ) ;
#1219 = LINE ( 'NONE', #1382, #686 ) ;
#1220 = ORIENTED_EDGE ( 'NONE', *, *, #1873, .F. ) ;
#1221 = DIRECTION ( 'NONE',  ( -3.854941057726238097E-16, -0.000000000000000000, -1.000000000000000000 ) ) ;
#1222 =( LENGTH_UNIT ( ) NAMED_UNIT ( * ) SI_UNIT ( .MILLI., .METRE. ) );
#1223 = ORIENTED_EDGE ( 'NONE', *, *, #1446, .F. ) ;
#1224 = DIRECTION ( 'NONE',  ( 1.000000000000000000, 0.000000000000000000, 0.000000000000000000 ) ) ;
#1225 = CARTESIAN_POINT ( 'NONE',  ( -15.75849803319519893, 0.000000000000000000, -0.5651910438451355212 ) ) ;
#1226 =( GEOMETRIC_REPRESENTATION_CONTEXT ( 3 ) GLOBAL_UNCERTAINTY_ASSIGNED_CONTEXT ( ( #625 ) ) GLOBAL_UNIT_ASSIGNED_CONTEXT ( ( #1172, #2697, #99 ) ) REPRESENTATION_CONTEXT ( 'NONE', 'WORKASPACE' ) );
#1227 = FACE_OUTER_BOUND ( 'NONE', #1233, .T. ) ;
#1228 = CARTESIAN_POINT ( 'NONE',  ( -44.79105590657983527, 26.00000000000000000, 14.19549783445957836 ) ) ;
#1229 = CARTESIAN_POINT ( 'NONE',  ( -44.79105590657983527, 1.000000000000000888, 13.19549783445958013 ) ) ;
#1230 = VECTOR ( 'NONE', #1940, 1000.000000000000000 ) ;
#1231 = ORIENTED_EDGE ( 'NONE', *, *, #1455, .F. ) ;
#1232 = CARTESIAN_POINT ( 'NONE',  ( -24.29105590657982461, 0.000000000000000000, 13.19549783445958013 ) ) ;
#1233 = EDGE_LOOP ( 'NONE', ( #2070, #1320, #5, #1639 ) ) ;
#1234 = ORIENTED_EDGE ( 'NONE', *, *, #2095, .F. ) ;
#1235 = DIRECTION ( 'NONE',  ( 1.000000000000000000, 0.000000000000000000, 0.000000000000000000 ) ) ;
#1236 = ORIENTED_EDGE ( 'NONE', *, *, #658, .F. ) ;
#1237 = DIRECTION ( 'NONE',  ( -0.000000000000000000, 0.000000000000000000, 1.000000000000000000 ) ) ;
#1238 = CARTESIAN_POINT ( 'NONE',  ( -71.25849803319519538, 0.000000000000000000, -2.565191043845137298 ) ) ;
#1239 = DIRECTION ( 'NONE',  ( 1.000000000000000000, 0.000000000000000000, 0.000000000000000000 ) ) ;
#1240 = LINE ( 'NONE', #220, #1502 ) ;
#1241 = ADVANCED_FACE ( 'NONE', ( #1605 ), #1046, .T. ) ;
#1242 = DIRECTION ( 'NONE',  ( -1.000000000000000000, 0.000000000000000000, 0.000000000000000000 ) ) ;
#1243 = ORIENTED_EDGE ( 'NONE', *, *, #1347, .F. ) ;
#1244 = SHAPE_DEFINITION_REPRESENTATION ( #2597, #2528 ) ;
#1245 = VERTEX_POINT ( 'NONE', #800 ) ;
#1246 = CARTESIAN_POINT ( 'NONE',  ( 0.2089440934201769462, 26.00000000000000000, 14.19549783445957836 ) ) ;
#1247 = CARTESIAN_POINT ( 'NONE',  ( 0.000000000000000000, 0.000000000000000000, 13.19549783445958013 ) ) ;
#1248 = ORIENTED_EDGE ( 'NONE', *, *, #1449, .T. ) ;
#1249 = CARTESIAN_POINT ( 'NONE',  ( -27.29105590657982461, 24.99999999999999645, 14.19549783445957836 ) ) ;
#1250 = EDGE_CURVE ( 'NONE', #1616, #575, #2088, .T. ) ;
#1251 = ORIENTED_EDGE ( 'NONE', *, *, #2542, .T. ) ;
#1252 = FACE_OUTER_BOUND ( 'NONE', #1513, .T. ) ;
#1253 = DIRECTION ( 'NONE',  ( 0.000000000000000000, -1.000000000000000000, 0.000000000000000000 ) ) ;
#1254 = AXIS2_PLACEMENT_3D ( 'NONE', #1738, #1367, #275 ) ;
#1255 = DIRECTION ( 'NONE',  ( 0.000000000000000000, 0.000000000000000000, -1.000000000000000000 ) ) ;
#1256 = CARTESIAN_POINT ( 'NONE',  ( -71.25849803319519538, 3.000000000000000000, -2.565191043845137298 ) ) ;
#1257 = AXIS2_PLACEMENT_3D ( 'NONE', #62, #2355, #2573 ) ;
#1258 = AXIS2_PLACEMENT_3D ( 'NONE', #93, #1788, #266 ) ;
#1259 = CARTESIAN_POINT ( 'NONE',  ( -35.29105590657982816, 26.00000000000000000, 12.69549783445958013 ) ) ;
#1260 = VECTOR ( 'NONE', #55, 1000.000000000000000 ) ;
#1261 = APPLICATION_PROTOCOL_DEFINITION ( 'draft international standard', 'automotive_design', 1998, #880 ) ;
#1262 = ORIENTED_EDGE ( 'NONE', *, *, #1325, .T. ) ;
#1263 = CARTESIAN_POINT ( 'NONE',  ( -15.75849803319519893, 3.000000000000000000, -0.5651910438451355212 ) ) ;
#1264 = EDGE_LOOP ( 'NONE', ( #941, #550, #1746, #650 ) ) ;
#1265 = DIRECTION ( 'NONE',  ( 1.000000000000000000, 0.000000000000000000, 0.000000000000000000 ) ) ;
#1266 = DIRECTION ( 'NONE',  ( -0.000000000000000000, -0.000000000000000000, 1.000000000000000000 ) ) ;
#1267 = ORIENTED_EDGE ( 'NONE', *, *, #727, .F. ) ;
#1268 = DIRECTION ( 'NONE',  ( 1.000000000000000000, -0.000000000000000000, 0.000000000000000000 ) ) ;
#1269 = FACE_OUTER_BOUND ( 'NONE', #768, .T. ) ;
#1270 = CARTESIAN_POINT ( 'NONE',  ( -40.79105590657982816, 0.000000000000000000, 13.19549783445958013 ) ) ;
#1271 = VECTOR ( 'NONE', #2135, 1000.000000000000000 ) ;
#1272 = EDGE_CURVE ( 'NONE', #1893, #2513, #1175, .T. ) ;
#1273 = LINE ( 'NONE', #2505, #734 ) ;
#1274 = DIRECTION ( 'NONE',  ( 1.000000000000000000, 0.000000000000000000, 0.000000000000000000 ) ) ;
#1275 = VERTEX_POINT ( 'NONE', #1475 ) ;
#1276 = CARTESIAN_POINT ( 'NONE',  ( 4.708944093420180721, 0.000000000000000000, 12.69549783445958013 ) ) ;
#1277 = FACE_OUTER_BOUND ( 'NONE', #1812, .T. ) ;
#1278 = ORIENTED_EDGE ( 'NONE', *, *, #767, .T. ) ;
#1279 = CARTESIAN_POINT ( 'NONE',  ( -13.75849803319520426, 3.000000000000000000, -20.56519104384513241 ) ) ;
#1280 = EDGE_CURVE ( 'NONE', #2075, #491, #2704, .T. ) ;
#1281 = DIRECTION ( 'NONE',  ( 1.000000000000000000, -0.000000000000000000, 0.000000000000000000 ) ) ;
#1282 = CARTESIAN_POINT ( 'NONE',  ( -33.79105590657982816, 1.012464023903132450E-15, 13.78128427208648255 ) ) ;
#1283 = VERTEX_POINT ( 'NONE', #2483 ) ;
#1284 = CARTESIAN_POINT ( 'NONE',  ( 0.000000000000000000, 0.000000000000000000, 13.19549783445958013 ) ) ;
#1285 = ORIENTED_EDGE ( 'NONE', *, *, #2448, .F. ) ;
#1286 = ORIENTED_EDGE ( 'NONE', *, *, #2123, .T. ) ;
#1287 = DIRECTION ( 'NONE',  ( 0.000000000000000000, -1.000000000000000000, 0.000000000000000000 ) ) ;
#1288 = EDGE_CURVE ( 'NONE', #2563, #1115, #2009, .T. ) ;
#1289 = ORIENTED_EDGE ( 'NONE', *, *, #2250, .T. ) ;
#1290 = CYLINDRICAL_SURFACE ( 'NONE', #443, 0.9999999999999991118 ) ;
#1291 = AXIS2_PLACEMENT_3D ( 'NONE', #1914, #867, #649 ) ;
#1292 = LINE ( 'NONE', #3, #2694 ) ;
#1293 = AXIS2_PLACEMENT_3D ( 'NONE', #150, #2442, #739 ) ;
#1294 = ORIENTED_EDGE ( 'NONE', *, *, #2235, .F. ) ;
#1295 = CARTESIAN_POINT ( 'NONE',  ( -38.29105590657982816, 24.99999999999999645, 14.19549783445957836 ) ) ;
#1296 = PRESENTATION_LAYER_ASSIGNMENT (  '', '', ( #2060 ) ) ;
#1297 = VERTEX_POINT ( 'NONE', #174 ) ;
#1298 = ADVANCED_FACE ( 'NONE', ( #1032 ), #2514, .F. ) ;
#1299 = CYLINDRICAL_SURFACE ( 'NONE', #1617, 0.9999999999999991118 ) ;
#1300 = ORIENTED_EDGE ( 'NONE', *, *, #170, .T. ) ;
#1301 = CARTESIAN_POINT ( 'NONE',  ( -13.29105590657982106, 26.00000000000000000, 12.69549783445958013 ) ) ;
#1302 = ORIENTED_EDGE ( 'NONE', *, *, #1657, .T. ) ;
#1303 = EDGE_CURVE ( 'NONE', #366, #862, #2720, .T. ) ;
#1304 = ORIENTED_EDGE ( 'NONE', *, *, #2083, .F. ) ;
#1305 = LINE ( 'NONE', #676, #2649 ) ;
#1306 = VECTOR ( 'NONE', #1654, 1000.000000000000000 ) ;
#1307 = PLANE ( 'NONE',  #2125 ) ;
#1308 = EDGE_CURVE ( 'NONE', #401, #1167, #619, .T. ) ;
#1309 = CARTESIAN_POINT ( 'NONE',  ( -39.29105590657982816, 26.00000000000000000, 13.19549783445958013 ) ) ;
#1310 = ORIENTED_EDGE ( 'NONE', *, *, #1329, .F. ) ;
#1311 = AXIS2_PLACEMENT_3D ( 'NONE', #1585, #2200, #1781 ) ;
#1312 = CLOSED_SHELL ( 'NONE', ( #1298, #2707, #840, #425, #633, #2618, #392, #1059, #1154, #738 ) ) ;
#1313 = FACE_OUTER_BOUND ( 'NONE', #231, .T. ) ;
#1314 = CARTESIAN_POINT ( 'NONE',  ( -43.79105590657983527, 1.000000000000000888, 14.19549783445957836 ) ) ;
#1315 = VERTEX_POINT ( 'NONE', #1892 ) ;
#1316 = VECTOR ( 'NONE', #1105, 1000.000000000000000 ) ;
#1317 = ORIENTED_EDGE ( 'NONE', *, *, #1752, .T. ) ;
#1318 = FACE_OUTER_BOUND ( 'NONE', #1785, .T. ) ;
#1319 = ORIENTED_EDGE ( 'NONE', *, *, #206, .T. ) ;
#1320 = ORIENTED_EDGE ( 'NONE', *, *, #1383, .T. ) ;
#1321 = LINE ( 'NONE', #2173, #69 ) ;
#1322 = CARTESIAN_POINT ( 'NONE',  ( -69.25849803319519538, 3.000000000000000000, -20.56519104384513241 ) ) ;
#1323 = DIRECTION ( 'NONE',  ( -0.000000000000000000, 1.000000000000000000, 0.000000000000000000 ) ) ;
#1324 = CARTESIAN_POINT ( 'NONE',  ( -24.29105590657982461, 26.00000000000000000, 12.69549783445958013 ) ) ;
#1325 = EDGE_CURVE ( 'NONE', #1086, #161, #202, .T. ) ;
#1326 = DIRECTION ( 'NONE',  ( 0.000000000000000000, 0.000000000000000000, 1.000000000000000000 ) ) ;
#1327 = DIRECTION ( 'NONE',  ( -0.000000000000000000, -0.000000000000000000, 1.000000000000000000 ) ) ;
#1328 = CARTESIAN_POINT ( 'NONE',  ( 0.000000000000000000, 24.99999999999999645, 13.19549783445958013 ) ) ;
#1329 = EDGE_CURVE ( 'NONE', #465, #2454, #1633, .T. ) ;
#1330 = VERTEX_POINT ( 'NONE', #1692 ) ;
#1331 = DIRECTION ( 'NONE',  ( 1.000000000000000000, 0.000000000000000000, 0.000000000000000000 ) ) ;
#1332 = EDGE_LOOP ( 'NONE', ( #1294, #1384, #2637, #1758 ) ) ;
#1333 = CYLINDRICAL_SURFACE ( 'NONE', #667, 0.9999999999999991118 ) ;
#1334 =( BOUNDED_CURVE ( )  B_SPLINE_CURVE ( 3, ( #2029, #509, #1168, #2668 ),
 .UNSPECIFIED., .F., .T. ) 
 B_SPLINE_CURVE_WITH_KNOTS ( ( 4, 4 ),
 ( 3.141592653589793116, 4.712388980384689674 ),
 .UNSPECIFIED. ) 
 CURVE ( )  GEOMETRIC_REPRESENTATION_ITEM ( )  RATIONAL_B_SPLINE_CURVE ( ( 1.000000000000000000, 0.8047378541243649375, 0.8047378541243649375, 1.000000000000000000 ) ) 
 REPRESENTATION_ITEM ( '' )  );
#1335 = LINE ( 'NONE', #2601, #246 ) ;
#1336 = CARTESIAN_POINT ( 'NONE',  ( -2.291055906579821944, 0.000000000000000000, 13.19549783445958013 ) ) ;
#1337 = VECTOR ( 'NONE', #1924, 1000.000000000000000 ) ;
#1338 = ORIENTED_EDGE ( 'NONE', *, *, #1146, .F. ) ;
#1339 = ORIENTED_EDGE ( 'NONE', *, *, #2453, .T. ) ;
#1340 = AXIS2_PLACEMENT_3D ( 'NONE', #2373, #1763, #464 ) ;
#1341 = CARTESIAN_POINT ( 'NONE',  ( 3.208944093420178945, 26.00000000000000000, 12.69549783445958013 ) ) ;
#1342 = VECTOR ( 'NONE', #1462, 1000.000000000000000 ) ;
#1343 = LINE ( 'NONE', #2608, #1837 ) ;
#1344 = ORIENTED_EDGE ( 'NONE', *, *, #692, .F. ) ;
#1345 = VERTEX_POINT ( 'NONE', #2103 ) ;
#1346 = CARTESIAN_POINT ( 'NONE',  ( -15.75849803319520603, 3.000000000000000000, -22.56519104384513241 ) ) ;
#1347 = EDGE_CURVE ( 'NONE', #1422, #935, #2204, .T. ) ;
#1348 = ORIENTED_EDGE ( 'NONE', *, *, #23, .T. ) ;
#1349 = LINE ( 'NONE', #1568, #1548 ) ;
#1350 =( BOUNDED_CURVE ( )  B_SPLINE_CURVE ( 3, ( #2212, #729, #991, #1143 ),
 .UNSPECIFIED., .F., .T. ) 
 B_SPLINE_CURVE_WITH_KNOTS ( ( 4, 4 ),
 ( 3.141592653589793116, 4.712388980384689674 ),
 .UNSPECIFIED. ) 
 CURVE ( )  GEOMETRIC_REPRESENTATION_ITEM ( )  RATIONAL_B_SPLINE_CURVE ( ( 1.000000000000000000, 0.8047378541243649375, 0.8047378541243649375, 1.000000000000000000 ) ) 
 REPRESENTATION_ITEM ( '' )  );
#1351 = CARTESIAN_POINT ( 'NONE',  ( 5.708944093420180721, 0.000000000000000000, 13.19549783445958013 ) ) ;
#1352 = FACE_OUTER_BOUND ( 'NONE', #736, .T. ) ;
#1353 = CARTESIAN_POINT ( 'NONE',  ( 4.708944093420180721, 24.99999999999999645, 14.19549783445957836 ) ) ;
#1354 = EDGE_CURVE ( 'NONE', #1596, #1150, #1905, .T. ) ;
#1355 = FACE_OUTER_BOUND ( 'NONE', #1394, .T. ) ;
#1356 = CLOSED_SHELL ( 'NONE', ( #1884, #306, #1098, #1614, #1589, #1535, #456, #839, #388, #1421, #1241, #142, #217, #2533, #559, #1826, #2670, #1012, #1113, #2303, #514, #2010, #1628, #34, #1816, #758, #315, #951, #883, #232, #906, #47, #654, #2725, #607, #2690, #372, #1649, #2032, #72, #945, #2659, #1051, #2261, #58, #1018, #2633, #2101, #972, #2435, #1856, #1931, #2724, #1180, #1719, #1729, #1024, #2179, #1091, #535, #2604, #1899, #2741, #2585, #993, #2712, #239, #1740, #2035, #543, #336, #789, #1888, #2613, #2465, #2394, #1397, #814, #1612, #1768, #1983, #613 ) ) ;
#1357 = PLANE ( 'NONE',  #446 ) ;
#1358 = EDGE_LOOP ( 'NONE', ( #164, #238, #1879, #408 ) ) ;
#1359 = CARTESIAN_POINT ( 'NONE',  ( 0.000000000000000000, 0.000000000000000000, 12.69549783445958013 ) ) ;
#1360 = ORIENTED_EDGE ( 'NONE', *, *, #1347, .T. ) ;
#1361 = CARTESIAN_POINT ( 'NONE',  ( -30.79105590657982461, 24.99999999999999645, 14.19549783445957836 ) ) ;
#1362 = VECTOR ( 'NONE', #2066, 1000.000000000000000 ) ;
#1363 = ORIENTED_EDGE ( 'NONE', *, *, #1802, .T. ) ;
#1364 = CARTESIAN_POINT ( 'NONE',  ( -17.29105590657982106, 26.00000000000000000, 13.19549783445958013 ) ) ;
#1365 = DIRECTION ( 'NONE',  ( -1.000000000000000000, -0.000000000000000000, -0.000000000000000000 ) ) ;
#1366 = VECTOR ( 'NONE', #1713, 1000.000000000000000 ) ;
#1367 = DIRECTION ( 'NONE',  ( -0.000000000000000000, -1.000000000000000000, -0.000000000000000000 ) ) ;
#1368 = EDGE_CURVE ( 'NONE', #1501, #67, #1433, .T. ) ;
#1369 = PRODUCT_RELATED_PRODUCT_CATEGORY ( 'part', '', ( #2065 ) ) ;
#1370 = CARTESIAN_POINT ( 'NONE',  ( -22.79105590657982106, 0.000000000000000000, 12.69549783445958013 ) ) ;
#1371 = ORIENTED_EDGE ( 'NONE', *, *, #2571, .T. ) ;
#1372 = PLANE ( 'NONE',  #581 ) ;
#1373 = ORIENTED_EDGE ( 'NONE', *, *, #2515, .T. ) ;
#1374 = DIRECTION ( 'NONE',  ( -0.000000000000000000, 0.000000000000000000, 1.000000000000000000 ) ) ;
#1375 = PLANE ( 'NONE',  #1622 ) ;
#1376 = ORIENTED_EDGE ( 'NONE', *, *, #2469, .T. ) ;
#1377 = CARTESIAN_POINT ( 'NONE',  ( -71.25849803319519538, 0.000000000000000000, -20.56519104384513241 ) ) ;
#1378 = CARTESIAN_POINT ( 'NONE',  ( -19.20526946895292042, 25.58578643762690419, 14.19549783445957836 ) ) ;
#1379 = DIRECTION ( 'NONE',  ( -0.000000000000000000, -1.000000000000000000, -0.000000000000000000 ) ) ;
#1380 = CARTESIAN_POINT ( 'NONE',  ( -35.29105590657982816, 26.00000000000000000, 13.19549783445958013 ) ) ;
#1381 = PRODUCT_DEFINITION_CONTEXT ( 'detailed design', #447, 'design' ) ;
#1382 = CARTESIAN_POINT ( 'NONE',  ( -2.291055906579823720, 26.00000000000000000, 13.19549783445958013 ) ) ;
#1383 = EDGE_CURVE ( 'NONE', #51, #868, #2265, .T. ) ;
#1384 = ORIENTED_EDGE ( 'NONE', *, *, #921, .F. ) ;
#1385 = VECTOR ( 'NONE', #861, 1000.000000000000000 ) ;
#1386 = ORIENTED_EDGE ( 'NONE', *, *, #1131, .T. ) ;
#1387 = CARTESIAN_POINT ( 'NONE',  ( 8.708944093420164734, 26.00000000000001066, 13.78128427208647722 ) ) ;
#1388 = VECTOR ( 'NONE', #188, 1000.000000000000000 ) ;
#1389 = EDGE_LOOP ( 'NONE', ( #977, #419, #1134, #2572 ) ) ;
#1390 = CARTESIAN_POINT ( 'NONE',  ( -44.79105590657983527, 26.00000000000000000, 14.19549783445957836 ) ) ;
#1391 = ORIENTED_EDGE ( 'NONE', *, *, #1510, .F. ) ;
#1392 = AXIS2_PLACEMENT_3D ( 'NONE', #2056, #1027, #1178 ) ;
#1393 = VECTOR ( 'NONE', #1845, 1000.000000000000000 ) ;
#1394 = EDGE_LOOP ( 'NONE', ( #378, #1344, #2045, #1047 ) ) ;
#1395 = DIRECTION ( 'NONE',  ( -1.000000000000000000, 0.000000000000000000, -0.000000000000000000 ) ) ;
#1396 = FACE_OUTER_BOUND ( 'NONE', #2471, .T. ) ;
#1397 = ADVANCED_FACE ( 'NONE', ( #1863 ), #1662, .T. ) ;
#1398 = FACE_OUTER_BOUND ( 'NONE', #1751, .T. ) ;
#1399 = DIRECTION ( 'NONE',  ( -1.000000000000000000, 0.000000000000000000, -0.000000000000000000 ) ) ;
#1400 =( GEOMETRIC_REPRESENTATION_CONTEXT ( 3 ) GLOBAL_UNCERTAINTY_ASSIGNED_CONTEXT ( ( #208 ) ) GLOBAL_UNIT_ASSIGNED_CONTEXT ( ( #853, #386, #841 ) ) REPRESENTATION_CONTEXT ( 'NONE', 'WORKASPACE' ) );
#1401 = PRODUCT ( 'BarWorktop', 'BarWorktop', '', ( #1081 ) ) ;
#1402 = CARTESIAN_POINT ( 'NONE',  ( -39.29105590657982816, 0.000000000000000000, 12.69549783445958013 ) ) ;
#1403 = ORIENTED_EDGE ( 'NONE', *, *, #568, .T. ) ;
#1404 = CARTESIAN_POINT ( 'NONE',  ( -7.791055906579821944, 26.00000000000000000, 13.19549783445958013 ) ) ;
#1405 = CARTESIAN_POINT ( 'NONE',  ( -6.291055906579821944, 0.000000000000000000, 12.69549783445958013 ) ) ;
#1406 = VECTOR ( 'NONE', #761, 1000.000000000000000 ) ;
#1407 = VERTEX_POINT ( 'NONE', #1823 ) ;
#1408 = ORIENTED_EDGE ( 'NONE', *, *, #357, .F. ) ;
#1409 = LINE ( 'NONE', #1988, #2276 ) ;
#1410 = ORIENTED_EDGE ( 'NONE', *, *, #2224, .F. ) ;
#1411 = ORIENTED_EDGE ( 'NONE', *, *, #2165, .T. ) ;
#1412 = DIRECTION ( 'NONE',  ( -0.000000000000000000, -0.000000000000000000, 1.000000000000000000 ) ) ;
#1413 = CYLINDRICAL_SURFACE ( 'NONE', #2247, 0.9999999999999991118 ) ;
#1414 = AXIS2_PLACEMENT_3D ( 'NONE', #952, #250, #920 ) ;
#1415 = FACE_OUTER_BOUND ( 'NONE', #1652, .T. ) ;
#1416 = CARTESIAN_POINT ( 'NONE',  ( 8.708944093420157628, 26.00000000000000000, -3.804502165540419423 ) ) ;
#1417 = DIRECTION ( 'NONE',  ( -0.000000000000000000, -0.000000000000000000, 1.000000000000000000 ) ) ;
#1418 = DIRECTION ( 'NONE',  ( -3.154042683594195121E-16, -0.000000000000000000, -1.000000000000000000 ) ) ;
#1419 = ORIENTED_EDGE ( 'NONE', *, *, #1272, .F. ) ;
#1420 = CARTESIAN_POINT ( 'NONE',  ( -44.79105590657983527, 26.00000000000000000, -3.804502165540419423 ) ) ;
#1421 = ADVANCED_FACE ( 'NONE', ( #2441 ), #338, .F. ) ;
#1422 = VERTEX_POINT ( 'NONE', #149 ) ;
#1423 = CARTESIAN_POINT ( 'NONE',  ( -16.87684234420672524, 25.58578643762690419, 14.19549783445957836 ) ) ;
#1424 = CARTESIAN_POINT ( 'NONE',  ( 2.208944093420178945, 24.99999999999999645, 14.19549783445957836 ) ) ;
#1425 = CARTESIAN_POINT ( 'NONE',  ( -6.291055906579821944, 0.000000000000000000, 12.69549783445958013 ) ) ;
#1426 = CARTESIAN_POINT ( 'NONE',  ( -24.29105590657982461, 0.000000000000000000, 12.69549783445958013 ) ) ;
#1427 =( BOUNDED_CURVE ( )  B_SPLINE_CURVE ( 3, ( #1950, #101, #2392, #2409 ),
 .UNSPECIFIED., .F., .T. ) 
 B_SPLINE_CURVE_WITH_KNOTS ( ( 4, 4 ),
 ( 3.141592653589793116, 4.712388980384689674 ),
 .UNSPECIFIED. ) 
 CURVE ( )  GEOMETRIC_REPRESENTATION_ITEM ( )  RATIONAL_B_SPLINE_CURVE ( ( 1.000000000000000000, 0.8047378541243649375, 0.8047378541243649375, 1.000000000000000000 ) ) 
 REPRESENTATION_ITEM ( '' )  );
#1428 = DIRECTION ( 'NONE',  ( 0.000000000000000000, 0.000000000000000000, 1.000000000000000000 ) ) ;
#1429 = ORIENTED_EDGE ( 'NONE', *, *, #2673, .F. ) ;
#1430 = DIRECTION ( 'NONE',  ( 0.000000000000000000, 0.000000000000000000, -1.000000000000000000 ) ) ;
#1431 = LINE ( 'NONE', #2262, #1618 ) ;
#1432 = ORIENTED_EDGE ( 'NONE', *, *, #1491, .F. ) ;
#1433 = LINE ( 'NONE', #2468, #2364 ) ;
#1434 = AXIS2_PLACEMENT_3D ( 'NONE', #1602, #2012, #2676 ) ;
#1435 = EDGE_LOOP ( 'NONE', ( #1619, #655, #971, #842 ) ) ;
#1436 = CARTESIAN_POINT ( 'NONE',  ( -11.79105590657982106, 0.000000000000000000, 12.69549783445958013 ) ) ;
#1437 = VECTOR ( 'NONE', #2239, 1000.000000000000000 ) ;
#1438 = EDGE_CURVE ( 'NONE', #353, #1002, #1907, .T. ) ;
#1439 = CARTESIAN_POINT ( 'NONE',  ( -16.29105590657982106, 0.000000000000000000, 13.19549783445958013 ) ) ;
#1440 = PLANE ( 'NONE',  #557 ) ;
#1441 = EDGE_CURVE ( 'NONE', #1809, #1547, #1463, .T. ) ;
#1442 = VERTEX_POINT ( 'NONE', #2274 ) ;
#1443 =( LENGTH_UNIT ( ) NAMED_UNIT ( * ) SI_UNIT ( .MILLI., .METRE. ) );
#1444 = VERTEX_POINT ( 'NONE', #1847 ) ;
#1445 = CARTESIAN_POINT ( 'NONE',  ( -24.29105590657982461, 0.000000000000000000, 13.19549783445958013 ) ) ;
#1446 = EDGE_CURVE ( 'NONE', #1002, #1616, #784, .T. ) ;
#1447 = VERTEX_POINT ( 'NONE', #1011 ) ;
#1448 = CYLINDRICAL_SURFACE ( 'NONE', #2546, 0.9999999999999991118 ) ;
#1449 = EDGE_CURVE ( 'NONE', #491, #844, #1860, .T. ) ;
#1450 = VECTOR ( 'NONE', #804, 1000.000000000000000 ) ;
#1451 = LINE ( 'NONE', #2532, #2158 ) ;
#1452 = DIRECTION ( 'NONE',  ( -0.000000000000000000, -1.000000000000000000, -0.000000000000000000 ) ) ;
#1453 = VECTOR ( 'NONE', #470, 1000.000000000000000 ) ;
#1454 = LINE ( 'NONE', #849, #1457 ) ;
#1455 = EDGE_CURVE ( 'NONE', #754, #1515, #661, .T. ) ;
#1456 = CARTESIAN_POINT ( 'NONE',  ( -32.79105590657982816, 24.99999999999999645, 14.19549783445957836 ) ) ;
#1457 = VECTOR ( 'NONE', #2520, 1000.000000000000000 ) ;
#1458 = ORIENTED_EDGE ( 'NONE', *, *, #2235, .T. ) ;
#1459 = CARTESIAN_POINT ( 'NONE',  ( -13.29105590657982106, 26.00000000000000000, 12.69549783445958013 ) ) ;
#1460 =( NAMED_UNIT ( * ) PLANE_ANGLE_UNIT ( ) SI_UNIT ( $, .RADIAN. ) );
#1461 = ORIENTED_EDGE ( 'NONE', *, *, #751, .F. ) ;
#1462 = DIRECTION ( 'NONE',  ( -0.000000000000000000, 1.000000000000000000, -0.000000000000000000 ) ) ;
#1463 =( BOUNDED_CURVE ( )  B_SPLINE_CURVE ( 3, ( #1646, #545, #1001, #1404 ),
 .UNSPECIFIED., .F., .T. ) 
 B_SPLINE_CURVE_WITH_KNOTS ( ( 4, 4 ),
 ( 1.570796326794896558, 3.141592653589793116 ),
 .UNSPECIFIED. ) 
 CURVE ( )  GEOMETRIC_REPRESENTATION_ITEM ( )  RATIONAL_B_SPLINE_CURVE ( ( 1.000000000000000000, 0.8047378541243649375, 0.8047378541243649375, 1.000000000000000000 ) ) 
 REPRESENTATION_ITEM ( '' )  );
#1464 = ORIENTED_EDGE ( 'NONE', *, *, #295, .T. ) ;
#1465 = CARTESIAN_POINT ( 'NONE',  ( -44.79105590657983527, 1.000000000000000888, 14.19549783445957836 ) ) ;
#1466 = CARTESIAN_POINT ( 'NONE',  ( -69.25849803319519538, 3.000000000000000000, -2.565191043845135521 ) ) ;
#1467 = EDGE_CURVE ( 'NONE', #1197, #1112, #785, .T. ) ;
#1468 = CYLINDRICAL_SURFACE ( 'NONE', #2142, 0.9999999999999991118 ) ;
#1469 = CARTESIAN_POINT ( 'NONE',  ( -17.29105590657982106, 0.000000000000000000, 12.69549783445958013 ) ) ;
#1470 = PLANE ( 'NONE',  #1687 ) ;
#1471 = ORIENTED_EDGE ( 'NONE', *, *, #38, .F. ) ;
#1472 = EDGE_CURVE ( 'NONE', #862, #2058, #1928, .T. ) ;
#1473 = DIRECTION ( 'NONE',  ( -0.000000000000000000, -0.000000000000000000, 1.000000000000000000 ) ) ;
#1474 = ORIENTED_EDGE ( 'NONE', *, *, #2567, .F. ) ;
#1475 = CARTESIAN_POINT ( 'NONE',  ( -5.291055906579821944, 1.000000000000000888, 14.19549783445957836 ) ) ;
#1476 = DIRECTION ( 'NONE',  ( -1.000000000000000000, -0.000000000000000000, -0.000000000000000000 ) ) ;
#1477 = CARTESIAN_POINT ( 'NONE',  ( -44.79105590657983527, 0.000000000000000000, -3.804502165540419423 ) ) ;
#1478 = ORIENTED_EDGE ( 'NONE', *, *, #2700, .F. ) ;
#1479 = FACE_OUTER_BOUND ( 'NONE', #35, .T. ) ;
#1480 = CARTESIAN_POINT ( 'NONE',  ( -11.79105590657981928, 26.00000000000000000, 12.69549783445958013 ) ) ;
#1481 = DIRECTION ( 'NONE',  ( -1.000000000000000000, -0.000000000000000000, -0.000000000000000000 ) ) ;
#1482 = EDGE_CURVE ( 'NONE', #601, #2028, #2189, .T. ) ;
#1483 = AXIS2_PLACEMENT_3D ( 'NONE', #494, #2624, #94 ) ;
#1484 = CARTESIAN_POINT ( 'NONE',  ( -33.37684234420672880, 25.58578643762690419, 14.19549783445957836 ) ) ;
#1485 = LINE ( 'NONE', #322, #180 ) ;
#1486 = MANIFOLD_SOLID_BREP ( 'Fillet2', #1356 ) ;
#1487 = CONTEXT_DEPENDENT_SHAPE_REPRESENTATION ( #2446, #2395 ) ;
#1488 = ORIENTED_EDGE ( 'NONE', *, *, #888, .F. ) ;
#1489 =( BOUNDED_CURVE ( )  B_SPLINE_CURVE ( 3, ( #1756, #1282, #677, #1080 ),
 .UNSPECIFIED., .F., .F. ) 
 B_SPLINE_CURVE_WITH_KNOTS ( ( 4, 4 ),
 ( 3.141592653589793116, 4.712388980384689674 ),
 .UNSPECIFIED. ) 
 CURVE ( )  GEOMETRIC_REPRESENTATION_ITEM ( )  RATIONAL_B_SPLINE_CURVE ( ( 1.000000000000000000, 0.8047378541243649375, 0.8047378541243649375, 1.000000000000000000 ) ) 
 REPRESENTATION_ITEM ( '' )  );
#1490 = LINE ( 'NONE', #2524, #96 ) ;
#1491 = EDGE_CURVE ( 'NONE', #772, #479, #2511, .T. ) ;
#1492 = ORIENTED_EDGE ( 'NONE', *, *, #1383, .F. ) ;
#1493 = EDGE_CURVE ( 'NONE', #2464, #622, #1427, .T. ) ;
#1494 = CARTESIAN_POINT ( 'NONE',  ( 4.708944093420180721, 26.00000000000000000, 13.19549783445958013 ) ) ;
#1495 = VERTEX_POINT ( 'NONE', #2587 ) ;
#1496 = LINE ( 'NONE', #1436, #1005 ) ;
#1497 = DIRECTION ( 'NONE',  ( -0.000000000000000000, 1.000000000000000000, -0.000000000000000000 ) ) ;
#1498 = CARTESIAN_POINT ( 'NONE',  ( -40.79105590657982816, 0.000000000000000000, 12.69549783445958013 ) ) ;
#1499 = VECTOR ( 'NONE', #1815, 1000.000000000000000 ) ;
#1500 = CARTESIAN_POINT ( 'NONE',  ( -13.75849803319519715, 3.000000000000000000, -2.565191043845137298 ) ) ;
#1501 = VERTEX_POINT ( 'NONE', #1542 ) ;
#1502 = VECTOR ( 'NONE', #1699, 1000.000000000000000 ) ;
#1503 = DIRECTION ( 'NONE',  ( 0.000000000000000000, 0.000000000000000000, 1.000000000000000000 ) ) ;
#1504 = EDGE_CURVE ( 'NONE', #1547, #787, #678, .T. ) ;
#1505 = ORIENTED_EDGE ( 'NONE', *, *, #192, .T. ) ;
#1506 = VERTEX_POINT ( 'NONE', #1966 ) ;
#1507 = CYLINDRICAL_SURFACE ( 'NONE', #316, 2.000000000000001776 ) ;
#1508 = DIRECTION ( 'NONE',  ( -3.336006684570782732E-17, 1.000000000000000000, -0.000000000000000000 ) ) ;
#1509 = EDGE_CURVE ( 'NONE', #255, #2053, #484, .T. ) ;
#1510 = EDGE_CURVE ( 'NONE', #1115, #1345, #1982, .T. ) ;
#1511 = DIRECTION ( 'NONE',  ( 0.000000000000000000, 0.000000000000000000, -1.000000000000000000 ) ) ;
#1512 = CARTESIAN_POINT ( 'NONE',  ( -10.79105590657982106, 24.99999999999999645, 14.19549783445957836 ) ) ;
#1513 = EDGE_LOOP ( 'NONE', ( #1152, #2152, #1944, #2544 ) ) ;
#1514 = LINE ( 'NONE', #1703, #1076 ) ;
#1515 = VERTEX_POINT ( 'NONE', #1783 ) ;
#1516 = EDGE_CURVE ( 'NONE', #1150, #754, #892, .T. ) ;
#1517 = ORIENTED_EDGE ( 'NONE', *, *, #2224, .T. ) ;
#1518 = CARTESIAN_POINT ( 'NONE',  ( -38.29105590657982816, 1.000000000000000888, 14.19549783445957836 ) ) ;
#1519 =( BOUNDED_CURVE ( )  B_SPLINE_CURVE ( 3, ( #2371, #938, #2591, #1314 ),
 .UNSPECIFIED., .F., .T. ) 
 B_SPLINE_CURVE_WITH_KNOTS ( ( 4, 4 ),
 ( 3.141592653589794892, 4.712388980384689674 ),
 .UNSPECIFIED. ) 
 CURVE ( )  GEOMETRIC_REPRESENTATION_ITEM ( )  RATIONAL_B_SPLINE_CURVE ( ( 1.000000000000000000, 0.8047378541243654926, 0.8047378541243654926, 1.000000000000000000 ) ) 
 REPRESENTATION_ITEM ( '' )  );
#1520 = LINE ( 'NONE', #2360, #2630 ) ;
#1521 = ORIENTED_EDGE ( 'NONE', *, *, #76, .T. ) ;
#1522 = EDGE_CURVE ( 'NONE', #1675, #973, #502, .T. ) ;
#1523 = VECTOR ( 'NONE', #1056, 1000.000000000000000 ) ;
#1524 = VECTOR ( 'NONE', #1996, 1000.000000000000000 ) ;
#1525 = PLANE ( 'NONE',  #2031 ) ;
#1526 = CARTESIAN_POINT ( 'NONE',  ( -22.79105590657982106, 0.000000000000000000, 13.19549783445958013 ) ) ;
#1527 = CARTESIAN_POINT ( 'NONE',  ( -3.291055906579823720, 24.99999999999999645, 14.19549783445957836 ) ) ;
#1528 = ORIENTED_EDGE ( 'NONE', *, *, #199, .F. ) ;
#1529 = VECTOR ( 'NONE', #394, 1000.000000000000000 ) ;
#1530 = CARTESIAN_POINT ( 'NONE',  ( -15.75849803319519893, 0.000000000000000000, -2.565191043845137298 ) ) ;
#1531 = ORIENTED_EDGE ( 'NONE', *, *, #2651, .T. ) ;
#1532 = DIRECTION ( 'NONE',  ( -1.000000000000000000, 0.000000000000000000, -0.000000000000000000 ) ) ;
#1533 = DIRECTION ( 'NONE',  ( 0.000000000000000000, 1.000000000000000000, 0.000000000000000000 ) ) ;
#1534 = EDGE_LOOP ( 'NONE', ( #2671, #2013, #2713, #974 ) ) ;
#1535 = ADVANCED_FACE ( 'NONE', ( #1352 ), #2202, .F. ) ;
#1536 = CYLINDRICAL_SURFACE ( 'NONE', #1340, 0.9999999999999991118 ) ;
#1537 =( BOUNDED_CURVE ( )  B_SPLINE_CURVE ( 3, ( #503, #74, #2162, #1587 ),
 .UNSPECIFIED., .F., .T. ) 
 B_SPLINE_CURVE_WITH_KNOTS ( ( 4, 4 ),
 ( 1.570796326794896558, 3.141592653589793116 ),
 .UNSPECIFIED. ) 
 CURVE ( )  GEOMETRIC_REPRESENTATION_ITEM ( )  RATIONAL_B_SPLINE_CURVE ( ( 1.000000000000000000, 0.8047378541243649375, 0.8047378541243649375, 1.000000000000000000 ) ) 
 REPRESENTATION_ITEM ( '' )  );
#1538 = CARTESIAN_POINT ( 'NONE',  ( -7.791055906579821944, 26.00000000000000000, 13.19549783445958013 ) ) ;
#1539 = DIRECTION ( 'NONE',  ( -1.000000000000000000, 6.672013369141560533E-17, 0.000000000000000000 ) ) ;
#1540 = PLANE ( 'NONE',  #333 ) ;
#1541 = AXIS2_PLACEMENT_3D ( 'NONE', #2077, #381, #1073 ) ;
#1542 = CARTESIAN_POINT ( 'NONE',  ( -18.79105590657982106, 0.000000000000000000, 12.69549783445958013 ) ) ;
#1543 = FACE_OUTER_BOUND ( 'NONE', #1204, .T. ) ;
#1544 = EDGE_CURVE ( 'NONE', #2611, #1297, #2485, .T. ) ;
#1545 = LINE ( 'NONE', #1952, #56 ) ;
#1546 = EDGE_CURVE ( 'NONE', #320, #2563, #471, .T. ) ;
#1547 = VERTEX_POINT ( 'NONE', #2425 ) ;
#1548 = VECTOR ( 'NONE', #878, 1000.000000000000000 ) ;
#1549 = VECTOR ( 'NONE', #1632, 1000.000000000000000 ) ;
#1550 = CARTESIAN_POINT ( 'NONE',  ( -44.79105590657983527, 1.000000000000000888, 13.19549783445958013 ) ) ;
#1551 = CARTESIAN_POINT ( 'NONE',  ( -27.29105590657982461, 1.000000000000000888, 14.19549783445957836 ) ) ;
#1552 = EDGE_LOOP ( 'NONE', ( #1521, #940, #606, #1192 ) ) ;
#1553 = VERTEX_POINT ( 'NONE', #516 ) ;
#1554 = CARTESIAN_POINT ( 'NONE',  ( -35.29105590657982816, 26.00000000000000000, 12.69549783445958013 ) ) ;
#1555 = ORIENTED_EDGE ( 'NONE', *, *, #2691, .F. ) ;
#1556 = LINE ( 'NONE', #483, #2294 ) ;
#1557 = CARTESIAN_POINT ( 'NONE',  ( -35.29105590657982816, 0.000000000000000000, 12.69549783445958013 ) ) ;
#1558 = ORIENTED_EDGE ( 'NONE', *, *, #2716, .T. ) ;
#1559 = ORIENTED_EDGE ( 'NONE', *, *, #692, .T. ) ;
#1560 = EDGE_CURVE ( 'NONE', #2657, #772, #2470, .T. ) ;
#1561 = DIRECTION ( 'NONE',  ( 0.000000000000000000, 0.000000000000000000, 1.000000000000000000 ) ) ;
#1562 = ORIENTED_EDGE ( 'NONE', *, *, #42, .T. ) ;
#1563 = FACE_OUTER_BOUND ( 'NONE', #2363, .T. ) ;
#1564 = CARTESIAN_POINT ( 'NONE',  ( -30.79105590657982461, 1.000000000000000888, 14.19549783445957836 ) ) ;
#1565 = CARTESIAN_POINT ( 'NONE',  ( 0.2089440934201769740, 24.99999999999999645, 14.19549783445957836 ) ) ;
#1566 = ORIENTED_EDGE ( 'NONE', *, *, #1272, .T. ) ;
#1567 = CARTESIAN_POINT ( 'NONE',  ( -22.79105590657982106, 26.00000000000000000, 13.19549783445958013 ) ) ;
#1568 = CARTESIAN_POINT ( 'NONE',  ( -44.79105590657983527, 1.000000000000000888, 14.19549783445957836 ) ) ;
#1569 = LINE ( 'NONE', #1173, #264 ) ;
#1570 = EDGE_CURVE ( 'NONE', #2053, #491, #2311, .T. ) ;
#1571 = LINE ( 'NONE', #1353, #2248 ) ;
#1572 = VECTOR ( 'NONE', #858, 1000.000000000000000 ) ;
#1573 = VECTOR ( 'NONE', #288, 1000.000000000000000 ) ;
#1574 = DIRECTION ( 'NONE',  ( -3.336006684570782732E-17, 1.000000000000000000, 0.000000000000000000 ) ) ;
#1575 = AXIS2_PLACEMENT_3D ( 'NONE', #2499, #1205, #1430 ) ;
#1576 = AXIS2_PLACEMENT_3D ( 'NONE', #2230, #981, #1399 ) ;
#1577 = CYLINDRICAL_SURFACE ( 'NONE', #187, 0.9999999999999991118 ) ;
#1578 = ORIENTED_EDGE ( 'NONE', *, *, #1570, .F. ) ;
#1579 = PLANE ( 'NONE',  #1258 ) ;
#1580 = VERTEX_POINT ( 'NONE', #807 ) ;
#1581 = CARTESIAN_POINT ( 'NONE',  ( -38.29105590657982816, 1.000000000000000888, 14.19549783445957836 ) ) ;
#1582 = EDGE_CURVE ( 'NONE', #2024, #445, #2048, .T. ) ;
#1583 = ORIENTED_EDGE ( 'NONE', *, *, #2067, .T. ) ;
#1584 = CARTESIAN_POINT ( 'NONE',  ( 3.208944093420178056, 0.000000000000000000, 13.19549783445958013 ) ) ;
#1585 = CARTESIAN_POINT ( 'NONE',  ( -44.79105590657983527, 26.00000000000000000, 14.19549783445957836 ) ) ;
#1586 = DIRECTION ( 'NONE',  ( -3.154042683594195121E-16, -0.000000000000000000, -1.000000000000000000 ) ) ;
#1587 = CARTESIAN_POINT ( 'NONE',  ( -29.79105590657982461, 26.00000000000000000, 13.19549783445958013 ) ) ;
#1588 = VECTOR ( 'NONE', #2723, 1000.000000000000000 ) ;
#1589 = ADVANCED_FACE ( 'NONE', ( #2039 ), #2489, .F. ) ;
#1590 = DIRECTION ( 'NONE',  ( 1.000000000000000000, 0.000000000000000000, -0.000000000000000000 ) ) ;
#1591 = ORIENTED_EDGE ( 'NONE', *, *, #452, .F. ) ;
#1592 = EDGE_LOOP ( 'NONE', ( #632, #2743, #2061, #1236 ) ) ;
#1593 = DIRECTION ( 'NONE',  ( 0.000000000000000000, 0.000000000000000000, -1.000000000000000000 ) ) ;
#1594 = ORIENTED_EDGE ( 'NONE', *, *, #1280, .F. ) ;
#1595 = AXIS2_PLACEMENT_3D ( 'NONE', #1728, #2333, #1078 ) ;
#1596 = VERTEX_POINT ( 'NONE', #2461 ) ;
#1597 = DIRECTION ( 'NONE',  ( 0.000000000000000000, 0.000000000000000000, 1.000000000000000000 ) ) ;
#1598 = DIRECTION ( 'NONE',  ( 0.000000000000000000, 0.000000000000000000, 1.000000000000000000 ) ) ;
#1599 = LINE ( 'NONE', #1145, #359 ) ;
#1600 = CARTESIAN_POINT ( 'NONE',  ( -17.29105590657982106, 26.00000000000000000, 12.69549783445958013 ) ) ;
#1601 = ORIENTED_EDGE ( 'NONE', *, *, #1995, .T. ) ;
#1602 = CARTESIAN_POINT ( 'NONE',  ( -44.79105590657983527, 1.000000000000000888, 13.19549783445958013 ) ) ;
#1603 = VERTEX_POINT ( 'NONE', #2244 ) ;
#1604 = ORIENTED_EDGE ( 'NONE', *, *, #1624, .T. ) ;
#1605 = FACE_OUTER_BOUND ( 'NONE', #2140, .T. ) ;
#1606 = ORIENTED_EDGE ( 'NONE', *, *, #2300, .T. ) ;
#1607 = EDGE_CURVE ( 'NONE', #320, #1447, #580, .T. ) ;
#1608 = VERTEX_POINT ( 'NONE', #330 ) ;
#1609 = DIRECTION ( 'NONE',  ( 1.000000000000000000, -6.672013369141565463E-17, 0.000000000000000000 ) ) ;
#1610 = CARTESIAN_POINT ( 'NONE',  ( 0.000000000000000000, 0.000000000000000000, 13.19549783445958013 ) ) ;
#1611 = CARTESIAN_POINT ( 'NONE',  ( -7.791055906579821944, 26.00000000000000000, 12.69549783445958013 ) ) ;
#1612 = ADVANCED_FACE ( 'NONE', ( #1869 ), #1174, .T. ) ;
#1613 = CARTESIAN_POINT ( 'NONE',  ( -71.25849803319519538, 3.000000000000000000, -22.56519104384513241 ) ) ;
#1614 = ADVANCED_FACE ( 'NONE', ( #1189 ), #116, .F. ) ;
#1615 = CARTESIAN_POINT ( 'NONE',  ( -11.79105590657981928, 26.00000000000000000, 13.19549783445958013 ) ) ;
#1616 = VERTEX_POINT ( 'NONE', #1416 ) ;
#1617 = AXIS2_PLACEMENT_3D ( 'NONE', #634, #2578, #256 ) ;
#1618 = VECTOR ( 'NONE', #2665, 1000.000000000000000 ) ;
#1619 = ORIENTED_EDGE ( 'NONE', *, *, #1030, .T. ) ;
#1620 = VERTEX_POINT ( 'NONE', #2258 ) ;
#1621 = DIRECTION ( 'NONE',  ( 0.000000000000000000, 0.000000000000000000, 1.000000000000000000 ) ) ;
#1622 = AXIS2_PLACEMENT_3D ( 'NONE', #1390, #927, #1811 ) ;
#1623 = VECTOR ( 'NONE', #2522, 1000.000000000000000 ) ;
#1624 = EDGE_CURVE ( 'NONE', #479, #1136, #347, .T. ) ;
#1625 = ORIENTED_EDGE ( 'NONE', *, *, #170, .F. ) ;
#1626 = CARTESIAN_POINT ( 'NONE',  ( -44.79105590657983527, 26.00000000000000000, 14.19549783445957836 ) ) ;
#1627 = LINE ( 'NONE', #2227, #2022 ) ;
#1628 = ADVANCED_FACE ( 'NONE', ( #2685 ), #566, .F. ) ;
#1629 = DIRECTION ( 'NONE',  ( 0.000000000000000000, 0.000000000000000000, 1.000000000000000000 ) ) ;
#1630 = DIRECTION ( 'NONE',  ( 0.000000000000000000, 0.000000000000000000, -1.000000000000000000 ) ) ;
#1631 = PRODUCT_DEFINITION_SHAPE ( 'NONE', 'NONE',  #875 ) ;
#1632 = DIRECTION ( 'NONE',  ( -0.000000000000000000, -0.000000000000000000, 1.000000000000000000 ) ) ;
#1633 =( BOUNDED_CURVE ( )  B_SPLINE_CURVE ( 3, ( #391, #2059, #2292, #1249 ),
 .UNSPECIFIED., .F., .F. ) 
 B_SPLINE_CURVE_WITH_KNOTS ( ( 4, 4 ),
 ( 0.000000000000000000, 1.570796326794896558 ),
 .UNSPECIFIED. ) 
 CURVE ( )  GEOMETRIC_REPRESENTATION_ITEM ( )  RATIONAL_B_SPLINE_CURVE ( ( 1.000000000000000000, 0.8047378541243649375, 0.8047378541243649375, 1.000000000000000000 ) ) 
 REPRESENTATION_ITEM ( '' )  );
#1634 = EDGE_CURVE ( 'NONE', #2117, #1608, #2569, .T. ) ;
#1635 = DIRECTION ( 'NONE',  ( 1.000000000000000000, 0.000000000000000000, 0.000000000000000000 ) ) ;
#1636 = AXIS2_PLACEMENT_3D ( 'NONE', #846, #369, #818 ) ;
#1637 = EDGE_LOOP ( 'NONE', ( #1319, #1761, #990, #2120 ) ) ;
#1638 = CARTESIAN_POINT ( 'NONE',  ( -15.75849803319520603, 3.000000000000000000, -20.56519104384513241 ) ) ;
#1639 = ORIENTED_EDGE ( 'NONE', *, *, #1657, .F. ) ;
#1640 = LINE ( 'NONE', #113, #2687 ) ;
#1641 = DIRECTION ( 'NONE',  ( 0.000000000000000000, 1.000000000000000000, 0.000000000000000000 ) ) ;
#1642 = DIRECTION ( 'NONE',  ( 0.000000000000000000, 0.000000000000000000, -1.000000000000000000 ) ) ;
#1643 = DIRECTION ( 'NONE',  ( -0.000000000000000000, -0.000000000000000000, 1.000000000000000000 ) ) ;
#1644 = ORIENTED_EDGE ( 'NONE', *, *, #2020, .T. ) ;
#1645 =( BOUNDED_CURVE ( )  B_SPLINE_CURVE ( 3, ( #646, #1936, #2183, #2134 ),
 .UNSPECIFIED., .F., .T. ) 
 B_SPLINE_CURVE_WITH_KNOTS ( ( 4, 4 ),
 ( 4.712388980384690562, 6.283185307179586232 ),
 .UNSPECIFIED. ) 
 CURVE ( )  GEOMETRIC_REPRESENTATION_ITEM ( )  RATIONAL_B_SPLINE_CURVE ( ( 1.000000000000000000, 0.8047378541243652705, 0.8047378541243652705, 1.000000000000000000 ) ) 
 REPRESENTATION_ITEM ( '' )  );
#1646 = CARTESIAN_POINT ( 'NONE',  ( -8.791055906579822832, 24.99999999999999645, 14.19549783445957836 ) ) ;
#1647 = LINE ( 'NONE', #2026, #850 ) ;
#1648 = DIRECTION ( 'NONE',  ( 0.000000000000000000, 0.000000000000000000, 1.000000000000000000 ) ) ;
#1649 = ADVANCED_FACE ( 'NONE', ( #179 ), #2350, .F. ) ;
#1650 = VERTEX_POINT ( 'NONE', #1256 ) ;
#1651 = CARTESIAN_POINT ( 'NONE',  ( -40.79105590657982816, 26.00000000000000000, 13.19549783445958013 ) ) ;
#1652 = EDGE_LOOP ( 'NONE', ( #615, #1604, #1775, #2655 ) ) ;
#1653 = DIRECTION ( 'NONE',  ( 1.000000000000000000, -0.000000000000000000, 0.000000000000000000 ) ) ;
#1654 = DIRECTION ( 'NONE',  ( -1.000000000000000000, 0.000000000000000000, -0.000000000000000000 ) ) ;
#1655 = CARTESIAN_POINT ( 'NONE',  ( 0.000000000000000000, 0.000000000000000000, 12.69549783445958013 ) ) ;
#1656 = CARTESIAN_POINT ( 'NONE',  ( -0.7910559065798230538, 26.00000000000000000, 13.19549783445958013 ) ) ;
#1657 = EDGE_CURVE ( 'NONE', #1207, #2403, #29, .T. ) ;
#1658 = VERTEX_POINT ( 'NONE', #1937 ) ;
#1659 = ORIENTED_EDGE ( 'NONE', *, *, #979, .F. ) ;
#1660 = ORIENTED_EDGE ( 'NONE', *, *, #2397, .T. ) ;
#1661 = VECTOR ( 'NONE', #630, 1000.000000000000000 ) ;
#1662 = CYLINDRICAL_SURFACE ( 'NONE', #1575, 0.9999999999999991118 ) ;
#1663 = VECTOR ( 'NONE', #488, 1000.000000000000000 ) ;
#1664 =( GEOMETRIC_REPRESENTATION_CONTEXT ( 3 ) GLOBAL_UNCERTAINTY_ASSIGNED_CONTEXT ( ( #794 ) ) GLOBAL_UNIT_ASSIGNED_CONTEXT ( ( #1443, #986, #107 ) ) REPRESENTATION_CONTEXT ( 'NONE', 'WORKASPACE' ) );
#1665 = VERTEX_POINT ( 'NONE', #1883 ) ;
#1666 = CARTESIAN_POINT ( 'NONE',  ( 3.208944093420178945, 26.00000000000000000, 13.19549783445958013 ) ) ;
#1667 = VECTOR ( 'NONE', #957, 1000.000000000000000 ) ;
#1668 = DIRECTION ( 'NONE',  ( 1.000000000000000000, 0.000000000000000000, 0.000000000000000000 ) ) ;
#1669 = EDGE_CURVE ( 'NONE', #1893, #1422, #2548, .T. ) ;
#1670 = DIRECTION ( 'NONE',  ( 1.000000000000000000, 0.000000000000000000, 0.000000000000000000 ) ) ;
#1671 = FACE_OUTER_BOUND ( 'NONE', #817, .T. ) ;
#1672 = ORIENTED_EDGE ( 'NONE', *, *, #426, .T. ) ;
#1673 = CARTESIAN_POINT ( 'NONE',  ( -44.79105590657983527, 1.000000000000000888, 13.19549783445958013 ) ) ;
#1674 = CARTESIAN_POINT ( 'NONE',  ( -69.25849803319519538, 3.000000000000000000, -20.56519104384513241 ) ) ;
#1675 = VERTEX_POINT ( 'NONE', #411 ) ;
#1676 = DIRECTION ( 'NONE',  ( 0.000000000000000000, -0.000000000000000000, 1.000000000000000000 ) ) ;
#1677 = AXIS2_PLACEMENT_3D ( 'NONE', #1466, #1253, #194 ) ;
#1678 = ORIENTED_EDGE ( 'NONE', *, *, #319, .F. ) ;
#1679 = CARTESIAN_POINT ( 'NONE',  ( -39.29105590657982816, 0.000000000000000000, 12.69549783445958013 ) ) ;
#1680 = FACE_OUTER_BOUND ( 'NONE', #1332, .T. ) ;
#1681 = DIRECTION ( 'NONE',  ( -1.000000000000000000, 0.000000000000000000, -0.000000000000000000 ) ) ;
#1682 = CARTESIAN_POINT ( 'NONE',  ( -33.79105590657982816, 0.000000000000000000, 12.69549783445958013 ) ) ;
#1683 = EDGE_CURVE ( 'NONE', #844, #255, #982, .T. ) ;
#1684 = VECTOR ( 'NONE', #1365, 1000.000000000000000 ) ;
#1685 = DIRECTION ( 'NONE',  ( 6.672013369141565463E-17, 1.000000000000000000, 0.000000000000000000 ) ) ;
#1686 = CARTESIAN_POINT ( 'NONE',  ( -33.79105590657982816, 26.00000000000000355, 13.78128427208648255 ) ) ;
#1687 = AXIS2_PLACEMENT_3D ( 'NONE', #1064, #2549, #1670 ) ;
#1688 = APPLICATION_PROTOCOL_DEFINITION ( 'draft international standard', 'automotive_design', 1998, #595 ) ;
#1689 = EDGE_LOOP ( 'NONE', ( #1734, #2552, #2344, #1212 ) ) ;
#1690 = LINE ( 'NONE', #1246, #2452 ) ;
#1691 = ORIENTED_EDGE ( 'NONE', *, *, #1544, .T. ) ;
#1692 = CARTESIAN_POINT ( 'NONE',  ( -35.29105590657982816, 0.000000000000000000, 13.19549783445958013 ) ) ;
#1693 = CARTESIAN_POINT ( 'NONE',  ( 5.708944093420180721, 24.99999999999999645, 14.19549783445957836 ) ) ;
#1694 = VERTEX_POINT ( 'NONE', #638 ) ;
#1695 = EDGE_CURVE ( 'NONE', #1407, #190, #195, .T. ) ;
#1696 = LINE ( 'NONE', #2487, #158 ) ;
#1697 = DIRECTION ( 'NONE',  ( -0.000000000000000000, 0.000000000000000000, 1.000000000000000000 ) ) ;
#1698 = UNCERTAINTY_MEASURE_WITH_UNIT (LENGTH_MEASURE( 1.000000000000000082E-05 ), #2366, 'distance_accuracy_value', 'NONE');
#1699 = DIRECTION ( 'NONE',  ( 1.000000000000000000, 0.000000000000000000, 0.000000000000000000 ) ) ;
#1700 = EDGE_CURVE ( 'NONE', #1444, #241, #2341, .T. ) ;
#1701 = CARTESIAN_POINT ( 'NONE',  ( 0.000000000000000000, 0.000000000000000000, 0.000000000000000000 ) ) ;
#1702 = ORIENTED_EDGE ( 'NONE', *, *, #439, .F. ) ;
#1703 = CARTESIAN_POINT ( 'NONE',  ( -44.79105590657983527, 1.000000000000000888, 14.19549783445957836 ) ) ;
#1704 = ORIENTED_EDGE ( 'NONE', *, *, #496, .T. ) ;
#1705 = EDGE_LOOP ( 'NONE', ( #1730, #2443, #2308, #2251 ) ) ;
#1706 = CARTESIAN_POINT ( 'NONE',  ( -5.291055906579821944, 24.99999999999999645, 14.19549783445957836 ) ) ;
#1707 = VERTEX_POINT ( 'NONE', #1469 ) ;
#1708 = DIRECTION ( 'NONE',  ( 0.000000000000000000, 0.000000000000000000, -1.000000000000000000 ) ) ;
#1709 = CARTESIAN_POINT ( 'NONE',  ( -22.37684234420672524, 25.58578643762690419, 14.19549783445957836 ) ) ;
#1710 = VECTOR ( 'NONE', #669, 1000.000000000000000 ) ;
#1711 = AXIS2_PLACEMENT_3D ( 'NONE', #356, #193, #1909 ) ;
#1712 = AXIS2_PLACEMENT_3D ( 'NONE', #40, #885, #308 ) ;
#1713 = DIRECTION ( 'NONE',  ( -0.000000000000000000, -0.000000000000000000, 1.000000000000000000 ) ) ;
#1714 = VECTOR ( 'NONE', #1323, 1000.000000000000000 ) ;
#1715 = ORIENTED_EDGE ( 'NONE', *, *, #418, .F. ) ;
#1716 = LINE ( 'NONE', #224, #896 ) ;
#1717 = ORIENTED_EDGE ( 'NONE', *, *, #1683, .F. ) ;
#1718 = EDGE_CURVE ( 'NONE', #2086, #97, #2136, .T. ) ;
#1719 = ADVANCED_FACE ( 'NONE', ( #15 ), #1290, .T. ) ;
#1720 = DIRECTION ( 'NONE',  ( 0.000000000000000000, 0.000000000000000000, 1.000000000000000000 ) ) ;
#1721 = LINE ( 'NONE', #2155, #183 ) ;
#1722 = ORIENTED_EDGE ( 'NONE', *, *, #539, .T. ) ;
#1723 = DIRECTION ( 'NONE',  ( 1.000000000000000000, 0.000000000000000000, -0.000000000000000000 ) ) ;
#1724 = LINE ( 'NONE', #2340, #599 ) ;
#1725 = DIRECTION ( 'NONE',  ( -0.000000000000000000, -0.000000000000000000, 1.000000000000000000 ) ) ;
#1726 = VECTOR ( 'NONE', #2531, 1000.000000000000000 ) ;
#1727 = VERTEX_POINT ( 'NONE', #1565 ) ;
#1728 = CARTESIAN_POINT ( 'NONE',  ( -44.79105590657983527, 26.00000000000000000, 14.19549783445957836 ) ) ;
#1729 = ADVANCED_FACE ( 'NONE', ( #889 ), #82, .T. ) ;
#1730 = ORIENTED_EDGE ( 'NONE', *, *, #286, .T. ) ;
#1731 = AXIS2_PLACEMENT_3D ( 'NONE', #157, #2662, #2440 ) ;
#1732 = LINE ( 'NONE', #2561, #2186 ) ;
#1733 = ORIENTED_EDGE ( 'NONE', *, *, #1354, .F. ) ;
#1734 = ORIENTED_EDGE ( 'NONE', *, *, #1979, .T. ) ;
#1735 = CARTESIAN_POINT ( 'NONE',  ( -36.29105590657982816, 26.00000000000000000, 14.19549783445957836 ) ) ;
#1736 =( BOUNDED_CURVE ( )  B_SPLINE_CURVE ( 3, ( #997, #701, #934, #2412 ),
 .UNSPECIFIED., .F., .F. ) 
 B_SPLINE_CURVE_WITH_KNOTS ( ( 4, 4 ),
 ( 0.000000000000000000, 1.570796326794896558 ),
 .UNSPECIFIED. ) 
 CURVE ( )  GEOMETRIC_REPRESENTATION_ITEM ( )  RATIONAL_B_SPLINE_CURVE ( ( 1.000000000000000000, 0.8047378541243649375, 0.8047378541243649375, 1.000000000000000000 ) ) 
 REPRESENTATION_ITEM ( '' )  );
#1737 = FACE_OUTER_BOUND ( 'NONE', #562, .T. ) ;
#1738 = CARTESIAN_POINT ( 'NONE',  ( -15.75849803319520603, 0.000000000000000000, -20.56519104384513241 ) ) ;
#1739 = ORIENTED_EDGE ( 'NONE', *, *, #2144, .T. ) ;
#1740 = ADVANCED_FACE ( 'NONE', ( #928 ), #468, .T. ) ;
#1741 = DIRECTION ( 'NONE',  ( -1.000000000000000000, -0.000000000000000000, -0.000000000000000000 ) ) ;
#1742 = EDGE_LOOP ( 'NONE', ( #1016, #469, #2306, #134, #2287, #2445, #673, #1492, #2195, #877, #364, #645, #2400, #1531, #1234, #119, #2222, #1601, #1591, #171, #533, #1251, #1733, #752, #16, #1987, #790, #403, #1183, #375, #2027, #1895, #955, #1660, #2290, #1747, #1973, #1317, #2225, #2263 ) ) ;
#1743 =( REPRESENTATION_RELATIONSHIP ('NONE','NONE', #2528, #1126 ) REPRESENTATION_RELATIONSHIP_WITH_TRANSFORMATION ( #1042 )SHAPE_REPRESENTATION_RELATIONSHIP( ) );
#1744 = EDGE_CURVE ( 'NONE', #401, #802, #915, .T. ) ;
#1745 = CARTESIAN_POINT ( 'NONE',  ( -40.79105590657982816, 0.000000000000000000, 12.69549783445958013 ) ) ;
#1746 = ORIENTED_EDGE ( 'NONE', *, *, #1744, .F. ) ;
#1747 = ORIENTED_EDGE ( 'NONE', *, *, #1695, .F. ) ;
#1748 = LINE ( 'NONE', #423, #2234 ) ;
#1749 = VECTOR ( 'NONE', #600, 1000.000000000000000 ) ;
#1750 = DIRECTION ( 'NONE',  ( 6.672013369141565463E-17, 1.000000000000000000, 0.000000000000000000 ) ) ;
#1751 = EDGE_LOOP ( 'NONE', ( #2539, #54, #2054, #2253 ) ) ;
#1752 = EDGE_CURVE ( 'NONE', #844, #1665, #2172, .T. ) ;
#1753 = FACE_OUTER_BOUND ( 'NONE', #1705, .T. ) ;
#1754 = EDGE_CURVE ( 'NONE', #1208, #2117, #1129, .T. ) ;
#1755 = VECTOR ( 'NONE', #2180, 1000.000000000000000 ) ;
#1756 = CARTESIAN_POINT ( 'NONE',  ( -33.79105590657982816, 0.000000000000000000, 13.19549783445958013 ) ) ;
#1757 = CARTESIAN_POINT ( 'NONE',  ( -24.29105590657982461, 26.00000000000000000, 12.69549783445958013 ) ) ;
#1758 = ORIENTED_EDGE ( 'NONE', *, *, #1953, .F. ) ;
#1759 = CARTESIAN_POINT ( 'NONE',  ( 7.708944093420163846, 1.000000000000000888, 14.19549783445957836 ) ) ;
#1760 = DIRECTION ( 'NONE',  ( 0.000000000000000000, 0.000000000000000000, -1.000000000000000000 ) ) ;
#1761 = ORIENTED_EDGE ( 'NONE', *, *, #1071, .T. ) ;
#1762 = VERTEX_POINT ( 'NONE', #1706 ) ;
#1763 = DIRECTION ( 'NONE',  ( 1.000000000000000000, -0.000000000000000000, 0.000000000000000000 ) ) ;
#1764 = DIRECTION ( 'NONE',  ( -1.000000000000000000, 0.000000000000000000, -0.000000000000000000 ) ) ;
#1765 = EDGE_LOOP ( 'NONE', ( #1517, #2087, #570, #2209 ) ) ;
#1766 = CARTESIAN_POINT ( 'NONE',  ( -28.29105590657982461, 26.00000000000000000, 13.19549783445958013 ) ) ;
#1767 = PRESENTATION_LAYER_ASSIGNMENT (  '', '', ( #602 ) ) ;
#1768 = ADVANCED_FACE ( 'NONE', ( #420 ), #2131, .T. ) ;
#1769 = LINE ( 'NONE', #1951, #2163 ) ;
#1770 = ORIENTED_EDGE ( 'NONE', *, *, #103, .T. ) ;
#1771 = ORIENTED_EDGE ( 'NONE', *, *, #767, .F. ) ;
#1772 = EDGE_CURVE ( 'NONE', #1580, #772, #643, .T. ) ;
#1773 = DIRECTION ( 'NONE',  ( 1.000000000000000000, 0.000000000000000000, 0.000000000000000000 ) ) ;
#1774 = FACE_OUTER_BOUND ( 'NONE', #2664, .T. ) ;
#1775 = ORIENTED_EDGE ( 'NONE', *, *, #700, .F. ) ;
#1776 = CARTESIAN_POINT ( 'NONE',  ( -71.25849803319519538, 3.000000000000000000, -20.56519104384513241 ) ) ;
#1777 = ORIENTED_EDGE ( 'NONE', *, *, #1096, .T. ) ;
#1778 = DIRECTION ( 'NONE',  ( -1.000000000000000000, 0.000000000000000000, 0.000000000000000000 ) ) ;
#1779 = EDGE_CURVE ( 'NONE', #2000, #912, #1120, .T. ) ;
#1780 = ORIENTED_EDGE ( 'NONE', *, *, #496, .F. ) ;
#1781 = DIRECTION ( 'NONE',  ( -1.000000000000000000, 0.000000000000000000, -0.000000000000000000 ) ) ;
#1782 = DIRECTION ( 'NONE',  ( 1.000000000000000000, 0.000000000000000000, 0.000000000000000000 ) ) ;
#1783 = CARTESIAN_POINT ( 'NONE',  ( -18.79105590657982106, 26.00000000000000000, 13.19549783445958013 ) ) ;
#1784 = LINE ( 'NONE', #1757, #334 ) ;
#1785 = EDGE_LOOP ( 'NONE', ( #1338, #198, #2281, #2133 ) ) ;
#1786 = CARTESIAN_POINT ( 'NONE',  ( 0.000000000000000000, 24.99999999999999645, 13.19549783445958013 ) ) ;
#1787 = ORIENTED_EDGE ( 'NONE', *, *, #1441, .T. ) ;
#1788 = DIRECTION ( 'NONE',  ( -1.000000000000000000, -3.336006684570782732E-17, 0.000000000000000000 ) ) ;
#1789 = ORIENTED_EDGE ( 'NONE', *, *, #2542, .F. ) ;
#1790 = CYLINDRICAL_SURFACE ( 'NONE', #1968, 0.9999999999999991118 ) ;
#1791 = DIRECTION ( 'NONE',  ( -0.000000000000000000, -0.000000000000000000, 1.000000000000000000 ) ) ;
#1792 = CARTESIAN_POINT ( 'NONE',  ( -7.791055906579821055, 0.000000000000000000, 13.19549783445958013 ) ) ;
#1793 = DIRECTION ( 'NONE',  ( 1.000000000000000000, 0.000000000000000000, 0.000000000000000000 ) ) ;
#1794 = DIRECTION ( 'NONE',  ( -1.000000000000000000, -0.000000000000000000, -0.000000000000000000 ) ) ;
#1795 = AXIS2_PLACEMENT_3D ( 'NONE', #674, #1750, #1539 ) ;
#1796 = DIRECTION ( 'NONE',  ( 0.000000000000000000, 0.000000000000000000, -1.000000000000000000 ) ) ;
#1797 = ORIENTED_EDGE ( 'NONE', *, *, #286, .F. ) ;
#1798 = DIRECTION ( 'NONE',  ( 0.000000000000000000, 1.000000000000000000, 0.000000000000000000 ) ) ;
#1799 = ORIENTED_EDGE ( 'NONE', *, *, #2284, .F. ) ;
#1800 = ORIENTED_EDGE ( 'NONE', *, *, #1218, .F. ) ;
#1801 = FACE_OUTER_BOUND ( 'NONE', #2369, .T. ) ;
#1802 = EDGE_CURVE ( 'NONE', #622, #1859, #1971, .T. ) ;
#1803 = ORIENTED_EDGE ( 'NONE', *, *, #1006, .T. ) ;
#1804 = CARTESIAN_POINT ( 'NONE',  ( -29.79105590657982461, 26.00000000000000000, 12.69549783445958013 ) ) ;
#1805 = DIRECTION ( 'NONE',  ( 0.000000000000000000, 0.000000000000000000, 1.000000000000000000 ) ) ;
#1806 = CARTESIAN_POINT ( 'NONE',  ( -44.79105590657983527, 24.99999999999999645, 14.19549783445957836 ) ) ;
#1807 = ORIENTED_EDGE ( 'NONE', *, *, #2550, .T. ) ;
#1808 = CARTESIAN_POINT ( 'NONE',  ( 3.208944093420178056, 0.000000000000000000, 12.69549783445958013 ) ) ;
#1809 = VERTEX_POINT ( 'NONE', #461 ) ;
#1810 = CARTESIAN_POINT ( 'NONE',  ( -41.79105590657983527, 24.99999999999999645, 14.19549783445957836 ) ) ;
#1811 = DIRECTION ( 'NONE',  ( -1.000000000000000000, 0.000000000000000000, -0.000000000000000000 ) ) ;
#1812 = EDGE_LOOP ( 'NONE', ( #604, #2030, #2455, #1461 ) ) ;
#1813 = COLOUR_RGB ( '',0.7921568627450980005, 0.8196078431372548767, 0.9333333333333333481 ) ;
#1814 = CARTESIAN_POINT ( 'NONE',  ( -17.29105590657982106, 1.012464023903132450E-15, 13.78128427208648255 ) ) ;
#1815 = DIRECTION ( 'NONE',  ( -3.336006684570783348E-17, 1.000000000000000000, 0.000000000000000000 ) ) ;
#1816 = ADVANCED_FACE ( 'NONE', ( #304 ), #2607, .F. ) ;
#1817 = CARTESIAN_POINT ( 'NONE',  ( -24.29105590657982461, 26.00000000000000000, 12.69549783445958013 ) ) ;
#1818 = LINE ( 'NONE', #1613, #968 ) ;
#1819 = CARTESIAN_POINT ( 'NONE',  ( -71.25849803319519538, 3.000000000000000000, -0.5651910438451355212 ) ) ;
#1820 = ORIENTED_EDGE ( 'NONE', *, *, #18, .F. ) ;
#1821 = EDGE_LOOP ( 'NONE', ( #830, #2115, #151, #108 ) ) ;
#1822 = EDGE_CURVE ( 'NONE', #1707, #97, #1164, .T. ) ;
#1823 = CARTESIAN_POINT ( 'NONE',  ( -40.79105590657982816, 0.000000000000000000, 12.69549783445958013 ) ) ;
#1824 = ORIENTED_EDGE ( 'NONE', *, *, #23, .F. ) ;
#1825 = FACE_OUTER_BOUND ( 'NONE', #2536, .T. ) ;
#1826 = ADVANCED_FACE ( 'NONE', ( #1313 ), #682, .F. ) ;
#1827 = DIRECTION ( 'NONE',  ( -1.000000000000000000, 0.000000000000000000, 3.154042683594195121E-16 ) ) ;
#1828 = LINE ( 'NONE', #1841, #1406 ) ;
#1829 = APPLICATION_CONTEXT ( 'automotive_design' ) ;
#1830 = LINE ( 'NONE', #71, #2576 ) ;
#1831 = EDGE_CURVE ( 'NONE', #339, #393, #2166, .T. ) ;
#1832 = DIRECTION ( 'NONE',  ( -0.000000000000000000, -1.000000000000000000, -0.000000000000000000 ) ) ;
#1833 = EDGE_CURVE ( 'NONE', #148, #2464, #923, .T. ) ;
#1834 = ORIENTED_EDGE ( 'NONE', *, *, #1121, .T. ) ;
#1835 = VECTOR ( 'NONE', #329, 1000.000000000000000 ) ;
#1836 = CARTESIAN_POINT ( 'NONE',  ( 8.294730531047070698, 25.58578643762690774, 14.19549783445957836 ) ) ;
#1837 = VECTOR ( 'NONE', #2636, 1000.000000000000000 ) ;
#1838 = ORIENTED_EDGE ( 'NONE', *, *, #1873, .T. ) ;
#1839 = AXIS2_PLACEMENT_3D ( 'NONE', #1638, #2693, #2074 ) ;
#1840 = ORIENTED_EDGE ( 'NONE', *, *, #2421, .F. ) ;
#1841 = CARTESIAN_POINT ( 'NONE',  ( -17.29105590657982106, 26.00000000000000000, 12.69549783445958013 ) ) ;
#1842 = PRODUCT_DEFINITION_FORMATION_WITH_SPECIFIED_SOURCE ( 'ANY', '', #2065, .NOT_KNOWN. ) ;
#1843 = CARTESIAN_POINT ( 'NONE',  ( -40.79105590657982816, 26.00000000000000355, 13.78128427208648255 ) ) ;
#1844 = CARTESIAN_POINT ( 'NONE',  ( 0.000000000000000000, 0.000000000000000000, 13.19549783445958013 ) ) ;
#1845 = DIRECTION ( 'NONE',  ( -0.000000000000000000, -1.000000000000000000, -0.000000000000000000 ) ) ;
#1846 = EDGE_LOOP ( 'NONE', ( #1419, #1003, #1142, #2334 ) ) ;
#1847 = CARTESIAN_POINT ( 'NONE',  ( -13.29105590657982106, 0.000000000000000000, 12.69549783445958013 ) ) ;
#1848 = VECTOR ( 'NONE', #647, 1000.000000000000000 ) ;
#1849 = DIRECTION ( 'NONE',  ( -0.000000000000000000, -1.000000000000000000, -0.000000000000000000 ) ) ;
#1850 = ORIENTED_EDGE ( 'NONE', *, *, #2321, .T. ) ;
#1851 = ORIENTED_EDGE ( 'NONE', *, *, #2702, .T. ) ;
#1852 = CARTESIAN_POINT ( 'NONE',  ( -35.29105590657982816, 1.084202172485504434E-15, 13.78128427208648255 ) ) ;
#1853 = ORIENTED_EDGE ( 'NONE', *, *, #888, .T. ) ;
#1854 = LINE ( 'NONE', #1465, #510 ) ;
#1855 = DIRECTION ( 'NONE',  ( 6.672013369141565463E-17, -1.000000000000000000, 0.000000000000000000 ) ) ;
#1856 = ADVANCED_FACE ( 'NONE', ( #1355 ), #1108, .T. ) ;
#1857 = CARTESIAN_POINT ( 'NONE',  ( 8.708944093420157628, 26.00000000000000000, -3.804502165540419423 ) ) ;
#1858 = CARTESIAN_POINT ( 'NONE',  ( -32.79105590657982816, 24.99999999999999645, 14.19549783445957836 ) ) ;
#1859 = VERTEX_POINT ( 'NONE', #1759 ) ;
#1860 = LINE ( 'NONE', #796, #363 ) ;
#1861 = DIRECTION ( 'NONE',  ( 1.000000000000000000, 0.000000000000000000, 0.000000000000000000 ) ) ;
#1862 = ORIENTED_EDGE ( 'NONE', *, *, #1441, .F. ) ;
#1863 = FACE_OUTER_BOUND ( 'NONE', #2494, .T. ) ;
#1864 = EDGE_CURVE ( 'NONE', #190, #1166, #475, .T. ) ;
#1865 = PRODUCT_RELATED_PRODUCT_CATEGORY ( 'part', '', ( #2478 ) ) ;
#1866 = ORIENTED_EDGE ( 'NONE', *, *, #2342, .T. ) ;
#1867 = FACE_OUTER_BOUND ( 'NONE', #695, .T. ) ;
#1868 = CARTESIAN_POINT ( 'NONE',  ( 0.000000000000000000, 3.000000000000000000, 0.000000000000000000 ) ) ;
#1869 = FACE_OUTER_BOUND ( 'NONE', #367, .T. ) ;
#1870 = CARTESIAN_POINT ( 'NONE',  ( -13.29105590657982106, 0.000000000000000000, 13.19549783445958013 ) ) ;
#1871 = DIRECTION ( 'NONE',  ( -0.000000000000000000, -0.000000000000000000, 1.000000000000000000 ) ) ;
#1872 = ORIENTED_EDGE ( 'NONE', *, *, #555, .F. ) ;
#1873 = EDGE_CURVE ( 'NONE', #479, #1442, #2680, .T. ) ;
#1874 = VERTEX_POINT ( 'NONE', #346 ) ;
#1875 = DIRECTION ( 'NONE',  ( 3.336006684570782732E-17, -1.000000000000000000, -0.000000000000000000 ) ) ;
#1876 = ORIENTED_EDGE ( 'NONE', *, *, #1250, .T. ) ;
#1877 = VECTOR ( 'NONE', #829, 1000.000000000000000 ) ;
#1878 = CARTESIAN_POINT ( 'NONE',  ( -35.70526946895292042, 0.4142135623730961447, 14.19549783445957836 ) ) ;
#1879 = ORIENTED_EDGE ( 'NONE', *, *, #866, .F. ) ;
#1880 = PLANE ( 'NONE',  #1636 ) ;
#1881 = VECTOR ( 'NONE', #1871, 1000.000000000000000 ) ;
#1882 = CARTESIAN_POINT ( 'NONE',  ( -43.79105590657983527, 26.00000000000000000, 13.19549783445958013 ) ) ;
#1883 = CARTESIAN_POINT ( 'NONE',  ( -44.79105590657983527, 0.000000000000000000, 13.19549783445958191 ) ) ;
#1884 = ADVANCED_FACE ( 'NONE', ( #565 ), #778, .F. ) ;
#1885 = CARTESIAN_POINT ( 'NONE',  ( -39.29105590657982816, 26.00000000000000000, 12.69549783445958013 ) ) ;
#1886 = LINE ( 'NONE', #400, #1623 ) ;
#1887 = LINE ( 'NONE', #261, #467 ) ;
#1888 = ADVANCED_FACE ( 'NONE', ( #610 ), #1468, .T. ) ;
#1889 = CARTESIAN_POINT ( 'NONE',  ( -27.29105590657982461, 24.99999999999999645, 14.19549783445957836 ) ) ;
#1890 = SURFACE_STYLE_USAGE ( .BOTH. , #1014 ) ;
#1891 = EDGE_LOOP ( 'NONE', ( #1045, #2734, #352, #1488 ) ) ;
#1892 = CARTESIAN_POINT ( 'NONE',  ( -40.79105590657982816, 26.00000000000000000, 12.69549783445958013 ) ) ;
#1893 = VERTEX_POINT ( 'NONE', #1074 ) ;
#1894 = CARTESIAN_POINT ( 'NONE',  ( 4.708944093420180721, 26.00000000000000355, 13.78128427208648255 ) ) ;
#1895 = ORIENTED_EDGE ( 'NONE', *, *, #2571, .F. ) ;
#1896 = LINE ( 'NONE', #1666, #1726 ) ;
#1897 = EDGE_CURVE ( 'NONE', #1138, #1547, #43, .T. ) ;
#1898 = LINE ( 'NONE', #1279, #552 ) ;
#1899 = ADVANCED_FACE ( 'NONE', ( #2132 ), #2327, .T. ) ;
#1900 = DIRECTION ( 'NONE',  ( 0.000000000000000000, -1.000000000000000000, 0.000000000000000000 ) ) ;
#1901 = CIRCLE ( 'NONE', #1141, 2.000000000000000000 ) ;
#1902 = VERTEX_POINT ( 'NONE', #407 ) ;
#1903 = DIRECTION ( 'NONE',  ( 1.000000000000000000, 0.000000000000000000, -0.000000000000000000 ) ) ;
#1904 = ORIENTED_EDGE ( 'NONE', *, *, #1546, .F. ) ;
#1905 = LINE ( 'NONE', #191, #2330 ) ;
#1906 = CARTESIAN_POINT ( 'NONE',  ( -39.29105590657982816, 0.000000000000000000, 13.19549783445958013 ) ) ;
#1907 =( BOUNDED_CURVE ( )  B_SPLINE_CURVE ( 3, ( #132, #1836, #1387, #769 ),
 .UNSPECIFIED., .F., .T. ) 
 B_SPLINE_CURVE_WITH_KNOTS ( ( 4, 4 ),
 ( 1.570796326794896558, 3.141592653589796669 ),
 .UNSPECIFIED. ) 
 CURVE ( )  GEOMETRIC_REPRESENTATION_ITEM ( )  RATIONAL_B_SPLINE_CURVE ( ( 1.000000000000000000, 0.8047378541243641603, 0.8047378541243641603, 1.000000000000000000 ) ) 
 REPRESENTATION_ITEM ( '' )  );
#1908 = ORIENTED_EDGE ( 'NONE', *, *, #961, .T. ) ;
#1909 = DIRECTION ( 'NONE',  ( 1.000000000000000000, 0.000000000000000000, 0.000000000000000000 ) ) ;
#1910 = CARTESIAN_POINT ( 'NONE',  ( -17.29105590657982106, 0.000000000000000000, 13.19549783445958013 ) ) ;
#1911 = CARTESIAN_POINT ( 'NONE',  ( -32.79105590657982816, 26.00000000000000000, 14.19549783445957836 ) ) ;
#1912 = LINE ( 'NONE', #865, #32 ) ;
#1913 = EDGE_CURVE ( 'NONE', #1166, #393, #2543, .T. ) ;
#1914 = CARTESIAN_POINT ( 'NONE',  ( -69.25849803319519538, 3.000000000000000000, -2.565191043845135521 ) ) ;
#1915 = ORIENTED_EDGE ( 'NONE', *, *, #819, .T. ) ;
#1916 = PLANE ( 'NONE',  #2362 ) ;
#1917 = ORIENTED_EDGE ( 'NONE', *, *, #6, .F. ) ;
#1918 = DIRECTION ( 'NONE',  ( -1.000000000000000000, 0.000000000000000000, 0.000000000000000000 ) ) ;
#1919 = ORIENTED_EDGE ( 'NONE', *, *, #1897, .T. ) ;
#1920 = DIRECTION ( 'NONE',  ( -0.000000000000000000, 1.000000000000000000, -0.000000000000000000 ) ) ;
#1921 = DIRECTION ( 'NONE',  ( 0.000000000000000000, 1.000000000000000000, 0.000000000000000000 ) ) ;
#1922 = VECTOR ( 'NONE', #1943, 1000.000000000000000 ) ;
#1923 = AXIS2_PLACEMENT_3D ( 'NONE', #1682, #1037, #2 ) ;
#1924 = DIRECTION ( 'NONE',  ( 1.000000000000000000, 0.000000000000000000, 0.000000000000000000 ) ) ;
#1925 = ORIENTED_EDGE ( 'NONE', *, *, #1504, .T. ) ;
#1926 = VECTOR ( 'NONE', #480, 1000.000000000000000 ) ;
#1927 = DIRECTION ( 'NONE',  ( -1.000000000000000000, 0.000000000000000000, -0.000000000000000000 ) ) ;
#1928 = CIRCLE ( 'NONE', #586, 2.000000000000001776 ) ;
#1929 = PRODUCT_CONTEXT ( 'NONE', #1829, 'mechanical' ) ;
#1930 = EDGE_LOOP ( 'NONE', ( #2447, #2506, #1429, #786 ) ) ;
#1931 = ADVANCED_FACE ( 'NONE', ( #1277 ), #1299, .T. ) ;
#1932 = DIRECTION ( 'NONE',  ( 1.000000000000000000, -0.000000000000000000, 0.000000000000000000 ) ) ;
#1933 = EDGE_LOOP ( 'NONE', ( #2171, #653, #63, #1170 ) ) ;
#1934 = CARTESIAN_POINT ( 'NONE',  ( -39.29105590657982816, 1.012464023903132450E-15, 13.78128427208648255 ) ) ;
#1935 = ORIENTED_EDGE ( 'NONE', *, *, #2067, .F. ) ;
#1936 = CARTESIAN_POINT ( 'NONE',  ( -8.205269468952918643, 0.4142135623730958671, 14.19549783445957836 ) ) ;
#1937 = CARTESIAN_POINT ( 'NONE',  ( -35.29105590657982816, 26.00000000000000000, 12.69549783445958013 ) ) ;
#1938 = AXIS2_PLACEMENT_3D ( 'NONE', #1626, #2422, #1395 ) ;
#1939 = ORIENTED_EDGE ( 'NONE', *, *, #1947, .T. ) ;
#1940 = DIRECTION ( 'NONE',  ( 0.000000000000000000, 0.000000000000000000, 1.000000000000000000 ) ) ;
#1941 = VERTEX_POINT ( 'NONE', #1477 ) ;
#1942 = EDGE_CURVE ( 'NONE', #2413, #1054, #211, .T. ) ;
#1943 = DIRECTION ( 'NONE',  ( -0.000000000000000000, -0.000000000000000000, 1.000000000000000000 ) ) ;
#1944 = ORIENTED_EDGE ( 'NONE', *, *, #1831, .F. ) ;
#1945 = EDGE_LOOP ( 'NONE', ( #281, #2041, #1853, #925 ) ) ;
#1946 = DIRECTION ( 'NONE',  ( 1.000000000000000000, -0.000000000000000000, 0.000000000000000000 ) ) ;
#1947 = EDGE_CURVE ( 'NONE', #184, #1675, #2529, .T. ) ;
#1948 = CARTESIAN_POINT ( 'NONE',  ( 8.708944093420161181, 1.084202172485504434E-15, 13.78128427208648255 ) ) ;
#1949 = CARTESIAN_POINT ( 'NONE',  ( -71.25849803319519538, 3.000000000000000000, -22.56519104384513241 ) ) ;
#1950 = CARTESIAN_POINT ( 'NONE',  ( 4.708944093420180721, 0.000000000000000000, 13.19549783445958013 ) ) ;
#1951 = CARTESIAN_POINT ( 'NONE',  ( -29.79105590657982461, 26.00000000000000000, 12.69549783445958013 ) ) ;
#1952 = CARTESIAN_POINT ( 'NONE',  ( -39.29105590657982816, 24.99999999999999645, 14.19549783445957836 ) ) ;
#1953 = EDGE_CURVE ( 'NONE', #1553, #2000, #1721, .T. ) ;
#1954 = DIRECTION ( 'NONE',  ( -1.000000000000000000, 0.000000000000000000, -0.000000000000000000 ) ) ;
#1955 = DIRECTION ( 'NONE',  ( 0.000000000000000000, 0.000000000000000000, -1.000000000000000000 ) ) ;
#1956 = ORIENTED_EDGE ( 'NONE', *, *, #526, .F. ) ;
#1957 = CARTESIAN_POINT ( 'NONE',  ( -18.79105590657982106, 1.084202172485504434E-15, 13.78128427208648255 ) ) ;
#1958 = EDGE_LOOP ( 'NONE', ( #1850, #1780, #1304, #1678 ) ) ;
#1959 = CARTESIAN_POINT ( 'NONE',  ( -6.291055906579821944, 26.00000000000000000, 12.69549783445958013 ) ) ;
#1960 = EDGE_CURVE ( 'NONE', #1025, #2590, #434, .T. ) ;
#1961 = CARTESIAN_POINT ( 'NONE',  ( 0.000000000000000000, 0.000000000000000000, 13.19549783445958013 ) ) ;
#1962 = ORIENTED_EDGE ( 'NONE', *, *, #1482, .T. ) ;
#1963 = VECTOR ( 'NONE', #1764, 1000.000000000000000 ) ;
#1964 = CARTESIAN_POINT ( 'NONE',  ( -16.29105590657982106, 24.99999999999999645, 14.19549783445957836 ) ) ;
#1965 =( GEOMETRIC_REPRESENTATION_CONTEXT ( 3 ) GLOBAL_UNCERTAINTY_ASSIGNED_CONTEXT ( ( #129 ) ) GLOBAL_UNIT_ASSIGNED_CONTEXT ( ( #1222, #797, #2652 ) ) REPRESENTATION_CONTEXT ( 'NONE', 'WORKASPACE' ) );
#1966 = CARTESIAN_POINT ( 'NONE',  ( -7.791055906579821944, 26.00000000000000000, 12.69549783445958013 ) ) ;
#1967 = CARTESIAN_POINT ( 'NONE',  ( -18.79105590657982106, 0.000000000000000000, 13.19549783445958013 ) ) ;
#1968 = AXIS2_PLACEMENT_3D ( 'NONE', #1139, #958, #988 ) ;
#1969 = CARTESIAN_POINT ( 'NONE',  ( -2.291055906579823720, 26.00000000000000000, 12.69549783445958013 ) ) ;
#1970 = ORIENTED_EDGE ( 'NONE', *, *, #2246, .T. ) ;
#1971 = LINE ( 'NONE', #2218, #1524 ) ;
#1972 = CARTESIAN_POINT ( 'NONE',  ( -6.291055906579821944, 24.99999999999999645, 14.19549783445957836 ) ) ;
#1973 = ORIENTED_EDGE ( 'NONE', *, *, #2641, .T. ) ;
#1974 = PLANE ( 'NONE',  #2326 ) ;
#1975 = VERTEX_POINT ( 'NONE', #1099 ) ;
#1976 = FACE_OUTER_BOUND ( 'NONE', #1821, .T. ) ;
#1977 = ORIENTED_EDGE ( 'NONE', *, *, #2323, .T. ) ;
#1978 = DIRECTION ( 'NONE',  ( 0.000000000000000000, 1.000000000000000000, 0.000000000000000000 ) ) ;
#1979 = EDGE_CURVE ( 'NONE', #1166, #1112, #495, .T. ) ;
#1980 = FILL_AREA_STYLE ('',( #930 ) ) ;
#1981 = PRODUCT_DEFINITION_SHAPE ( 'NONE', 'NONE',  #2746 ) ;
#1982 = LINE ( 'NONE', #733, #859 ) ;
#1983 = ADVANCED_FACE ( 'NONE', ( #873 ), #2359, .T. ) ;
#1984 = CARTESIAN_POINT ( 'NONE',  ( -7.791055906579821944, 26.00000000000000000, 12.69549783445958013 ) ) ;
#1985 = VECTOR ( 'NONE', #412, 1000.000000000000000 ) ;
#1986 = FACE_OUTER_BOUND ( 'NONE', #2681, .T. ) ;
#1987 = ORIENTED_EDGE ( 'NONE', *, *, #159, .T. ) ;
#1988 = CARTESIAN_POINT ( 'NONE',  ( -44.79105590657983527, 0.000000000000000000, -3.804502165540419423 ) ) ;
#1989 = ORIENTED_EDGE ( 'NONE', *, *, #485, .F. ) ;
#1990 = EDGE_CURVE ( 'NONE', #138, #67, #19, .T. ) ;
#1991 = DIRECTION ( 'NONE',  ( 0.000000000000000000, 0.000000000000000000, -1.000000000000000000 ) ) ;
#1992 = CARTESIAN_POINT ( 'NONE',  ( -11.79105590657982106, 0.000000000000000000, 13.19549783445958013 ) ) ;
#1993 = CARTESIAN_POINT ( 'NONE',  ( 8.708944093420162957, 26.00000000000000000, 13.19549783445957480 ) ) ;
#1994 = CARTESIAN_POINT ( 'NONE',  ( -13.29105590657982106, 26.00000000000000000, 13.19549783445958013 ) ) ;
#1995 = EDGE_CURVE ( 'NONE', #241, #112, #2654, .T. ) ;
#1996 = DIRECTION ( 'NONE',  ( 1.000000000000000000, -0.000000000000000000, 0.000000000000000000 ) ) ;
#1997 = PLANE ( 'NONE',  #2581 ) ;
#1998 = EDGE_LOOP ( 'NONE', ( #1840, #429, #1797, #1289, #593, #162, #860, #799 ) ) ;
#1999 = CARTESIAN_POINT ( 'NONE',  ( -2.291055906579823720, 26.00000000000000000, 13.19549783445958013 ) ) ;
#2000 = VERTEX_POINT ( 'NONE', #478 ) ;
#2001 = CARTESIAN_POINT ( 'NONE',  ( -13.29105590657982106, 0.000000000000000000, 13.19549783445958013 ) ) ;
#2002 = ORIENTED_EDGE ( 'NONE', *, *, #76, .F. ) ;
#2003 = CARTESIAN_POINT ( 'NONE',  ( -3.291055906579826384, 26.00000000000000355, 14.19549783445957836 ) ) ;
#2004 = EDGE_CURVE ( 'NONE', #1620, #2512, #291, .T. ) ;
#2005 = DIRECTION ( 'NONE',  ( 0.000000000000000000, 1.000000000000000000, 0.000000000000000000 ) ) ;
#2006 = AXIS2_PLACEMENT_3D ( 'NONE', #128, #1630, #553 ) ;
#2007 = CARTESIAN_POINT ( 'NONE',  ( -13.29105590657982106, 26.00000000000000355, 13.78128427208648255 ) ) ;
#2008 =( BOUNDED_CURVE ( )  B_SPLINE_CURVE ( 3, ( #1656, #614, #2710, #2301 ),
 .UNSPECIFIED., .F., .T. ) 
 B_SPLINE_CURVE_WITH_KNOTS ( ( 4, 4 ),
 ( 0.000000000000000000, 1.570796326794896558 ),
 .UNSPECIFIED. ) 
 CURVE ( )  GEOMETRIC_REPRESENTATION_ITEM ( )  RATIONAL_B_SPLINE_CURVE ( ( 1.000000000000000000, 0.8047378541243649375, 0.8047378541243649375, 1.000000000000000000 ) ) 
 REPRESENTATION_ITEM ( '' )  );
#2009 = CIRCLE ( 'NONE', #1839, 2.000000000000001776 ) ;
#2010 = ADVANCED_FACE ( 'NONE', ( #2014 ), #1579, .F. ) ;
#2011 = CARTESIAN_POINT ( 'NONE',  ( -13.29105590657982106, 26.00000000000000000, 12.69549783445958013 ) ) ;
#2012 = DIRECTION ( 'NONE',  ( 1.000000000000000000, -0.000000000000000000, 0.000000000000000000 ) ) ;
#2013 = ORIENTED_EDGE ( 'NONE', *, *, #2050, .T. ) ;
#2014 = FACE_OUTER_BOUND ( 'NONE', #2530, .T. ) ;
#2015 = FACE_OUTER_BOUND ( 'NONE', #20, .T. ) ;
#2016 = ORIENTED_EDGE ( 'NONE', *, *, #1504, .F. ) ;
#2017 = DIRECTION ( 'NONE',  ( 0.000000000000000000, 0.000000000000000000, 1.000000000000000000 ) ) ;
#2018 = CARTESIAN_POINT ( 'NONE',  ( -0.7910559065798221656, 0.000000000000000000, 12.69549783445958013 ) ) ;
#2019 = DIRECTION ( 'NONE',  ( 0.000000000000000000, -1.000000000000000000, 0.000000000000000000 ) ) ;
#2020 = EDGE_CURVE ( 'NONE', #2058, #755, #723, .T. ) ;
#2021 = CARTESIAN_POINT ( 'NONE',  ( -19.79105590657982461, 1.000000000000000888, 14.19549783445957836 ) ) ;
#2022 = VECTOR ( 'NONE', #2660, 1000.000000000000000 ) ;
#2023 = CARTESIAN_POINT ( 'NONE',  ( -44.79105590657983527, 26.00000000000000000, 13.19549783445958191 ) ) ;
#2024 = VERTEX_POINT ( 'NONE', #2221 ) ;
#2025 = CARTESIAN_POINT ( 'NONE',  ( 8.708944093420157628, 26.00000000000000000, -3.804502165540419423 ) ) ;
#2026 = CARTESIAN_POINT ( 'NONE',  ( -13.75849803319520426, 0.000000000000000000, -22.56519104384513241 ) ) ;
#2027 = ORIENTED_EDGE ( 'NONE', *, *, #144, .F. ) ;
#2028 = VERTEX_POINT ( 'NONE', #1999 ) ;
#2029 = CARTESIAN_POINT ( 'NONE',  ( -6.291055906579821944, 0.000000000000000000, 13.19549783445958013 ) ) ;
#2030 = ORIENTED_EDGE ( 'NONE', *, *, #2737, .F. ) ;
#2031 = AXIS2_PLACEMENT_3D ( 'NONE', #2213, #2159, #697 ) ;
#2032 = ADVANCED_FACE ( 'NONE', ( #1563 ), #1974, .T. ) ;
#2033 = VECTOR ( 'NONE', #1481, 1000.000000000000000 ) ;
#2034 = ORIENTED_EDGE ( 'NONE', *, *, #1472, .T. ) ;
#2035 = ADVANCED_FACE ( 'NONE', ( #2417 ), #109, .T. ) ;
#2036 = CARTESIAN_POINT ( 'NONE',  ( -22.79105590657982106, 26.00000000000000000, 12.69549783445958013 ) ) ;
#2037 = CARTESIAN_POINT ( 'NONE',  ( 0.000000000000000000, 24.99999999999999645, 13.19549783445958013 ) ) ;
#2038 = CARTESIAN_POINT ( 'NONE',  ( -22.79105590657981395, 1.012464023903132450E-15, 13.78128427208648255 ) ) ;
#2039 = FACE_OUTER_BOUND ( 'NONE', #2579, .T. ) ;
#2040 = CARTESIAN_POINT ( 'NONE',  ( -33.79105590657982816, 0.000000000000000000, 13.19549783445958013 ) ) ;
#2041 = ORIENTED_EDGE ( 'NONE', *, *, #2684, .T. ) ;
#2042 = DIRECTION ( 'NONE',  ( 0.000000000000000000, 0.000000000000000000, 1.000000000000000000 ) ) ;
#2043 = ORIENTED_EDGE ( 'NONE', *, *, #137, .T. ) ;
#2044 = CARTESIAN_POINT ( 'NONE',  ( -13.29105590657982106, 1.084202172485504434E-15, 13.78128427208648255 ) ) ;
#2045 = ORIENTED_EDGE ( 'NONE', *, *, #1200, .F. ) ;
#2046 = CARTESIAN_POINT ( 'NONE',  ( -16.29105590657982106, 1.000000000000000888, 14.19549783445957836 ) ) ;
#2047 = DIRECTION ( 'NONE',  ( 0.000000000000000000, 0.000000000000000000, 1.000000000000000000 ) ) ;
#2048 = LINE ( 'NONE', #168, #230 ) ;
#2049 = DIRECTION ( 'NONE',  ( 3.854941057726238590E-16, 0.000000000000000000, 1.000000000000000000 ) ) ;
#2050 = EDGE_CURVE ( 'NONE', #1501, #1707, #1151, .T. ) ;
#2051 = VECTOR ( 'NONE', #525, 1000.000000000000000 ) ;
#2052 = CARTESIAN_POINT ( 'NONE',  ( 0.2089440934201778066, 3.336006684570783348E-17, 13.19549783445958013 ) ) ;
#2053 = VERTEX_POINT ( 'NONE', #1810 ) ;
#2054 = ORIENTED_EDGE ( 'NONE', *, *, #1942, .F. ) ;
#2055 = AXIS2_PLACEMENT_3D ( 'NONE', #506, #2206, #1760 ) ;
#2056 = CARTESIAN_POINT ( 'NONE',  ( -44.79105590657983527, 26.00000000000000000, 14.19549783445957836 ) ) ;
#2057 = CARTESIAN_POINT ( 'NONE',  ( -3.291055906579823720, 26.00000000000000000, 13.19549783445958013 ) ) ;
#2058 = VERTEX_POINT ( 'NONE', #741 ) ;
#2059 = CARTESIAN_POINT ( 'NONE',  ( -28.29105590657982106, 26.00000000000000355, 13.78128427208648255 ) ) ;
#2060 = STYLED_ITEM ( 'NONE', ( #2480 ), #1486 ) ;
#2061 = ORIENTED_EDGE ( 'NONE', *, *, #819, .F. ) ;
#2062 = CARTESIAN_POINT ( 'NONE',  ( 8.708944093420162957, 26.00000000000000000, 13.19549783445957480 ) ) ;
#2063 = CYLINDRICAL_SURFACE ( 'NONE', #869, 0.9999999999999991118 ) ;
#2064 = CARTESIAN_POINT ( 'NONE',  ( 3.208944093420178056, 0.000000000000000000, 13.19549783445958013 ) ) ;
#2065 = PRODUCT ( 'BarAssem', 'BarAssem', '', ( #662 ) ) ;
#2066 = DIRECTION ( 'NONE',  ( -0.000000000000000000, -0.000000000000000000, 1.000000000000000000 ) ) ;
#2067 = EDGE_CURVE ( 'NONE', #393, #1297, #1485, .T. ) ;
#2068 = CARTESIAN_POINT ( 'NONE',  ( -29.79105590657982106, 1.084202172485504434E-15, 13.78128427208648255 ) ) ;
#2069 = ORIENTED_EDGE ( 'NONE', *, *, #651, .F. ) ;
#2070 = ORIENTED_EDGE ( 'NONE', *, *, #278, .T. ) ;
#2071 = CARTESIAN_POINT ( 'NONE',  ( -38.29105590657982816, 26.00000000000000000, 14.19549783445957836 ) ) ;
#2072 = ORIENTED_EDGE ( 'NONE', *, *, #154, .F. ) ;
#2073 = EDGE_LOOP ( 'NONE', ( #1558, #774, #1904, #744 ) ) ;
#2074 = DIRECTION ( 'NONE',  ( 0.000000000000000000, 0.000000000000000000, 1.000000000000000000 ) ) ;
#2075 = VERTEX_POINT ( 'NONE', #2023 ) ;
#2076 = FACE_OUTER_BOUND ( 'NONE', #724, .T. ) ;
#2077 = CARTESIAN_POINT ( 'NONE',  ( -28.29105590657982461, 0.000000000000000000, 12.69549783445958013 ) ) ;
#2078 = VECTOR ( 'NONE', #2451, 1000.000000000000000 ) ;
#2079 = EDGE_CURVE ( 'NONE', #1553, #2240, #118, .T. ) ;
#2080 = DIRECTION ( 'NONE',  ( 1.000000000000000000, -0.000000000000000000, 0.000000000000000000 ) ) ;
#2081 = VERTEX_POINT ( 'NONE', #1191 ) ;
#2082 = EDGE_CURVE ( 'NONE', #663, #241, #984, .T. ) ;
#2083 = EDGE_CURVE ( 'NONE', #1138, #309, #872, .T. ) ;
#2084 = CYLINDRICAL_SURFACE ( 'NONE', #1162, 0.9999999999999991118 ) ;
#2085 = DIRECTION ( 'NONE',  ( 0.000000000000000000, 1.000000000000000000, 0.000000000000000000 ) ) ;
#2086 = VERTEX_POINT ( 'NONE', #2217 ) ;
#2087 = ORIENTED_EDGE ( 'NONE', *, *, #1634, .F. ) ;
#2088 = LINE ( 'NONE', #1420, #584 ) ;
#2089 =( BOUNDED_CURVE ( )  B_SPLINE_CURVE ( 3, ( #2460, #2614, #1188, #931 ),
 .UNSPECIFIED., .F., .F. ) 
 B_SPLINE_CURVE_WITH_KNOTS ( ( 4, 4 ),
 ( 4.712388980384689674, 6.283185307179584456 ),
 .UNSPECIFIED. ) 
 CURVE ( )  GEOMETRIC_REPRESENTATION_ITEM ( )  RATIONAL_B_SPLINE_CURVE ( ( 1.000000000000000000, 0.8047378541243649375, 0.8047378541243649375, 1.000000000000000000 ) ) 
 REPRESENTATION_ITEM ( '' )  );
#2090 = ORIENTED_EDGE ( 'NONE', *, *, #512, .T. ) ;
#2091 = LINE ( 'NONE', #2722, #1529 ) ;
#2092 = CARTESIAN_POINT ( 'NONE',  ( -35.29105590657982816, 26.00000000000000000, 13.19549783445958013 ) ) ;
#2093 = CARTESIAN_POINT ( 'NONE',  ( -0.7910559065798224987, 1.012464023903132450E-15, 13.78128427208648255 ) ) ;
#2094 = LINE ( 'NONE', #1090, #1985 ) ;
#2095 = EDGE_CURVE ( 'NONE', #1603, #1283, #302, .T. ) ;
#2096 = DIRECTION ( 'NONE',  ( 0.000000000000000000, 0.000000000000000000, 1.000000000000000000 ) ) ;
#2097 = ORIENTED_EDGE ( 'NONE', *, *, #2004, .T. ) ;
#2098 = APPLICATION_PROTOCOL_DEFINITION ( 'draft international standard', 'automotive_design', 1998, #792 ) ;
#2099 = ORIENTED_EDGE ( 'NONE', *, *, #1067, .T. ) ;
#2100 = LINE ( 'NONE', #21, #1388 ) ;
#2101 = ADVANCED_FACE ( 'NONE', ( #349 ), #1203, .T. ) ;
#2102 = ORIENTED_EDGE ( 'NONE', *, *, #1438, .T. ) ;
#2103 = CARTESIAN_POINT ( 'NONE',  ( -15.75849803319520603, 0.000000000000000000, -22.56519104384513241 ) ) ;
#2104 = EDGE_CURVE ( 'NONE', #2590, #1762, #1736, .T. ) ;
#2105 =( BOUNDED_CURVE ( )  B_SPLINE_CURVE ( 3, ( #2349, #847, #1709, #2547 ),
 .UNSPECIFIED., .F., .T. ) 
 B_SPLINE_CURVE_WITH_KNOTS ( ( 4, 4 ),
 ( 0.000000000000000000, 1.570796326794896558 ),
 .UNSPECIFIED. ) 
 CURVE ( )  GEOMETRIC_REPRESENTATION_ITEM ( )  RATIONAL_B_SPLINE_CURVE ( ( 1.000000000000000000, 0.8047378541243649375, 0.8047378541243649375, 1.000000000000000000 ) ) 
 REPRESENTATION_ITEM ( '' )  );
#2106 = CARTESIAN_POINT ( 'NONE',  ( -43.79105590657983527, 24.99999999999999645, 14.19549783445957836 ) ) ;
#2107 = VECTOR ( 'NONE', #1213, 1000.000000000000000 ) ;
#2108 = DIRECTION ( 'NONE',  ( 1.000000000000000000, -0.000000000000000000, 0.000000000000000000 ) ) ;
#2109 = CARTESIAN_POINT ( 'NONE',  ( -2.291055906579823720, 26.00000000000000000, 12.69549783445958013 ) ) ;
#2110 = ORIENTED_EDGE ( 'NONE', *, *, #996, .F. ) ;
#2111 = DIRECTION ( 'NONE',  ( -0.000000000000000000, 0.000000000000000000, 1.000000000000000000 ) ) ;
#2112 = LINE ( 'NONE', #2175, #2319 ) ;
#2113 = EDGE_CURVE ( 'NONE', #2356, #465, #2427, .T. ) ;
#2114 = SHAPE_DEFINITION_REPRESENTATION ( #1631, #1126 ) ;
#2115 = ORIENTED_EDGE ( 'NONE', *, *, #1802, .F. ) ;
#2116 = DIRECTION ( 'NONE',  ( -0.000000000000000000, 1.000000000000000000, -0.000000000000000000 ) ) ;
#2117 = VERTEX_POINT ( 'NONE', #1456 ) ;
#2118 = DIRECTION ( 'NONE',  ( 1.000000000000000000, -0.000000000000000000, 0.000000000000000000 ) ) ;
#2119 = VECTOR ( 'NONE', #1412, 1000.000000000000000 ) ;
#2120 = ORIENTED_EDGE ( 'NONE', *, *, #833, .F. ) ;
#2121 = DIRECTION ( 'NONE',  ( -1.000000000000000000, -0.000000000000000000, -0.000000000000000000 ) ) ;
#2122 = CARTESIAN_POINT ( 'NONE',  ( 0.000000000000000000, 0.000000000000000000, 12.69549783445958013 ) ) ;
#2123 = EDGE_CURVE ( 'NONE', #2086, #1515, #196, .T. ) ;
#2124 = LINE ( 'NONE', #2738, #2033 ) ;
#2125 = AXIS2_PLACEMENT_3D ( 'NONE', #1370, #2203, #1117 ) ;
#2126 = LINE ( 'NONE', #210, #1393 ) ;
#2127 = APPLICATION_PROTOCOL_DEFINITION ( 'draft international standard', 'automotive_design', 1998, #2551 ) ;
#2128 = ORIENTED_EDGE ( 'NONE', *, *, #2113, .T. ) ;
#2129 = CARTESIAN_POINT ( 'NONE',  ( 0.000000000000000000, 24.99999999999999645, 13.19549783445958013 ) ) ;
#2130 = ORIENTED_EDGE ( 'NONE', *, *, #2490, .F. ) ;
#2131 = CYLINDRICAL_SURFACE ( 'NONE', #2541, 0.9999999999999991118 ) ;
#2132 = FACE_OUTER_BOUND ( 'NONE', #326, .T. ) ;
#2133 = ORIENTED_EDGE ( 'NONE', *, *, #1995, .F. ) ;
#2134 = CARTESIAN_POINT ( 'NONE',  ( -7.791055906579821055, 0.000000000000000000, 13.19549783445958013 ) ) ;
#2135 = DIRECTION ( 'NONE',  ( 0.000000000000000000, -1.000000000000000000, 0.000000000000000000 ) ) ;
#2136 = LINE ( 'NONE', #219, #1337 ) ;
#2137 = DIRECTION ( 'NONE',  ( 0.000000000000000000, 0.000000000000000000, -1.000000000000000000 ) ) ;
#2138 = ORIENTED_EDGE ( 'NONE', *, *, #627, .T. ) ;
#2139 = DIRECTION ( 'NONE',  ( 0.000000000000000000, -1.000000000000000000, 0.000000000000000000 ) ) ;
#2140 = EDGE_LOOP ( 'NONE', ( #635, #1376, #1193, #1876, #1464, #1057, #2130, #294, #1000, #1583, #962, #343, #1339, #438, #2264, #2623, #265, #640, #591, #135, #569, #2692, #976, #442, #959, #247, #2197, #2097, #2138, #1919, #2523, #2305, #1181, #1300, #2467, #1302, #2143, #618, #2721, #1262 ) ) ;
#2141 = AXIS2_PLACEMENT_3D ( 'NONE', #385, #1242, #1428 ) ;
#2142 = AXIS2_PLACEMENT_3D ( 'NONE', #2312, #396, #1255 ) ;
#2143 = ORIENTED_EDGE ( 'NONE', *, *, #700, .T. ) ;
#2144 = EDGE_CURVE ( 'NONE', #1136, #1727, #2008, .T. ) ;
#2145 = LINE ( 'NONE', #229, #1260 ) ;
#2146 = DIRECTION ( 'NONE',  ( 1.000000000000000000, 0.000000000000000000, 0.000000000000000000 ) ) ;
#2147 = DIRECTION ( 'NONE',  ( 1.000000000000000000, -0.000000000000000000, 0.000000000000000000 ) ) ;
#2148 = LINE ( 'NONE', #17, #2428 ) ;
#2149 = VECTOR ( 'NONE', #919, 1000.000000000000000 ) ;
#2150 = CARTESIAN_POINT ( 'NONE',  ( -18.79105590657982106, 26.00000000000000000, 13.19549783445958013 ) ) ;
#2151 = APPLICATION_PROTOCOL_DEFINITION ( 'draft international standard', 'automotive_design', 1998, #447 ) ;
#2152 = ORIENTED_EDGE ( 'NONE', *, *, #1913, .T. ) ;
#2153 = FACE_OUTER_BOUND ( 'NONE', #312, .T. ) ;
#2154 = ORIENTED_EDGE ( 'NONE', *, *, #1104, .F. ) ;
#2155 = CARTESIAN_POINT ( 'NONE',  ( -69.25849803319519538, 3.000000000000000000, -0.5651910438451355212 ) ) ;
#2156 = ORIENTED_EDGE ( 'NONE', *, *, #2113, .F. ) ;
#2157 = CARTESIAN_POINT ( 'NONE',  ( 0.000000000000000000, 0.000000000000000000, 12.69549783445958013 ) ) ;
#2158 = VECTOR ( 'NONE', #624, 1000.000000000000000 ) ;
#2159 = DIRECTION ( 'NONE',  ( 0.000000000000000000, 0.000000000000000000, 1.000000000000000000 ) ) ;
#2160 = EDGE_CURVE ( 'NONE', #2240, #320, #585, .T. ) ;
#2161 = VECTOR ( 'NONE', #1157, 1000.000000000000000 ) ;
#2162 = CARTESIAN_POINT ( 'NONE',  ( -29.79105590657982106, 26.00000000000000355, 13.78128427208648255 ) ) ;
#2163 = VECTOR ( 'NONE', #2603, 1000.000000000000000 ) ;
#2164 = LINE ( 'NONE', #882, #314 ) ;
#2165 = EDGE_CURVE ( 'NONE', #1616, #79, #2126, .T. ) ;
#2166 = LINE ( 'NONE', #2619, #10 ) ;
#2167 = CARTESIAN_POINT ( 'NONE',  ( -44.79105590657983527, 1.000000000000000888, 13.19549783445958013 ) ) ;
#2168 = ORIENTED_EDGE ( 'NONE', *, *, #2469, .F. ) ;
#2169 = ORIENTED_EDGE ( 'NONE', *, *, #221, .F. ) ;
#2170 = DIRECTION ( 'NONE',  ( 0.000000000000000000, 0.000000000000000000, 1.000000000000000000 ) ) ;
#2171 = ORIENTED_EDGE ( 'NONE', *, *, #1308, .T. ) ;
#2172 = LINE ( 'NONE', #1961, #1963 ) ;
#2173 = CARTESIAN_POINT ( 'NONE',  ( -24.29105590657982461, 26.00000000000000000, 13.19549783445958013 ) ) ;
#2174 = DIRECTION ( 'NONE',  ( -0.000000000000000000, -0.000000000000000000, 1.000000000000000000 ) ) ;
#2175 = CARTESIAN_POINT ( 'NONE',  ( -22.79105590657982106, 0.000000000000000000, 12.69549783445958013 ) ) ;
#2176 = CARTESIAN_POINT ( 'NONE',  ( -36.29105590657982816, 24.99999999999999645, 14.19549783445957836 ) ) ;
#2177 = CARTESIAN_POINT ( 'NONE',  ( -2.291055906579823720, 0.000000000000000000, 12.69549783445958013 ) ) ;
#2178 = CYLINDRICAL_SURFACE ( 'NONE', #1257, 0.9999999999999991118 ) ;
#2179 = ADVANCED_FACE ( 'NONE', ( #1671 ), #812, .T. ) ;
#2180 = DIRECTION ( 'NONE',  ( 1.000000000000000000, 0.000000000000000000, 0.000000000000000000 ) ) ;
#2181 = ORIENTED_EDGE ( 'NONE', *, *, #2421, .T. ) ;
#2182 = CARTESIAN_POINT ( 'NONE',  ( -18.79105590657982106, 0.000000000000000000, 13.19549783445958013 ) ) ;
#2183 = CARTESIAN_POINT ( 'NONE',  ( -7.791055906579823720, 1.084202172485504434E-15, 13.78128427208648255 ) ) ;
#2184 = EDGE_CURVE ( 'NONE', #1675, #2117, #111, .T. ) ;
#2185 = DIRECTION ( 'NONE',  ( 0.000000000000000000, 0.000000000000000000, 1.000000000000000000 ) ) ;
#2186 = VECTOR ( 'NONE', #1094, 1000.000000000000000 ) ;
#2187 = VECTOR ( 'NONE', #489, 1000.000000000000000 ) ;
#2188 = DIRECTION ( 'NONE',  ( 1.000000000000000000, -0.000000000000000000, 0.000000000000000000 ) ) ;
#2189 =( BOUNDED_CURVE ( )  B_SPLINE_CURVE ( 3, ( #1527, #572, #2717, #798 ),
 .UNSPECIFIED., .F., .T. ) 
 B_SPLINE_CURVE_WITH_KNOTS ( ( 4, 4 ),
 ( 1.570796326794896558, 3.141592653589793116 ),
 .UNSPECIFIED. ) 
 CURVE ( )  GEOMETRIC_REPRESENTATION_ITEM ( )  RATIONAL_B_SPLINE_CURVE ( ( 1.000000000000000000, 0.8047378541243649375, 0.8047378541243649375, 1.000000000000000000 ) ) 
 REPRESENTATION_ITEM ( '' )  );
#2190 = LINE ( 'NONE', #1190, #1362 ) ;
#2191 = VECTOR ( 'NONE', #1224, 1000.000000000000000 ) ;
#2192 = AXIS2_PLACEMENT_3D ( 'NONE', #2052, #1574, #145 ) ;
#2193 = DIRECTION ( 'NONE',  ( -0.000000000000000000, -0.000000000000000000, 1.000000000000000000 ) ) ;
#2194 = DIRECTION ( 'NONE',  ( 0.000000000000000000, 0.000000000000000000, -1.000000000000000000 ) ) ;
#2195 = ORIENTED_EDGE ( 'NONE', *, *, #127, .T. ) ;
#2196 = CARTESIAN_POINT ( 'NONE',  ( -19.20526946895292042, 0.4142135623730961447, 14.19549783445957836 ) ) ;
#2197 = ORIENTED_EDGE ( 'NONE', *, *, #1084, .F. ) ;
#2198 = CARTESIAN_POINT ( 'NONE',  ( -28.29105590657982461, 24.99999999999999645, 14.19549783445957836 ) ) ;
#2199 = EDGE_CURVE ( 'NONE', #1086, #1902, #1886, .T. ) ;
#2200 = DIRECTION ( 'NONE',  ( 0.000000000000000000, 0.000000000000000000, -1.000000000000000000 ) ) ;
#2201 = LINE ( 'NONE', #1817, #182 ) ;
#2202 = PLANE ( 'NONE',  #13 ) ;
#2203 = DIRECTION ( 'NONE',  ( 1.000000000000000000, -0.000000000000000000, 0.000000000000000000 ) ) ;
#2204 =( BOUNDED_CURVE ( )  B_SPLINE_CURVE ( 3, ( #404, #2732, #831, #1058 ),
 .UNSPECIFIED., .F., .T. ) 
 B_SPLINE_CURVE_WITH_KNOTS ( ( 4, 4 ),
 ( 1.570796326794896558, 3.141592653589793116 ),
 .UNSPECIFIED. ) 
 CURVE ( )  GEOMETRIC_REPRESENTATION_ITEM ( )  RATIONAL_B_SPLINE_CURVE ( ( 1.000000000000000000, 0.8047378541243649375, 0.8047378541243649375, 1.000000000000000000 ) ) 
 REPRESENTATION_ITEM ( '' )  );
#2205 = CARTESIAN_POINT ( 'NONE',  ( -39.29105590657982816, 0.000000000000000000, 12.69549783445958013 ) ) ;
#2206 = DIRECTION ( 'NONE',  ( 1.000000000000000000, -0.000000000000000000, 0.000000000000000000 ) ) ;
#2207 = EDGE_LOOP ( 'NONE', ( #1566, #2703, #1243, #2316 ) ) ;
#2208 = CARTESIAN_POINT ( 'NONE',  ( 0.000000000000000000, 0.000000000000000000, 13.19549783445958013 ) ) ;
#2209 = ORIENTED_EDGE ( 'NONE', *, *, #1947, .F. ) ;
#2210 = CARTESIAN_POINT ( 'NONE',  ( -16.29105590657982106, 26.00000000000000000, 14.19549783445957836 ) ) ;
#2211 = EDGE_CURVE ( 'NONE', #999, #95, #2688, .T. ) ;
#2212 = CARTESIAN_POINT ( 'NONE',  ( -28.29105590657982461, 0.000000000000000000, 13.19549783445958013 ) ) ;
#2213 = CARTESIAN_POINT ( 'NONE',  ( -71.25849803319519538, 3.000000000000000000, -22.56519104384513241 ) ) ;
#2214 = FACE_OUTER_BOUND ( 'NONE', #1689, .T. ) ;
#2215 = EDGE_CURVE ( 'NONE', #1110, #802, #383, .T. ) ;
#2216 = LINE ( 'NONE', #1806, #1316 ) ;
#2217 = CARTESIAN_POINT ( 'NONE',  ( -18.79105590657982106, 26.00000000000000000, 12.69549783445958013 ) ) ;
#2218 = CARTESIAN_POINT ( 'NONE',  ( -44.79105590657983527, 1.000000000000000888, 14.19549783445957836 ) ) ;
#2219 = DIRECTION ( 'NONE',  ( 0.000000000000000000, -0.000000000000000000, 1.000000000000000000 ) ) ;
#2220 = ORIENTED_EDGE ( 'NONE', *, *, #1146, .T. ) ;
#2221 = CARTESIAN_POINT ( 'NONE',  ( -14.29105590657982283, 24.99999999999999645, 14.19549783445957836 ) ) ;
#2222 = ORIENTED_EDGE ( 'NONE', *, *, #1700, .T. ) ;
#2223 = CARTESIAN_POINT ( 'NONE',  ( -6.291055906579821944, 0.000000000000000000, 13.19549783445958013 ) ) ;
#2224 = EDGE_CURVE ( 'NONE', #184, #1608, #1489, .T. ) ;
#2225 = ORIENTED_EDGE ( 'NONE', *, *, #1210, .F. ) ;
#2226 = PLANE ( 'NONE',  #960 ) ;
#2227 = CARTESIAN_POINT ( 'NONE',  ( -10.79105590657981928, 25.99999999999999645, 14.19549783445957836 ) ) ;
#2228 = EDGE_CURVE ( 'NONE', #1596, #268, #2112, .T. ) ;
#2229 = CARTESIAN_POINT ( 'NONE',  ( -0.7910559065798230538, 26.00000000000000000, 12.69549783445958013 ) ) ;
#2230 = CARTESIAN_POINT ( 'NONE',  ( -44.79105590657983527, 26.00000000000000000, 14.19549783445957836 ) ) ;
#2231 = VECTOR ( 'NONE', #2146, 1000.000000000000000 ) ;
#2232 = LINE ( 'NONE', #2245, #1549 ) ;
#2233 = AXIS2_PLACEMENT_3D ( 'NONE', #558, #770, #1635 ) ;
#2234 = VECTOR ( 'NONE', #1920, 1000.000000000000000 ) ;
#2235 = EDGE_CURVE ( 'NONE', #1650, #1553, #936, .T. ) ;
#2236 = EDGE_CURVE ( 'NONE', #323, #2677, #4, .T. ) ;
#2237 = FACE_OUTER_BOUND ( 'NONE', #1264, .T. ) ;
#2238 = ORIENTED_EDGE ( 'NONE', *, *, #1582, .F. ) ;
#2239 = DIRECTION ( 'NONE',  ( -1.000000000000000000, -0.000000000000000000, -0.000000000000000000 ) ) ;
#2240 = VERTEX_POINT ( 'NONE', #660 ) ;
#2241 = CARTESIAN_POINT ( 'NONE',  ( -16.29105590657982106, 24.99999999999999645, 14.19549783445957836 ) ) ;
#2242 = CARTESIAN_POINT ( 'NONE',  ( 2.794730531047084021, 25.58578643762690419, 14.19549783445957836 ) ) ;
#2243 = PLANE ( 'NONE',  #140 ) ;
#2244 = CARTESIAN_POINT ( 'NONE',  ( -11.79105590657982106, 0.000000000000000000, 12.69549783445958013 ) ) ;
#2245 = CARTESIAN_POINT ( 'NONE',  ( -2.291055906579821944, 0.000000000000000000, 12.69549783445958013 ) ) ;
#2246 = EDGE_CURVE ( 'NONE', #1150, #1169, #457, .T. ) ;
#2247 = AXIS2_PLACEMENT_3D ( 'NONE', #1439, #524, #1598 ) ;
#2248 = VECTOR ( 'NONE', #2616, 1000.000000000000000 ) ;
#2249 = SHAPE_REPRESENTATION_RELATIONSHIP ( 'NONE' , 'NONE' ,  #60, #828 ) ;
#2250 = EDGE_CURVE ( 'NONE', #1345, #1874, #2492, .T. ) ;
#2251 = ORIENTED_EDGE ( 'NONE', *, *, #1510, .T. ) ;
#2252 = CARTESIAN_POINT ( 'NONE',  ( -18.79105590657982106, 26.00000000000000000, 12.69549783445958013 ) ) ;
#2253 = ORIENTED_EDGE ( 'NONE', *, *, #1071, .F. ) ;
#2254 = AXIS2_PLACEMENT_3D ( 'NONE', #1857, #348, #2049 ) ;
#2255 = ORIENTED_EDGE ( 'NONE', *, *, #2079, .T. ) ;
#2256 = CARTESIAN_POINT ( 'NONE',  ( -32.79105590657982816, 0.000000000000000000, 13.19549783445958013 ) ) ;
#2257 = DIRECTION ( 'NONE',  ( 1.000000000000000000, 0.000000000000000000, 0.000000000000000000 ) ) ;
#2258 = CARTESIAN_POINT ( 'NONE',  ( -13.29105590657982106, 26.00000000000000000, 12.69549783445958013 ) ) ;
#2259 = CARTESIAN_POINT ( 'NONE',  ( -69.25849803319519538, 0.000000000000000000, -2.565191043845135521 ) ) ;
#2260 = DIRECTION ( 'NONE',  ( -0.000000000000000000, -0.000000000000000000, 1.000000000000000000 ) ) ;
#2261 = ADVANCED_FACE ( 'NONE', ( #1398 ), #2631, .T. ) ;
#2262 = CARTESIAN_POINT ( 'NONE',  ( -5.291055906579821055, 26.00000000000000000, 14.19549783445957836 ) ) ;
#2263 = ORIENTED_EDGE ( 'NONE', *, *, #897, .F. ) ;
#2264 = ORIENTED_EDGE ( 'NONE', *, *, #90, .F. ) ;
#2265 = LINE ( 'NONE', #368, #2191 ) ;
#2266 = CARTESIAN_POINT ( 'NONE',  ( -24.29105590657982461, 0.000000000000000000, 12.69549783445958013 ) ) ;
#2267 = LINE ( 'NONE', #1426, #517 ) ;
#2268 = VECTOR ( 'NONE', #2139, 1000.000000000000000 ) ;
#2269 = CARTESIAN_POINT ( 'NONE',  ( -30.79105590657982461, 1.000000000000000888, 14.19549783445957836 ) ) ;
#2270 = AXIS2_PLACEMENT_3D ( 'NONE', #1550, #2430, #2385 ) ;
#2271 = ORIENTED_EDGE ( 'NONE', *, *, #651, .T. ) ;
#2272 = VECTOR ( 'NONE', #64, 1000.000000000000000 ) ;
#2273 = VECTOR ( 'NONE', #994, 1000.000000000000000 ) ;
#2274 = CARTESIAN_POINT ( 'NONE',  ( 0.2089440934201777789, 1.000000000000000888, 14.19549783445957836 ) ) ;
#2275 = FACE_OUTER_BOUND ( 'NONE', #740, .T. ) ;
#2276 = VECTOR ( 'NONE', #1621, 1000.000000000000000 ) ;
#2277 = EDGE_LOOP ( 'NONE', ( #560, #1348, #222, #1363 ) ) ;
#2278 = ORIENTED_EDGE ( 'NONE', *, *, #2691, .T. ) ;
#2279 = DIRECTION ( 'NONE',  ( -0.000000000000000000, -0.000000000000000000, 1.000000000000000000 ) ) ;
#2280 = MECHANICAL_DESIGN_GEOMETRIC_PRESENTATION_REPRESENTATION (  '', ( #2060 ), #104 ) ;
#2281 = ORIENTED_EDGE ( 'NONE', *, *, #856, .F. ) ;
#2282 = DIRECTION ( 'NONE',  ( 6.672013369141566696E-17, 1.000000000000000000, 0.000000000000000000 ) ) ;
#2283 = PRODUCT_DEFINITION_FORMATION_WITH_SPECIFIED_SOURCE ( 'ANY', '', #1401, .NOT_KNOWN. ) ;
#2284 = EDGE_CURVE ( 'NONE', #83, #268, #2201, .T. ) ;
#2285 = FACE_OUTER_BOUND ( 'NONE', #1846, .T. ) ;
#2286 = EDGE_CURVE ( 'NONE', #1167, #536, #1599, .T. ) ;
#2287 = ORIENTED_EDGE ( 'NONE', *, *, #1772, .T. ) ;
#2288 = ORIENTED_EDGE ( 'NONE', *, *, #897, .T. ) ;
#2289 = VECTOR ( 'NONE', #358, 1000.000000000000000 ) ;
#2290 = ORIENTED_EDGE ( 'NONE', *, *, #1864, .F. ) ;
#2291 = EDGE_LOOP ( 'NONE', ( #901, #813, #173, #1391 ) ) ;
#2292 = CARTESIAN_POINT ( 'NONE',  ( -27.87684234420673235, 25.58578643762690419, 14.19549783445957836 ) ) ;
#2293 =( BOUNDED_CURVE ( )  B_SPLINE_CURVE ( 3, ( #2458, #1814, #2658, #2046 ),
 .UNSPECIFIED., .F., .T. ) 
 B_SPLINE_CURVE_WITH_KNOTS ( ( 4, 4 ),
 ( 3.141592653589793116, 4.712388980384689674 ),
 .UNSPECIFIED. ) 
 CURVE ( )  GEOMETRIC_REPRESENTATION_ITEM ( )  RATIONAL_B_SPLINE_CURVE ( ( 1.000000000000000000, 0.8047378541243649375, 0.8047378541243649375, 1.000000000000000000 ) ) 
 REPRESENTATION_ITEM ( '' )  );
#2294 = VECTOR ( 'NONE', #85, 1000.000000000000000 ) ;
#2295 = ORIENTED_EDGE ( 'NONE', *, *, #2503, .F. ) ;
#2296 = DIRECTION ( 'NONE',  ( 0.000000000000000000, -1.000000000000000000, 0.000000000000000000 ) ) ;
#2297 = CARTESIAN_POINT ( 'NONE',  ( 5.708944093420180721, 1.000000000000000888, 14.19549783445957836 ) ) ;
#2298 = PRODUCT_DEFINITION_CONTEXT ( 'detailed design', #2551, 'design' ) ;
#2299 = CARTESIAN_POINT ( 'NONE',  ( -22.79105590657982106, 26.00000000000000000, 12.69549783445958013 ) ) ;
#2300 = EDGE_CURVE ( 'NONE', #1694, #1169, #1569, .T. ) ;
#2301 = CARTESIAN_POINT ( 'NONE',  ( 0.2089440934201769740, 24.99999999999999645, 14.19549783445957836 ) ) ;
#2302 = EDGE_LOOP ( 'NONE', ( #1478, #337, #387, #463 ) ) ;
#2303 = ADVANCED_FACE ( 'NONE', ( #1415 ), #2243, .F. ) ;
#2304 = FACE_OUTER_BOUND ( 'NONE', #890, .T. ) ;
#2305 = ORIENTED_EDGE ( 'NONE', *, *, #2352, .T. ) ;
#2306 = ORIENTED_EDGE ( 'NONE', *, *, #206, .F. ) ;
#2307 = CARTESIAN_POINT ( 'NONE',  ( 0.000000000000000000, 26.00000000000000000, 0.000000000000000000 ) ) ;
#2308 = ORIENTED_EDGE ( 'NONE', *, *, #399, .F. ) ;
#2309 = LINE ( 'NONE', #803, #2107 ) ;
#2310 = CYLINDRICAL_SURFACE ( 'NONE', #114, 0.9999999999999991118 ) ;
#2311 =( BOUNDED_CURVE ( )  B_SPLINE_CURVE ( 3, ( #748, #779, #1843, #597 ),
 .UNSPECIFIED., .F., .T. ) 
 B_SPLINE_CURVE_WITH_KNOTS ( ( 4, 4 ),
 ( 1.570796326794896558, 3.141592653589793116 ),
 .UNSPECIFIED. ) 
 CURVE ( )  GEOMETRIC_REPRESENTATION_ITEM ( )  RATIONAL_B_SPLINE_CURVE ( ( 1.000000000000000000, 0.8047378541243649375, 0.8047378541243649375, 1.000000000000000000 ) ) 
 REPRESENTATION_ITEM ( '' )  );
#2312 = CARTESIAN_POINT ( 'NONE',  ( -30.79105590657982461, 26.00000000000000000, 13.19549783445958013 ) ) ;
#2313 = CARTESIAN_POINT ( 'NONE',  ( 7.708944093420163846, 24.99999999999999645, 14.19549783445957836 ) ) ;
#2314 = CARTESIAN_POINT ( 'NONE',  ( -15.75849803319519893, 3.000000000000000000, -2.565191043845137298 ) ) ;
#2315 = DIRECTION ( 'NONE',  ( 0.000000000000000000, 0.000000000000000000, 1.000000000000000000 ) ) ;
#2316 = ORIENTED_EDGE ( 'NONE', *, *, #1669, .F. ) ;
#2317 = DIRECTION ( 'NONE',  ( 0.000000000000000000, 0.000000000000000000, 1.000000000000000000 ) ) ;
#2318 = ORIENTED_EDGE ( 'NONE', *, *, #2562, .F. ) ;
#2319 = VECTOR ( 'NONE', #690, 1000.000000000000000 ) ;
#2320 = CARTESIAN_POINT ( 'NONE',  ( 3.208944093420178945, 26.00000000000000000, 12.69549783445958013 ) ) ;
#2321 = EDGE_CURVE ( 'NONE', #1283, #666, #946, .T. ) ;
#2322 = AXIS2_PLACEMENT_3D ( 'NONE', #1425, #848, #1511 ) ;
#2323 = EDGE_CURVE ( 'NONE', #999, #2075, #2089, .T. ) ;
#2324 = CARTESIAN_POINT ( 'NONE',  ( 0.000000000000000000, 24.99999999999999645, 13.19549783445958013 ) ) ;
#2325 = AXIS2_PLACEMENT_3D ( 'NONE', #351, #1206, #428 ) ;
#2326 = AXIS2_PLACEMENT_3D ( 'NONE', #1359, #1374, #66 ) ;
#2327 = CYLINDRICAL_SURFACE ( 'NONE', #937, 0.9999999999999991118 ) ;
#2328 = ORIENTED_EDGE ( 'NONE', *, *, #254, .T. ) ;
#2329 = PLANE ( 'NONE',  #776 ) ;
#2330 = VECTOR ( 'NONE', #152, 1000.000000000000000 ) ;
#2331 = DIRECTION ( 'NONE',  ( 0.000000000000000000, 1.000000000000000000, 0.000000000000000000 ) ) ;
#2332 = DIRECTION ( 'NONE',  ( -0.000000000000000000, 1.000000000000000000, -0.000000000000000000 ) ) ;
#2333 = DIRECTION ( 'NONE',  ( 0.000000000000000000, 0.000000000000000000, -1.000000000000000000 ) ) ;
#2334 = ORIENTED_EDGE ( 'NONE', *, *, #159, .F. ) ;
#2335 = CARTESIAN_POINT ( 'NONE',  ( -40.79105590657982816, 26.00000000000000000, 12.69549783445958013 ) ) ;
#2336 = ORIENTED_EDGE ( 'NONE', *, *, #2144, .F. ) ;
#2337 = EDGE_CURVE ( 'NONE', #148, #79, #1830, .T. ) ;
#2338 = ORIENTED_EDGE ( 'NONE', *, *, #1509, .F. ) ;
#2339 = CARTESIAN_POINT ( 'NONE',  ( -8.791055906579822832, 26.00000000000000000, 13.19549783445958013 ) ) ;
#2340 = CARTESIAN_POINT ( 'NONE',  ( -8.791055906579824608, 26.00000000000000000, 14.19549783445957836 ) ) ;
#2341 = LINE ( 'NONE', #611, #1035 ) ;
#2342 = EDGE_CURVE ( 'NONE', #1809, #309, #298, .T. ) ;
#2343 = CARTESIAN_POINT ( 'NONE',  ( -3.291055906579821944, 1.000000000000000888, 14.19549783445957836 ) ) ;
#2344 = ORIENTED_EDGE ( 'NONE', *, *, #2594, .F. ) ;
#2345 = FACE_OUTER_BOUND ( 'NONE', #854, .T. ) ;
#2346 = EDGE_LOOP ( 'NONE', ( #259, #816, #1471, #26 ) ) ;
#2347 = ORIENTED_EDGE ( 'NONE', *, *, #2104, .T. ) ;
#2348 = DIRECTION ( 'NONE',  ( 0.000000000000000000, 0.000000000000000000, 1.000000000000000000 ) ) ;
#2349 = CARTESIAN_POINT ( 'NONE',  ( -22.79105590657982106, 26.00000000000000000, 13.19549783445958013 ) ) ;
#2350 = PLANE ( 'NONE',  #1923 ) ;
#2351 = ORIENTED_EDGE ( 'NONE', *, *, #2594, .T. ) ;
#2352 = EDGE_CURVE ( 'NONE', #1506, #1025, #717, .T. ) ;
#2353 = CARTESIAN_POINT ( 'NONE',  ( -16.29105590657982106, 1.000000000000000888, 14.19549783445957836 ) ) ;
#2354 = ORIENTED_EDGE ( 'NONE', *, *, #2337, .T. ) ;
#2355 = DIRECTION ( 'NONE',  ( 0.000000000000000000, 1.000000000000000000, 0.000000000000000000 ) ) ;
#2356 = VERTEX_POINT ( 'NONE', #2450 ) ;
#2357 = VECTOR ( 'NONE', #782, 1000.000000000000000 ) ;
#2358 = ORIENTED_EDGE ( 'NONE', *, *, #2737, .T. ) ;
#2359 = CYLINDRICAL_SURFACE ( 'NONE', #1712, 0.9999999999999991118 ) ;
#2360 = CARTESIAN_POINT ( 'NONE',  ( 4.708944093420180721, 0.000000000000000000, 13.19549783445958013 ) ) ;
#2361 = EDGE_LOOP ( 'NONE', ( #2714, #529, #573, #1771 ) ) ;
#2362 = AXIS2_PLACEMENT_3D ( 'NONE', #1043, #2317, #1903 ) ;
#2363 = EDGE_LOOP ( 'NONE', ( #1777, #1371, #1770, #2154 ) ) ;
#2364 = VECTOR ( 'NONE', #2279, 1000.000000000000000 ) ;
#2365 = CARTESIAN_POINT ( 'NONE',  ( -7.791055906579821055, 0.000000000000000000, 12.69549783445958013 ) ) ;
#2366 =( LENGTH_UNIT ( ) NAMED_UNIT ( * ) SI_UNIT ( .MILLI., .METRE. ) );
#2367 = ORIENTED_EDGE ( 'NONE', *, *, #2568, .T. ) ;
#2368 = CARTESIAN_POINT ( 'NONE',  ( -36.29105590657982816, 1.000000000000000888, 14.19549783445957836 ) ) ;
#2369 = EDGE_LOOP ( 'NONE', ( #284, #2678, #377, #2328 ) ) ;
#2370 = DIRECTION ( 'NONE',  ( -0.000000000000000000, -0.000000000000000000, 1.000000000000000000 ) ) ;
#2371 = CARTESIAN_POINT ( 'NONE',  ( -44.79105590657983527, 0.000000000000000000, 13.19549783445958191 ) ) ;
#2372 = EDGE_LOOP ( 'NONE', ( #1851, #726, #1408, #1130 ) ) ;
#2373 = CARTESIAN_POINT ( 'NONE',  ( -44.79105590657983527, 1.000000000000000888, 13.19549783445958013 ) ) ;
#2374 = EDGE_LOOP ( 'NONE', ( #2666, #65, #2416, #657 ) ) ;
#2375 = AXIS2_PLACEMENT_3D ( 'NONE', #2256, #978, #1597 ) ;
#2376 = ORIENTED_EDGE ( 'NONE', *, *, #2160, .F. ) ;
#2377 = CARTESIAN_POINT ( 'NONE',  ( -29.79105590657982461, 0.000000000000000000, 12.69549783445958013 ) ) ;
#2378 = CARTESIAN_POINT ( 'NONE',  ( -41.79105590657983527, 26.00000000000000000, 14.19549783445957836 ) ) ;
#2379 =( BOUNDED_CURVE ( )  B_SPLINE_CURVE ( 3, ( #1424, #2242, #1199, #1186 ),
 .UNSPECIFIED., .F., .T. ) 
 B_SPLINE_CURVE_WITH_KNOTS ( ( 4, 4 ),
 ( 1.570796326794896558, 3.141592653589793116 ),
 .UNSPECIFIED. ) 
 CURVE ( )  GEOMETRIC_REPRESENTATION_ITEM ( )  RATIONAL_B_SPLINE_CURVE ( ( 1.000000000000000000, 0.8047378541243649375, 0.8047378541243649375, 1.000000000000000000 ) ) 
 REPRESENTATION_ITEM ( '' )  );
#2380 = AXIS2_PLACEMENT_3D ( 'NONE', #1322, #2391, #1991 ) ;
#2381 = VECTOR ( 'NONE', #810, 1000.000000000000000 ) ;
#2382 = LINE ( 'NONE', #300, #832 ) ;
#2383 = EDGE_CURVE ( 'NONE', #1315, #339, #2424, .T. ) ;
#2384 = CYLINDRICAL_SURFACE ( 'NONE', #706, 0.9999999999999991118 ) ;
#2385 = DIRECTION ( 'NONE',  ( 0.000000000000000000, 0.000000000000000000, -1.000000000000000000 ) ) ;
#2386 = LINE ( 'NONE', #476, #1755 ) ;
#2387 = ORIENTED_EDGE ( 'NONE', *, *, #568, .F. ) ;
#2388 = DIRECTION ( 'NONE',  ( 3.336006684570782732E-17, -1.000000000000000000, 0.000000000000000000 ) ) ;
#2389 = CARTESIAN_POINT ( 'NONE',  ( -27.29105590657982461, 0.000000000000000000, 13.19549783445958013 ) ) ;
#2390 = VERTEX_POINT ( 'NONE', #317 ) ;
#2391 = DIRECTION ( 'NONE',  ( 0.000000000000000000, -1.000000000000000000, 0.000000000000000000 ) ) ;
#2392 = CARTESIAN_POINT ( 'NONE',  ( 5.123157655793274756, 0.4142135623730958671, 14.19549783445957836 ) ) ;
#2393 = CARTESIAN_POINT ( 'NONE',  ( -17.29105590657982106, 0.000000000000000000, 13.19549783445958013 ) ) ;
#2394 = ADVANCED_FACE ( 'NONE', ( #2214 ), #1159, .T. ) ;
#2395 = PRODUCT_DEFINITION_SHAPE ( 'NONE', 'NONE',  #2745 ) ;
#2396 = LINE ( 'NONE', #91, #1165 ) ;
#2397 = EDGE_CURVE ( 'NONE', #1330, #1166, #2646, .T. ) ;
#2398 = ORIENTED_EDGE ( 'NONE', *, *, #254, .F. ) ;
#2399 = DIRECTION ( 'NONE',  ( 0.000000000000000000, 0.000000000000000000, -1.000000000000000000 ) ) ;
#2400 = ORIENTED_EDGE ( 'NONE', *, *, #979, .T. ) ;
#2401 = DIRECTION ( 'NONE',  ( 1.000000000000000000, 0.000000000000000000, 0.000000000000000000 ) ) ;
#2402 = VECTOR ( 'NONE', #33, 1000.000000000000000 ) ;
#2403 = VERTEX_POINT ( 'NONE', #2229 ) ;
#2404 = AXIS2_PLACEMENT_3D ( 'NONE', #2011, #1954, #504 ) ;
#2405 = SURFACE_STYLE_FILL_AREA ( #1980 ) ;
#2406 = VECTOR ( 'NONE', #671, 1000.000000000000000 ) ;
#2407 = DIRECTION ( 'NONE',  ( 1.000000000000000000, 3.336006684570782732E-17, 0.000000000000000000 ) ) ;
#2408 = VECTOR ( 'NONE', #1266, 1000.000000000000000 ) ;
#2409 = CARTESIAN_POINT ( 'NONE',  ( 5.708944093420180721, 1.000000000000000888, 14.19549783445957836 ) ) ;
#2410 = CARTESIAN_POINT ( 'NONE',  ( 0.000000000000000000, 0.000000000000000000, 12.69549783445958013 ) ) ;
#2411 = VECTOR ( 'NONE', #365, 1000.000000000000000 ) ;
#2412 = CARTESIAN_POINT ( 'NONE',  ( -5.291055906579821944, 24.99999999999999645, 14.19549783445957836 ) ) ;
#2413 = VERTEX_POINT ( 'NONE', #966 ) ;
#2414 = PRODUCT_DEFINITION_FORMATION_WITH_SPECIFIED_SOURCE ( 'ANY', '', #2478, .NOT_KNOWN. ) ;
#2415 = CARTESIAN_POINT ( 'NONE',  ( 2.208944093420178056, 1.000000000000000888, 14.19549783445957836 ) ) ;
#2416 = ORIENTED_EDGE ( 'NONE', *, *, #1325, .F. ) ;
#2417 = FACE_OUTER_BOUND ( 'NONE', #2207, .T. ) ;
#2418 = ORIENTED_EDGE ( 'NONE', *, *, #2246, .F. ) ;
#2419 = CARTESIAN_POINT ( 'NONE',  ( -21.79105590657982106, 1.000000000000000888, 14.19549783445957836 ) ) ;
#2420 = ORIENTED_EDGE ( 'NONE', *, *, #563, .F. ) ;
#2421 = EDGE_CURVE ( 'NONE', #755, #722, #652, .T. ) ;
#2422 = DIRECTION ( 'NONE',  ( 0.000000000000000000, 0.000000000000000000, -1.000000000000000000 ) ) ;
#2423 = CARTESIAN_POINT ( 'NONE',  ( -3.291055906579821944, 1.000000000000000888, 14.19549783445957836 ) ) ;
#2424 = LINE ( 'NONE', #515, #703 ) ;
#2425 = CARTESIAN_POINT ( 'NONE',  ( -7.791055906579821944, 26.00000000000000000, 13.19549783445958013 ) ) ;
#2426 = CARTESIAN_POINT ( 'NONE',  ( -13.29105590657982106, 26.00000000000000000, 13.19549783445958013 ) ) ;
#2427 = LINE ( 'NONE', #519, #1749 ) ;
#2428 = VECTOR ( 'NONE', #181, 1000.000000000000000 ) ;
#2429 = EDGE_CURVE ( 'NONE', #1620, #1444, #616, .T. ) ;
#2430 = DIRECTION ( 'NONE',  ( 1.000000000000000000, -0.000000000000000000, 0.000000000000000000 ) ) ;
#2431 = DIRECTION ( 'NONE',  ( 0.000000000000000000, 0.000000000000000000, -1.000000000000000000 ) ) ;
#2432 = ORIENTED_EDGE ( 'NONE', *, *, #38, .T. ) ;
#2433 = CARTESIAN_POINT ( 'NONE',  ( -2.291055906579823720, 26.00000000000000000, 12.69549783445958013 ) ) ;
#2434 = EDGE_LOOP ( 'NONE', ( #2099, #2367, #1015, #1803 ) ) ;
#2435 = ADVANCED_FACE ( 'NONE', ( #2304 ), #843, .T. ) ;
#2436 = CARTESIAN_POINT ( 'NONE',  ( -69.25849803319519538, 3.000000000000000000, -22.56519104384513241 ) ) ;
#2437 = LINE ( 'NONE', #370, #1499 ) ;
#2438 = CARTESIAN_POINT ( 'NONE',  ( -11.37684234420672880, 0.4142135623730951455, 14.19549783445957836 ) ) ;
#2439 = CARTESIAN_POINT ( 'NONE',  ( 2.208944093420178056, 1.000000000000000888, 14.19549783445957836 ) ) ;
#2440 = DIRECTION ( 'NONE',  ( 0.000000000000000000, 0.000000000000000000, -1.000000000000000000 ) ) ;
#2441 = FACE_OUTER_BOUND ( 'NONE', #2277, .T. ) ;
#2442 = DIRECTION ( 'NONE',  ( -1.000000000000000000, 0.000000000000000000, -0.000000000000000000 ) ) ;
#2443 = ORIENTED_EDGE ( 'NONE', *, *, #1303, .T. ) ;
#2444 = ORIENTED_EDGE ( 'NONE', *, *, #2673, .T. ) ;
#2445 = ORIENTED_EDGE ( 'NONE', *, *, #1491, .T. ) ;
#2446 =( REPRESENTATION_RELATIONSHIP ('NONE','NONE', #2528, #60 ) REPRESENTATION_RELATIONSHIP_WITH_TRANSFORMATION ( #879 )SHAPE_REPRESENTATION_RELATIONSHIP( ) );
#2447 = ORIENTED_EDGE ( 'NONE', *, *, #1683, .T. ) ;
#2448 = EDGE_CURVE ( 'NONE', #1169, #138, #1514, .T. ) ;
#2449 = CARTESIAN_POINT ( 'NONE',  ( -29.79105590657982461, 0.000000000000000000, 13.19549783445958013 ) ) ;
#2450 = CARTESIAN_POINT ( 'NONE',  ( -28.29105590657982461, 0.000000000000000000, 13.19549783445958013 ) ) ;
#2451 = DIRECTION ( 'NONE',  ( -1.000000000000000000, 0.000000000000000000, -0.000000000000000000 ) ) ;
#2452 = VECTOR ( 'NONE', #1875, 1000.000000000000000 ) ;
#2453 = EDGE_CURVE ( 'NONE', #1495, #1675, #1490, .T. ) ;
#2454 = VERTEX_POINT ( 'NONE', #1889 ) ;
#2455 = ORIENTED_EDGE ( 'NONE', *, *, #2104, .F. ) ;
#2456 = EDGE_LOOP ( 'NONE', ( #37, #2486, #2432, #362 ) ) ;
#2457 = CARTESIAN_POINT ( 'NONE',  ( -36.29105590657982816, 1.000000000000000888, 14.19549783445957836 ) ) ;
#2458 = CARTESIAN_POINT ( 'NONE',  ( -17.29105590657982106, 0.000000000000000000, 13.19549783445958013 ) ) ;
#2459 = FACE_OUTER_BOUND ( 'NONE', #1742, .T. ) ;
#2460 = CARTESIAN_POINT ( 'NONE',  ( -43.79105590657983527, 24.99999999999999645, 14.19549783445957836 ) ) ;
#2461 = CARTESIAN_POINT ( 'NONE',  ( -22.79105590657982106, 0.000000000000000000, 12.69549783445958013 ) ) ;
#2462 = DIRECTION ( 'NONE',  ( 0.000000000000000000, 0.000000000000000000, 1.000000000000000000 ) ) ;
#2463 = CARTESIAN_POINT ( 'NONE',  ( -11.79105590657982106, 0.000000000000000000, 12.69549783445958013 ) ) ;
#2464 = VERTEX_POINT ( 'NONE', #389 ) ;
#2465 = ADVANCED_FACE ( 'NONE', ( #2538 ), #2084, .T. ) ;
#2466 = ORIENTED_EDGE ( 'NONE', *, *, #1288, .T. ) ;
#2467 = ORIENTED_EDGE ( 'NONE', *, *, #2599, .F. ) ;
#2468 = CARTESIAN_POINT ( 'NONE',  ( -18.79105590657982106, 0.000000000000000000, 12.69549783445958013 ) ) ;
#2469 = EDGE_CURVE ( 'NONE', #2413, #1002, #2553, .T. ) ;
#2470 =( BOUNDED_CURVE ( )  B_SPLINE_CURVE ( 3, ( #2439, #527, #1217, #2064 ),
 .UNSPECIFIED., .F., .T. ) 
 B_SPLINE_CURVE_WITH_KNOTS ( ( 4, 4 ),
 ( 4.712388980384689674, 6.283185307179586232 ),
 .UNSPECIFIED. ) 
 CURVE ( )  GEOMETRIC_REPRESENTATION_ITEM ( )  RATIONAL_B_SPLINE_CURVE ( ( 1.000000000000000000, 0.8047378541243649375, 0.8047378541243649375, 1.000000000000000000 ) ) 
 REPRESENTATION_ITEM ( '' )  );
#2471 = EDGE_LOOP ( 'NONE', ( #737, #2560, #1360, #2592 ) ) ;
#2472 = PLANE ( 'NONE',  #1938 ) ;
#2473 = DIRECTION ( 'NONE',  ( 0.000000000000000000, -0.000000000000000000, 1.000000000000000000 ) ) ;
#2474 = PLANE ( 'NONE',  #2254 ) ;
#2475 = CARTESIAN_POINT ( 'NONE',  ( -30.20526946895291687, 0.4142135623730961447, 14.19549783445957836 ) ) ;
#2476 = EDGE_CURVE ( 'NONE', #1054, #622, #815, .T. ) ;
#2477 = ORIENTED_EDGE ( 'NONE', *, *, #512, .F. ) ;
#2478 = PRODUCT ( 'BarBase', 'BarBase', '', ( #1929 ) ) ;
#2479 = CYLINDRICAL_SURFACE ( 'NONE', #1079, 1.000000000000000000 ) ;
#2480 = PRESENTATION_STYLE_ASSIGNMENT (( #1890 ) ) ;
#2481 = ORIENTED_EDGE ( 'NONE', *, *, #2082, .T. ) ;
#2482 = ORIENTED_EDGE ( 'NONE', *, *, #1979, .F. ) ;
#2483 = CARTESIAN_POINT ( 'NONE',  ( -11.79105590657982106, 0.000000000000000000, 13.19549783445958013 ) ) ;
#2484 = EDGE_CURVE ( 'NONE', #190, #339, #430, .T. ) ;
#2485 =( BOUNDED_CURVE ( )  B_SPLINE_CURVE ( 3, ( #2176, #718, #950, #1380 ),
 .UNSPECIFIED., .F., .T. ) 
 B_SPLINE_CURVE_WITH_KNOTS ( ( 4, 4 ),
 ( 1.570796326794896558, 3.141592653589793116 ),
 .UNSPECIFIED. ) 
 CURVE ( )  GEOMETRIC_REPRESENTATION_ITEM ( )  RATIONAL_B_SPLINE_CURVE ( ( 1.000000000000000000, 0.8047378541243649375, 0.8047378541243649375, 1.000000000000000000 ) ) 
 REPRESENTATION_ITEM ( '' )  );
#2486 = ORIENTED_EDGE ( 'NONE', *, *, #1754, .F. ) ;
#2487 = CARTESIAN_POINT ( 'NONE',  ( -44.79105590657983527, 0.000000000000000000, -3.804502165540419423 ) ) ;
#2488 = CARTESIAN_POINT ( 'NONE',  ( -18.79105590657982106, 26.00000000000000355, 13.78128427208648255 ) ) ;
#2489 = PLANE ( 'NONE',  #1576 ) ;
#2490 = EDGE_CURVE ( 'NONE', #1315, #491, #1068, .T. ) ;
#2491 = DIRECTION ( 'NONE',  ( -0.000000000000000000, 0.000000000000000000, 1.000000000000000000 ) ) ;
#2492 = CIRCLE ( 'NONE', #1254, 2.000000000000001776 ) ;
#2493 = VECTOR ( 'NONE', #1070, 1000.000000000000000 ) ;
#2494 = EDGE_LOOP ( 'NONE', ( #2719, #1267, #970, #433 ) ) ;
#2495 = ORIENTED_EDGE ( 'NONE', *, *, #2651, .F. ) ;
#2496 = CYLINDRICAL_SURFACE ( 'NONE', #1434, 0.9999999999999991118 ) ;
#2497 = AXIS2_PLACEMENT_3D ( 'NONE', #1017, #1265, #354 ) ;
#2498 = ORIENTED_EDGE ( 'NONE', *, *, #1607, .F. ) ;
#2499 = CARTESIAN_POINT ( 'NONE',  ( -36.29105590657982816, 26.00000000000000000, 13.19549783445958013 ) ) ;
#2500 = VECTOR ( 'NONE', #1849, 1000.000000000000000 ) ;
#2501 = EDGE_LOOP ( 'NONE', ( #702, #2398, #1410, #1956 ) ) ;
#2502 = CARTESIAN_POINT ( 'NONE',  ( -29.79105590657982461, 26.00000000000000000, 13.19549783445958013 ) ) ;
#2503 = EDGE_CURVE ( 'NONE', #666, #1975, #2742, .T. ) ;
#2504 = LINE ( 'NONE', #596, #242 ) ;
#2505 = CARTESIAN_POINT ( 'NONE',  ( -11.79105590657982106, 0.000000000000000000, 13.19549783445958013 ) ) ;
#2506 = ORIENTED_EDGE ( 'NONE', *, *, #963, .F. ) ;
#2507 = ORIENTED_EDGE ( 'NONE', *, *, #432, .T. ) ;
#2508 = AXIS2_PLACEMENT_3D ( 'NONE', #992, #2644, #2257 ) ;
#2509 = CARTESIAN_POINT ( 'NONE',  ( -44.79105590657983527, 1.000000000000000888, 14.19549783445957836 ) ) ;
#2510 = VECTOR ( 'NONE', #2331, 1000.000000000000000 ) ;
#2511 = LINE ( 'NONE', #1247, #147 ) ;
#2512 = VERTEX_POINT ( 'NONE', #417 ) ;
#2513 = VERTEX_POINT ( 'NONE', #1232 ) ;
#2514 = PLANE ( 'NONE',  #2497 ) ;
#2515 = EDGE_CURVE ( 'NONE', #1727, #1442, #1690, .T. ) ;
#2516 = DIRECTION ( 'NONE',  ( 1.000000000000000000, -0.000000000000000000, 0.000000000000000000 ) ) ;
#2517 = CARTESIAN_POINT ( 'NONE',  ( -44.79105590657983527, 26.00000000000000000, -3.804502165540419423 ) ) ;
#2518 = VECTOR ( 'NONE', #277, 1000.000000000000000 ) ;
#2519 = CARTESIAN_POINT ( 'NONE',  ( -41.79105590657983527, 1.000000000000000888, 14.19549783445957836 ) ) ;
#2520 = DIRECTION ( 'NONE',  ( -0.000000000000000000, -0.000000000000000000, 1.000000000000000000 ) ) ;
#2521 = EDGE_CURVE ( 'NONE', #161, #2413, #2100, .T. ) ;
#2522 = DIRECTION ( 'NONE',  ( -0.000000000000000000, -0.000000000000000000, 1.000000000000000000 ) ) ;
#2523 = ORIENTED_EDGE ( 'NONE', *, *, #192, .F. ) ;
#2524 = CARTESIAN_POINT ( 'NONE',  ( -33.79105590657982816, 26.00000000000000000, 12.69549783445958013 ) ) ;
#2525 = SURFACE_STYLE_FILL_AREA ( #617 ) ;
#2526 = VERTEX_POINT ( 'NONE', #1276 ) ;
#2527 = CARTESIAN_POINT ( 'NONE',  ( -24.29105590657982106, 1.084202172485504434E-15, 13.78128427208648255 ) ) ;
#2528 = SHAPE_REPRESENTATION ( 'BarAssem', ( #236, #2325, #719 ), #1400 ) ;
#2529 = LINE ( 'NONE', #421, #2493 ) ;
#2530 = EDGE_LOOP ( 'NONE', ( #1505, #1925, #1659, #2638 ) ) ;
#2531 = DIRECTION ( 'NONE',  ( -3.336006684570782732E-17, -1.000000000000000000, 0.000000000000000000 ) ) ;
#2532 = CARTESIAN_POINT ( 'NONE',  ( -0.7910559065798230538, 26.00000000000000000, 12.69549783445958013 ) ) ;
#2533 = ADVANCED_FACE ( 'NONE', ( #2345 ), #1916, .F. ) ;
#2534 = CARTESIAN_POINT ( 'NONE',  ( -25.29105590657982461, 26.00000000000000000, 14.19549783445957836 ) ) ;
#2535 = CARTESIAN_POINT ( 'NONE',  ( -2.705269468952919532, 0.4142135623730956451, 14.19549783445957836 ) ) ;
#2536 = EDGE_LOOP ( 'NONE', ( #2376, #335, #1474, #2498 ) ) ;
#2537 = EDGE_CURVE ( 'NONE', #912, #2240, #8, .T. ) ;
#2538 = FACE_OUTER_BOUND ( 'NONE', #1026, .T. ) ;
#2539 = ORIENTED_EDGE ( 'NONE', *, *, #1493, .T. ) ;
#2540 = EDGE_LOOP ( 'NONE', ( #887, #2016, #1862, #743 ) ) ;
#2541 = AXIS2_PLACEMENT_3D ( 'NONE', #2324, #405, #1720 ) ;
#2542 = EDGE_CURVE ( 'NONE', #67, #1150, #870, .T. ) ;
#2543 = LINE ( 'NONE', #1906, #223 ) ;
#2544 = ORIENTED_EDGE ( 'NONE', *, *, #2484, .F. ) ;
#2545 = CARTESIAN_POINT ( 'NONE',  ( -33.79105590657982816, 0.000000000000000000, 12.69549783445958013 ) ) ;
#2546 = AXIS2_PLACEMENT_3D ( 'NONE', #1048, #2296, #380 ) ;
#2547 = CARTESIAN_POINT ( 'NONE',  ( -21.79105590657982106, 24.99999999999999645, 14.19549783445957836 ) ) ;
#2548 = LINE ( 'NONE', #2534, #2626 ) ;
#2549 = DIRECTION ( 'NONE',  ( -0.000000000000000000, 0.000000000000000000, 1.000000000000000000 ) ) ;
#2550 = EDGE_CURVE ( 'NONE', #2617, #1893, #1716, .T. ) ;
#2551 = APPLICATION_CONTEXT ( 'automotive_design' ) ;
#2552 = ORIENTED_EDGE ( 'NONE', *, *, #1467, .F. ) ;
#2553 = LINE ( 'NONE', #2715, #1661 ) ;
#2554 = VECTOR ( 'NONE', #1855, 1000.000000000000000 ) ;
#2555 = EDGE_LOOP ( 'NONE', ( #881, #1644, #2181, #835 ) ) ;
#2556 = FACE_OUTER_BOUND ( 'NONE', #2291, .T. ) ;
#2557 = CARTESIAN_POINT ( 'NONE',  ( -10.79105590657982283, 1.000000000000000888, 14.19549783445957836 ) ) ;
#2558 =( BOUNDED_CURVE ( )  B_SPLINE_CURVE ( 3, ( #41, #1088, #1948, #257 ),
 .UNSPECIFIED., .F., .T. ) 
 B_SPLINE_CURVE_WITH_KNOTS ( ( 4, 4 ),
 ( 4.712388980384689674, 6.283185307179582679 ),
 .UNSPECIFIED. ) 
 CURVE ( )  GEOMETRIC_REPRESENTATION_ITEM ( )  RATIONAL_B_SPLINE_CURVE ( ( 1.000000000000000000, 0.8047378541243649375, 0.8047378541243649375, 1.000000000000000000 ) ) 
 REPRESENTATION_ITEM ( '' )  );
#2559 = CARTESIAN_POINT ( 'NONE',  ( -2.291055906579821944, 0.000000000000000000, 13.19549783445958013 ) ) ;
#2560 = ORIENTED_EDGE ( 'NONE', *, *, #1131, .F. ) ;
#2561 = CARTESIAN_POINT ( 'NONE',  ( -28.29105590657982461, 26.00000000000000000, 12.69549783445958013 ) ) ;
#2562 = EDGE_CURVE ( 'NONE', #536, #465, #1732, .T. ) ;
#2563 = VERTEX_POINT ( 'NONE', #473 ) ;
#2564 = CARTESIAN_POINT ( 'NONE',  ( -38.87684234420673590, 0.4142135623730958671, 14.19549783445957836 ) ) ;
#2565 = EDGE_LOOP ( 'NONE', ( #2731, #520, #1310, #2156 ) ) ;
#2566 = DIRECTION ( 'NONE',  ( 0.000000000000000000, 0.000000000000000000, -1.000000000000000000 ) ) ;
#2567 = EDGE_CURVE ( 'NONE', #1447, #912, #2675, .T. ) ;
#2568 = EDGE_CURVE ( 'NONE', #2611, #1197, #1545, .T. ) ;
#2569 = LINE ( 'NONE', #1911, #1163 ) ;
#2570 = CYLINDRICAL_SURFACE ( 'NONE', #2380, 2.000000000000001776 ) ;
#2571 = EDGE_CURVE ( 'NONE', #105, #922, #2164, .T. ) ;
#2572 = ORIENTED_EDGE ( 'NONE', *, *, #199, .T. ) ;
#2573 = DIRECTION ( 'NONE',  ( 0.000000000000000000, 0.000000000000000000, 1.000000000000000000 ) ) ;
#2574 = VERTEX_POINT ( 'NONE', #2368 ) ;
#2575 = LINE ( 'NONE', #279, #1710 ) ;
#2576 = VECTOR ( 'NONE', #747, 1000.000000000000000 ) ;
#2577 = ORIENTED_EDGE ( 'NONE', *, *, #2228, .T. ) ;
#2578 = DIRECTION ( 'NONE',  ( 0.000000000000000000, 1.000000000000000000, 0.000000000000000000 ) ) ;
#2579 = EDGE_LOOP ( 'NONE', ( #956, #176, #1606, #22 ) ) ;
#2580 = CARTESIAN_POINT ( 'NONE',  ( 5.708944093420180721, 24.99999999999999645, 14.19549783445957836 ) ) ;
#2581 = AXIS2_PLACEMENT_3D ( 'NONE', #263, #1123, #1590 ) ;
#2582 = VECTOR ( 'NONE', #1331, 1000.000000000000000 ) ;
#2583 = ORIENTED_EDGE ( 'NONE', *, *, #144, .T. ) ;
#2584 = CIRCLE ( 'NONE', #944, 2.000000000000001776 ) ;
#2585 = ADVANCED_FACE ( 'NONE', ( #2153 ), #2178, .T. ) ;
#2586 = DIRECTION ( 'NONE',  ( -0.000000000000000000, 1.000000000000000000, -0.000000000000000000 ) ) ;
#2587 = CARTESIAN_POINT ( 'NONE',  ( -33.79105590657982816, 26.00000000000000000, 12.69549783445958013 ) ) ;
#2588 = CARTESIAN_POINT ( 'NONE',  ( -33.79105590657982816, 0.000000000000000000, 12.69549783445958013 ) ) ;
#2589 = DIRECTION ( 'NONE',  ( 0.000000000000000000, 0.000000000000000000, -1.000000000000000000 ) ) ;
#2590 = VERTEX_POINT ( 'NONE', #36 ) ;
#2591 = CARTESIAN_POINT ( 'NONE',  ( -44.37684234420672880, 0.4142135623730967553, 14.19549783445958013 ) ) ;
#2592 = ORIENTED_EDGE ( 'NONE', *, *, #749, .F. ) ;
#2593 = ORIENTED_EDGE ( 'NONE', *, *, #439, .T. ) ;
#2594 = EDGE_CURVE ( 'NONE', #393, #1197, #441, .T. ) ;
#2595 = LINE ( 'NONE', #1554, #1926 ) ;
#2596 = VECTOR ( 'NONE', #1978, 1000.000000000000000 ) ;
#2597 = PRODUCT_DEFINITION_SHAPE ( 'NONE', 'NONE',  #998 ) ;
#2598 = ORIENTED_EDGE ( 'NONE', *, *, #1990, .T. ) ;
#2599 = EDGE_CURVE ( 'NONE', #1207, #2028, #240, .T. ) ;
#2600 = CARTESIAN_POINT ( 'NONE',  ( -6.291055906579821944, 0.000000000000000000, 13.19549783445958013 ) ) ;
#2601 = CARTESIAN_POINT ( 'NONE',  ( 7.708944093420162957, 26.00000000000000000, 14.19549783445957836 ) ) ;
#2602 = AXIS2_PLACEMENT_3D ( 'NONE', #88, #933, #1796 ) ;
#2603 = DIRECTION ( 'NONE',  ( -0.000000000000000000, -0.000000000000000000, 1.000000000000000000 ) ) ;
#2604 = ADVANCED_FACE ( 'NONE', ( #665 ), #458, .T. ) ;
#2605 = ORIENTED_EDGE ( 'NONE', *, *, #2236, .T. ) ;
#2606 = ORIENTED_EDGE ( 'NONE', *, *, #2199, .T. ) ;
#2607 = PLANE ( 'NONE',  #2404 ) ;
#2608 = CARTESIAN_POINT ( 'NONE',  ( 0.000000000000000000, 0.000000000000000000, 13.19549783445958013 ) ) ;
#2609 = ORIENTED_EDGE ( 'NONE', *, *, #1560, .F. ) ;
#2610 = CARTESIAN_POINT ( 'NONE',  ( -25.29105590657982461, 26.00000000000000000, 13.19549783445958013 ) ) ;
#2611 = VERTEX_POINT ( 'NONE', #262 ) ;
#2612 = LINE ( 'NONE', #1949, #1684 ) ;
#2613 = ADVANCED_FACE ( 'NONE', ( #680 ), #2384, .T. ) ;
#2614 = CARTESIAN_POINT ( 'NONE',  ( -44.37684234420674301, 25.58578643762690419, 14.19549783445957836 ) ) ;
#2615 = DIRECTION ( 'NONE',  ( 0.000000000000000000, 1.000000000000000000, 0.000000000000000000 ) ) ;
#2616 = DIRECTION ( 'NONE',  ( -1.000000000000000000, -0.000000000000000000, -0.000000000000000000 ) ) ;
#2617 = VERTEX_POINT ( 'NONE', #1551 ) ;
#2618 = ADVANCED_FACE ( 'NONE', ( #683 ), #1357, .F. ) ;
#2619 = CARTESIAN_POINT ( 'NONE',  ( -39.29105590657982816, 26.00000000000000000, 12.69549783445958013 ) ) ;
#2620 = DIRECTION ( 'NONE',  ( -1.000000000000000000, 0.000000000000000000, 0.000000000000000000 ) ) ;
#2621 = ORIENTED_EDGE ( 'NONE', *, *, #961, .F. ) ;
#2622 = CARTESIAN_POINT ( 'NONE',  ( -13.29105590657982106, 26.00000000000000000, 12.69549783445958013 ) ) ;
#2623 = ORIENTED_EDGE ( 'NONE', *, *, #459, .T. ) ;
#2624 = DIRECTION ( 'NONE',  ( -1.000000000000000000, -6.672013369141565463E-17, 0.000000000000000000 ) ) ;
#2625 = AXIS2_PLACEMENT_3D ( 'NONE', #2129, #172, #1503 ) ;
#2626 = VECTOR ( 'NONE', #2332, 1000.000000000000000 ) ;
#2627 = CARTESIAN_POINT ( 'NONE',  ( -40.79105590657982816, 0.000000000000000000, 13.19549783445958013 ) ) ;
#2628 = VECTOR ( 'NONE', #588, 1000.000000000000000 ) ;
#2629 = DIRECTION ( 'NONE',  ( -1.000000000000000000, -0.000000000000000000, -0.000000000000000000 ) ) ;
#2630 = VECTOR ( 'NONE', #451, 1000.000000000000000 ) ;
#2631 = CYLINDRICAL_SURFACE ( 'NONE', #1034, 0.9999999999999991118 ) ;
#2632 = DIRECTION ( 'NONE',  ( 0.000000000000000000, -1.000000000000000000, 0.000000000000000000 ) ) ;
#2633 = ADVANCED_FACE ( 'NONE', ( #900 ), #1577, .T. ) ;
#2634 = DIRECTION ( 'NONE',  ( 1.000000000000000000, 0.000000000000000000, 0.000000000000000000 ) ) ;
#2635 = VECTOR ( 'NONE', #1586, 1000.000000000000000 ) ;
#2636 = DIRECTION ( 'NONE',  ( -1.000000000000000000, 0.000000000000000000, -0.000000000000000000 ) ) ;
#2637 = ORIENTED_EDGE ( 'NONE', *, *, #175, .F. ) ;
#2638 = ORIENTED_EDGE ( 'NONE', *, *, #49, .F. ) ;
#2639 = PLANE ( 'NONE',  #1483 ) ;
#2640 = EDGE_LOOP ( 'NONE', ( #78, #1594, #1019, #2002 ) ) ;
#2641 = EDGE_CURVE ( 'NONE', #1407, #844, #2396, .T. ) ;
#2642 = PRODUCT_DEFINITION ( 'UNKNOWN', '', #2414, #1381 ) ;
#2643 = FACE_OUTER_BOUND ( 'NONE', #2653, .T. ) ;
#2644 = DIRECTION ( 'NONE',  ( -0.000000000000000000, 0.000000000000000000, 1.000000000000000000 ) ) ;
#2645 = AXIS2_PLACEMENT_3D ( 'NONE', #156, #1641, #2473 ) ;
#2646 = LINE ( 'NONE', #732, #2051 ) ;
#2647 = DIRECTION ( 'NONE',  ( -1.000000000000000000, 0.000000000000000000, -0.000000000000000000 ) ) ;
#2648 = CARTESIAN_POINT ( 'NONE',  ( 8.708944093420157628, 0.000000000000000000, -3.804502165540419423 ) ) ;
#2649 = VECTOR ( 'NONE', #2174, 1000.000000000000000 ) ;
#2650 = ORIENTED_EDGE ( 'NONE', *, *, #1050, .F. ) ;
#2651 = EDGE_CURVE ( 'NONE', #787, #1283, #1343, .T. ) ;
#2652 =( NAMED_UNIT ( * ) SI_UNIT ( $, .STERADIAN. ) SOLID_ANGLE_UNIT ( ) );
#2653 = EDGE_LOOP ( 'NONE', ( #2351, #629, #1691, #1935 ) ) ;
#2654 = LINE ( 'NONE', #2208, #809 ) ;
#2655 = ORIENTED_EDGE ( 'NONE', *, *, #505, .F. ) ;
#2656 = CARTESIAN_POINT ( 'NONE',  ( -35.29105590657982816, 26.00000000000000000, 12.69549783445958013 ) ) ;
#2657 = VERTEX_POINT ( 'NONE', #2415 ) ;
#2658 = CARTESIAN_POINT ( 'NONE',  ( -16.87684234420672524, 0.4142135623730958671, 14.19549783445957836 ) ) ;
#2659 = ADVANCED_FACE ( 'NONE', ( #1109 ), #1372, .F. ) ;
#2660 = DIRECTION ( 'NONE',  ( -6.672013369141565463E-17, -1.000000000000000000, -0.000000000000000000 ) ) ;
#2661 = CARTESIAN_POINT ( 'NONE',  ( -10.79105590657982283, 1.000000000000000888, 14.19549783445957836 ) ) ;
#2662 = DIRECTION ( 'NONE',  ( 1.000000000000000000, 0.000000000000000000, 0.000000000000000000 ) ) ;
#2663 = ORIENTED_EDGE ( 'NONE', *, *, #6, .T. ) ;
#2664 = EDGE_LOOP ( 'NONE', ( #871, #203, #1155, #549 ) ) ;
#2665 = DIRECTION ( 'NONE',  ( -0.000000000000000000, -1.000000000000000000, -0.000000000000000000 ) ) ;
#2666 = ORIENTED_EDGE ( 'NONE', *, *, #274, .T. ) ;
#2667 = ORIENTED_EDGE ( 'NONE', *, *, #1669, .T. ) ;
#2668 = CARTESIAN_POINT ( 'NONE',  ( -5.291055906579821944, 1.000000000000000888, 14.19549783445957836 ) ) ;
#2669 =( BOUNDED_CURVE ( )  B_SPLINE_CURVE ( 3, ( #292, #1153, #2044, #2001 ),
 .UNSPECIFIED., .F., .T. ) 
 B_SPLINE_CURVE_WITH_KNOTS ( ( 4, 4 ),
 ( 4.712388980384689674, 6.283185307179586232 ),
 .UNSPECIFIED. ) 
 CURVE ( )  GEOMETRIC_REPRESENTATION_ITEM ( )  RATIONAL_B_SPLINE_CURVE ( ( 1.000000000000000000, 0.8047378541243649375, 0.8047378541243649375, 1.000000000000000000 ) ) 
 REPRESENTATION_ITEM ( '' )  );
#2670 = ADVANCED_FACE ( 'NONE', ( #462 ), #305, .F. ) ;
#2671 = ORIENTED_EDGE ( 'NONE', *, *, #1133, .T. ) ;
#2672 = DIRECTION ( 'NONE',  ( 1.000000000000000000, 0.000000000000000000, 0.000000000000000000 ) ) ;
#2673 = EDGE_CURVE ( 'NONE', #1665, #95, #1519, .T. ) ;
#2674 = CARTESIAN_POINT ( 'NONE',  ( -33.79105590657982816, 0.000000000000000000, 12.69549783445958013 ) ) ;
#2675 = CIRCLE ( 'NONE', #141, 2.000000000000000000 ) ;
#2676 = DIRECTION ( 'NONE',  ( 0.000000000000000000, 0.000000000000000000, -1.000000000000000000 ) ) ;
#2677 = VERTEX_POINT ( 'NONE', #39 ) ;
#2678 = ORIENTED_EDGE ( 'NONE', *, *, #1754, .T. ) ;
#2679 = CARTESIAN_POINT ( 'NONE',  ( -28.29105590657982461, 0.000000000000000000, 12.69549783445958013 ) ) ;
#2680 =( BOUNDED_CURVE ( )  B_SPLINE_CURVE ( 3, ( #167, #2093, #1036, #579 ),
 .UNSPECIFIED., .F., .T. ) 
 B_SPLINE_CURVE_WITH_KNOTS ( ( 4, 4 ),
 ( 3.141592653589793116, 4.712388980384689674 ),
 .UNSPECIFIED. ) 
 CURVE ( )  GEOMETRIC_REPRESENTATION_ITEM ( )  RATIONAL_B_SPLINE_CURVE ( ( 1.000000000000000000, 0.8047378541243649375, 0.8047378541243649375, 1.000000000000000000 ) ) 
 REPRESENTATION_ITEM ( '' )  );
#2681 = EDGE_LOOP ( 'NONE', ( #1403, #1715, #477, #1231 ) ) ;
#2682 = DIRECTION ( 'NONE',  ( 3.154042683594195121E-16, 0.000000000000000000, 1.000000000000000000 ) ) ;
#2683 = CARTESIAN_POINT ( 'NONE',  ( -18.79105590657982106, 26.00000000000000000, 13.19549783445958013 ) ) ;
#2684 = EDGE_CURVE ( 'NONE', #1444, #1603, #2386, .T. ) ;
#2685 = FACE_OUTER_BOUND ( 'NONE', #2361, .T. ) ;
#2686 = DIRECTION ( 'NONE',  ( 1.000000000000000000, 0.000000000000000000, 0.000000000000000000 ) ) ;
#2687 = VECTOR ( 'NONE', #1156, 1000.000000000000000 ) ;
#2688 = LINE ( 'NONE', #2739, #2357 ) ;
#2689 = ORIENTED_EDGE ( 'NONE', *, *, #1449, .F. ) ;
#2690 = ADVANCED_FACE ( 'NONE', ( #884 ), #1997, .T. ) ;
#2691 = EDGE_CURVE ( 'NONE', #601, #1762, #77, .T. ) ;
#2692 = ORIENTED_EDGE ( 'NONE', *, *, #1455, .T. ) ;
#2693 = DIRECTION ( 'NONE',  ( 0.000000000000000000, 1.000000000000000000, 0.000000000000000000 ) ) ;
#2694 = VECTOR ( 'NONE', #1900, 1000.000000000000000 ) ;
#2695 = ORIENTED_EDGE ( 'NONE', *, *, #270, .T. ) ;
#2696 = FACE_OUTER_BOUND ( 'NONE', #75, .T. ) ;
#2697 =( NAMED_UNIT ( * ) PLANE_ANGLE_UNIT ( ) SI_UNIT ( $, .RADIAN. ) );
#2698 = DIRECTION ( 'NONE',  ( -1.000000000000000000, -0.000000000000000000, -0.000000000000000000 ) ) ;
#2699 = DIRECTION ( 'NONE',  ( 1.000000000000000000, -0.000000000000000000, 0.000000000000000000 ) ) ;
#2700 = EDGE_CURVE ( 'NONE', #1407, #1315, #911, .T. ) ;
#2701 = EDGE_LOOP ( 'NONE', ( #713, #1248, #213, #234 ) ) ;
#2702 = EDGE_CURVE ( 'NONE', #1658, #1297, #2575, .T. ) ;
#2703 = ORIENTED_EDGE ( 'NONE', *, *, #270, .F. ) ;
#2704 = LINE ( 'NONE', #1651, #448 ) ;
#2705 = ORIENTED_EDGE ( 'NONE', *, *, #539, .F. ) ;
#2706 = CARTESIAN_POINT ( 'NONE',  ( -29.79105590657982461, 26.00000000000000000, 13.19549783445958013 ) ) ;
#2707 = ADVANCED_FACE ( 'NONE', ( #1774 ), #693, .F. ) ;
#2708 = DIRECTION ( 'NONE',  ( 0.000000000000000000, -1.000000000000000000, 0.000000000000000000 ) ) ;
#2709 = PLANE ( 'NONE',  #1731 ) ;
#2710 = CARTESIAN_POINT ( 'NONE',  ( -0.3768423442067279083, 25.58578643762690419, 14.19549783445957836 ) ) ;
#2711 = AXIS2_PLACEMENT_3D ( 'NONE', #765, #2019, #1642 ) ;
#2712 = ADVANCED_FACE ( 'NONE', ( #1986 ), #924, .T. ) ;
#2713 = ORIENTED_EDGE ( 'NONE', *, *, #1822, .T. ) ;
#2714 = ORIENTED_EDGE ( 'NONE', *, *, #342, .T. ) ;
#2715 = CARTESIAN_POINT ( 'NONE',  ( 8.708944093420162957, 26.00000000000000000, 13.19549783445958013 ) ) ;
#2716 = EDGE_CURVE ( 'NONE', #1447, #1874, #1647, .T. ) ;
#2717 = CARTESIAN_POINT ( 'NONE',  ( -2.291055906579823720, 26.00000000000000355, 13.78128427208648255 ) ) ;
#2718 = AXIS2_PLACEMENT_3D ( 'NONE', #2610, #52, #2399 ) ;
#2719 = ORIENTED_EDGE ( 'NONE', *, *, #1218, .T. ) ;
#2720 = LINE ( 'NONE', #379, #1342 ) ;
#2721 = ORIENTED_EDGE ( 'NONE', *, *, #2199, .F. ) ;
#2722 = CARTESIAN_POINT ( 'NONE',  ( 3.208944093420178945, 26.00000000000000000, 12.69549783445958013 ) ) ;
#2723 = DIRECTION ( 'NONE',  ( -0.000000000000000000, -0.000000000000000000, 1.000000000000000000 ) ) ;
#2724 = ADVANCED_FACE ( 'NONE', ( #571 ), #2479, .T. ) ;
#2725 = ADVANCED_FACE ( 'NONE', ( #2237 ), #1194, .F. ) ;
#2726 = DIRECTION ( 'NONE',  ( 0.000000000000000000, 0.000000000000000000, -1.000000000000000000 ) ) ;
#2727 = FACE_OUTER_BOUND ( 'NONE', #2501, .T. ) ;
#2728 = CARTESIAN_POINT ( 'NONE',  ( -14.29105590657982283, 24.99999999999999645, 14.19549783445957836 ) ) ;
#2729 = AXIS2_PLACEMENT_3D ( 'NONE', #1171, #964, #2017 ) ;
#2730 = DIRECTION ( 'NONE',  ( 0.000000000000000000, 1.000000000000000000, 0.000000000000000000 ) ) ;
#2731 = ORIENTED_EDGE ( 'NONE', *, *, #823, .T. ) ;
#2732 = CARTESIAN_POINT ( 'NONE',  ( -24.70526946895292042, 25.58578643762690419, 14.19549783445957836 ) ) ;
#2733 = VECTOR ( 'NONE', #2586, 1000.000000000000000 ) ;
#2734 = ORIENTED_EDGE ( 'NONE', *, *, #319, .T. ) ;
#2735 = LINE ( 'NONE', #409, #189 ) ;
#2736 = LINE ( 'NONE', #1033, #1848 ) ;
#2737 = EDGE_CURVE ( 'NONE', #1762, #1275, #1431, .T. ) ;
#2738 = CARTESIAN_POINT ( 'NONE',  ( -71.25849803319519538, 0.000000000000000000, -22.56519104384513241 ) ) ;
#2739 = CARTESIAN_POINT ( 'NONE',  ( -43.79105590657983527, 26.00000000000000000, 14.19549783445957836 ) ) ;
#2740 = ORIENTED_EDGE ( 'NONE', *, *, #707, .T. ) ;
#2741 = ADVANCED_FACE ( 'NONE', ( #2275 ), #2496, .T. ) ;
#2742 = LINE ( 'NONE', #2509, #664 ) ;
#2743 = ORIENTED_EDGE ( 'NONE', *, *, #1121, .F. ) ;
#2744 = PLANE ( 'NONE',  #908 ) ;
#2745 = NEXT_ASSEMBLY_USAGE_OCCURRENCE ( 'NAUO1', ' ', ' ', #998, #2642, $ ) ;
#2746 = NEXT_ASSEMBLY_USAGE_OCCURRENCE ( 'NAUO2', ' ', ' ', #998, #875, $ ) ;
ENDSEC;
END-ISO-10303-21;
