ISO-10303-21;
HEADER;
FILE_DESCRIPTION (( 'STEP AP203' ),
    '1' );
FILE_NAME ('BarBase.step',
    '2026-09-07T17:35:17',
    ( '' ),
    ( '' ),
    'SwSTEP 2.0',
    'SolidWorks 2026',
    '' );
FILE_SCHEMA (( 'CONFIG_CONTROL_DESIGN' ));
ENDSEC;

DATA;
#1 = CARTESIAN_POINT ( 'NONE',  ( -2.291055906579823720, 26.00000000000000355, 13.78128427208648255 ) ) ;
#2 = ORIENTED_EDGE ( 'NONE', *, *, #1351, .F. ) ;
#3 = ORIENTED_EDGE ( 'NONE', *, *, #242, .F. ) ;
#4 = CARTESIAN_POINT ( 'NONE',  ( -28.29105590657982106, 26.00000000000000355, 13.78128427208648255 ) ) ;
#5 = DIRECTION ( 'NONE',  ( 0.000000000000000000, 0.000000000000000000, -1.000000000000000000 ) ) ;
#6 = VERTEX_POINT ( 'NONE', #394 ) ;
#7 = FACE_OUTER_BOUND ( 'NONE', #2318, .T. ) ;
#8 = EDGE_CURVE ( 'NONE', #446, #1485, #1016, .T. ) ;
#9 = ADVANCED_FACE ( 'NONE', ( #2269 ), #1132, .T. ) ;
#10 = ADVANCED_FACE ( 'NONE', ( #406 ), #1689, .T. ) ;
#11 = CARTESIAN_POINT ( 'NONE',  ( -5.291055906579821944, 1.000000000000000888, 14.19549783445957836 ) ) ;
#12 = DIRECTION ( 'NONE',  ( -0.000000000000000000, -0.000000000000000000, 1.000000000000000000 ) ) ;
#13 = ADVANCED_FACE ( 'NONE', ( #56 ), #787, .T. ) ;
#14 = DIRECTION ( 'NONE',  ( -0.000000000000000000, -1.000000000000000000, -0.000000000000000000 ) ) ;
#15 = DIRECTION ( 'NONE',  ( 1.000000000000000000, 0.000000000000000000, 0.000000000000000000 ) ) ;
#16 = EDGE_CURVE ( 'NONE', #194, #2352, #2305, .T. ) ;
#17 = EDGE_LOOP ( 'NONE', ( #1186, #1281, #117, #2107 ) ) ;
#18 = PERSON ( 'UNSPECIFIED', 'UNSPECIFIED', 'UNSPECIFIED', ('UNSPECIFIED'), ('UNSPECIFIED'), ('UNSPECIFIED') ) ;
#19 = EDGE_LOOP ( 'NONE', ( #881, #499, #2077, #913 ) ) ;
#20 = AXIS2_PLACEMENT_3D ( 'NONE', #266, #1001, #88 ) ;
#21 = CARTESIAN_POINT ( 'NONE',  ( -17.29105590657982106, 26.00000000000000000, 12.69549783445958013 ) ) ;
#22 = ORIENTED_EDGE ( 'NONE', *, *, #1245, .F. ) ;
#23 = EDGE_LOOP ( 'NONE', ( #766, #2027, #887, #1354 ) ) ;
#24 = DIRECTION ( 'NONE',  ( -1.000000000000000000, -0.000000000000000000, -0.000000000000000000 ) ) ;
#25 = DIRECTION ( 'NONE',  ( -0.000000000000000000, -1.000000000000000000, 0.000000000000000000 ) ) ;
#26 = ORIENTED_EDGE ( 'NONE', *, *, #991, .F. ) ;
#27 = LINE ( 'NONE', #1535, #1307 ) ;
#28 = EDGE_CURVE ( 'NONE', #1131, #1849, #847, .T. ) ;
#29 = VECTOR ( 'NONE', #1611, 1000.000000000000000 ) ;
#30 = CARTESIAN_POINT ( 'NONE',  ( -29.79105590657982461, 26.00000000000000000, 12.69549783445958013 ) ) ;
#31 = ORIENTED_EDGE ( 'NONE', *, *, #113, .T. ) ;
#32 = ORIENTED_EDGE ( 'NONE', *, *, #2356, .T. ) ;
#33 = FACE_OUTER_BOUND ( 'NONE', #58, .T. ) ;
#34 = CARTESIAN_POINT ( 'NONE',  ( -39.29105590657982816, 26.00000000000000000, 13.19549783445958013 ) ) ;
#35 = ORIENTED_EDGE ( 'NONE', *, *, #320, .T. ) ;
#36 = ORIENTED_EDGE ( 'NONE', *, *, #62, .T. ) ;
#37 =( BOUNDED_CURVE ( )  B_SPLINE_CURVE ( 3, ( #2078, #769, #2113, #597 ),
 .UNSPECIFIED., .F., .T. ) 
 B_SPLINE_CURVE_WITH_KNOTS ( ( 4, 4 ),
 ( 1.570796326794896558, 3.141592653589793116 ),
 .UNSPECIFIED. ) 
 CURVE ( )  GEOMETRIC_REPRESENTATION_ITEM ( )  RATIONAL_B_SPLINE_CURVE ( ( 1.000000000000000000, 0.8047378541243649375, 0.8047378541243649375, 1.000000000000000000 ) ) 
 REPRESENTATION_ITEM ( '' )  );
#38 = DIRECTION ( 'NONE',  ( -3.336006684570782732E-17, -1.000000000000000000, 0.000000000000000000 ) ) ;
#39 = CARTESIAN_POINT ( 'NONE',  ( -22.79105590657982106, 26.00000000000000000, 13.19549783445958013 ) ) ;
#40 = VECTOR ( 'NONE', #2228, 1000.000000000000000 ) ;
#41 = VECTOR ( 'NONE', #2261, 1000.000000000000000 ) ;
#42 = EDGE_CURVE ( 'NONE', #165, #322, #122, .T. ) ;
#43 = CARTESIAN_POINT ( 'NONE',  ( -44.37684234420672880, 0.4142135623730967553, 14.19549783445958013 ) ) ;
#44 = ORIENTED_EDGE ( 'NONE', *, *, #1461, .F. ) ;
#45 = CARTESIAN_POINT ( 'NONE',  ( -14.29105590657982283, 26.00000000000000000, 13.19549783445958013 ) ) ;
#46 = DIRECTION ( 'NONE',  ( 0.000000000000000000, -0.000000000000000000, 1.000000000000000000 ) ) ;
#47 = CARTESIAN_POINT ( 'NONE',  ( -10.79105590657981928, 25.99999999999999645, 14.19549783445957836 ) ) ;
#48 = ORIENTED_EDGE ( 'NONE', *, *, #1988, .F. ) ;
#49 = DIRECTION ( 'NONE',  ( 1.000000000000000000, -0.000000000000000000, 0.000000000000000000 ) ) ;
#50 = CARTESIAN_POINT ( 'NONE',  ( -40.79105590657982816, 26.00000000000000000, 13.19549783445958013 ) ) ;
#51 =( BOUNDED_CURVE ( )  B_SPLINE_CURVE ( 3, ( #200, #785, #1353, #2045 ),
 .UNSPECIFIED., .F., .T. ) 
 B_SPLINE_CURVE_WITH_KNOTS ( ( 4, 4 ),
 ( 1.570796326794896558, 3.141592653589796669 ),
 .UNSPECIFIED. ) 
 CURVE ( )  GEOMETRIC_REPRESENTATION_ITEM ( )  RATIONAL_B_SPLINE_CURVE ( ( 1.000000000000000000, 0.8047378541243641603, 0.8047378541243641603, 1.000000000000000000 ) ) 
 REPRESENTATION_ITEM ( '' )  );
#52 = ORIENTED_EDGE ( 'NONE', *, *, #637, .F. ) ;
#53 = DIRECTION ( 'NONE',  ( 1.000000000000000000, 0.000000000000000000, 0.000000000000000000 ) ) ;
#54 = PERSON_AND_ORGANIZATION ( #18, #1443 ) ;
#55 = VERTEX_POINT ( 'NONE', #618 ) ;
#56 = FACE_OUTER_BOUND ( 'NONE', #2254, .T. ) ;
#57 = CC_DESIGN_PERSON_AND_ORGANIZATION_ASSIGNMENT ( #2399, #531, ( #892 ) ) ;
#58 = EDGE_LOOP ( 'NONE', ( #773, #1919, #809, #2283, #1302, #203, #582, #879, #960, #722, #1114, #1624, #35, #36, #1992, #273, #781, #1512, #1340, #2377, #2362, #946, #2218, #1587, #1746, #2224, #121, #1288, #313, #1165, #454, #1371, #2175, #361, #632, #2323, #1883, #490, #947, #645 ) ) ;
#59 = ORIENTED_EDGE ( 'NONE', *, *, #1874, .F. ) ;
#60 = DIRECTION ( 'NONE',  ( 0.000000000000000000, 1.000000000000000000, 0.000000000000000000 ) ) ;
#61 = CARTESIAN_POINT ( 'NONE',  ( -22.79105590657982106, 0.000000000000000000, 13.19549783445958013 ) ) ;
#62 = EDGE_CURVE ( 'NONE', #1849, #1223, #1417, .T. ) ;
#63 = ORIENTED_EDGE ( 'NONE', *, *, #1965, .F. ) ;
#64 = CARTESIAN_POINT ( 'NONE',  ( 8.708944093420161181, 1.084202172485504434E-15, 13.78128427208648255 ) ) ;
#65 = ORIENTED_EDGE ( 'NONE', *, *, #139, .F. ) ;
#66 = EDGE_CURVE ( 'NONE', #1445, #535, #1583, .T. ) ;
#67 = VERTEX_POINT ( 'NONE', #1219 ) ;
#68 = VECTOR ( 'NONE', #436, 1000.000000000000000 ) ;
#69 = CARTESIAN_POINT ( 'NONE',  ( 2.208944093420178945, 26.00000000000000000, 13.19549783445958013 ) ) ;
#70 = CARTESIAN_POINT ( 'NONE',  ( -2.291055906579823720, 26.00000000000000000, 13.19549783445958013 ) ) ;
#71 = VECTOR ( 'NONE', #49, 1000.000000000000000 ) ;
#72 = VERTEX_POINT ( 'NONE', #823 ) ;
#73 = CARTESIAN_POINT ( 'NONE',  ( 0.000000000000000000, 0.000000000000000000, 13.19549783445958013 ) ) ;
#74 = LINE ( 'NONE', #1543, #2211 ) ;
#75 = CARTESIAN_POINT ( 'NONE',  ( -44.79105590657983527, 26.00000000000000355, 13.78128427208648255 ) ) ;
#76 = CARTESIAN_POINT ( 'NONE',  ( 4.708944093420180721, 0.000000000000000000, 12.69549783445958013 ) ) ;
#77 = FACE_OUTER_BOUND ( 'NONE', #1944, .T. ) ;
#78 = VECTOR ( 'NONE', #903, 1000.000000000000000 ) ;
#79 = EDGE_CURVE ( 'NONE', #548, #1609, #2327, .T. ) ;
#80 = ORIENTED_EDGE ( 'NONE', *, *, #79, .F. ) ;
#81 = CARTESIAN_POINT ( 'NONE',  ( 0.000000000000000000, 0.000000000000000000, 13.19549783445958013 ) ) ;
#82 = DIRECTION ( 'NONE',  ( 0.000000000000000000, 1.000000000000000000, 0.000000000000000000 ) ) ;
#83 = ORIENTED_EDGE ( 'NONE', *, *, #737, .T. ) ;
#84 = ORIENTED_EDGE ( 'NONE', *, *, #608, .T. ) ;
#85 = FACE_OUTER_BOUND ( 'NONE', #595, .T. ) ;
#86 = LINE ( 'NONE', #817, #1687 ) ;
#87 = FACE_OUTER_BOUND ( 'NONE', #2303, .T. ) ;
#88 = DIRECTION ( 'NONE',  ( 0.000000000000000000, 0.000000000000000000, -1.000000000000000000 ) ) ;
#89 = ORIENTED_EDGE ( 'NONE', *, *, #1013, .F. ) ;
#90 = CARTESIAN_POINT ( 'NONE',  ( 8.708944093420162957, 0.000000000000000000, 13.19549783445958191 ) ) ;
#91 = ORIENTED_EDGE ( 'NONE', *, *, #815, .T. ) ;
#92 = CARTESIAN_POINT ( 'NONE',  ( -40.79105590657982816, 1.084202172485504434E-15, 13.78128427208648255 ) ) ;
#93 = EDGE_CURVE ( 'NONE', #1777, #446, #482, .T. ) ;
#94 = CARTESIAN_POINT ( 'NONE',  ( 0.2089440934201769462, 26.00000000000000000, 14.19549783445957836 ) ) ;
#95 = DIRECTION ( 'NONE',  ( 1.000000000000000000, -0.000000000000000000, 0.000000000000000000 ) ) ;
#96 = EDGE_CURVE ( 'NONE', #1879, #2295, #449, .T. ) ;
#97 = ORIENTED_EDGE ( 'NONE', *, *, #1180, .T. ) ;
#98 = DIRECTION ( 'NONE',  ( 1.000000000000000000, -0.000000000000000000, 0.000000000000000000 ) ) ;
#99 = VECTOR ( 'NONE', #652, 1000.000000000000000 ) ;
#100 = CARTESIAN_POINT ( 'NONE',  ( -17.29105590657982106, 0.000000000000000000, 12.69549783445958013 ) ) ;
#101 = ORIENTED_EDGE ( 'NONE', *, *, #2174, .F. ) ;
#102 = CARTESIAN_POINT ( 'NONE',  ( -27.87684234420673235, 0.4142135623730958671, 14.19549783445957836 ) ) ;
#103 = LINE ( 'NONE', #94, #1911 ) ;
#104 = FACE_OUTER_BOUND ( 'NONE', #2278, .T. ) ;
#105 = ORIENTED_EDGE ( 'NONE', *, *, #1484, .T. ) ;
#106 = ORIENTED_EDGE ( 'NONE', *, *, #612, .T. ) ;
#107 = CARTESIAN_POINT ( 'NONE',  ( -6.291055906579821944, 0.000000000000000000, 13.19549783445958013 ) ) ;
#108 = DIRECTION ( 'NONE',  ( -3.336006684570782732E-17, 1.000000000000000000, 0.000000000000000000 ) ) ;
#109 = CARTESIAN_POINT ( 'NONE',  ( -17.29105590657982106, 0.000000000000000000, 12.69549783445958013 ) ) ;
#110 = CARTESIAN_POINT ( 'NONE',  ( -35.29105590657982816, 0.000000000000000000, 12.69549783445958013 ) ) ;
#111 = CARTESIAN_POINT ( 'NONE',  ( -17.29105590657982106, 0.000000000000000000, 13.19549783445958013 ) ) ;
#112 = CARTESIAN_POINT ( 'NONE',  ( -44.79105590657983527, 0.000000000000000000, -3.804502165540419423 ) ) ;
#113 = EDGE_CURVE ( 'NONE', #743, #1303, #114, .T. ) ;
#114 = LINE ( 'NONE', #2315, #301 ) ;
#115 = CARTESIAN_POINT ( 'NONE',  ( -44.79105590657983527, 1.000000000000000888, 13.19549783445958013 ) ) ;
#116 = CARTESIAN_POINT ( 'NONE',  ( -11.79105590657982106, 0.000000000000000000, 12.69549783445958013 ) ) ;
#117 = ORIENTED_EDGE ( 'NONE', *, *, #413, .F. ) ;
#118 = LINE ( 'NONE', #1946, #961 ) ;
#119 = DIRECTION ( 'NONE',  ( 0.000000000000000000, 1.000000000000000000, 0.000000000000000000 ) ) ;
#120 = LINE ( 'NONE', #885, #486 ) ;
#121 = ORIENTED_EDGE ( 'NONE', *, *, #1479, .F. ) ;
#122 = LINE ( 'NONE', #1592, #864 ) ;
#123 =( BOUNDED_CURVE ( )  B_SPLINE_CURVE ( 3, ( #1731, #92, #2136, #306 ),
 .UNSPECIFIED., .F., .T. ) 
 B_SPLINE_CURVE_WITH_KNOTS ( ( 4, 4 ),
 ( 0.000000000000000000, 1.570796326794896780 ),
 .UNSPECIFIED. ) 
 CURVE ( )  GEOMETRIC_REPRESENTATION_ITEM ( )  RATIONAL_B_SPLINE_CURVE ( ( 1.000000000000000000, 0.8047378541243649375, 0.8047378541243649375, 1.000000000000000000 ) ) 
 REPRESENTATION_ITEM ( '' )  );
#124 = LINE ( 'NONE', #2178, #1903 ) ;
#125 = ORIENTED_EDGE ( 'NONE', *, *, #2356, .F. ) ;
#126 = VERTEX_POINT ( 'NONE', #1189 ) ;
#127 = CARTESIAN_POINT ( 'NONE',  ( -11.79105590657982106, 0.000000000000000000, 13.19549783445958013 ) ) ;
#128 = ORIENTED_EDGE ( 'NONE', *, *, #1811, .F. ) ;
#129 = EDGE_CURVE ( 'NONE', #337, #750, #1974, .T. ) ;
#130 = DIRECTION ( 'NONE',  ( -0.000000000000000000, -0.000000000000000000, 1.000000000000000000 ) ) ;
#131 = CARTESIAN_POINT ( 'NONE',  ( -11.37684234420672524, 25.58578643762690419, 14.19549783445957836 ) ) ;
#132 = AXIS2_PLACEMENT_3D ( 'NONE', #45, #1527, #968 ) ;
#133 = VECTOR ( 'NONE', #1327, 1000.000000000000000 ) ;
#134 = DIRECTION ( 'NONE',  ( 1.000000000000000000, 0.000000000000000000, 0.000000000000000000 ) ) ;
#135 = EDGE_CURVE ( 'NONE', #72, #1879, #1930, .T. ) ;
#136 = ORIENTED_EDGE ( 'NONE', *, *, #480, .T. ) ;
#137 = FACE_OUTER_BOUND ( 'NONE', #1334, .T. ) ;
#138 = FACE_OUTER_BOUND ( 'NONE', #17, .T. ) ;
#139 = EDGE_CURVE ( 'NONE', #2372, #164, #123, .T. ) ;
#140 = ORIENTED_EDGE ( 'NONE', *, *, #1173, .F. ) ;
#141 = ORIENTED_EDGE ( 'NONE', *, *, #1672, .T. ) ;
#142 = CARTESIAN_POINT ( 'NONE',  ( -24.29105590657982461, 26.00000000000000000, 13.19549783445958013 ) ) ;
#143 = EDGE_CURVE ( 'NONE', #212, #591, #1549, .T. ) ;
#144 = AXIS2_PLACEMENT_3D ( 'NONE', #2219, #2233, #906 ) ;
#145 = ORIENTED_EDGE ( 'NONE', *, *, #1996, .F. ) ;
#146 = CARTESIAN_POINT ( 'NONE',  ( -22.79105590657982106, 26.00000000000000000, 13.19549783445958013 ) ) ;
#147 = CARTESIAN_POINT ( 'NONE',  ( 4.708944093420180721, 26.00000000000000000, 13.19549783445958013 ) ) ;
#148 = VECTOR ( 'NONE', #1984, 1000.000000000000000 ) ;
#149 = VECTOR ( 'NONE', #290, 1000.000000000000000 ) ;
#150 = DIRECTION ( 'NONE',  ( 1.000000000000000000, 0.000000000000000000, 0.000000000000000000 ) ) ;
#151 = EDGE_CURVE ( 'NONE', #494, #2088, #462, .T. ) ;
#152 = ORIENTED_EDGE ( 'NONE', *, *, #2259, .F. ) ;
#153 = CARTESIAN_POINT ( 'NONE',  ( -44.79105590657983527, 1.000000000000000888, 14.19549783445957836 ) ) ;
#154 = DIRECTION ( 'NONE',  ( -0.000000000000000000, -1.000000000000000000, -0.000000000000000000 ) ) ;
#155 = ORIENTED_EDGE ( 'NONE', *, *, #2053, .T. ) ;
#156 = AXIS2_PLACEMENT_3D ( 'NONE', #2126, #286, #2340 ) ;
#157 = LINE ( 'NONE', #1266, #768 ) ;
#158 = ORIENTED_EDGE ( 'NONE', *, *, #344, .F. ) ;
#159 = PLANE ( 'NONE',  #771 ) ;
#160 = CYLINDRICAL_SURFACE ( 'NONE', #1426, 0.9999999999999991118 ) ;
#161 = ORIENTED_EDGE ( 'NONE', *, *, #940, .F. ) ;
#162 = PLANE ( 'NONE',  #988 ) ;
#163 = ADVANCED_FACE ( 'NONE', ( #2148 ), #284, .F. ) ;
#164 = VERTEX_POINT ( 'NONE', #1953 ) ;
#165 = VERTEX_POINT ( 'NONE', #1208 ) ;
#166 = LINE ( 'NONE', #1476, #78 ) ;
#167 = VERTEX_POINT ( 'NONE', #1559 ) ;
#168 = LINE ( 'NONE', #363, #1544 ) ;
#169 = DIRECTION ( 'NONE',  ( 1.000000000000000000, -0.000000000000000000, 0.000000000000000000 ) ) ;
#170 = DIRECTION ( 'NONE',  ( 0.000000000000000000, 0.000000000000000000, -1.000000000000000000 ) ) ;
#171 = ORIENTED_EDGE ( 'NONE', *, *, #840, .F. ) ;
#172 = LINE ( 'NONE', #2401, #602 ) ;
#173 = CARTESIAN_POINT ( 'NONE',  ( -28.29105590657982461, 0.000000000000000000, 12.69549783445958013 ) ) ;
#174 = EDGE_CURVE ( 'NONE', #1448, #1725, #616, .T. ) ;
#175 = ORIENTED_EDGE ( 'NONE', *, *, #2202, .F. ) ;
#176 = EDGE_LOOP ( 'NONE', ( #83, #426, #360, #1061 ) ) ;
#177 = ORIENTED_EDGE ( 'NONE', *, *, #443, .T. ) ;
#178 = LINE ( 'NONE', #340, #527 ) ;
#179 = CARTESIAN_POINT ( 'NONE',  ( -44.79105590657983527, 1.000000000000000888, 13.19549783445958013 ) ) ;
#180 = ADVANCED_FACE ( 'NONE', ( #1012 ), #472, .T. ) ;
#181 = VECTOR ( 'NONE', #25, 1000.000000000000000 ) ;
#182 = DIRECTION ( 'NONE',  ( 0.000000000000000000, -1.000000000000000000, 0.000000000000000000 ) ) ;
#183 = DATE_TIME_ROLE ( 'creation_date' ) ;
#184 = VECTOR ( 'NONE', #1268, 1000.000000000000000 ) ;
#185 = ORIENTED_EDGE ( 'NONE', *, *, #637, .T. ) ;
#186 = CARTESIAN_POINT ( 'NONE',  ( -39.29105590657982816, 26.00000000000000000, 13.19549783445958013 ) ) ;
#187 = ADVANCED_FACE ( 'NONE', ( #1090 ), #1232, .T. ) ;
#188 = CARTESIAN_POINT ( 'NONE',  ( -13.29105590657982106, 0.000000000000000000, 13.19549783445958013 ) ) ;
#189 = DESIGN_CONTEXT ( 'detailed design', #2391, 'design' ) ;
#190 = VERTEX_POINT ( 'NONE', #888 ) ;
#191 = ADVANCED_FACE ( 'NONE', ( #137 ), #162, .F. ) ;
#192 = FACE_OUTER_BOUND ( 'NONE', #1586, .T. ) ;
#193 =( BOUNDED_CURVE ( )  B_SPLINE_CURVE ( 3, ( #2098, #428, #1168, #248 ),
 .UNSPECIFIED., .F., .T. ) 
 B_SPLINE_CURVE_WITH_KNOTS ( ( 4, 4 ),
 ( 0.000000000000000000, 1.570796326794896558 ),
 .UNSPECIFIED. ) 
 CURVE ( )  GEOMETRIC_REPRESENTATION_ITEM ( )  RATIONAL_B_SPLINE_CURVE ( ( 1.000000000000000000, 0.8047378541243649375, 0.8047378541243649375, 1.000000000000000000 ) ) 
 REPRESENTATION_ITEM ( '' )  );
#194 = VERTEX_POINT ( 'NONE', #520 ) ;
#195 = VECTOR ( 'NONE', #949, 1000.000000000000000 ) ;
#196 = CARTESIAN_POINT ( 'NONE',  ( -29.79105590657982461, 0.000000000000000000, 13.19549783445958013 ) ) ;
#197 = AXIS2_PLACEMENT_3D ( 'NONE', #1928, #1143, #15 ) ;
#198 = EDGE_CURVE ( 'NONE', #429, #350, #495, .T. ) ;
#199 = ADVANCED_FACE ( 'NONE', ( #1474 ), #369, .F. ) ;
#200 = CARTESIAN_POINT ( 'NONE',  ( 7.708944093420163846, 24.99999999999999645, 14.19549783445957836 ) ) ;
#201 = CARTESIAN_POINT ( 'NONE',  ( -33.79105590657982816, 26.00000000000000000, 12.69549783445958013 ) ) ;
#202 = ORIENTED_EDGE ( 'NONE', *, *, #281, .F. ) ;
#203 = ORIENTED_EDGE ( 'NONE', *, *, #741, .T. ) ;
#204 = CARTESIAN_POINT ( 'NONE',  ( -18.79105590657982106, 26.00000000000000000, 12.69549783445958013 ) ) ;
#205 = PRODUCT_RELATED_PRODUCT_CATEGORY ( 'detail', '', ( #1623 ) ) ;
#206 = ORIENTED_EDGE ( 'NONE', *, *, #659, .F. ) ;
#207 =( BOUNDED_CURVE ( )  B_SPLINE_CURVE ( 3, ( #314, #1237, #2366, #1205 ),
 .UNSPECIFIED., .F., .T. ) 
 B_SPLINE_CURVE_WITH_KNOTS ( ( 4, 4 ),
 ( 1.570796326794896558, 3.141592653589793116 ),
 .UNSPECIFIED. ) 
 CURVE ( )  GEOMETRIC_REPRESENTATION_ITEM ( )  RATIONAL_B_SPLINE_CURVE ( ( 1.000000000000000000, 0.8047378541243649375, 0.8047378541243649375, 1.000000000000000000 ) ) 
 REPRESENTATION_ITEM ( '' )  );
#208 = CARTESIAN_POINT ( 'NONE',  ( -5.876842344206727020, 25.58578643762690419, 14.19549783445957836 ) ) ;
#209 = ADVANCED_FACE ( 'NONE', ( #2176 ), #544, .F. ) ;
#210 = LINE ( 'NONE', #964, #880 ) ;
#211 = LINE ( 'NONE', #30, #330 ) ;
#212 = VERTEX_POINT ( 'NONE', #859 ) ;
#213 = ORIENTED_EDGE ( 'NONE', *, *, #2122, .T. ) ;
#214 = VECTOR ( 'NONE', #1620, 1000.000000000000000 ) ;
#215 = DIRECTION ( 'NONE',  ( 0.000000000000000000, 0.000000000000000000, -1.000000000000000000 ) ) ;
#216 = DIRECTION ( 'NONE',  ( 1.000000000000000000, -0.000000000000000000, 0.000000000000000000 ) ) ;
#217 = ORIENTED_EDGE ( 'NONE', *, *, #1805, .T. ) ;
#218 = EDGE_CURVE ( 'NONE', #72, #339, #955, .T. ) ;
#219 = CARTESIAN_POINT ( 'NONE',  ( -6.291055906579821944, 0.000000000000000000, 12.69549783445958013 ) ) ;
#220 = CARTESIAN_POINT ( 'NONE',  ( -33.37684234420672880, 25.58578643762690419, 14.19549783445957836 ) ) ;
#221 = ADVANCED_FACE ( 'NONE', ( #1289 ), #1065, .T. ) ;
#222 = DIRECTION ( 'NONE',  ( -0.000000000000000000, -0.000000000000000000, 1.000000000000000000 ) ) ;
#223 = VECTOR ( 'NONE', #366, 1000.000000000000000 ) ;
#224 = AXIS2_PLACEMENT_3D ( 'NONE', #783, #1387, #253 ) ;
#225 = ORIENTED_EDGE ( 'NONE', *, *, #568, .F. ) ;
#226 = ORIENTED_EDGE ( 'NONE', *, *, #1662, .T. ) ;
#227 = CARTESIAN_POINT ( 'NONE',  ( -17.29105590657982106, 0.000000000000000000, 12.69549783445958013 ) ) ;
#228 = FACE_OUTER_BOUND ( 'NONE', #1818, .T. ) ;
#229 = ORIENTED_EDGE ( 'NONE', *, *, #1437, .F. ) ;
#230 = LINE ( 'NONE', #2286, #1770 ) ;
#231 = AXIS2_PLACEMENT_3D ( 'NONE', #606, #621, #1907 ) ;
#232 = AXIS2_PLACEMENT_3D ( 'NONE', #69, #620, #1133 ) ;
#233 = CARTESIAN_POINT ( 'NONE',  ( -40.79105590657982816, 26.00000000000000000, 12.69549783445958013 ) ) ;
#234 = EDGE_CURVE ( 'NONE', #1501, #1243, #172, .T. ) ;
#235 = ORIENTED_EDGE ( 'NONE', *, *, #2240, .T. ) ;
#236 = DIRECTION ( 'NONE',  ( 0.000000000000000000, 0.000000000000000000, -1.000000000000000000 ) ) ;
#237 = DIRECTION ( 'NONE',  ( -1.000000000000000000, 0.000000000000000000, 0.000000000000000000 ) ) ;
#238 = CARTESIAN_POINT ( 'NONE',  ( -3.291055906579823720, 24.99999999999999645, 14.19549783445957836 ) ) ;
#239 = VECTOR ( 'NONE', #2177, 1000.000000000000000 ) ;
#240 = ORIENTED_EDGE ( 'NONE', *, *, #1110, .F. ) ;
#241 = CARTESIAN_POINT ( 'NONE',  ( -43.79105590657983527, 26.00000000000000000, 14.19549783445957836 ) ) ;
#242 = EDGE_CURVE ( 'NONE', #1192, #714, #875, .T. ) ;
#243 = DIRECTION ( 'NONE',  ( 0.000000000000000000, 0.000000000000000000, 1.000000000000000000 ) ) ;
#244 = LINE ( 'NONE', #1002, #1893 ) ;
#245 = MECHANICAL_CONTEXT ( 'NONE', #423, 'mechanical' ) ;
#246 = ORIENTED_EDGE ( 'NONE', *, *, #1560, .T. ) ;
#247 = DIRECTION ( 'NONE',  ( 6.672013369141565463E-17, 1.000000000000000000, 0.000000000000000000 ) ) ;
#248 = CARTESIAN_POINT ( 'NONE',  ( -16.29105590657982106, 24.99999999999999645, 14.19549783445957836 ) ) ;
#249 = ORIENTED_EDGE ( 'NONE', *, *, #2090, .F. ) ;
#250 = AXIS2_PLACEMENT_3D ( 'NONE', #1995, #855, #684 ) ;
#251 = EDGE_LOOP ( 'NONE', ( #2246, #177, #925, #202 ) ) ;
#252 = DIRECTION ( 'NONE',  ( 0.000000000000000000, 0.000000000000000000, 1.000000000000000000 ) ) ;
#253 = DIRECTION ( 'NONE',  ( -1.000000000000000000, 0.000000000000000000, -0.000000000000000000 ) ) ;
#254 = DIRECTION ( 'NONE',  ( -0.000000000000000000, -0.000000000000000000, 1.000000000000000000 ) ) ;
#255 = EDGE_CURVE ( 'NONE', #1682, #190, #2190, .T. ) ;
#256 = CARTESIAN_POINT ( 'NONE',  ( -22.79105590657982106, 26.00000000000000000, 12.69549783445958013 ) ) ;
#257 = CARTESIAN_POINT ( 'NONE',  ( 0.2089440934201777789, 1.000000000000000888, 14.19549783445957836 ) ) ;
#258 = ORIENTED_EDGE ( 'NONE', *, *, #443, .F. ) ;
#259 = DIRECTION ( 'NONE',  ( 6.672013369141566696E-17, -1.000000000000000000, 0.000000000000000000 ) ) ;
#260 = CARTESIAN_POINT ( 'NONE',  ( -35.29105590657982816, 26.00000000000000000, 12.69549783445958013 ) ) ;
#261 = CARTESIAN_POINT ( 'NONE',  ( -7.791055906579821944, 26.00000000000000000, 12.69549783445958013 ) ) ;
#262 = ORIENTED_EDGE ( 'NONE', *, *, #96, .T. ) ;
#263 = ADVANCED_FACE ( 'NONE', ( #1644 ), #1815, .T. ) ;
#264 = DIRECTION ( 'NONE',  ( -1.000000000000000000, -0.000000000000000000, -0.000000000000000000 ) ) ;
#265 = CARTESIAN_POINT ( 'NONE',  ( -8.205269468952918643, 0.4142135623730958671, 14.19549783445957836 ) ) ;
#266 = CARTESIAN_POINT ( 'NONE',  ( -22.79105590657982106, 0.000000000000000000, 12.69549783445958013 ) ) ;
#267 = EDGE_CURVE ( 'NONE', #1159, #67, #2413, .T. ) ;
#268 = VERTEX_POINT ( 'NONE', #1828 ) ;
#269 = CARTESIAN_POINT ( 'NONE',  ( -0.7910559065798224987, 1.012464023903132450E-15, 13.78128427208648255 ) ) ;
#270 = ADVANCED_FACE ( 'NONE', ( #901 ), #1633, .F. ) ;
#271 = AXIS2_PLACEMENT_3D ( 'NONE', #1538, #237, #789 ) ;
#272 = CC_DESIGN_APPROVAL ( #477, ( #1518 ) ) ;
#273 = ORIENTED_EDGE ( 'NONE', *, *, #2298, .F. ) ;
#274 = DIRECTION ( 'NONE',  ( 1.000000000000000000, -0.000000000000000000, 0.000000000000000000 ) ) ;
#275 = CARTESIAN_POINT ( 'NONE',  ( 0.000000000000000000, 24.99999999999999645, 13.19549783445958013 ) ) ;
#276 = CARTESIAN_POINT ( 'NONE',  ( -38.29105590657982816, 0.000000000000000000, 13.19549783445958013 ) ) ;
#277 = ORIENTED_EDGE ( 'NONE', *, *, #1627, .F. ) ;
#278 = CARTESIAN_POINT ( 'NONE',  ( -11.79105590657981928, 26.00000000000000000, 13.19549783445958013 ) ) ;
#279 = DIRECTION ( 'NONE',  ( 1.000000000000000000, -0.000000000000000000, 0.000000000000000000 ) ) ;
#280 = DIRECTION ( 'NONE',  ( -0.000000000000000000, -0.000000000000000000, 1.000000000000000000 ) ) ;
#281 = EDGE_CURVE ( 'NONE', #1396, #714, #727, .T. ) ;
#282 =( BOUNDED_CURVE ( )  B_SPLINE_CURVE ( 3, ( #127, #2355, #1751, #1575 ),
 .UNSPECIFIED., .F., .T. ) 
 B_SPLINE_CURVE_WITH_KNOTS ( ( 4, 4 ),
 ( 3.141592653589793116, 4.712388980384688786 ),
 .UNSPECIFIED. ) 
 CURVE ( )  GEOMETRIC_REPRESENTATION_ITEM ( )  RATIONAL_B_SPLINE_CURVE ( ( 1.000000000000000000, 0.8047378541243652705, 0.8047378541243652705, 1.000000000000000000 ) ) 
 REPRESENTATION_ITEM ( '' )  );
#283 = EDGE_LOOP ( 'NONE', ( #861, #1650, #937, #1973 ) ) ;
#284 = PLANE ( 'NONE',  #2411 ) ;
#285 = LINE ( 'NONE', #1747, #1085 ) ;
#286 = DIRECTION ( 'NONE',  ( -1.000000000000000000, -3.336006684570782732E-17, 0.000000000000000000 ) ) ;
#287 = VERTEX_POINT ( 'NONE', #1686 ) ;
#288 = DIRECTION ( 'NONE',  ( 0.000000000000000000, -1.000000000000000000, 0.000000000000000000 ) ) ;
#289 = EDGE_CURVE ( 'NONE', #2352, #1856, #51, .T. ) ;
#290 = DIRECTION ( 'NONE',  ( 1.000000000000000000, -0.000000000000000000, 0.000000000000000000 ) ) ;
#291 = FACE_OUTER_BOUND ( 'NONE', #1827, .T. ) ;
#292 = LINE ( 'NONE', #2337, #2250 ) ;
#293 = VERTEX_POINT ( 'NONE', #2287 ) ;
#294 = DIRECTION ( 'NONE',  ( -1.000000000000000000, 0.000000000000000000, -0.000000000000000000 ) ) ;
#295 =( BOUNDED_CURVE ( )  B_SPLINE_CURVE ( 3, ( #1021, #1722, #842, #600 ),
 .UNSPECIFIED., .F., .T. ) 
 B_SPLINE_CURVE_WITH_KNOTS ( ( 4, 4 ),
 ( 1.570796326794896558, 3.141592653589793116 ),
 .UNSPECIFIED. ) 
 CURVE ( )  GEOMETRIC_REPRESENTATION_ITEM ( )  RATIONAL_B_SPLINE_CURVE ( ( 1.000000000000000000, 0.8047378541243649375, 0.8047378541243649375, 1.000000000000000000 ) ) 
 REPRESENTATION_ITEM ( '' )  );
#296 = DIRECTION ( 'NONE',  ( -1.000000000000000000, 0.000000000000000000, 0.000000000000000000 ) ) ;
#297 = CARTESIAN_POINT ( 'NONE',  ( -40.79105590657982816, 26.00000000000000000, 12.69549783445958013 ) ) ;
#298 = AXIS2_PLACEMENT_3D ( 'NONE', #2301, #1708, #2157 ) ;
#299 = CARTESIAN_POINT ( 'NONE',  ( -0.3768423442067279083, 25.58578643762690419, 14.19549783445957836 ) ) ;
#300 = VECTOR ( 'NONE', #744, 1000.000000000000000 ) ;
#301 = VECTOR ( 'NONE', #640, 1000.000000000000000 ) ;
#302 = DIRECTION ( 'NONE',  ( 3.336006684570782732E-17, -1.000000000000000000, 0.000000000000000000 ) ) ;
#303 = CARTESIAN_POINT ( 'NONE',  ( -14.29105590657982283, 1.000000000000000888, 14.19549783445957836 ) ) ;
#304 = LINE ( 'NONE', #493, #2367 ) ;
#305 = EDGE_LOOP ( 'NONE', ( #1039, #1773, #1591, #2003 ) ) ;
#306 = CARTESIAN_POINT ( 'NONE',  ( -41.79105590657983527, 1.000000000000000888, 14.19549783445957836 ) ) ;
#307 = VECTOR ( 'NONE', #1967, 1000.000000000000000 ) ;
#308 = DIRECTION ( 'NONE',  ( -1.000000000000000000, -0.000000000000000000, -0.000000000000000000 ) ) ;
#309 = CARTESIAN_POINT ( 'NONE',  ( -44.79105590657983527, 1.000000000000000888, 14.19549783445957836 ) ) ;
#310 = EDGE_CURVE ( 'NONE', #950, #1236, #1314, .T. ) ;
#311 = LOCAL_TIME ( 18, 35, 17.00000000000000000, #1654 ) ;
#312 = VECTOR ( 'NONE', #2316, 1000.000000000000000 ) ;
#313 = ORIENTED_EDGE ( 'NONE', *, *, #1013, .T. ) ;
#314 = CARTESIAN_POINT ( 'NONE',  ( -30.79105590657982461, 24.99999999999999645, 14.19549783445957836 ) ) ;
#315 = EDGE_LOOP ( 'NONE', ( #2403, #1904, #1099, #1602 ) ) ;
#316 = EDGE_CURVE ( 'NONE', #1159, #1629, #1947, .T. ) ;
#317 = DIRECTION ( 'NONE',  ( 0.000000000000000000, 0.000000000000000000, -1.000000000000000000 ) ) ;
#318 = VECTOR ( 'NONE', #1101, 1000.000000000000000 ) ;
#319 = CARTESIAN_POINT ( 'NONE',  ( -28.29105590657982461, 26.00000000000000000, 12.69549783445958013 ) ) ;
#320 = EDGE_CURVE ( 'NONE', #1525, #1849, #27, .T. ) ;
#321 = PERSON_AND_ORGANIZATION ( #18, #1443 ) ;
#322 = VERTEX_POINT ( 'NONE', #1888 ) ;
#323 = CARTESIAN_POINT ( 'NONE',  ( -18.79105590657982106, 0.000000000000000000, 13.19549783445958013 ) ) ;
#324 = LINE ( 'NONE', #2150, #537 ) ;
#325 = EDGE_LOOP ( 'NONE', ( #346, #562, #2194, #1329 ) ) ;
#326 = ADVANCED_FACE ( 'NONE', ( #1163 ), #1111, .T. ) ;
#327 = ORIENTED_EDGE ( 'NONE', *, *, #1716, .T. ) ;
#328 = FACE_OUTER_BOUND ( 'NONE', #656, .T. ) ;
#329 = DIRECTION ( 'NONE',  ( 1.000000000000000000, 0.000000000000000000, 0.000000000000000000 ) ) ;
#330 = VECTOR ( 'NONE', #1865, 1000.000000000000000 ) ;
#331 = ORIENTED_EDGE ( 'NONE', *, *, #1606, .T. ) ;
#332 = CARTESIAN_POINT ( 'NONE',  ( 0.000000000000000000, 24.99999999999999645, 13.19549783445958013 ) ) ;
#333 = CARTESIAN_POINT ( 'NONE',  ( 4.708944093420180721, 24.99999999999999645, 14.19549783445957836 ) ) ;
#334 = ORIENTED_EDGE ( 'NONE', *, *, #491, .F. ) ;
#335 = VERTEX_POINT ( 'NONE', #1509 ) ;
#336 = CARTESIAN_POINT ( 'NONE',  ( -5.291055906579821944, 24.99999999999999645, 14.19549783445957836 ) ) ;
#337 = VERTEX_POINT ( 'NONE', #186 ) ;
#338 = ADVANCED_FACE ( 'NONE', ( #2265 ), #774, .T. ) ;
#339 = VERTEX_POINT ( 'NONE', #2425 ) ;
#340 = CARTESIAN_POINT ( 'NONE',  ( -13.29105590657982106, 26.00000000000000000, 13.19549783445958013 ) ) ;
#341 = DIRECTION ( 'NONE',  ( -0.000000000000000000, 0.000000000000000000, 1.000000000000000000 ) ) ;
#342 = AXIS2_PLACEMENT_3D ( 'NONE', #1800, #2014, #675 ) ;
#343 = DIRECTION ( 'NONE',  ( 1.000000000000000000, -0.000000000000000000, 0.000000000000000000 ) ) ;
#344 = EDGE_CURVE ( 'NONE', #1856, #1777, #1481, .T. ) ;
#345 = APPROVAL_DATE_TIME ( #1464, #477 ) ;
#346 = ORIENTED_EDGE ( 'NONE', *, *, #821, .T. ) ;
#347 = CARTESIAN_POINT ( 'NONE',  ( -44.79105590657983527, 26.00000000000000000, 13.19549783445958191 ) ) ;
#348 = LINE ( 'NONE', #1817, #1694 ) ;
#349 = CARTESIAN_POINT ( 'NONE',  ( -24.29105590657982461, 0.000000000000000000, 12.69549783445958013 ) ) ;
#350 = VERTEX_POINT ( 'NONE', #932 ) ;
#351 = ORIENTED_EDGE ( 'NONE', *, *, #1271, .T. ) ;
#352 = VECTOR ( 'NONE', #1058, 1000.000000000000000 ) ;
#353 = VERTEX_POINT ( 'NONE', #2070 ) ;
#354 = PLANE ( 'NONE',  #2010 ) ;
#355 = ADVANCED_FACE ( 'NONE', ( #403 ), #1663, .T. ) ;
#356 = AXIS2_PLACEMENT_3D ( 'NONE', #653, #296, #1407 ) ;
#357 = ORIENTED_EDGE ( 'NONE', *, *, #2207, .T. ) ;
#358 = DIRECTION ( 'NONE',  ( 0.000000000000000000, 1.000000000000000000, 0.000000000000000000 ) ) ;
#359 = CARTESIAN_POINT ( 'NONE',  ( 5.708944093420180721, 24.99999999999999645, 14.19549783445957836 ) ) ;
#360 = ORIENTED_EDGE ( 'NONE', *, *, #1300, .F. ) ;
#361 = ORIENTED_EDGE ( 'NONE', *, *, #1811, .T. ) ;
#362 = ORIENTED_EDGE ( 'NONE', *, *, #1285, .F. ) ;
#363 = CARTESIAN_POINT ( 'NONE',  ( -35.29105590657982816, 26.00000000000000000, 13.19549783445958013 ) ) ;
#364 = CYLINDRICAL_SURFACE ( 'NONE', #2382, 0.9999999999999991118 ) ;
#365 = EDGE_CURVE ( 'NONE', #668, #1131, #1863, .T. ) ;
#366 = DIRECTION ( 'NONE',  ( -1.000000000000000000, 0.000000000000000000, -0.000000000000000000 ) ) ;
#367 = ORIENTED_EDGE ( 'NONE', *, *, #401, .T. ) ;
#368 = EDGE_CURVE ( 'NONE', #604, #1231, #1299, .T. ) ;
#369 = PLANE ( 'NONE',  #1069 ) ;
#370 = ORIENTED_EDGE ( 'NONE', *, *, #2280, .F. ) ;
#371 = DIRECTION ( 'NONE',  ( -1.000000000000000000, 0.000000000000000000, -0.000000000000000000 ) ) ;
#372 = EDGE_CURVE ( 'NONE', #353, #2029, #590, .T. ) ;
#373 = EDGE_LOOP ( 'NONE', ( #2342, #171, #80, #1254 ) ) ;
#374 =( BOUNDED_CURVE ( )  B_SPLINE_CURVE ( 3, ( #1277, #2026, #1290, #359 ),
 .UNSPECIFIED., .F., .T. ) 
 B_SPLINE_CURVE_WITH_KNOTS ( ( 4, 4 ),
 ( 0.000000000000000000, 1.570796326794896558 ),
 .UNSPECIFIED. ) 
 CURVE ( )  GEOMETRIC_REPRESENTATION_ITEM ( )  RATIONAL_B_SPLINE_CURVE ( ( 1.000000000000000000, 0.8047378541243649375, 0.8047378541243649375, 1.000000000000000000 ) ) 
 REPRESENTATION_ITEM ( '' )  );
#375 = AXIS2_PLACEMENT_3D ( 'NONE', #1312, #182, #2068 ) ;
#376 = CARTESIAN_POINT ( 'NONE',  ( -2.291055906579823720, 26.00000000000000000, 12.69549783445958013 ) ) ;
#377 = VECTOR ( 'NONE', #1898, 1000.000000000000000 ) ;
#378 = EDGE_LOOP ( 'NONE', ( #651, #357, #1632, #175 ) ) ;
#379 = CARTESIAN_POINT ( 'NONE',  ( -38.29105590657982816, 26.00000000000000000, 14.19549783445957836 ) ) ;
#380 = ORIENTED_EDGE ( 'NONE', *, *, #2298, .T. ) ;
#381 = EDGE_LOOP ( 'NONE', ( #526, #935, #2099, #1071 ) ) ;
#382 = CARTESIAN_POINT ( 'NONE',  ( -30.79105590657982461, 1.000000000000000888, 14.19549783445957836 ) ) ;
#383 = VERTEX_POINT ( 'NONE', #1337 ) ;
#384 = EDGE_LOOP ( 'NONE', ( #1383, #587, #1235, #1366 ) ) ;
#385 = VECTOR ( 'NONE', #1321, 1000.000000000000000 ) ;
#386 = CC_DESIGN_SECURITY_CLASSIFICATION ( #892, ( #1518 ) ) ;
#387 = VECTOR ( 'NONE', #2187, 1000.000000000000000 ) ;
#388 = FACE_OUTER_BOUND ( 'NONE', #283, .T. ) ;
#389 = CARTESIAN_POINT ( 'NONE',  ( -0.7910559065798230538, 24.99999999999999645, 14.19549783445957836 ) ) ;
#390 = ADVANCED_FACE ( 'NONE', ( #2249 ), #2082, .T. ) ;
#391 = FACE_OUTER_BOUND ( 'NONE', #833, .T. ) ;
#392 = DIRECTION ( 'NONE',  ( -0.000000000000000000, -1.000000000000000000, -0.000000000000000000 ) ) ;
#393 = ORIENTED_EDGE ( 'NONE', *, *, #1915, .F. ) ;
#394 = CARTESIAN_POINT ( 'NONE',  ( -13.29105590657982106, 26.00000000000000000, 12.69549783445958013 ) ) ;
#395 = EDGE_CURVE ( 'NONE', #287, #1616, #615, .T. ) ;
#396 = CARTESIAN_POINT ( 'NONE',  ( -17.29105590657982106, 0.000000000000000000, 13.19549783445958013 ) ) ;
#397 = VERTEX_POINT ( 'NONE', #112 ) ;
#398 = ORIENTED_EDGE ( 'NONE', *, *, #794, .F. ) ;
#399 = DIRECTION ( 'NONE',  ( -1.000000000000000000, 3.336006684570782732E-17, 0.000000000000000000 ) ) ;
#400 = CARTESIAN_POINT ( 'NONE',  ( -27.29105590657982461, 1.000000000000000888, 14.19549783445957836 ) ) ;
#401 = EDGE_CURVE ( 'NONE', #1514, #126, #1187, .T. ) ;
#402 = CARTESIAN_POINT ( 'NONE',  ( -18.79105590657982106, 26.00000000000000000, 12.69549783445958013 ) ) ;
#403 = FACE_OUTER_BOUND ( 'NONE', #1548, .T. ) ;
#404 = ORIENTED_EDGE ( 'NONE', *, *, #1441, .F. ) ;
#405 = VECTOR ( 'NONE', #2350, 1000.000000000000000 ) ;
#406 = FACE_OUTER_BOUND ( 'NONE', #1436, .T. ) ;
#407 = DIRECTION ( 'NONE',  ( -1.000000000000000000, -6.672013369141565463E-17, 0.000000000000000000 ) ) ;
#408 = LINE ( 'NONE', #396, #730 ) ;
#409 = ORIENTED_EDGE ( 'NONE', *, *, #1816, .F. ) ;
#410 = CARTESIAN_POINT ( 'NONE',  ( 3.208944093420178945, 26.00000000000000000, 12.69549783445958013 ) ) ;
#411 = PLANE ( 'NONE',  #224 ) ;
#412 = CARTESIAN_POINT ( 'NONE',  ( -36.29105590657982816, 26.00000000000000000, 13.19549783445958013 ) ) ;
#413 = EDGE_CURVE ( 'NONE', #862, #1989, #244, .T. ) ;
#414 = ORIENTED_EDGE ( 'NONE', *, *, #1331, .F. ) ;
#415 = ORIENTED_EDGE ( 'NONE', *, *, #705, .T. ) ;
#416 = DIRECTION ( 'NONE',  ( 6.672013369141565463E-17, -1.000000000000000000, 0.000000000000000000 ) ) ;
#417 = VERTEX_POINT ( 'NONE', #1772 ) ;
#418 = DIRECTION ( 'NONE',  ( 0.000000000000000000, -1.000000000000000000, 0.000000000000000000 ) ) ;
#419 = CARTESIAN_POINT ( 'NONE',  ( -7.791055906579821055, 0.000000000000000000, 13.19549783445958013 ) ) ;
#420 = CARTESIAN_POINT ( 'NONE',  ( -13.29105590657982106, 26.00000000000000000, 12.69549783445958013 ) ) ;
#421 = VECTOR ( 'NONE', #895, 1000.000000000000000 ) ;
#422 = DIRECTION ( 'NONE',  ( -0.000000000000000000, -0.000000000000000000, 1.000000000000000000 ) ) ;
#423 = APPLICATION_CONTEXT ( 'configuration controlled 3d designs of mechanical parts and assemblies' ) ;
#424 = FACE_OUTER_BOUND ( 'NONE', #1030, .T. ) ;
#425 = EDGE_LOOP ( 'NONE', ( #398, #572, #1909, #453 ) ) ;
#426 = ORIENTED_EDGE ( 'NONE', *, *, #2168, .T. ) ;
#427 = PLANE ( 'NONE',  #1276 ) ;
#428 = CARTESIAN_POINT ( 'NONE',  ( -17.29105590657982106, 26.00000000000000355, 13.78128427208648255 ) ) ;
#429 = VERTEX_POINT ( 'NONE', #479 ) ;
#430 = EDGE_CURVE ( 'NONE', #1192, #293, #2146, .T. ) ;
#431 = CARTESIAN_POINT ( 'NONE',  ( 0.000000000000000000, 0.000000000000000000, 12.69549783445958013 ) ) ;
#432 = CARTESIAN_POINT ( 'NONE',  ( -41.79105590657983527, 24.99999999999999645, 14.19549783445957836 ) ) ;
#433 = CARTESIAN_POINT ( 'NONE',  ( -29.79105590657982461, 0.000000000000000000, 12.69549783445958013 ) ) ;
#434 = LINE ( 'NONE', #1196, #1491 ) ;
#435 =( BOUNDED_CURVE ( )  B_SPLINE_CURVE ( 3, ( #1553, #972, #609, #1362 ),
 .UNSPECIFIED., .F., .T. ) 
 B_SPLINE_CURVE_WITH_KNOTS ( ( 4, 4 ),
 ( 1.570796326794896558, 3.141592653589793116 ),
 .UNSPECIFIED. ) 
 CURVE ( )  GEOMETRIC_REPRESENTATION_ITEM ( )  RATIONAL_B_SPLINE_CURVE ( ( 1.000000000000000000, 0.8047378541243649375, 0.8047378541243649375, 1.000000000000000000 ) ) 
 REPRESENTATION_ITEM ( '' )  );
#436 = DIRECTION ( 'NONE',  ( 3.336006684570783348E-17, -1.000000000000000000, 0.000000000000000000 ) ) ;
#437 = EDGE_CURVE ( 'NONE', #1649, #1639, #1370, .T. ) ;
#438 = ADVANCED_FACE ( 'NONE', ( #77 ), #650, .F. ) ;
#439 = ORIENTED_EDGE ( 'NONE', *, *, #821, .F. ) ;
#440 = CARTESIAN_POINT ( 'NONE',  ( 7.708944093420162957, 26.00000000000000000, 14.19549783445957836 ) ) ;
#441 = LINE ( 'NONE', #780, #1978 ) ;
#442 = ORIENTED_EDGE ( 'NONE', *, *, #1470, .T. ) ;
#443 = EDGE_CURVE ( 'NONE', #1003, #1803, #2121, .T. ) ;
#444 = EDGE_CURVE ( 'NONE', #1867, #698, #1914, .T. ) ;
#445 = DIRECTION ( 'NONE',  ( -1.000000000000000000, 0.000000000000000000, -0.000000000000000000 ) ) ;
#446 = VERTEX_POINT ( 'NONE', #1556 ) ;
#447 = CARTESIAN_POINT ( 'NONE',  ( -22.79105590657982106, 0.000000000000000000, 13.19549783445958013 ) ) ;
#448 = ORIENTED_EDGE ( 'NONE', *, *, #1568, .T. ) ;
#449 = LINE ( 'NONE', #1940, #1350 ) ;
#450 = AXIS2_PLACEMENT_3D ( 'NONE', #1951, #1580, #832 ) ;
#451 = DIRECTION ( 'NONE',  ( 0.000000000000000000, 0.000000000000000000, 1.000000000000000000 ) ) ;
#452 = CARTESIAN_POINT ( 'NONE',  ( -13.70526946895291687, 25.58578643762690419, 14.19549783445957836 ) ) ;
#453 = ORIENTED_EDGE ( 'NONE', *, *, #741, .F. ) ;
#454 = ORIENTED_EDGE ( 'NONE', *, *, #876, .F. ) ;
#455 = EDGE_CURVE ( 'NONE', #194, #1777, #1851, .T. ) ;
#456 = LINE ( 'NONE', #1151, #610 ) ;
#457 = LINE ( 'NONE', #973, #2046 ) ;
#458 = CARTESIAN_POINT ( 'NONE',  ( -13.29105590657982106, 26.00000000000000000, 12.69549783445958013 ) ) ;
#459 = DIRECTION ( 'NONE',  ( -0.000000000000000000, -0.000000000000000000, 1.000000000000000000 ) ) ;
#460 = AXIS2_PLACEMENT_3D ( 'NONE', #2028, #2256, #1469 ) ;
#461 = EDGE_LOOP ( 'NONE', ( #1541, #1313, #1422, #3 ) ) ;
#462 = LINE ( 'NONE', #1406, #2294 ) ;
#463 = CARTESIAN_POINT ( 'NONE',  ( -2.291055906579821944, 0.000000000000000000, 12.69549783445958013 ) ) ;
#464 = DIRECTION ( 'NONE',  ( 0.000000000000000000, 0.000000000000000000, 1.000000000000000000 ) ) ;
#465 = ORIENTED_EDGE ( 'NONE', *, *, #1889, .F. ) ;
#466 = ADVANCED_FACE ( 'NONE', ( #1174 ), #636, .F. ) ;
#467 = VECTOR ( 'NONE', #1202, 1000.000000000000000 ) ;
#468 = FACE_OUTER_BOUND ( 'NONE', #1938, .T. ) ;
#469 = LINE ( 'NONE', #1766, #1542 ) ;
#470 = DIRECTION ( 'NONE',  ( -0.000000000000000000, -0.000000000000000000, 1.000000000000000000 ) ) ;
#471 = CARTESIAN_POINT ( 'NONE',  ( -33.79105590657982816, 1.012464023903132450E-15, 13.78128427208648255 ) ) ;
#472 = CYLINDRICAL_SURFACE ( 'NONE', #487, 0.9999999999999991118 ) ;
#473 = FACE_OUTER_BOUND ( 'NONE', #1083, .T. ) ;
#474 = CARTESIAN_POINT ( 'NONE',  ( -0.7910559065798221656, 0.000000000000000000, 12.69549783445958013 ) ) ;
#475 = EDGE_LOOP ( 'NONE', ( #1428, #1147, #655, #1017 ) ) ;
#476 = CYLINDRICAL_SURFACE ( 'NONE', #1588, 0.9999999999999991118 ) ;
#477 = APPROVAL ( #1257, 'UNSPECIFIED' ) ;
#478 = CARTESIAN_POINT ( 'NONE',  ( -33.79105590657982816, 0.000000000000000000, 12.69549783445958013 ) ) ;
#479 = CARTESIAN_POINT ( 'NONE',  ( -38.29105590657982816, 1.000000000000000888, 14.19549783445957836 ) ) ;
#480 = EDGE_CURVE ( 'NONE', #1657, #893, #2312, .T. ) ;
#481 = ORIENTED_EDGE ( 'NONE', *, *, #2202, .T. ) ;
#482 = LINE ( 'NONE', #1787, #1152 ) ;
#483 = LINE ( 'NONE', #309, #1822 ) ;
#484 = EDGE_CURVE ( 'NONE', #2129, #883, #795, .T. ) ;
#485 = ORIENTED_EDGE ( 'NONE', *, *, #1627, .T. ) ;
#486 = VECTOR ( 'NONE', #1442, 1000.000000000000000 ) ;
#487 = AXIS2_PLACEMENT_3D ( 'NONE', #332, #1850, #1603 ) ;
#488 = DIRECTION ( 'NONE',  ( -1.000000000000000000, 0.000000000000000000, 0.000000000000000000 ) ) ;
#489 = VECTOR ( 'NONE', #723, 1000.000000000000000 ) ;
#490 = ORIENTED_EDGE ( 'NONE', *, *, #692, .T. ) ;
#491 = EDGE_CURVE ( 'NONE', #668, #1525, #1960, .T. ) ;
#492 = CARTESIAN_POINT ( 'NONE',  ( -17.29105590657982106, 26.00000000000000000, 12.69549783445958013 ) ) ;
#493 = CARTESIAN_POINT ( 'NONE',  ( -44.79105590657983527, 1.000000000000000888, 14.19549783445957836 ) ) ;
#494 = VERTEX_POINT ( 'NONE', #1390 ) ;
#495 = LINE ( 'NONE', #153, #148 ) ;
#496 = AXIS2_PLACEMENT_3D ( 'NONE', #276, #1395, #464 ) ;
#497 = DIRECTION ( 'NONE',  ( 1.000000000000000000, 0.000000000000000000, 0.000000000000000000 ) ) ;
#498 = APPROVAL_PERSON_ORGANIZATION ( #1286, #1230, #1126 ) ;
#499 = ORIENTED_EDGE ( 'NONE', *, *, #444, .T. ) ;
#500 = ORIENTED_EDGE ( 'NONE', *, *, #1652, .T. ) ;
#501 = CARTESIAN_POINT ( 'NONE',  ( -13.29105590657982106, 26.00000000000000000, 12.69549783445958013 ) ) ;
#502 = EDGE_CURVE ( 'NONE', #1243, #190, #292, .T. ) ;
#503 = CARTESIAN_POINT ( 'NONE',  ( -13.29105590657982106, 1.084202172485504434E-15, 13.78128427208648255 ) ) ;
#504 = CARTESIAN_POINT ( 'NONE',  ( 5.708944093420180721, 24.99999999999999645, 14.19549783445957836 ) ) ;
#505 = APPROVAL_ROLE ( '' ) ;
#506 = CARTESIAN_POINT ( 'NONE',  ( -35.29105590657982816, 26.00000000000000000, 12.69549783445958013 ) ) ;
#507 = CARTESIAN_POINT ( 'NONE',  ( 0.000000000000000000, 0.000000000000000000, 12.69549783445958013 ) ) ;
#508 = EDGE_CURVE ( 'NONE', #2059, #2232, #1199, .T. ) ;
#509 = ORIENTED_EDGE ( 'NONE', *, *, #599, .F. ) ;
#510 = ORIENTED_EDGE ( 'NONE', *, *, #1484, .F. ) ;
#511 = DIRECTION ( 'NONE',  ( -1.000000000000000000, -0.000000000000000000, -0.000000000000000000 ) ) ;
#512 = ORIENTED_EDGE ( 'NONE', *, *, #943, .F. ) ;
#513 = EDGE_CURVE ( 'NONE', #893, #2252, #1229, .T. ) ;
#514 = CARTESIAN_POINT ( 'NONE',  ( -6.291055906579821944, 26.00000000000000355, 13.78128427208648255 ) ) ;
#515 = DIRECTION ( 'NONE',  ( 1.000000000000000000, -0.000000000000000000, 0.000000000000000000 ) ) ;
#516 = EDGE_CURVE ( 'NONE', #1839, #429, #2134, .T. ) ;
#517 = VECTOR ( 'NONE', #2079, 1000.000000000000000 ) ;
#518 = CARTESIAN_POINT ( 'NONE',  ( 4.708944093420180721, 0.000000000000000000, 13.19549783445958013 ) ) ;
#519 = EDGE_LOOP ( 'NONE', ( #1392, #2215, #229, #777 ) ) ;
#520 = CARTESIAN_POINT ( 'NONE',  ( 7.708944093420163846, 1.000000000000000888, 14.19549783445957836 ) ) ;
#521 = LINE ( 'NONE', #2402, #40 ) ;
#522 = ORIENTED_EDGE ( 'NONE', *, *, #897, .T. ) ;
#523 = ORIENTED_EDGE ( 'NONE', *, *, #1410, .F. ) ;
#524 = CARTESIAN_POINT ( 'NONE',  ( -44.79105590657983527, 26.00000000000000000, 14.19549783445957836 ) ) ;
#525 =( BOUNDED_CURVE ( )  B_SPLINE_CURVE ( 3, ( #2038, #4, #2379, #1459 ),
 .UNSPECIFIED., .F., .T. ) 
 B_SPLINE_CURVE_WITH_KNOTS ( ( 4, 4 ),
 ( 0.000000000000000000, 1.570796326794896558 ),
 .UNSPECIFIED. ) 
 CURVE ( )  GEOMETRIC_REPRESENTATION_ITEM ( )  RATIONAL_B_SPLINE_CURVE ( ( 1.000000000000000000, 0.8047378541243649375, 0.8047378541243649375, 1.000000000000000000 ) ) 
 REPRESENTATION_ITEM ( '' )  );
#526 = ORIENTED_EDGE ( 'NONE', *, *, #151, .T. ) ;
#527 = VECTOR ( 'NONE', #1121, 1000.000000000000000 ) ;
#528 = CARTESIAN_POINT ( 'NONE',  ( -24.29105590657982106, 1.084202172485504434E-15, 13.78128427208648255 ) ) ;
#529 = VECTOR ( 'NONE', #12, 1000.000000000000000 ) ;
#530 = CARTESIAN_POINT ( 'NONE',  ( -38.29105590657982816, 1.000000000000000888, 14.19549783445957836 ) ) ;
#531 = PERSON_AND_ORGANIZATION_ROLE ( 'classification_officer' ) ;
#532 = ORIENTED_EDGE ( 'NONE', *, *, #991, .T. ) ;
#533 = DIRECTION ( 'NONE',  ( -0.000000000000000000, 0.000000000000000000, 1.000000000000000000 ) ) ;
#534 = LINE ( 'NONE', #333, #318 ) ;
#535 = VERTEX_POINT ( 'NONE', #319 ) ;
#536 = ORIENTED_EDGE ( 'NONE', *, *, #1836, .F. ) ;
#537 = VECTOR ( 'NONE', #677, 1000.000000000000000 ) ;
#538 = DIRECTION ( 'NONE',  ( 1.000000000000000000, -0.000000000000000000, 0.000000000000000000 ) ) ;
#539 = ADVANCED_FACE ( 'NONE', ( #1074 ), #1621, .T. ) ;
#540 = ORIENTED_EDGE ( 'NONE', *, *, #516, .T. ) ;
#541 = FACE_OUTER_BOUND ( 'NONE', #305, .T. ) ;
#542 = CARTESIAN_POINT ( 'NONE',  ( 0.000000000000000000, 0.000000000000000000, 13.19549783445958013 ) ) ;
#543 = SECURITY_CLASSIFICATION_LEVEL ( 'unclassified' ) ;
#544 = PLANE ( 'NONE',  #1769 ) ;
#545 = CARTESIAN_POINT ( 'NONE',  ( -2.291055906579823720, 26.00000000000000000, 13.19549783445958013 ) ) ;
#546 = VERTEX_POINT ( 'NONE', #504 ) ;
#547 = DIRECTION ( 'NONE',  ( -1.000000000000000000, 0.000000000000000000, 0.000000000000000000 ) ) ;
#548 = VERTEX_POINT ( 'NONE', #1810 ) ;
#549 = LINE ( 'NONE', #1671, #989 ) ;
#550 = LINE ( 'NONE', #1462, #2128 ) ;
#551 = AXIS2_PLACEMENT_3D ( 'NONE', #756, #579, #2052 ) ;
#552 = CARTESIAN_POINT ( 'NONE',  ( -40.79105590657982816, 0.000000000000000000, 13.19549783445958013 ) ) ;
#553 = VECTOR ( 'NONE', #1315, 1000.000000000000000 ) ;
#554 = ORIENTED_EDGE ( 'NONE', *, *, #1441, .T. ) ;
#555 = DIRECTION ( 'NONE',  ( -1.000000000000000000, -0.000000000000000000, -0.000000000000000000 ) ) ;
#556 = CARTESIAN_POINT ( 'NONE',  ( -35.29105590657982816, 0.000000000000000000, 12.69549783445958013 ) ) ;
#557 = LINE ( 'NONE', #349, #1399 ) ;
#558 = VERTEX_POINT ( 'NONE', #2022 ) ;
#559 = ORIENTED_EDGE ( 'NONE', *, *, #174, .T. ) ;
#560 = CARTESIAN_POINT ( 'NONE',  ( -21.79105590657982106, 26.00000000000000000, 14.19549783445957836 ) ) ;
#561 = ADVANCED_FACE ( 'NONE', ( #1824 ), #160, .T. ) ;
#562 = ORIENTED_EDGE ( 'NONE', *, *, #984, .F. ) ;
#563 = ORIENTED_EDGE ( 'NONE', *, *, #1042, .T. ) ;
#564 = CARTESIAN_POINT ( 'NONE',  ( -6.291055906579821944, 26.00000000000000000, 13.19549783445958013 ) ) ;
#565 = FACE_OUTER_BOUND ( 'NONE', #1273, .T. ) ;
#566 = EDGE_CURVE ( 'NONE', #1725, #1434, #304, .T. ) ;
#567 = AXIS2_PLACEMENT_3D ( 'NONE', #1195, #2357, #1423 ) ;
#568 = EDGE_CURVE ( 'NONE', #558, #339, #1063, .T. ) ;
#569 = ORIENTED_EDGE ( 'NONE', *, *, #1922, .F. ) ;
#570 = DIRECTION ( 'NONE',  ( 0.000000000000000000, 1.000000000000000000, 0.000000000000000000 ) ) ;
#571 = CARTESIAN_POINT ( 'NONE',  ( -28.29105590657982461, 0.000000000000000000, 12.69549783445958013 ) ) ;
#572 = ORIENTED_EDGE ( 'NONE', *, *, #1138, .F. ) ;
#573 = ORIENTED_EDGE ( 'NONE', *, *, #752, .F. ) ;
#574 = EDGE_CURVE ( 'NONE', #446, #1638, #2388, .T. ) ;
#575 = CARTESIAN_POINT ( 'NONE',  ( -29.79105590657982461, 0.000000000000000000, 13.19549783445958013 ) ) ;
#576 = ORIENTED_EDGE ( 'NONE', *, *, #513, .T. ) ;
#577 = VECTOR ( 'NONE', #279, 1000.000000000000000 ) ;
#578 = CARTESIAN_POINT ( 'NONE',  ( -7.791055906579821944, 26.00000000000000000, 13.19549783445958013 ) ) ;
#579 = DIRECTION ( 'NONE',  ( 0.000000000000000000, 0.000000000000000000, -1.000000000000000000 ) ) ;
#580 = CC_DESIGN_APPROVAL ( #1345, ( #1658 ) ) ;
#581 = CARTESIAN_POINT ( 'NONE',  ( -14.29105590657982283, 1.000000000000000888, 14.19549783445957836 ) ) ;
#582 = ORIENTED_EDGE ( 'NONE', *, *, #867, .F. ) ;
#583 = PLANE ( 'NONE',  #2000 ) ;
#584 = VERTEX_POINT ( 'NONE', #2223 ) ;
#585 = ORIENTED_EDGE ( 'NONE', *, *, #2130, .F. ) ;
#586 = LINE ( 'NONE', #261, #2421 ) ;
#587 = ORIENTED_EDGE ( 'NONE', *, *, #1806, .F. ) ;
#588 = FACE_OUTER_BOUND ( 'NONE', #2181, .T. ) ;
#589 = EDGE_CURVE ( 'NONE', #1303, #1448, #1837, .T. ) ;
#590 = LINE ( 'NONE', #954, #529 ) ;
#591 = VERTEX_POINT ( 'NONE', #1797 ) ;
#592 = ORIENTED_EDGE ( 'NONE', *, *, #965, .F. ) ;
#593 = DIRECTION ( 'NONE',  ( -1.000000000000000000, -0.000000000000000000, -0.000000000000000000 ) ) ;
#594 = DIRECTION ( 'NONE',  ( 1.000000000000000000, 0.000000000000000000, 0.000000000000000000 ) ) ;
#595 = EDGE_LOOP ( 'NONE', ( #1011, #1749, #2049, #1607 ) ) ;
#596 = ORIENTED_EDGE ( 'NONE', *, *, #1116, .T. ) ;
#597 = CARTESIAN_POINT ( 'NONE',  ( -7.791055906579821944, 26.00000000000000000, 13.19549783445958013 ) ) ;
#598 = CARTESIAN_POINT ( 'NONE',  ( -32.79105590657982816, 1.000000000000000888, 14.19549783445957836 ) ) ;
#599 = EDGE_CURVE ( 'NONE', #2326, #2135, #685, .T. ) ;
#600 = CARTESIAN_POINT ( 'NONE',  ( -24.29105590657982461, 26.00000000000000000, 13.19549783445958013 ) ) ;
#601 = CARTESIAN_POINT ( 'NONE',  ( 0.000000000000000000, 24.99999999999999645, 13.19549783445958013 ) ) ;
#602 = VECTOR ( 'NONE', #2390, 1000.000000000000000 ) ;
#603 = VECTOR ( 'NONE', #274, 1000.000000000000000 ) ;
#604 = VERTEX_POINT ( 'NONE', #1631 ) ;
#605 = DIRECTION ( 'NONE',  ( 0.000000000000000000, 1.000000000000000000, 0.000000000000000000 ) ) ;
#606 = CARTESIAN_POINT ( 'NONE',  ( -44.79105590657983527, 1.000000000000000888, 13.19549783445958013 ) ) ;
#607 = ORIENTED_EDGE ( 'NONE', *, *, #455, .T. ) ;
#608 = EDGE_CURVE ( 'NONE', #1777, #796, #2371, .T. ) ;
#609 = CARTESIAN_POINT ( 'NONE',  ( -18.79105590657982106, 26.00000000000000355, 13.78128427208648255 ) ) ;
#610 = VECTOR ( 'NONE', #98, 1000.000000000000000 ) ;
#611 = DIRECTION ( 'NONE',  ( -0.000000000000000000, -0.000000000000000000, 1.000000000000000000 ) ) ;
#612 = EDGE_CURVE ( 'NONE', #1027, #819, #120, .T. ) ;
#613 = VECTOR ( 'NONE', #801, 1000.000000000000000 ) ;
#614 = EDGE_LOOP ( 'NONE', ( #65, #1670, #536, #957 ) ) ;
#615 = LINE ( 'NONE', #820, #2085 ) ;
#616 =( BOUNDED_CURVE ( )  B_SPLINE_CURVE ( 3, ( #2124, #1759, #102, #834 ),
 .UNSPECIFIED., .F., .T. ) 
 B_SPLINE_CURVE_WITH_KNOTS ( ( 4, 4 ),
 ( 3.141592653589793116, 4.712388980384689674 ),
 .UNSPECIFIED. ) 
 CURVE ( )  GEOMETRIC_REPRESENTATION_ITEM ( )  RATIONAL_B_SPLINE_CURVE ( ( 1.000000000000000000, 0.8047378541243649375, 0.8047378541243649375, 1.000000000000000000 ) ) 
 REPRESENTATION_ITEM ( '' )  );
#617 = ORIENTED_EDGE ( 'NONE', *, *, #794, .T. ) ;
#618 = CARTESIAN_POINT ( 'NONE',  ( -0.7910559065798221656, 0.000000000000000000, 12.69549783445958013 ) ) ;
#619 = ADVANCED_FACE ( 'NONE', ( #2188 ), #1473, .F. ) ;
#620 = DIRECTION ( 'NONE',  ( -3.336006684570782732E-17, -1.000000000000000000, 0.000000000000000000 ) ) ;
#621 = DIRECTION ( 'NONE',  ( 1.000000000000000000, -0.000000000000000000, 0.000000000000000000 ) ) ;
#622 = ADVANCED_FACE ( 'NONE', ( #1215 ), #354, .T. ) ;
#623 = LINE ( 'NONE', #1532, #1503 ) ;
#624 = DIRECTION ( 'NONE',  ( 0.000000000000000000, 0.000000000000000000, 1.000000000000000000 ) ) ;
#625 = LINE ( 'NONE', #109, #1305 ) ;
#626 = CARTESIAN_POINT ( 'NONE',  ( -29.79105590657982461, 26.00000000000000000, 13.19549783445958013 ) ) ;
#627 = CC_DESIGN_PERSON_AND_ORGANIZATION_ASSIGNMENT ( #321, #1998, ( #1518 ) ) ;
#628 = DIRECTION ( 'NONE',  ( 1.000000000000000000, 0.000000000000000000, 0.000000000000000000 ) ) ;
#629 = ORIENTED_EDGE ( 'NONE', *, *, #840, .T. ) ;
#630 = DIRECTION ( 'NONE',  ( -1.000000000000000000, 0.000000000000000000, -0.000000000000000000 ) ) ;
#631 = CARTESIAN_POINT ( 'NONE',  ( -14.29105590657982283, 24.99999999999999645, 14.19549783445957836 ) ) ;
#632 = ORIENTED_EDGE ( 'NONE', *, *, #1805, .F. ) ;
#633 = CARTESIAN_POINT ( 'NONE',  ( -13.29105590657982106, 26.00000000000000000, 13.19549783445958013 ) ) ;
#634 = DIRECTION ( 'NONE',  ( 0.000000000000000000, 0.000000000000000000, -1.000000000000000000 ) ) ;
#635 = ORIENTED_EDGE ( 'NONE', *, *, #566, .F. ) ;
#636 = PLANE ( 'NONE',  #450 ) ;
#637 = EDGE_CURVE ( 'NONE', #1178, #1638, #701, .T. ) ;
#638 = COORDINATED_UNIVERSAL_TIME_OFFSET ( 0, 0, .AHEAD. ) ;
#639 = ORIENTED_EDGE ( 'NONE', *, *, #255, .F. ) ;
#640 = DIRECTION ( 'NONE',  ( 0.000000000000000000, -1.000000000000000000, 0.000000000000000000 ) ) ;
#641 = AXIS2_PLACEMENT_3D ( 'NONE', #1425, #343, #170 ) ;
#642 = CARTESIAN_POINT ( 'NONE',  ( -11.79105590657982106, 0.000000000000000000, 13.19549783445958013 ) ) ;
#643 = VECTOR ( 'NONE', #966, 1000.000000000000000 ) ;
#644 = CARTESIAN_POINT ( 'NONE',  ( -17.29105590657982106, 0.000000000000000000, 13.19549783445958013 ) ) ;
#645 = ORIENTED_EDGE ( 'NONE', *, *, #1070, .F. ) ;
#646 = EDGE_CURVE ( 'NONE', #591, #883, #2395, .T. ) ;
#647 = CARTESIAN_POINT ( 'NONE',  ( -39.29105590657982816, 26.00000000000000000, 12.69549783445958013 ) ) ;
#648 = CARTESIAN_POINT ( 'NONE',  ( -22.79105590657981395, 1.012464023903132450E-15, 13.78128427208648255 ) ) ;
#649 = LINE ( 'NONE', #1453, #214 ) ;
#650 = PLANE ( 'NONE',  #298 ) ;
#651 = ORIENTED_EDGE ( 'NONE', *, *, #491, .T. ) ;
#652 = DIRECTION ( 'NONE',  ( 0.000000000000000000, 1.000000000000000000, 0.000000000000000000 ) ) ;
#653 = CARTESIAN_POINT ( 'NONE',  ( 0.000000000000000000, 24.99999999999999645, 13.19549783445958013 ) ) ;
#654 = DIRECTION ( 'NONE',  ( 1.000000000000000000, 3.336006684570782732E-17, 0.000000000000000000 ) ) ;
#655 = ORIENTED_EDGE ( 'NONE', *, *, #1965, .T. ) ;
#656 = EDGE_LOOP ( 'NONE', ( #2104, #1678, #1343, #2040 ) ) ;
#657 = VECTOR ( 'NONE', #890, 1000.000000000000000 ) ;
#658 = DIRECTION ( 'NONE',  ( 1.000000000000000000, 0.000000000000000000, 0.000000000000000000 ) ) ;
#659 = EDGE_CURVE ( 'NONE', #1839, #337, #1454, .T. ) ;
#660 = CARTESIAN_POINT ( 'NONE',  ( -5.291055906579821944, 1.000000000000000888, 14.19549783445957836 ) ) ;
#661 = DIRECTION ( 'NONE',  ( -3.336006684570783348E-17, 1.000000000000000000, 0.000000000000000000 ) ) ;
#662 = CARTESIAN_POINT ( 'NONE',  ( -0.3768423442067276308, 0.4142135623730958671, 14.19549783445957836 ) ) ;
#663 = EDGE_CURVE ( 'NONE', #1460, #2252, #1124, .T. ) ;
#664 = EDGE_LOOP ( 'NONE', ( #1262, #1530, #404, #1929 ) ) ;
#665 = CARTESIAN_POINT ( 'NONE',  ( -35.29105590657982816, 26.00000000000000000, 13.19549783445958013 ) ) ;
#666 = FACE_OUTER_BOUND ( 'NONE', #2050, .T. ) ;
#667 = FACE_OUTER_BOUND ( 'NONE', #838, .T. ) ;
#668 = VERTEX_POINT ( 'NONE', #1900 ) ;
#669 = CARTESIAN_POINT ( 'NONE',  ( -44.79105590657983527, 26.00000000000000000, 14.19549783445957836 ) ) ;
#670 = CARTESIAN_POINT ( 'NONE',  ( -13.29105590657982106, 0.000000000000000000, 12.69549783445958013 ) ) ;
#671 = DIRECTION ( 'NONE',  ( 6.672013369141565463E-17, -1.000000000000000000, 0.000000000000000000 ) ) ;
#672 = CARTESIAN_POINT ( 'NONE',  ( 3.208944093420178945, 26.00000000000000000, 12.69549783445958013 ) ) ;
#673 = DIRECTION ( 'NONE',  ( -0.000000000000000000, -0.000000000000000000, 1.000000000000000000 ) ) ;
#674 = VERTEX_POINT ( 'NONE', #581 ) ;
#675 = DIRECTION ( 'NONE',  ( 0.000000000000000000, 0.000000000000000000, -1.000000000000000000 ) ) ;
#676 = ADVANCED_FACE ( 'NONE', ( #1848 ), #2245, .T. ) ;
#677 = DIRECTION ( 'NONE',  ( 1.000000000000000000, 0.000000000000000000, 0.000000000000000000 ) ) ;
#678 = ORIENTED_EDGE ( 'NONE', *, *, #2387, .T. ) ;
#679 = VECTOR ( 'NONE', #907, 1000.000000000000000 ) ;
#680 = LINE ( 'NONE', #1564, #1823 ) ;
#681 = PLANE ( 'NONE',  #1113 ) ;
#682 = EDGE_LOOP ( 'NONE', ( #1096, #1497, #1977, #370 ) ) ;
#683 = CARTESIAN_POINT ( 'NONE',  ( -0.7910559065798230538, 26.00000000000000000, 12.69549783445958013 ) ) ;
#684 = DIRECTION ( 'NONE',  ( 3.854941057726238590E-16, 0.000000000000000000, 1.000000000000000000 ) ) ;
#685 = LINE ( 'NONE', #724, #1105 ) ;
#686 = ADVANCED_FACE ( 'NONE', ( #388 ), #2275, .F. ) ;
#687 = EDGE_CURVE ( 'NONE', #1154, #1131, #210, .T. ) ;
#688 = EDGE_LOOP ( 'NONE', ( #2123, #97, #693, #1352 ) ) ;
#689 = DIRECTION ( 'NONE',  ( 1.000000000000000000, 0.000000000000000000, 0.000000000000000000 ) ) ;
#690 = AXIS2_PLACEMENT_3D ( 'NONE', #524, #2416, #371 ) ;
#691 = CARTESIAN_POINT ( 'NONE',  ( 2.794730531047084021, 25.58578643762690419, 14.19549783445957836 ) ) ;
#692 = EDGE_CURVE ( 'NONE', #2372, #1159, #735, .T. ) ;
#693 = ORIENTED_EDGE ( 'NONE', *, *, #1173, .T. ) ;
#694 = VECTOR ( 'NONE', #661, 1000.000000000000000 ) ;
#695 = ORIENTED_EDGE ( 'NONE', *, *, #791, .T. ) ;
#696 = FACE_OUTER_BOUND ( 'NONE', #688, .T. ) ;
#697 = EDGE_CURVE ( 'NONE', #287, #558, #1480, .T. ) ;
#698 = VERTEX_POINT ( 'NONE', #1139 ) ;
#699 = LINE ( 'NONE', #1226, #1935 ) ;
#700 = CARTESIAN_POINT ( 'NONE',  ( -40.79105590657982816, 0.000000000000000000, 12.69549783445958013 ) ) ;
#701 = LINE ( 'NONE', #1599, #29 ) ;
#702 = EDGE_LOOP ( 'NONE', ( #1802, #31, #2235, #1458 ) ) ;
#703 = CARTESIAN_POINT ( 'NONE',  ( -10.79105590657982283, -6.672013369141566696E-17, 13.19549783445958013 ) ) ;
#704 = CARTESIAN_POINT ( 'NONE',  ( -22.79105590657982106, 0.000000000000000000, 12.69549783445958013 ) ) ;
#705 = EDGE_CURVE ( 'NONE', #1231, #2372, #1506, .T. ) ;
#706 = ADVANCED_BREP_SHAPE_REPRESENTATION ( 'BarBase', ( #1789, #197 ), #2057 ) ;
#707 = EDGE_LOOP ( 'NONE', ( #351, #1325, #2365, #639 ) ) ;
#708 = DIRECTION ( 'NONE',  ( -0.000000000000000000, -1.000000000000000000, -0.000000000000000000 ) ) ;
#709 = ORIENTED_EDGE ( 'NONE', *, *, #139, .T. ) ;
#710 = CARTESIAN_POINT ( 'NONE',  ( -29.79105590657982461, 0.000000000000000000, 12.69549783445958013 ) ) ;
#711 = DIRECTION ( 'NONE',  ( 1.000000000000000000, -0.000000000000000000, 0.000000000000000000 ) ) ;
#712 = CARTESIAN_POINT ( 'NONE',  ( -39.29105590657982816, 0.000000000000000000, 13.19549783445958013 ) ) ;
#713 = PRODUCT_DEFINITION_SHAPE ( 'NONE', 'NONE',  #1658 ) ;
#714 = VERTEX_POINT ( 'NONE', #757 ) ;
#715 = CARTESIAN_POINT ( 'NONE',  ( -29.79105590657982461, 26.00000000000000000, 12.69549783445958013 ) ) ;
#716 = EDGE_CURVE ( 'NONE', #698, #1179, #1597, .T. ) ;
#717 = LINE ( 'NONE', #1261, #845 ) ;
#718 = ORIENTED_EDGE ( 'NONE', *, *, #788, .T. ) ;
#719 = PLANE ( 'NONE',  #2341 ) ;
#720 = ORIENTED_EDGE ( 'NONE', *, *, #2156, .T. ) ;
#721 = VECTOR ( 'NONE', #222, 1000.000000000000000 ) ;
#722 = ORIENTED_EDGE ( 'NONE', *, *, #143, .T. ) ;
#723 = DIRECTION ( 'NONE',  ( -0.000000000000000000, -0.000000000000000000, 1.000000000000000000 ) ) ;
#724 = CARTESIAN_POINT ( 'NONE',  ( -6.291055906579821944, 0.000000000000000000, 12.69549783445958013 ) ) ;
#725 = DATE_AND_TIME ( #908, #1736 ) ;
#726 = ORIENTED_EDGE ( 'NONE', *, *, #129, .T. ) ;
#727 = LINE ( 'NONE', #1274, #2369 ) ;
#728 = DIRECTION ( 'NONE',  ( 1.000000000000000000, 0.000000000000000000, -0.000000000000000000 ) ) ;
#729 = ORIENTED_EDGE ( 'NONE', *, *, #310, .F. ) ;
#730 = VECTOR ( 'NONE', #82, 1000.000000000000000 ) ;
#731 = CARTESIAN_POINT ( 'NONE',  ( -2.291055906579823720, 0.000000000000000000, 12.69549783445958013 ) ) ;
#732 = ORIENTED_EDGE ( 'NONE', *, *, #401, .F. ) ;
#733 = CARTESIAN_POINT ( 'NONE',  ( -32.79105590657982816, 26.00000000000000000, 14.19549783445957836 ) ) ;
#734 = DIRECTION ( 'NONE',  ( 0.000000000000000000, 0.000000000000000000, -1.000000000000000000 ) ) ;
#735 = LINE ( 'NONE', #2080, #1185 ) ;
#736 = CARTESIAN_POINT ( 'NONE',  ( -44.79105590657983527, 1.000000000000000888, 13.19549783445958013 ) ) ;
#737 = EDGE_CURVE ( 'NONE', #494, #2417, #2043, .T. ) ;
#738 = LINE ( 'NONE', #379, #866 ) ;
#739 = ORIENTED_EDGE ( 'NONE', *, *, #716, .F. ) ;
#740 = ORIENTED_EDGE ( 'NONE', *, *, #2259, .T. ) ;
#741 = EDGE_CURVE ( 'NONE', #967, #1649, #1566, .T. ) ;
#742 = ORIENTED_EDGE ( 'NONE', *, *, #1116, .F. ) ;
#743 = VERTEX_POINT ( 'NONE', #1008 ) ;
#744 = DIRECTION ( 'NONE',  ( -3.854941057726238097E-16, -0.000000000000000000, -1.000000000000000000 ) ) ;
#745 = CYLINDRICAL_SURFACE ( 'NONE', #1600, 0.9999999999999991118 ) ;
#746 = VECTOR ( 'NONE', #1665, 1000.000000000000000 ) ;
#747 = EDGE_CURVE ( 'NONE', #1983, #1460, #469, .T. ) ;
#748 = CARTESIAN_POINT ( 'NONE',  ( 0.000000000000000000, 0.000000000000000000, 12.69549783445958013 ) ) ;
#749 = FACE_OUTER_BOUND ( 'NONE', #1249, .T. ) ;
#750 = VERTEX_POINT ( 'NONE', #2117 ) ;
#751 = ORIENTED_EDGE ( 'NONE', *, *, #915, .F. ) ;
#752 = EDGE_CURVE ( 'NONE', #1657, #339, #457, .T. ) ;
#753 = CARTESIAN_POINT ( 'NONE',  ( -40.79105590657982816, 26.00000000000000000, 13.19549783445958013 ) ) ;
#754 = DIRECTION ( 'NONE',  ( 0.000000000000000000, -1.000000000000000000, 0.000000000000000000 ) ) ;
#755 = ORIENTED_EDGE ( 'NONE', *, *, #646, .T. ) ;
#756 = CARTESIAN_POINT ( 'NONE',  ( -44.79105590657983527, 26.00000000000000000, 14.19549783445957836 ) ) ;
#757 = CARTESIAN_POINT ( 'NONE',  ( -22.79105590657982106, 26.00000000000000000, 12.69549783445958013 ) ) ;
#758 = EDGE_CURVE ( 'NONE', #6, #819, #1182, .T. ) ;
#759 = DIRECTION ( 'NONE',  ( 0.000000000000000000, 0.000000000000000000, 1.000000000000000000 ) ) ;
#760 = LINE ( 'NONE', #1510, #746 ) ;
#761 = ORIENTED_EDGE ( 'NONE', *, *, #1988, .T. ) ;
#762 = CARTESIAN_POINT ( 'NONE',  ( 5.708944093420180721, 1.000000000000000888, 14.19549783445957836 ) ) ;
#763 = CARTESIAN_POINT ( 'NONE',  ( 0.000000000000000000, 0.000000000000000000, 0.000000000000000000 ) ) ;
#764 = CARTESIAN_POINT ( 'NONE',  ( -39.29105590657982816, 26.00000000000000355, 13.78128427208648255 ) ) ;
#765 = EDGE_CURVE ( 'NONE', #417, #743, #295, .T. ) ;
#766 = ORIENTED_EDGE ( 'NONE', *, *, #2120, .T. ) ;
#767 = EDGE_LOOP ( 'NONE', ( #2405, #2229, #1291, #331 ) ) ;
#768 = VECTOR ( 'NONE', #1819, 1000.000000000000000 ) ;
#769 = CARTESIAN_POINT ( 'NONE',  ( -8.205269468952916867, 25.58578643762690419, 14.19549783445957836 ) ) ;
#770 = CARTESIAN_POINT ( 'NONE',  ( -6.291055906579821944, 26.00000000000000000, 13.19549783445958013 ) ) ;
#771 = AXIS2_PLACEMENT_3D ( 'NONE', #1424, #1578, #1206 ) ;
#772 =( BOUNDED_CURVE ( )  B_SPLINE_CURVE ( 3, ( #1211, #1968, #299, #1031 ),
 .UNSPECIFIED., .F., .T. ) 
 B_SPLINE_CURVE_WITH_KNOTS ( ( 4, 4 ),
 ( 0.000000000000000000, 1.570796326794896558 ),
 .UNSPECIFIED. ) 
 CURVE ( )  GEOMETRIC_REPRESENTATION_ITEM ( )  RATIONAL_B_SPLINE_CURVE ( ( 1.000000000000000000, 0.8047378541243649375, 0.8047378541243649375, 1.000000000000000000 ) ) 
 REPRESENTATION_ITEM ( '' )  );
#773 = ORIENTED_EDGE ( 'NONE', *, *, #608, .F. ) ;
#774 = CYLINDRICAL_SURFACE ( 'NONE', #1683, 0.9999999999999991118 ) ;
#775 = AXIS2_PLACEMENT_3D ( 'NONE', #507, #1066, #728 ) ;
#776 = APPROVAL_STATUS ( 'not_yet_approved' ) ;
#777 = ORIENTED_EDGE ( 'NONE', *, *, #508, .F. ) ;
#778 = VERTEX_POINT ( 'NONE', #1375 ) ;
#779 = FACE_OUTER_BOUND ( 'NONE', #1339, .T. ) ;
#780 = CARTESIAN_POINT ( 'NONE',  ( 5.708944093420181609, 26.00000000000000000, 14.19549783445957836 ) ) ;
#781 = ORIENTED_EDGE ( 'NONE', *, *, #747, .T. ) ;
#782 = DIRECTION ( 'NONE',  ( 1.000000000000000000, 0.000000000000000000, -0.000000000000000000 ) ) ;
#783 = CARTESIAN_POINT ( 'NONE',  ( -44.79105590657983527, 26.00000000000000000, 14.19549783445957836 ) ) ;
#784 = DIRECTION ( 'NONE',  ( -1.000000000000000000, 0.000000000000000000, -0.000000000000000000 ) ) ;
#785 = CARTESIAN_POINT ( 'NONE',  ( 8.294730531047070698, 25.58578643762690774, 14.19549783445957836 ) ) ;
#786 = ORIENTED_EDGE ( 'NONE', *, *, #1351, .T. ) ;
#787 = CYLINDRICAL_SURFACE ( 'NONE', #826, 0.9999999999999991118 ) ;
#788 = EDGE_CURVE ( 'NONE', #893, #1616, #625, .T. ) ;
#789 = DIRECTION ( 'NONE',  ( 0.000000000000000000, 0.000000000000000000, 1.000000000000000000 ) ) ;
#790 = ORIENTED_EDGE ( 'NONE', *, *, #1531, .T. ) ;
#791 = EDGE_CURVE ( 'NONE', #926, #67, #929, .T. ) ;
#792 = LINE ( 'NONE', #241, #1430 ) ;
#793 = DATE_AND_TIME ( #2299, #1826 ) ;
#794 = EDGE_CURVE ( 'NONE', #1200, #967, #1540, .T. ) ;
#795 = LINE ( 'NONE', #1364, #1500 ) ;
#796 = VERTEX_POINT ( 'NONE', #1706 ) ;
#797 = ORIENTED_EDGE ( 'NONE', *, *, #2387, .F. ) ;
#798 = LINE ( 'NONE', #2075, #1982 ) ;
#799 = CARTESIAN_POINT ( 'NONE',  ( 3.208944093420178945, 26.00000000000000000, 13.19549783445958013 ) ) ;
#800 = ORIENTED_EDGE ( 'NONE', *, *, #2145, .T. ) ;
#801 = DIRECTION ( 'NONE',  ( -1.000000000000000000, 0.000000000000000000, -0.000000000000000000 ) ) ;
#802 = CC_DESIGN_PERSON_AND_ORGANIZATION_ASSIGNMENT ( #54, #1328, ( #1623 ) ) ;
#803 = FACE_OUTER_BOUND ( 'NONE', #2084, .T. ) ;
#804 = VECTOR ( 'NONE', #754, 1000.000000000000000 ) ;
#805 = LINE ( 'NONE', #1554, #1060 ) ;
#806 = AXIS2_PLACEMENT_3D ( 'NONE', #700, #515, #1073 ) ;
#807 = DIRECTION ( 'NONE',  ( 0.000000000000000000, -1.000000000000000000, 0.000000000000000000 ) ) ;
#808 = LINE ( 'NONE', #2277, #2292 ) ;
#809 = ORIENTED_EDGE ( 'NONE', *, *, #1716, .F. ) ;
#810 = DIRECTION ( 'NONE',  ( -1.000000000000000000, -0.000000000000000000, -0.000000000000000000 ) ) ;
#811 = DIRECTION ( 'NONE',  ( 0.000000000000000000, 1.000000000000000000, 0.000000000000000000 ) ) ;
#812 = CARTESIAN_POINT ( 'NONE',  ( -29.79105590657982461, 0.000000000000000000, 12.69549783445958013 ) ) ;
#813 = AXIS2_PLACEMENT_3D ( 'NONE', #2328, #1941, #630 ) ;
#814 = VERTEX_POINT ( 'NONE', #433 ) ;
#815 = EDGE_CURVE ( 'NONE', #1003, #1932, #1783, .T. ) ;
#816 = DIRECTION ( 'NONE',  ( 0.000000000000000000, 0.000000000000000000, -1.000000000000000000 ) ) ;
#817 = CARTESIAN_POINT ( 'NONE',  ( -2.291055906579823720, 26.00000000000000000, 13.19549783445958013 ) ) ;
#818 = ADVANCED_FACE ( 'NONE', ( #87 ), #2143, .T. ) ;
#819 = VERTEX_POINT ( 'NONE', #633 ) ;
#820 = CARTESIAN_POINT ( 'NONE',  ( -18.79105590657982106, 26.00000000000000000, 12.69549783445958013 ) ) ;
#821 = EDGE_CURVE ( 'NONE', #350, #778, #2201, .T. ) ;
#822 = ORIENTED_EDGE ( 'NONE', *, *, #1025, .T. ) ;
#823 = CARTESIAN_POINT ( 'NONE',  ( -19.79105590657982461, 1.000000000000000888, 14.19549783445957836 ) ) ;
#824 = DIRECTION ( 'NONE',  ( -1.000000000000000000, 0.000000000000000000, 0.000000000000000000 ) ) ;
#825 = CYLINDRICAL_SURFACE ( 'NONE', #2418, 0.9999999999999991118 ) ;
#826 = AXIS2_PLACEMENT_3D ( 'NONE', #1537, #605, #2338 ) ;
#827 = EDGE_LOOP ( 'NONE', ( #2167, #971, #1887, #751 ) ) ;
#828 = CARTESIAN_POINT ( 'NONE',  ( -21.79105590657982106, 1.000000000000000888, 14.19549783445957836 ) ) ;
#829 = CARTESIAN_POINT ( 'NONE',  ( -21.79105590657982106, 1.000000000000000888, 14.19549783445957836 ) ) ;
#830 = DIRECTION ( 'NONE',  ( 1.000000000000000000, 0.000000000000000000, 0.000000000000000000 ) ) ;
#831 = DIRECTION ( 'NONE',  ( 1.000000000000000000, -0.000000000000000000, 0.000000000000000000 ) ) ;
#832 = DIRECTION ( 'NONE',  ( 1.000000000000000000, 0.000000000000000000, -0.000000000000000000 ) ) ;
#833 = EDGE_LOOP ( 'NONE', ( #1052, #2180, #1574, #1135 ) ) ;
#834 = CARTESIAN_POINT ( 'NONE',  ( -27.29105590657982461, 1.000000000000000888, 14.19549783445957836 ) ) ;
#835 = CYLINDRICAL_SURFACE ( 'NONE', #356, 0.9999999999999991118 ) ;
#836 = CARTESIAN_POINT ( 'NONE',  ( -44.79105590657983527, 1.000000000000000888, 13.19549783445958013 ) ) ;
#837 = EDGE_LOOP ( 'NONE', ( #576, #800, #2414, #2091 ) ) ;
#838 = EDGE_LOOP ( 'NONE', ( #1896, #1095, #1496, #334 ) ) ;
#839 = CARTESIAN_POINT ( 'NONE',  ( 4.708944093420180721, 26.00000000000000000, 12.69549783445958013 ) ) ;
#840 = EDGE_CURVE ( 'NONE', #1609, #397, #808, .T. ) ;
#841 = DIRECTION ( 'NONE',  ( -1.000000000000000000, -3.336006684570783348E-17, 0.000000000000000000 ) ) ;
#842 = CARTESIAN_POINT ( 'NONE',  ( -24.29105590657982106, 26.00000000000000355, 13.78128427208648255 ) ) ;
#843 = DIRECTION ( 'NONE',  ( -0.000000000000000000, -0.000000000000000000, 1.000000000000000000 ) ) ;
#844 = CARTESIAN_POINT ( 'NONE',  ( -16.87684234420672524, 0.4142135623730958671, 14.19549783445957836 ) ) ;
#845 = VECTOR ( 'NONE', #2192, 1000.000000000000000 ) ;
#846 = EDGE_LOOP ( 'NONE', ( #367, #1084, #89, #240 ) ) ;
#847 = LINE ( 'NONE', #1004, #2200 ) ;
#848 = PLANE ( 'NONE',  #813 ) ;
#849 = DIRECTION ( 'NONE',  ( 1.000000000000000000, -0.000000000000000000, 0.000000000000000000 ) ) ;
#850 =( BOUNDED_CURVE ( )  B_SPLINE_CURVE ( 3, ( #2007, #1640, #2408, #196 ),
 .UNSPECIFIED., .F., .T. ) 
 B_SPLINE_CURVE_WITH_KNOTS ( ( 4, 4 ),
 ( 4.712388980384689674, 6.283185307179586232 ),
 .UNSPECIFIED. ) 
 CURVE ( )  GEOMETRIC_REPRESENTATION_ITEM ( )  RATIONAL_B_SPLINE_CURVE ( ( 1.000000000000000000, 0.8047378541243649375, 0.8047378541243649375, 1.000000000000000000 ) ) 
 REPRESENTATION_ITEM ( '' )  );
#851 = ORIENTED_EDGE ( 'NONE', *, *, #2156, .F. ) ;
#852 = ADVANCED_FACE ( 'NONE', ( #424 ), #1365, .T. ) ;
#853 = FACE_OUTER_BOUND ( 'NONE', #384, .T. ) ;
#854 = CARTESIAN_POINT ( 'NONE',  ( -0.7910559065798221656, 0.000000000000000000, 12.69549783445958013 ) ) ;
#855 = DIRECTION ( 'NONE',  ( -1.000000000000000000, 0.000000000000000000, 3.854941057726238590E-16 ) ) ;
#856 = EDGE_CURVE ( 'NONE', #548, #796, #1754, .T. ) ;
#857 = DIRECTION ( 'NONE',  ( 1.000000000000000000, -0.000000000000000000, 0.000000000000000000 ) ) ;
#858 = ORIENTED_EDGE ( 'NONE', *, *, #2179, .T. ) ;
#859 = CARTESIAN_POINT ( 'NONE',  ( -2.291055906579821944, 0.000000000000000000, 13.19549783445958013 ) ) ;
#860 = CARTESIAN_POINT ( 'NONE',  ( -24.29105590657982461, 0.000000000000000000, 13.19549783445958013 ) ) ;
#861 = ORIENTED_EDGE ( 'NONE', *, *, #16, .T. ) ;
#862 = VERTEX_POINT ( 'NONE', #683 ) ;
#863 = CARTESIAN_POINT ( 'NONE',  ( -32.79105590657982816, 24.99999999999999645, 14.19549783445957836 ) ) ;
#864 = VECTOR ( 'NONE', #1570, 1000.000000000000000 ) ;
#865 = DIRECTION ( 'NONE',  ( -0.000000000000000000, -0.000000000000000000, 1.000000000000000000 ) ) ;
#866 = VECTOR ( 'NONE', #14, 1000.000000000000000 ) ;
#867 = EDGE_CURVE ( 'NONE', #55, #1649, #1048, .T. ) ;
#868 = EDGE_CURVE ( 'NONE', #1501, #778, #1958, .T. ) ;
#869 = ORIENTED_EDGE ( 'NONE', *, *, #42, .T. ) ;
#870 = FACE_OUTER_BOUND ( 'NONE', #519, .T. ) ;
#871 = CARTESIAN_POINT ( 'NONE',  ( -13.29105590657982106, 0.000000000000000000, 13.19549783445958013 ) ) ;
#872 = CARTESIAN_POINT ( 'NONE',  ( 0.000000000000000000, 24.99999999999999645, 13.19549783445958013 ) ) ;
#873 = ADVANCED_FACE ( 'NONE', ( #1619 ), #1589, .T. ) ;
#874 = ORIENTED_EDGE ( 'NONE', *, *, #2331, .T. ) ;
#875 = LINE ( 'NONE', #2373, #1502 ) ;
#876 = EDGE_CURVE ( 'NONE', #1243, #1867, #2346, .T. ) ;
#877 = DIRECTION ( 'NONE',  ( 0.000000000000000000, -1.000000000000000000, 0.000000000000000000 ) ) ;
#878 = DIRECTION ( 'NONE',  ( 0.000000000000000000, 0.000000000000000000, -1.000000000000000000 ) ) ;
#879 = ORIENTED_EDGE ( 'NONE', *, *, #1785, .F. ) ;
#880 = VECTOR ( 'NONE', #1674, 1000.000000000000000 ) ;
#881 = ORIENTED_EDGE ( 'NONE', *, *, #876, .T. ) ;
#882 = DIRECTION ( 'NONE',  ( -0.000000000000000000, 1.000000000000000000, -0.000000000000000000 ) ) ;
#883 = VERTEX_POINT ( 'NONE', #660 ) ;
#884 = CARTESIAN_POINT ( 'NONE',  ( -17.29105590657982106, 1.012464023903132450E-15, 13.78128427208648255 ) ) ;
#885 = CARTESIAN_POINT ( 'NONE',  ( -13.29105590657982106, 26.00000000000000000, 13.19549783445958013 ) ) ;
#886 = ADVANCED_FACE ( 'NONE', ( #870 ), #1414, .T. ) ;
#887 = ORIENTED_EDGE ( 'NONE', *, *, #868, .F. ) ;
#888 = CARTESIAN_POINT ( 'NONE',  ( -33.79105590657982816, 26.00000000000000000, 12.69549783445958013 ) ) ;
#889 = VECTOR ( 'NONE', #593, 1000.000000000000000 ) ;
#890 = DIRECTION ( 'NONE',  ( 1.000000000000000000, -0.000000000000000000, 0.000000000000000000 ) ) ;
#891 = DIRECTION ( 'NONE',  ( 0.000000000000000000, 0.000000000000000000, 1.000000000000000000 ) ) ;
#892 = SECURITY_CLASSIFICATION ( '', '', #543 ) ;
#893 = VERTEX_POINT ( 'NONE', #100 ) ;
#894 = ORIENTED_EDGE ( 'NONE', *, *, #1776, .T. ) ;
#895 = DIRECTION ( 'NONE',  ( -0.000000000000000000, -0.000000000000000000, 1.000000000000000000 ) ) ;
#896 = CARTESIAN_POINT ( 'NONE',  ( -25.29105590657982461, 1.000000000000000888, 14.19549783445957836 ) ) ;
#897 = EDGE_CURVE ( 'NONE', #167, #165, #1948, .T. ) ;
#898 = DIRECTION ( 'NONE',  ( 0.000000000000000000, 1.000000000000000000, 0.000000000000000000 ) ) ;
#899 = CALENDAR_DATE ( 2026, 7, 9 ) ;
#900 = ORIENTED_EDGE ( 'NONE', *, *, #1806, .T. ) ;
#901 = FACE_OUTER_BOUND ( 'NONE', #846, .T. ) ;
#902 = ORIENTED_EDGE ( 'NONE', *, *, #2361, .T. ) ;
#903 = DIRECTION ( 'NONE',  ( 6.672013369141566696E-17, 1.000000000000000000, 0.000000000000000000 ) ) ;
#904 = EDGE_LOOP ( 'NONE', ( #858, #1267, #874, #1758 ) ) ;
#905 = ORIENTED_EDGE ( 'NONE', *, *, #923, .F. ) ;
#906 = DIRECTION ( 'NONE',  ( 0.000000000000000000, 0.000000000000000000, 1.000000000000000000 ) ) ;
#907 = DIRECTION ( 'NONE',  ( -1.000000000000000000, 0.000000000000000000, -0.000000000000000000 ) ) ;
#908 = CALENDAR_DATE ( 2026, 7, 9 ) ;
#909 = ORIENTED_EDGE ( 'NONE', *, *, #568, .T. ) ;
#910 = DIRECTION ( 'NONE',  ( 6.672013369141565463E-17, 1.000000000000000000, 0.000000000000000000 ) ) ;
#911 = CC_DESIGN_PERSON_AND_ORGANIZATION_ASSIGNMENT ( #1010, #1745, ( #1658 ) ) ;
#912 = CARTESIAN_POINT ( 'NONE',  ( -30.79105590657982461, 26.00000000000000000, 13.19549783445958013 ) ) ;
#913 = ORIENTED_EDGE ( 'NONE', *, *, #502, .F. ) ;
#914 = ORIENTED_EDGE ( 'NONE', *, *, #344, .T. ) ;
#915 = EDGE_CURVE ( 'NONE', #1434, #417, #2186, .T. ) ;
#916 = VECTOR ( 'NONE', #898, 1000.000000000000000 ) ;
#917 = VECTOR ( 'NONE', #1743, 1000.000000000000000 ) ;
#918 = ORIENTED_EDGE ( 'NONE', *, *, #413, .T. ) ;
#919 = CARTESIAN_POINT ( 'NONE',  ( -6.291055906579821944, 0.000000000000000000, 12.69549783445958013 ) ) ;
#920 = VECTOR ( 'NONE', #1367, 1000.000000000000000 ) ;
#921 = ADVANCED_FACE ( 'NONE', ( #328 ), #1062, .T. ) ;
#922 = ORIENTED_EDGE ( 'NONE', *, *, #697, .F. ) ;
#923 = EDGE_CURVE ( 'NONE', #383, #1154, #1213, .T. ) ;
#924 = VECTOR ( 'NONE', #1562, 1000.000000000000000 ) ;
#925 = ORIENTED_EDGE ( 'NONE', *, *, #1531, .F. ) ;
#926 = VERTEX_POINT ( 'NONE', #1808 ) ;
#927 = ORIENTED_EDGE ( 'NONE', *, *, #1245, .T. ) ;
#928 = ORIENTED_EDGE ( 'NONE', *, *, #368, .T. ) ;
#929 =( BOUNDED_CURVE ( )  B_SPLINE_CURVE ( 3, ( #1752, #982, #75, #999 ),
 .UNSPECIFIED., .F., .T. ) 
 B_SPLINE_CURVE_WITH_KNOTS ( ( 4, 4 ),
 ( 4.712388980384689674, 6.283185307179584456 ),
 .UNSPECIFIED. ) 
 CURVE ( )  GEOMETRIC_REPRESENTATION_ITEM ( )  RATIONAL_B_SPLINE_CURVE ( ( 1.000000000000000000, 0.8047378541243649375, 0.8047378541243649375, 1.000000000000000000 ) ) 
 REPRESENTATION_ITEM ( '' )  );
#930 = DIRECTION ( 'NONE',  ( 0.000000000000000000, 1.000000000000000000, 0.000000000000000000 ) ) ;
#931 = EDGE_CURVE ( 'NONE', #1803, #2295, #2100, .T. ) ;
#932 = CARTESIAN_POINT ( 'NONE',  ( -36.29105590657982816, 1.000000000000000888, 14.19549783445957836 ) ) ;
#933 = DIRECTION ( 'NONE',  ( 1.000000000000000000, -0.000000000000000000, 0.000000000000000000 ) ) ;
#934 = ORIENTED_EDGE ( 'NONE', *, *, #1038, .F. ) ;
#935 = ORIENTED_EDGE ( 'NONE', *, *, #1785, .T. ) ;
#936 = DIRECTION ( 'NONE',  ( 6.672013369141565463E-17, -1.000000000000000000, 0.000000000000000000 ) ) ;
#937 = ORIENTED_EDGE ( 'NONE', *, *, #2160, .T. ) ;
#938 = LINE ( 'NONE', #733, #1107 ) ;
#939 = LINE ( 'NONE', #2420, #1515 ) ;
#940 = EDGE_CURVE ( 'NONE', #1833, #2372, #699, .T. ) ;
#941 = DIRECTION ( 'NONE',  ( -0.000000000000000000, -0.000000000000000000, 1.000000000000000000 ) ) ;
#942 =( BOUNDED_CURVE ( )  B_SPLINE_CURVE ( 3, ( #111, #884, #844, #1610 ),
 .UNSPECIFIED., .F., .T. ) 
 B_SPLINE_CURVE_WITH_KNOTS ( ( 4, 4 ),
 ( 3.141592653589793116, 4.712388980384689674 ),
 .UNSPECIFIED. ) 
 CURVE ( )  GEOMETRIC_REPRESENTATION_ITEM ( )  RATIONAL_B_SPLINE_CURVE ( ( 1.000000000000000000, 0.8047378541243649375, 0.8047378541243649375, 1.000000000000000000 ) ) 
 REPRESENTATION_ITEM ( '' )  );
#943 = EDGE_CURVE ( 'NONE', #1856, #548, #1834, .T. ) ;
#944 = PLANE ( 'NONE',  #1378 ) ;
#945 = EDGE_CURVE ( 'NONE', #1833, #604, #1859, .T. ) ;
#946 = ORIENTED_EDGE ( 'NONE', *, *, #1308, .T. ) ;
#947 = ORIENTED_EDGE ( 'NONE', *, *, #2361, .F. ) ;
#948 = PLANE ( 'NONE',  #2222 ) ;
#949 = DIRECTION ( 'NONE',  ( -3.336006684570782732E-17, -1.000000000000000000, 0.000000000000000000 ) ) ;
#950 = VERTEX_POINT ( 'NONE', #1294 ) ;
#951 = CARTESIAN_POINT ( 'NONE',  ( -39.29105590657982816, 0.000000000000000000, 12.69549783445958013 ) ) ;
#952 = CARTESIAN_POINT ( 'NONE',  ( -32.79105590657982816, 24.99999999999999645, 14.19549783445957836 ) ) ;
#953 = VECTOR ( 'NONE', #1244, 1000.000000000000000 ) ;
#954 = CARTESIAN_POINT ( 'NONE',  ( 3.208944093420178945, 26.00000000000000000, 12.69549783445958013 ) ) ;
#955 =( BOUNDED_CURVE ( )  B_SPLINE_CURVE ( 3, ( #2033, #2213, #1259, #323 ),
 .UNSPECIFIED., .F., .F. ) 
 B_SPLINE_CURVE_WITH_KNOTS ( ( 4, 4 ),
 ( 4.712388980384689674, 6.283185307179586232 ),
 .UNSPECIFIED. ) 
 CURVE ( )  GEOMETRIC_REPRESENTATION_ITEM ( )  RATIONAL_B_SPLINE_CURVE ( ( 1.000000000000000000, 0.8047378541243649375, 0.8047378541243649375, 1.000000000000000000 ) ) 
 REPRESENTATION_ITEM ( '' )  );
#956 = ORIENTED_EDGE ( 'NONE', *, *, #96, .F. ) ;
#957 = ORIENTED_EDGE ( 'NONE', *, *, #2240, .F. ) ;
#958 = DIRECTION ( 'NONE',  ( 0.000000000000000000, 1.000000000000000000, 0.000000000000000000 ) ) ;
#959 = DIRECTION ( 'NONE',  ( 1.000000000000000000, 0.000000000000000000, 0.000000000000000000 ) ) ;
#960 = ORIENTED_EDGE ( 'NONE', *, *, #1300, .T. ) ;
#961 = VECTOR ( 'NONE', #1007, 1000.000000000000000 ) ;
#962 = LINE ( 'NONE', #1136, #2095 ) ;
#963 = DIRECTION ( 'NONE',  ( -1.000000000000000000, -0.000000000000000000, -0.000000000000000000 ) ) ;
#964 = CARTESIAN_POINT ( 'NONE',  ( -7.791055906579821944, 26.00000000000000000, 13.19549783445958013 ) ) ;
#965 = EDGE_CURVE ( 'NONE', #1638, #1856, #549, .T. ) ;
#966 = DIRECTION ( 'NONE',  ( -0.000000000000000000, -0.000000000000000000, 1.000000000000000000 ) ) ;
#967 = VERTEX_POINT ( 'NONE', #2030 ) ;
#968 = DIRECTION ( 'NONE',  ( 0.000000000000000000, 0.000000000000000000, -1.000000000000000000 ) ) ;
#969 = DIRECTION ( 'NONE',  ( -1.000000000000000000, 0.000000000000000000, -0.000000000000000000 ) ) ;
#970 = LINE ( 'NONE', #1701, #1316 ) ;
#971 = ORIENTED_EDGE ( 'NONE', *, *, #113, .F. ) ;
#972 = CARTESIAN_POINT ( 'NONE',  ( -19.20526946895292042, 25.58578643762690419, 14.19549783445957836 ) ) ;
#973 = CARTESIAN_POINT ( 'NONE',  ( -18.79105590657982106, 0.000000000000000000, 12.69549783445958013 ) ) ;
#974 = CARTESIAN_POINT ( 'NONE',  ( 8.294730531047067146, 0.4142135623730961447, 14.19549783445957658 ) ) ;
#975 = ORIENTED_EDGE ( 'NONE', *, *, #1047, .T. ) ;
#976 = ORIENTED_EDGE ( 'NONE', *, *, #368, .F. ) ;
#977 = CARTESIAN_POINT ( 'NONE',  ( 0.000000000000000000, 24.99999999999999645, 13.19549783445958013 ) ) ;
#978 = DIRECTION ( 'NONE',  ( -0.000000000000000000, 1.000000000000000000, 0.000000000000000000 ) ) ;
#979 = ORIENTED_EDGE ( 'NONE', *, *, #2122, .F. ) ;
#980 = LINE ( 'NONE', #2089, #377 ) ;
#981 = LINE ( 'NONE', #2115, #2020 ) ;
#982 = CARTESIAN_POINT ( 'NONE',  ( -44.37684234420674301, 25.58578643762690419, 14.19549783445957836 ) ) ;
#983 = DIRECTION ( 'NONE',  ( 1.000000000000000000, -0.000000000000000000, 0.000000000000000000 ) ) ;
#984 = EDGE_CURVE ( 'NONE', #750, #778, #168, .T. ) ;
#985 = VECTOR ( 'NONE', #611, 1000.000000000000000 ) ;
#986 = ORIENTED_EDGE ( 'NONE', *, *, #372, .F. ) ;
#987 = DIRECTION ( 'NONE',  ( 1.000000000000000000, 0.000000000000000000, 0.000000000000000000 ) ) ;
#988 = AXIS2_PLACEMENT_3D ( 'NONE', #2024, #2199, #1429 ) ;
#989 = VECTOR ( 'NONE', #1108, 1000.000000000000000 ) ;
#990 = ORIENTED_EDGE ( 'NONE', *, *, #1901, .T. ) ;
#991 = EDGE_CURVE ( 'NONE', #1842, #2129, #1287, .T. ) ;
#992 = DIRECTION ( 'NONE',  ( -1.000000000000000000, 0.000000000000000000, -0.000000000000000000 ) ) ;
#993 = DIRECTION ( 'NONE',  ( 1.000000000000000000, 0.000000000000000000, 0.000000000000000000 ) ) ;
#994 = ORIENTED_EDGE ( 'NONE', *, *, #1000, .F. ) ;
#995 = EDGE_CURVE ( 'NONE', #2112, #2164, #850, .T. ) ;
#996 = FACE_OUTER_BOUND ( 'NONE', #1067, .T. ) ;
#997 = CARTESIAN_POINT ( 'NONE',  ( -7.791055906579823720, 1.084202172485504434E-15, 13.78128427208648255 ) ) ;
#998 = AXIS2_PLACEMENT_3D ( 'NONE', #669, #816, #2165 ) ;
#999 = CARTESIAN_POINT ( 'NONE',  ( -44.79105590657983527, 26.00000000000000000, 13.19549783445958191 ) ) ;
#1000 = EDGE_CURVE ( 'NONE', #819, #1460, #178, .T. ) ;
#1001 = DIRECTION ( 'NONE',  ( 1.000000000000000000, -0.000000000000000000, 0.000000000000000000 ) ) ;
#1002 = CARTESIAN_POINT ( 'NONE',  ( -0.7910559065798230538, 26.00000000000000000, 12.69549783445958013 ) ) ;
#1003 = VERTEX_POINT ( 'NONE', #1072 ) ;
#1004 = CARTESIAN_POINT ( 'NONE',  ( -7.791055906579821944, 26.00000000000000000, 13.19549783445958013 ) ) ;
#1005 = LINE ( 'NONE', #1015, #1653 ) ;
#1006 = ORIENTED_EDGE ( 'NONE', *, *, #516, .F. ) ;
#1007 = DIRECTION ( 'NONE',  ( -0.000000000000000000, -0.000000000000000000, 1.000000000000000000 ) ) ;
#1008 = CARTESIAN_POINT ( 'NONE',  ( -24.29105590657982461, 26.00000000000000000, 13.19549783445958013 ) ) ;
#1009 = CARTESIAN_POINT ( 'NONE',  ( -14.29105590657982283, 24.99999999999999645, 14.19549783445957836 ) ) ;
#1010 = PERSON_AND_ORGANIZATION ( #18, #1443 ) ;
#1011 = ORIENTED_EDGE ( 'NONE', *, *, #2231, .T. ) ;
#1012 = FACE_OUTER_BOUND ( 'NONE', #1582, .T. ) ;
#1013 = EDGE_CURVE ( 'NONE', #814, #2164, #2419, .T. ) ;
#1014 = DIRECTION ( 'NONE',  ( -1.000000000000000000, 0.000000000000000000, -0.000000000000000000 ) ) ;
#1015 = CARTESIAN_POINT ( 'NONE',  ( -13.29105590657982106, 0.000000000000000000, 12.69549783445958013 ) ) ;
#1016 =( BOUNDED_CURVE ( )  B_SPLINE_CURVE ( 3, ( #1355, #1880, #1679, #762 ),
 .UNSPECIFIED., .F., .T. ) 
 B_SPLINE_CURVE_WITH_KNOTS ( ( 4, 4 ),
 ( 3.141592653589793116, 4.712388980384689674 ),
 .UNSPECIFIED. ) 
 CURVE ( )  GEOMETRIC_REPRESENTATION_ITEM ( )  RATIONAL_B_SPLINE_CURVE ( ( 1.000000000000000000, 0.8047378541243649375, 0.8047378541243649375, 1.000000000000000000 ) ) 
 REPRESENTATION_ITEM ( '' )  );
#1017 = ORIENTED_EDGE ( 'NONE', *, *, #1560, .F. ) ;
#1018 = ORIENTED_EDGE ( 'NONE', *, *, #484, .T. ) ;
#1019 = FACE_OUTER_BOUND ( 'NONE', #2330, .T. ) ;
#1020 = CARTESIAN_POINT ( 'NONE',  ( -30.79105590657982461, 26.00000000000000000, 14.19549783445957836 ) ) ;
#1021 = CARTESIAN_POINT ( 'NONE',  ( -25.29105590657982461, 24.99999999999999645, 14.19549783445957836 ) ) ;
#1022 = CARTESIAN_POINT ( 'NONE',  ( -25.29105590657982461, 26.00000000000000000, 14.19549783445957836 ) ) ;
#1023 = LINE ( 'NONE', #1227, #694 ) ;
#1024 = DIRECTION ( 'NONE',  ( 0.000000000000000000, 1.000000000000000000, 0.000000000000000000 ) ) ;
#1025 = EDGE_CURVE ( 'NONE', #1179, #1799, #938, .T. ) ;
#1026 = VECTOR ( 'NONE', #2348, 1000.000000000000000 ) ;
#1027 = VERTEX_POINT ( 'NONE', #1310 ) ;
#1028 = DIRECTION ( 'NONE',  ( -0.000000000000000000, 1.000000000000000000, -0.000000000000000000 ) ) ;
#1029 = DIRECTION ( 'NONE',  ( 0.000000000000000000, 0.000000000000000000, -1.000000000000000000 ) ) ;
#1030 = EDGE_LOOP ( 'NONE', ( #1279, #2242, #1702, #1703 ) ) ;
#1031 = CARTESIAN_POINT ( 'NONE',  ( 0.2089440934201769740, 24.99999999999999645, 14.19549783445957836 ) ) ;
#1032 =( BOUNDED_CURVE ( )  B_SPLINE_CURVE ( 3, ( #1255, #471, #1590, #2347 ),
 .UNSPECIFIED., .F., .T. ) 
 B_SPLINE_CURVE_WITH_KNOTS ( ( 4, 4 ),
 ( 3.141592653589793116, 4.712388980384689674 ),
 .UNSPECIFIED. ) 
 CURVE ( )  GEOMETRIC_REPRESENTATION_ITEM ( )  RATIONAL_B_SPLINE_CURVE ( ( 1.000000000000000000, 0.8047378541243649375, 0.8047378541243649375, 1.000000000000000000 ) ) 
 REPRESENTATION_ITEM ( '' )  );
#1033 = CARTESIAN_POINT ( 'NONE',  ( 8.708944093420157628, 26.00000000000000000, -3.804502165540419423 ) ) ;
#1034 = CARTESIAN_POINT ( 'NONE',  ( -13.70526946895291687, 0.4142135623730961447, 14.19549783445957836 ) ) ;
#1035 = CARTESIAN_POINT ( 'NONE',  ( -18.79105590657982106, 26.00000000000000000, 13.19549783445958013 ) ) ;
#1036 = VECTOR ( 'NONE', #1931, 1000.000000000000000 ) ;
#1037 = VECTOR ( 'NONE', #1778, 1000.000000000000000 ) ;
#1038 = EDGE_CURVE ( 'NONE', #1629, #164, #2101, .T. ) ;
#1039 = ORIENTED_EDGE ( 'NONE', *, *, #455, .F. ) ;
#1040 = CARTESIAN_POINT ( 'NONE',  ( -28.29105590657982461, 0.000000000000000000, 12.69549783445958013 ) ) ;
#1041 = FACE_OUTER_BOUND ( 'NONE', #682, .T. ) ;
#1042 = EDGE_CURVE ( 'NONE', #926, #1629, #792, .T. ) ;
#1043 = EDGE_LOOP ( 'NONE', ( #617, #851, #797, #1807 ) ) ;
#1044 = ORIENTED_EDGE ( 'NONE', *, *, #316, .F. ) ;
#1045 = CARTESIAN_POINT ( 'NONE',  ( -44.79105590657983527, 0.000000000000000000, 13.19549783445958191 ) ) ;
#1046 = LINE ( 'NONE', #1794, #2093 ) ;
#1047 = EDGE_CURVE ( 'NONE', #322, #1131, #37, .T. ) ;
#1048 = LINE ( 'NONE', #854, #1613 ) ;
#1049 = CARTESIAN_POINT ( 'NONE',  ( -11.79105590657981928, 26.00000000000000355, 13.78128427208648255 ) ) ;
#1050 = EDGE_CURVE ( 'NONE', #674, #1478, #980, .T. ) ;
#1051 = CARTESIAN_POINT ( 'NONE',  ( 8.708944093420157628, 0.000000000000000000, -3.804502165540419423 ) ) ;
#1052 = ORIENTED_EDGE ( 'NONE', *, *, #758, .T. ) ;
#1053 = DIRECTION ( 'NONE',  ( -1.000000000000000000, 0.000000000000000000, -0.000000000000000000 ) ) ;
#1054 = CARTESIAN_POINT ( 'NONE',  ( -44.79105590657983527, 1.000000000000000888, 14.19549783445957836 ) ) ;
#1055 = FACE_OUTER_BOUND ( 'NONE', #2018, .T. ) ;
#1056 = ORIENTED_EDGE ( 'NONE', *, *, #1183, .T. ) ;
#1057 = CC_DESIGN_DATE_AND_TIME_ASSIGNMENT ( #1728, #183, ( #1658 ) ) ;
#1058 = DIRECTION ( 'NONE',  ( 1.000000000000000000, -0.000000000000000000, 0.000000000000000000 ) ) ;
#1059 = DIRECTION ( 'NONE',  ( 0.000000000000000000, 0.000000000000000000, 1.000000000000000000 ) ) ;
#1060 = VECTOR ( 'NONE', #280, 1000.000000000000000 ) ;
#1061 = ORIENTED_EDGE ( 'NONE', *, *, #151, .F. ) ;
#1062 = CYLINDRICAL_SURFACE ( 'NONE', #1721, 1.000000000000000000 ) ;
#1063 = LINE ( 'NONE', #1035, #1068 ) ;
#1064 = EDGE_LOOP ( 'NONE', ( #2293, #2083, #2383, #1715 ) ) ;
#1065 = CYLINDRICAL_SURFACE ( 'NONE', #342, 0.9999999999999991118 ) ;
#1066 = DIRECTION ( 'NONE',  ( 0.000000000000000000, 0.000000000000000000, 1.000000000000000000 ) ) ;
#1067 = EDGE_LOOP ( 'NONE', ( #1643, #720, #393, #1489 ) ) ;
#1068 = VECTOR ( 'NONE', #1270, 1000.000000000000000 ) ;
#1069 = AXIS2_PLACEMENT_3D ( 'NONE', #1625, #2225, #1612 ) ;
#1070 = EDGE_CURVE ( 'NONE', #796, #397, #623, .T. ) ;
#1071 = ORIENTED_EDGE ( 'NONE', *, *, #1707, .F. ) ;
#1072 = CARTESIAN_POINT ( 'NONE',  ( -22.79105590657982106, 0.000000000000000000, 13.19549783445958013 ) ) ;
#1073 = DIRECTION ( 'NONE',  ( 0.000000000000000000, 0.000000000000000000, -1.000000000000000000 ) ) ;
#1074 = FACE_OUTER_BOUND ( 'NONE', #1064, .T. ) ;
#1075 = ADVANCED_FACE ( 'NONE', ( #996 ), #1373, .F. ) ;
#1076 = ORIENTED_EDGE ( 'NONE', *, *, #198, .T. ) ;
#1077 = DIRECTION ( 'NONE',  ( -0.000000000000000000, 1.000000000000000000, -0.000000000000000000 ) ) ;
#1078 = VECTOR ( 'NONE', #216, 1000.000000000000000 ) ;
#1079 = AXIS2_PLACEMENT_3D ( 'NONE', #431, #1885, #1170 ) ;
#1080 = LINE ( 'NONE', #1054, #657 ) ;
#1081 = VERTEX_POINT ( 'NONE', #1921 ) ;
#1082 = CARTESIAN_POINT ( 'NONE',  ( 3.208944093420178945, 26.00000000000000000, 13.19549783445958013 ) ) ;
#1083 = EDGE_LOOP ( 'NONE', ( #500, #22, #975, #1858 ) ) ;
#1084 = ORIENTED_EDGE ( 'NONE', *, *, #2423, .T. ) ;
#1085 = VECTOR ( 'NONE', #308, 1000.000000000000000 ) ;
#1086 = CARTESIAN_POINT ( 'NONE',  ( -40.79105590657982816, 0.000000000000000000, 12.69549783445958013 ) ) ;
#1087 = LINE ( 'NONE', #2041, #41 ) ;
#1088 = CARTESIAN_POINT ( 'NONE',  ( -44.79105590657983527, 26.00000000000000000, -3.804502165540419423 ) ) ;
#1089 = ORIENTED_EDGE ( 'NONE', *, *, #2247, .F. ) ;
#1090 = FACE_OUTER_BOUND ( 'NONE', #2189, .T. ) ;
#1091 = ADVANCED_FACE ( 'NONE', ( #85 ), #1344, .T. ) ;
#1092 = EDGE_LOOP ( 'NONE', ( #607, #158, #2389, #2406 ) ) ;
#1093 = ORIENTED_EDGE ( 'NONE', *, *, #2067, .T. ) ;
#1094 = PLANE ( 'NONE',  #460 ) ;
#1095 = ORIENTED_EDGE ( 'NONE', *, *, #28, .T. ) ;
#1096 = ORIENTED_EDGE ( 'NONE', *, *, #945, .F. ) ;
#1097 = FACE_OUTER_BOUND ( 'NONE', #1786, .T. ) ;
#1098 =( BOUNDED_CURVE ( )  B_SPLINE_CURVE ( 3, ( #1585, #1203, #1955, #1801 ),
 .UNSPECIFIED., .F., .T. ) 
 B_SPLINE_CURVE_WITH_KNOTS ( ( 4, 4 ),
 ( 1.570796326794896558, 3.141592653589793116 ),
 .UNSPECIFIED. ) 
 CURVE ( )  GEOMETRIC_REPRESENTATION_ITEM ( )  RATIONAL_B_SPLINE_CURVE ( ( 1.000000000000000000, 0.8047378541243649375, 0.8047378541243649375, 1.000000000000000000 ) ) 
 REPRESENTATION_ITEM ( '' )  );
#1099 = ORIENTED_EDGE ( 'NONE', *, *, #815, .F. ) ;
#1100 = DIRECTION ( 'NONE',  ( 0.000000000000000000, -0.000000000000000000, 1.000000000000000000 ) ) ;
#1101 = DIRECTION ( 'NONE',  ( -1.000000000000000000, -0.000000000000000000, -0.000000000000000000 ) ) ;
#1102 =( NAMED_UNIT ( * ) PLANE_ANGLE_UNIT ( ) SI_UNIT ( $, .RADIAN. ) );
#1103 = ORIENTED_EDGE ( 'NONE', *, *, #1596, .T. ) ;
#1104 = LINE ( 'NONE', #21, #421 ) ;
#1105 = VECTOR ( 'NONE', #1784, 1000.000000000000000 ) ;
#1106 = ORIENTED_EDGE ( 'NONE', *, *, #697, .T. ) ;
#1107 = VECTOR ( 'NONE', #1660, 1000.000000000000000 ) ;
#1108 = DIRECTION ( 'NONE',  ( 1.000000000000000000, -0.000000000000000000, 0.000000000000000000 ) ) ;
#1109 = CARTESIAN_POINT ( 'NONE',  ( -24.70526946895292042, 0.4142135623730961447, 14.19549783445957836 ) ) ;
#1110 = EDGE_CURVE ( 'NONE', #1514, #814, #1504, .T. ) ;
#1111 = CYLINDRICAL_SURFACE ( 'NONE', #1813, 0.9999999999999991118 ) ;
#1112 = DIRECTION ( 'NONE',  ( -1.000000000000000000, 0.000000000000000000, -0.000000000000000000 ) ) ;
#1113 = AXIS2_PLACEMENT_3D ( 'NONE', #1435, #2184, #1991 ) ;
#1114 = ORIENTED_EDGE ( 'NONE', *, *, #1796, .F. ) ;
#1115 = ORIENTED_EDGE ( 'NONE', *, *, #646, .F. ) ;
#1116 = EDGE_CURVE ( 'NONE', #1609, #67, #962, .T. ) ;
#1117 = LOCAL_TIME ( 18, 35, 17.00000000000000000, #1524 ) ;
#1118 = DIRECTION ( 'NONE',  ( -0.000000000000000000, -0.000000000000000000, 1.000000000000000000 ) ) ;
#1119 = ORIENTED_EDGE ( 'NONE', *, *, #1479, .T. ) ;
#1120 = ORIENTED_EDGE ( 'NONE', *, *, #143, .F. ) ;
#1121 = DIRECTION ( 'NONE',  ( 0.000000000000000000, -1.000000000000000000, 0.000000000000000000 ) ) ;
#1122 = CYLINDRICAL_SURFACE ( 'NONE', #1401, 0.9999999999999991118 ) ;
#1123 = ADVANCED_FACE ( 'NONE', ( #1161 ), #1704, .T. ) ;
#1124 = LINE ( 'NONE', #542, #223 ) ;
#1125 = EDGE_CURVE ( 'NONE', #2164, #1867, #1717, .T. ) ;
#1126 = APPROVAL_ROLE ( '' ) ;
#1127 = ORIENTED_EDGE ( 'NONE', *, *, #316, .T. ) ;
#1128 = CARTESIAN_POINT ( 'NONE',  ( -44.79105590657983527, 2.053029768809592126E-15, 13.78128427208648432 ) ) ;
#1129 = PLANE ( 'NONE',  #2118 ) ;
#1130 = CARTESIAN_POINT ( 'NONE',  ( -35.70526946895292042, 0.4142135623730961447, 14.19549783445957836 ) ) ;
#1131 = VERTEX_POINT ( 'NONE', #578 ) ;
#1132 = CYLINDRICAL_SURFACE ( 'NONE', #1884, 1.000000000000000888 ) ;
#1133 = DIRECTION ( 'NONE',  ( 1.000000000000000000, 0.000000000000000000, 0.000000000000000000 ) ) ;
#1134 = LINE ( 'NONE', #1882, #1078 ) ;
#1135 = ORIENTED_EDGE ( 'NONE', *, *, #1386, .F. ) ;
#1136 = CARTESIAN_POINT ( 'NONE',  ( -44.79105590657983527, 26.00000000000000000, -3.804502165540419423 ) ) ;
#1137 = FACE_OUTER_BOUND ( 'NONE', #827, .T. ) ;
#1138 = EDGE_CURVE ( 'NONE', #1639, #1200, #1324, .T. ) ;
#1139 = CARTESIAN_POINT ( 'NONE',  ( -33.79105590657982816, 26.00000000000000000, 13.19549783445958013 ) ) ;
#1140 = APPROVAL_DATE_TIME ( #793, #1230 ) ;
#1141 = VECTOR ( 'NONE', #294, 1000.000000000000000 ) ;
#1142 = DIRECTION ( 'NONE',  ( -0.000000000000000000, 0.000000000000000000, 1.000000000000000000 ) ) ;
#1143 = DIRECTION ( 'NONE',  ( 0.000000000000000000, 0.000000000000000000, 1.000000000000000000 ) ) ;
#1144 = ORIENTED_EDGE ( 'NONE', *, *, #1461, .T. ) ;
#1145 = CARTESIAN_POINT ( 'NONE',  ( -28.29105590657982461, 26.00000000000000000, 12.69549783445958013 ) ) ;
#1146 = ORIENTED_EDGE ( 'NONE', *, *, #444, .F. ) ;
#1147 = ORIENTED_EDGE ( 'NONE', *, *, #1949, .F. ) ;
#1148 = DIRECTION ( 'NONE',  ( 0.000000000000000000, 0.000000000000000000, 1.000000000000000000 ) ) ;
#1149 = ADVANCED_FACE ( 'NONE', ( #1019 ), #2354, .F. ) ;
#1150 = VECTOR ( 'NONE', #711, 1000.000000000000000 ) ;
#1151 = CARTESIAN_POINT ( 'NONE',  ( -44.79105590657983527, 1.000000000000000888, 14.19549783445957836 ) ) ;
#1152 = VECTOR ( 'NONE', #1201, 1000.000000000000000 ) ;
#1153 = DIRECTION ( 'NONE',  ( 0.000000000000000000, -1.000000000000000000, 0.000000000000000000 ) ) ;
#1154 = VERTEX_POINT ( 'NONE', #278 ) ;
#1155 = DIRECTION ( 'NONE',  ( 0.000000000000000000, -1.000000000000000000, 0.000000000000000000 ) ) ;
#1156 = CYLINDRICAL_SURFACE ( 'NONE', #2264, 0.9999999999999991118 ) ;
#1157 = DIRECTION ( 'NONE',  ( 0.000000000000000000, 1.000000000000000000, 0.000000000000000000 ) ) ;
#1158 = VERTEX_POINT ( 'NONE', #2152 ) ;
#1159 = VERTEX_POINT ( 'NONE', #1045 ) ;
#1160 = AXIS2_PLACEMENT_3D ( 'NONE', #1413, #288, #2333 ) ;
#1161 = FACE_OUTER_BOUND ( 'NONE', #1207, .T. ) ;
#1162 = CARTESIAN_POINT ( 'NONE',  ( 8.708944093420162957, 26.00000000000000000, 13.19549783445957480 ) ) ;
#1163 = FACE_OUTER_BOUND ( 'NONE', #1488, .T. ) ;
#1164 = AXIS2_PLACEMENT_3D ( 'NONE', #1966, #1029, #1593 ) ;
#1165 = ORIENTED_EDGE ( 'NONE', *, *, #1125, .T. ) ;
#1166 = ORIENTED_EDGE ( 'NONE', *, *, #663, .F. ) ;
#1167 = CARTESIAN_POINT ( 'NONE',  ( -11.79105590657982106, 0.000000000000000000, 12.69549783445958013 ) ) ;
#1168 = CARTESIAN_POINT ( 'NONE',  ( -16.87684234420672524, 25.58578643762690419, 14.19549783445957836 ) ) ;
#1169 = ORIENTED_EDGE ( 'NONE', *, *, #1652, .F. ) ;
#1170 = DIRECTION ( 'NONE',  ( 1.000000000000000000, 0.000000000000000000, 0.000000000000000000 ) ) ;
#1171 = EDGE_CURVE ( 'NONE', #591, #1842, #1793, .T. ) ;
#1172 = DIRECTION ( 'NONE',  ( -0.000000000000000000, -0.000000000000000000, 1.000000000000000000 ) ) ;
#1173 = EDGE_CURVE ( 'NONE', #1685, #1725, #1412, .T. ) ;
#1174 = FACE_OUTER_BOUND ( 'NONE', #373, .T. ) ;
#1175 = CARTESIAN_POINT ( 'NONE',  ( -35.29105590657982816, 26.00000000000000000, 12.69549783445958013 ) ) ;
#1176 = CARTESIAN_POINT ( 'NONE',  ( -41.79105590657983527, 26.00000000000000000, 13.19549783445958013 ) ) ;
#1177 = CYLINDRICAL_SURFACE ( 'NONE', #1275, 0.9999999999999991118 ) ;
#1178 = VERTEX_POINT ( 'NONE', #839 ) ;
#1179 = VERTEX_POINT ( 'NONE', #863 ) ;
#1180 = EDGE_CURVE ( 'NONE', #417, #1685, #680, .T. ) ;
#1181 = LINE ( 'NONE', #219, #1961 ) ;
#1182 = LINE ( 'NONE', #420, #985 ) ;
#1183 = EDGE_CURVE ( 'NONE', #2279, #1685, #525, .T. ) ;
#1184 = CARTESIAN_POINT ( 'NONE',  ( -33.79105590657982816, 0.000000000000000000, 12.69549783445958013 ) ) ;
#1185 = VECTOR ( 'NONE', #784, 1000.000000000000000 ) ;
#1186 = ORIENTED_EDGE ( 'NONE', *, *, #867, .T. ) ;
#1187 = LINE ( 'NONE', #1545, #1026 ) ;
#1188 = ORIENTED_EDGE ( 'NONE', *, *, #218, .T. ) ;
#1189 = CARTESIAN_POINT ( 'NONE',  ( -29.79105590657982461, 26.00000000000000000, 13.19549783445958013 ) ) ;
#1190 = LINE ( 'NONE', #260, #312 ) ;
#1191 = CARTESIAN_POINT ( 'NONE',  ( -13.29105590657982106, 26.00000000000000355, 13.78128427208648255 ) ) ;
#1192 = VERTEX_POINT ( 'NONE', #2415 ) ;
#1193 = ADVANCED_FACE ( 'NONE', ( #696 ), #1449, .F. ) ;
#1194 = DIRECTION ( 'NONE',  ( 0.000000000000000000, 1.000000000000000000, 0.000000000000000000 ) ) ;
#1195 = CARTESIAN_POINT ( 'NONE',  ( -44.79105590657983527, 1.000000000000000888, 13.19549783445958013 ) ) ;
#1196 = CARTESIAN_POINT ( 'NONE',  ( 3.208944093420178945, 26.00000000000000000, 13.19549783445958013 ) ) ;
#1197 = CC_DESIGN_APPROVAL ( #1230, ( #892 ) ) ;
#1198 = EDGE_CURVE ( 'NONE', #293, #1303, #798, .T. ) ;
#1199 = LINE ( 'NONE', #1927, #1718 ) ;
#1200 = VERTEX_POINT ( 'NONE', #1869 ) ;
#1201 = DIRECTION ( 'NONE',  ( -1.000000000000000000, 0.000000000000000000, -0.000000000000000000 ) ) ;
#1202 = DIRECTION ( 'NONE',  ( 6.672013369141565463E-17, 1.000000000000000000, 0.000000000000000000 ) ) ;
#1203 = CARTESIAN_POINT ( 'NONE',  ( -35.70526946895292042, 25.58578643762690419, 14.19549783445957836 ) ) ;
#1204 = ORIENTED_EDGE ( 'NONE', *, *, #2306, .F. ) ;
#1205 = CARTESIAN_POINT ( 'NONE',  ( -29.79105590657982461, 26.00000000000000000, 13.19549783445958013 ) ) ;
#1206 = DIRECTION ( 'NONE',  ( 0.000000000000000000, 0.000000000000000000, -1.000000000000000000 ) ) ;
#1207 = EDGE_LOOP ( 'NONE', ( #213, #136, #718, #2063 ) ) ;
#1208 = CARTESIAN_POINT ( 'NONE',  ( -8.791055906579822832, 1.000000000000000888, 14.19549783445957836 ) ) ;
#1209 = PLANE ( 'NONE',  #1164 ) ;
#1210 = CARTESIAN_POINT ( 'NONE',  ( 7.708944093420163846, 24.99999999999999645, 14.19549783445957836 ) ) ;
#1211 = CARTESIAN_POINT ( 'NONE',  ( -0.7910559065798230538, 26.00000000000000000, 13.19549783445958013 ) ) ;
#1212 = ADVANCED_FACE ( 'NONE', ( #1700 ), #948, .F. ) ;
#1213 = LINE ( 'NONE', #1577, #2172 ) ;
#1214 = CARTESIAN_POINT ( 'NONE',  ( 0.2089440934201777789, 1.000000000000000888, 14.19549783445957836 ) ) ;
#1215 = FACE_OUTER_BOUND ( 'NONE', #378, .T. ) ;
#1216 = ADVANCED_FACE ( 'NONE', ( #1712 ), #1881, .T. ) ;
#1217 = VECTOR ( 'NONE', #941, 1000.000000000000000 ) ;
#1218 = ORIENTED_EDGE ( 'NONE', *, *, #945, .T. ) ;
#1219 = CARTESIAN_POINT ( 'NONE',  ( -44.79105590657983527, 26.00000000000000000, 13.19549783445958191 ) ) ;
#1220 = CARTESIAN_POINT ( 'NONE',  ( -39.29105590657982816, 0.000000000000000000, 12.69549783445958013 ) ) ;
#1221 = CARTESIAN_POINT ( 'NONE',  ( -2.705269468952919532, 0.4142135623730956451, 14.19549783445957836 ) ) ;
#1222 = ADVANCED_FACE ( 'NONE', ( #1550 ), #1368, .F. ) ;
#1223 = VERTEX_POINT ( 'NONE', #1668 ) ;
#1224 = ORIENTED_EDGE ( 'NONE', *, *, #1949, .T. ) ;
#1225 = DIRECTION ( 'NONE',  ( 0.000000000000000000, 0.000000000000000000, 1.000000000000000000 ) ) ;
#1226 = CARTESIAN_POINT ( 'NONE',  ( -40.79105590657982816, 0.000000000000000000, 12.69549783445958013 ) ) ;
#1227 = CARTESIAN_POINT ( 'NONE',  ( -0.7910559065798221656, 0.000000000000000000, 12.69549783445958013 ) ) ;
#1228 = AXIS2_PLACEMENT_3D ( 'NONE', #1764, #108, #841 ) ;
#1229 = LINE ( 'NONE', #1971, #2332 ) ;
#1230 = APPROVAL ( #2032, 'UNSPECIFIED' ) ;
#1231 = VERTEX_POINT ( 'NONE', #753 ) ;
#1232 = PLANE ( 'NONE',  #1427 ) ;
#1233 = FACE_OUTER_BOUND ( 'NONE', #315, .T. ) ;
#1234 = ADVANCED_FACE ( 'NONE', ( #33 ), #427, .F. ) ;
#1235 = ORIENTED_EDGE ( 'NONE', *, *, #791, .F. ) ;
#1236 = VERTEX_POINT ( 'NONE', #2255 ) ;
#1237 = CARTESIAN_POINT ( 'NONE',  ( -30.20526946895291687, 25.58578643762690419, 14.19549783445957836 ) ) ;
#1238 = ADVANCED_FACE ( 'NONE', ( #1319 ), #1906, .T. ) ;
#1239 = CARTESIAN_POINT ( 'NONE',  ( -3.291055906579823720, 26.00000000000000000, 13.19549783445958013 ) ) ;
#1240 = PLANE ( 'NONE',  #1322 ) ;
#1241 = CARTESIAN_POINT ( 'NONE',  ( -39.29105590657982816, 1.012464023903132450E-15, 13.78128427208648255 ) ) ;
#1242 = ADVANCED_FACE ( 'NONE', ( #779 ), #1517, .F. ) ;
#1243 = VERTEX_POINT ( 'NONE', #1528 ) ;
#1244 = DIRECTION ( 'NONE',  ( 1.000000000000000000, 0.000000000000000000, 0.000000000000000000 ) ) ;
#1245 = EDGE_CURVE ( 'NONE', #322, #1158, #2281, .T. ) ;
#1246 = PLANE ( 'NONE',  #775 ) ;
#1247 = VECTOR ( 'NONE', #24, 1000.000000000000000 ) ;
#1248 = EDGE_LOOP ( 'NONE', ( #1204, #465, #1115, #1120 ) ) ;
#1249 = EDGE_LOOP ( 'NONE', ( #217, #2141, #1735, #362 ) ) ;
#1250 = VECTOR ( 'NONE', #1380, 1000.000000000000000 ) ;
#1251 = FACE_OUTER_BOUND ( 'NONE', #1843, .T. ) ;
#1252 = AXIS2_PLACEMENT_3D ( 'NONE', #912, #1647, #2227 ) ;
#1253 = ADVANCED_FACE ( 'NONE', ( #1341 ), #1156, .T. ) ;
#1254 = ORIENTED_EDGE ( 'NONE', *, *, #856, .T. ) ;
#1255 = CARTESIAN_POINT ( 'NONE',  ( -33.79105590657982816, 0.000000000000000000, 13.19549783445958013 ) ) ;
#1256 = CARTESIAN_POINT ( 'NONE',  ( 0.000000000000000000, 0.000000000000000000, 12.69549783445958013 ) ) ;
#1257 = APPROVAL_STATUS ( 'not_yet_approved' ) ;
#1258 = ORIENTED_EDGE ( 'NONE', *, *, #1331, .T. ) ;
#1259 = CARTESIAN_POINT ( 'NONE',  ( -18.79105590657982106, 1.084202172485504434E-15, 13.78128427208648255 ) ) ;
#1260 = CARTESIAN_POINT ( 'NONE',  ( -2.291055906579823720, 26.00000000000000000, 13.19549783445958013 ) ) ;
#1261 = CARTESIAN_POINT ( 'NONE',  ( -29.79105590657982461, 26.00000000000000000, 13.19549783445958013 ) ) ;
#1262 = ORIENTED_EDGE ( 'NONE', *, *, #8, .T. ) ;
#1263 = VECTOR ( 'NONE', #930, 1000.000000000000000 ) ;
#1264 = AXIS2_PLACEMENT_3D ( 'NONE', #1693, #252, #782 ) ;
#1265 = ORIENTED_EDGE ( 'NONE', *, *, #1913, .F. ) ;
#1266 = CARTESIAN_POINT ( 'NONE',  ( -36.29105590657982816, 26.00000000000000000, 14.19549783445957836 ) ) ;
#1267 = ORIENTED_EDGE ( 'NONE', *, *, #1776, .F. ) ;
#1268 = DIRECTION ( 'NONE',  ( 0.000000000000000000, 1.000000000000000000, 0.000000000000000000 ) ) ;
#1269 =( BOUNDED_CURVE ( )  B_SPLINE_CURVE ( 3, ( #34, #764, #1519, #1539 ),
 .UNSPECIFIED., .F., .T. ) 
 B_SPLINE_CURVE_WITH_KNOTS ( ( 4, 4 ),
 ( 0.000000000000000000, 1.570796326794896558 ),
 .UNSPECIFIED. ) 
 CURVE ( )  GEOMETRIC_REPRESENTATION_ITEM ( )  RATIONAL_B_SPLINE_CURVE ( ( 1.000000000000000000, 0.8047378541243649375, 0.8047378541243649375, 1.000000000000000000 ) ) 
 REPRESENTATION_ITEM ( '' )  );
#1270 = DIRECTION ( 'NONE',  ( 0.000000000000000000, -1.000000000000000000, 0.000000000000000000 ) ) ;
#1271 = EDGE_CURVE ( 'NONE', #1682, #1501, #1190, .T. ) ;
#1272 = COORDINATED_UNIVERSAL_TIME_OFFSET ( 0, 0, .AHEAD. ) ;
#1273 = EDGE_LOOP ( 'NONE', ( #2349, #262, #1618, #2005 ) ) ;
#1274 = CARTESIAN_POINT ( 'NONE',  ( -22.79105590657982106, 0.000000000000000000, 12.69549783445958013 ) ) ;
#1275 = AXIS2_PLACEMENT_3D ( 'NONE', #1894, #1157, #2062 ) ;
#1276 = AXIS2_PLACEMENT_3D ( 'NONE', #763, #958, #46 ) ;
#1277 = CARTESIAN_POINT ( 'NONE',  ( 4.708944093420180721, 26.00000000000000000, 13.19549783445958013 ) ) ;
#1278 = ORIENTED_EDGE ( 'NONE', *, *, #995, .T. ) ;
#1279 = ORIENTED_EDGE ( 'NONE', *, *, #1860, .F. ) ;
#1280 = LINE ( 'NONE', #1487, #1358 ) ;
#1281 = ORIENTED_EDGE ( 'NONE', *, *, #1516, .T. ) ;
#1282 = CARTESIAN_POINT ( 'NONE',  ( 8.708944093420157628, 26.00000000000000000, -3.804502165540419423 ) ) ;
#1283 = PLANE ( 'NONE',  #2058 ) ;
#1284 = CARTESIAN_POINT ( 'NONE',  ( -5.876842344206726132, 0.4142135623730958671, 14.19549783445957836 ) ) ;
#1285 = EDGE_CURVE ( 'NONE', #1521, #1952, #1732, .T. ) ;
#1286 = PERSON_AND_ORGANIZATION ( #18, #1443 ) ;
#1287 =( BOUNDED_CURVE ( )  B_SPLINE_CURVE ( 3, ( #564, #514, #208, #2243 ),
 .UNSPECIFIED., .F., .T. ) 
 B_SPLINE_CURVE_WITH_KNOTS ( ( 4, 4 ),
 ( 0.000000000000000000, 1.570796326794896558 ),
 .UNSPECIFIED. ) 
 CURVE ( )  GEOMETRIC_REPRESENTATION_ITEM ( )  RATIONAL_B_SPLINE_CURVE ( ( 1.000000000000000000, 0.8047378541243649375, 0.8047378541243649375, 1.000000000000000000 ) ) 
 REPRESENTATION_ITEM ( '' )  );
#1288 = ORIENTED_EDGE ( 'NONE', *, *, #2231, .F. ) ;
#1289 = FACE_OUTER_BOUND ( 'NONE', #2147, .T. ) ;
#1290 = CARTESIAN_POINT ( 'NONE',  ( 5.123157655793274756, 25.58578643762690419, 14.19549783445957836 ) ) ;
#1291 = ORIENTED_EDGE ( 'NONE', *, *, #1662, .F. ) ;
#1292 = ADVANCED_FACE ( 'NONE', ( #1041 ), #848, .F. ) ;
#1293 = ORIENTED_EDGE ( 'NONE', *, *, #2220, .F. ) ;
#1294 = CARTESIAN_POINT ( 'NONE',  ( 2.208944093420178945, 24.99999999999999645, 14.19549783445957836 ) ) ;
#1295 = AXIS2_PLACEMENT_3D ( 'NONE', #2133, #634, #1112 ) ;
#1296 = DIRECTION ( 'NONE',  ( 0.000000000000000000, 0.000000000000000000, -1.000000000000000000 ) ) ;
#1297 = CARTESIAN_POINT ( 'NONE',  ( -33.79105590657982816, 26.00000000000000355, 13.78128427208648255 ) ) ;
#1298 = ADVANCED_FACE ( 'NONE', ( #1790 ), #1975, .T. ) ;
#1299 = LINE ( 'NONE', #233, #643 ) ;
#1300 = EDGE_CURVE ( 'NONE', #2088, #212, #1760, .T. ) ;
#1301 = DIRECTION ( 'NONE',  ( -1.000000000000000000, 0.000000000000000000, -0.000000000000000000 ) ) ;
#1302 = ORIENTED_EDGE ( 'NONE', *, *, #1915, .T. ) ;
#1303 = VERTEX_POINT ( 'NONE', #860 ) ;
#1304 = ADVANCED_FACE ( 'NONE', ( #1431 ), #1954, .T. ) ;
#1305 = VECTOR ( 'NONE', #1576, 1000.000000000000000 ) ;
#1306 = ORIENTED_EDGE ( 'NONE', *, *, #2061, .F. ) ;
#1307 = VECTOR ( 'NONE', #422, 1000.000000000000000 ) ;
#1308 = EDGE_CURVE ( 'NONE', #339, #1003, #1418, .T. ) ;
#1309 = VECTOR ( 'NONE', #843, 1000.000000000000000 ) ;
#1310 = CARTESIAN_POINT ( 'NONE',  ( -17.29105590657982106, 26.00000000000000000, 13.19549783445958013 ) ) ;
#1311 = PLANE ( 'NONE',  #551 ) ;
#1312 = CARTESIAN_POINT ( 'NONE',  ( -43.79105590657983527, 26.00000000000000000, 13.19549783445958013 ) ) ;
#1313 = ORIENTED_EDGE ( 'NONE', *, *, #2407, .T. ) ;
#1314 = LINE ( 'NONE', #389, #2171 ) ;
#1315 = DIRECTION ( 'NONE',  ( -0.000000000000000000, -0.000000000000000000, 1.000000000000000000 ) ) ;
#1316 = VECTOR ( 'NONE', #978, 1000.000000000000000 ) ;
#1317 = EDGE_LOOP ( 'NONE', ( #709, #934, #1044, #2314 ) ) ;
#1318 = ORIENTED_EDGE ( 'NONE', *, *, #2179, .F. ) ;
#1319 = FACE_OUTER_BOUND ( 'NONE', #1830, .T. ) ;
#1320 = ADVANCED_FACE ( 'NONE', ( #473 ), #2363, .T. ) ;
#1321 = DIRECTION ( 'NONE',  ( 0.000000000000000000, 1.000000000000000000, 0.000000000000000000 ) ) ;
#1322 = AXIS2_PLACEMENT_3D ( 'NONE', #2144, #341, #329 ) ;
#1323 = ORIENTED_EDGE ( 'NONE', *, *, #174, .F. ) ;
#1324 = LINE ( 'NONE', #2065, #352 ) ;
#1325 = ORIENTED_EDGE ( 'NONE', *, *, #234, .T. ) ;
#1326 = CARTESIAN_POINT ( 'NONE',  ( 8.708944093420162957, 26.00000000000000000, 13.19549783445957480 ) ) ;
#1327 = DIRECTION ( 'NONE',  ( -0.000000000000000000, -0.000000000000000000, 1.000000000000000000 ) ) ;
#1328 = PERSON_AND_ORGANIZATION_ROLE ( 'design_owner' ) ;
#1329 = ORIENTED_EDGE ( 'NONE', *, *, #2042, .F. ) ;
#1330 = CARTESIAN_POINT ( 'NONE',  ( 7.708944093420163846, 26.00000000000000000, 13.19549783445957480 ) ) ;
#1331 = EDGE_CURVE ( 'NONE', #2232, #2129, #285, .T. ) ;
#1332 = DIRECTION ( 'NONE',  ( -0.000000000000000000, -0.000000000000000000, 1.000000000000000000 ) ) ;
#1333 = DIRECTION ( 'NONE',  ( -6.672013369141565463E-17, -1.000000000000000000, -0.000000000000000000 ) ) ;
#1334 = EDGE_LOOP ( 'NONE', ( #1106, #909, #573, #979 ) ) ;
#1335 = LINE ( 'NONE', #1346, #1637 ) ;
#1336 = DIRECTION ( 'NONE',  ( 0.000000000000000000, 0.000000000000000000, -1.000000000000000000 ) ) ;
#1337 = CARTESIAN_POINT ( 'NONE',  ( -11.79105590657981928, 26.00000000000000000, 12.69549783445958013 ) ) ;
#1338 = CALENDAR_DATE ( 2026, 7, 9 ) ;
#1339 = EDGE_LOOP ( 'NONE', ( #2290, #2036, #905, #249 ) ) ;
#1340 = ORIENTED_EDGE ( 'NONE', *, *, #513, .F. ) ;
#1341 = FACE_OUTER_BOUND ( 'NONE', #475, .T. ) ;
#1342 = LINE ( 'NONE', #2291, #1360 ) ;
#1343 = ORIENTED_EDGE ( 'NONE', *, *, #1047, .F. ) ;
#1344 = PLANE ( 'NONE',  #1264 ) ;
#1345 = APPROVAL ( #776, 'UNSPECIFIED' ) ;
#1346 = CARTESIAN_POINT ( 'NONE',  ( -2.291055906579821944, 0.000000000000000000, 12.69549783445958013 ) ) ;
#1347 = VECTOR ( 'NONE', #807, 1000.000000000000000 ) ;
#1348 = VECTOR ( 'NONE', #1994, 1000.000000000000000 ) ;
#1349 = CARTESIAN_POINT ( 'NONE',  ( 3.208944093420178056, 1.084202172485504434E-15, 13.78128427208648255 ) ) ;
#1350 = VECTOR ( 'NONE', #810, 1000.000000000000000 ) ;
#1351 = EDGE_CURVE ( 'NONE', #1236, #1639, #103, .T. ) ;
#1352 = ORIENTED_EDGE ( 'NONE', *, *, #566, .T. ) ;
#1353 = CARTESIAN_POINT ( 'NONE',  ( 8.708944093420164734, 26.00000000000001066, 13.78128427208647722 ) ) ;
#1354 = ORIENTED_EDGE ( 'NONE', *, *, #1271, .F. ) ;
#1355 = CARTESIAN_POINT ( 'NONE',  ( 4.708944093420180721, 0.000000000000000000, 13.19549783445958013 ) ) ;
#1356 = EDGE_CURVE ( 'NONE', #1223, #1154, #2137, .T. ) ;
#1357 = LINE ( 'NONE', #812, #2380 ) ;
#1358 = VECTOR ( 'NONE', #1118, 1000.000000000000000 ) ;
#1359 = ORIENTED_EDGE ( 'NONE', *, *, #1707, .T. ) ;
#1360 = VECTOR ( 'NONE', #594, 1000.000000000000000 ) ;
#1361 = ADVANCED_FACE ( 'NONE', ( #2161 ), #835, .T. ) ;
#1362 = CARTESIAN_POINT ( 'NONE',  ( -18.79105590657982106, 26.00000000000000000, 13.19549783445958013 ) ) ;
#1363 = CARTESIAN_POINT ( 'NONE',  ( 2.794730531047083133, 0.4142135623730961447, 14.19549783445957836 ) ) ;
#1364 = CARTESIAN_POINT ( 'NONE',  ( -5.291055906579821055, 26.00000000000000000, 14.19549783445957836 ) ) ;
#1365 = CYLINDRICAL_SURFACE ( 'NONE', #2370, 0.9999999999999991118 ) ;
#1366 = ORIENTED_EDGE ( 'NONE', *, *, #2248, .F. ) ;
#1367 = DIRECTION ( 'NONE',  ( -1.000000000000000000, 0.000000000000000000, -0.000000000000000000 ) ) ;
#1368 = PLANE ( 'NONE',  #2422 ) ;
#1369 = LINE ( 'NONE', #70, #1734 ) ;
#1370 =( BOUNDED_CURVE ( )  B_SPLINE_CURVE ( 3, ( #1416, #269, #662, #257 ),
 .UNSPECIFIED., .F., .T. ) 
 B_SPLINE_CURVE_WITH_KNOTS ( ( 4, 4 ),
 ( 3.141592653589793116, 4.712388980384689674 ),
 .UNSPECIFIED. ) 
 CURVE ( )  GEOMETRIC_REPRESENTATION_ITEM ( )  RATIONAL_B_SPLINE_CURVE ( ( 1.000000000000000000, 0.8047378541243649375, 0.8047378541243649375, 1.000000000000000000 ) ) 
 REPRESENTATION_ITEM ( '' )  );
#1371 = ORIENTED_EDGE ( 'NONE', *, *, #234, .F. ) ;
#1372 = ADVANCED_FACE ( 'NONE', ( #666 ), #1209, .F. ) ;
#1373 = PLANE ( 'NONE',  #2334 ) ;
#1374 = CARTESIAN_POINT ( 'NONE',  ( -39.29105590657982816, 0.000000000000000000, 13.19549783445958013 ) ) ;
#1375 = CARTESIAN_POINT ( 'NONE',  ( -35.29105590657982816, 0.000000000000000000, 13.19549783445958013 ) ) ;
#1376 = DIRECTION ( 'NONE',  ( 1.000000000000000000, -0.000000000000000000, 0.000000000000000000 ) ) ;
#1377 = CARTESIAN_POINT ( 'NONE',  ( 7.708944093420163846, 1.000000000000000888, 14.19549783445957836 ) ) ;
#1378 = AXIS2_PLACEMENT_3D ( 'NONE', #2251, #933, #1755 ) ;
#1379 = ORIENTED_EDGE ( 'NONE', *, *, #1386, .T. ) ;
#1380 = DIRECTION ( 'NONE',  ( -0.000000000000000000, 1.000000000000000000, -0.000000000000000000 ) ) ;
#1381 = DIRECTION ( 'NONE',  ( 0.000000000000000000, 0.000000000000000000, -1.000000000000000000 ) ) ;
#1382 = DIRECTION ( 'NONE',  ( 0.000000000000000000, 0.000000000000000000, -1.000000000000000000 ) ) ;
#1383 = ORIENTED_EDGE ( 'NONE', *, *, #1836, .T. ) ;
#1384 = ORIENTED_EDGE ( 'NONE', *, *, #2423, .F. ) ;
#1385 = DIRECTION ( 'NONE',  ( 0.000000000000000000, 1.000000000000000000, 0.000000000000000000 ) ) ;
#1386 = EDGE_CURVE ( 'NONE', #6, #1983, #1985, .T. ) ;
#1387 = DIRECTION ( 'NONE',  ( 0.000000000000000000, 0.000000000000000000, -1.000000000000000000 ) ) ;
#1388 = EDGE_CURVE ( 'NONE', #2352, #546, #534, .T. ) ;
#1389 = CARTESIAN_POINT ( 'NONE',  ( -29.79105590657982461, 26.00000000000000000, 12.69549783445958013 ) ) ;
#1390 = CARTESIAN_POINT ( 'NONE',  ( -2.291055906579823720, 26.00000000000000000, 12.69549783445958013 ) ) ;
#1391 = AXIS2_PLACEMENT_3D ( 'NONE', #748, #1142, #53 ) ;
#1392 = ORIENTED_EDGE ( 'NONE', *, *, #2306, .T. ) ;
#1393 = CARTESIAN_POINT ( 'NONE',  ( -19.79105590657982461, 26.00000000000000000, 14.19549783445957836 ) ) ;
#1394 = DIRECTION ( 'NONE',  ( 0.000000000000000000, -1.000000000000000000, 0.000000000000000000 ) ) ;
#1395 = DIRECTION ( 'NONE',  ( 0.000000000000000000, 1.000000000000000000, 0.000000000000000000 ) ) ;
#1396 = VERTEX_POINT ( 'NONE', #704 ) ;
#1397 = ADVANCED_FACE ( 'NONE', ( #2191 ), #1246, .T. ) ;
#1398 = CARTESIAN_POINT ( 'NONE',  ( 5.708944093420180721, 0.000000000000000000, 13.19549783445958013 ) ) ;
#1399 = VECTOR ( 'NONE', #1615, 1000.000000000000000 ) ;
#1400 = CARTESIAN_POINT ( 'NONE',  ( -22.37684234420672524, 0.4142135623730958671, 14.19549783445957836 ) ) ;
#1401 = AXIS2_PLACEMENT_3D ( 'NONE', #179, #1651, #1296 ) ;
#1402 = CARTESIAN_POINT ( 'NONE',  ( -22.37684234420672524, 25.58578643762690419, 14.19549783445957836 ) ) ;
#1403 = CARTESIAN_POINT ( 'NONE',  ( -11.79105590657981928, 26.00000000000000000, 13.19549783445958013 ) ) ;
#1404 = CARTESIAN_POINT ( 'NONE',  ( -33.79105590657982816, 0.000000000000000000, 13.19549783445958013 ) ) ;
#1405 = EDGE_LOOP ( 'NONE', ( #2198, #1845, #2258, #32 ) ) ;
#1406 = CARTESIAN_POINT ( 'NONE',  ( -2.291055906579823720, 26.00000000000000000, 12.69549783445958013 ) ) ;
#1407 = DIRECTION ( 'NONE',  ( 0.000000000000000000, 0.000000000000000000, 1.000000000000000000 ) ) ;
#1408 = CYLINDRICAL_SURFACE ( 'NONE', #1862, 0.9999999999999991118 ) ;
#1409 = ORIENTED_EDGE ( 'NONE', *, *, #1664, .T. ) ;
#1410 = EDGE_CURVE ( 'NONE', #335, #2343, #348, .T. ) ;
#1411 = ORIENTED_EDGE ( 'NONE', *, *, #2042, .T. ) ;
#1412 = LINE ( 'NONE', #1763, #1037 ) ;
#1413 = CARTESIAN_POINT ( 'NONE',  ( -19.79105590657982461, 26.00000000000000000, 13.19549783445958013 ) ) ;
#1414 = CYLINDRICAL_SURFACE ( 'NONE', #2253, 1.000000000000000000 ) ;
#1415 = CARTESIAN_POINT ( 'NONE',  ( -44.79105590657983527, 26.00000000000000000, -3.804502165540419423 ) ) ;
#1416 = CARTESIAN_POINT ( 'NONE',  ( -0.7910559065798221656, 0.000000000000000000, 13.19549783445958013 ) ) ;
#1417 = LINE ( 'NONE', #81, #1141 ) ;
#1418 = LINE ( 'NONE', #2125, #1744 ) ;
#1419 = CARTESIAN_POINT ( 'NONE',  ( -28.29105590657982461, 26.00000000000000000, 13.19549783445958013 ) ) ;
#1420 = ORIENTED_EDGE ( 'NONE', *, *, #574, .T. ) ;
#1421 = CYLINDRICAL_SURFACE ( 'NONE', #2302, 0.9999999999999991118 ) ;
#1422 = ORIENTED_EDGE ( 'NONE', *, *, #281, .T. ) ;
#1423 = DIRECTION ( 'NONE',  ( 0.000000000000000000, 0.000000000000000000, -1.000000000000000000 ) ) ;
#1424 = CARTESIAN_POINT ( 'NONE',  ( -28.29105590657982461, 0.000000000000000000, 12.69549783445958013 ) ) ;
#1425 = CARTESIAN_POINT ( 'NONE',  ( -44.79105590657983527, 1.000000000000000888, 13.19549783445958013 ) ) ;
#1426 = AXIS2_PLACEMENT_3D ( 'NONE', #872, #2173, #1463 ) ;
#1427 = AXIS2_PLACEMENT_3D ( 'NONE', #1446, #358, #1100 ) ;
#1428 = ORIENTED_EDGE ( 'NONE', *, *, #716, .T. ) ;
#1429 = DIRECTION ( 'NONE',  ( -0.000000000000000000, 0.000000000000000000, 1.000000000000000000 ) ) ;
#1430 = VECTOR ( 'NONE', #418, 1000.000000000000000 ) ;
#1431 = FACE_OUTER_BOUND ( 'NONE', #614, .T. ) ;
#1432 = CARTESIAN_POINT ( 'NONE',  ( -2.291055906579821944, 0.000000000000000000, 13.19549783445958013 ) ) ;
#1433 = EDGE_CURVE ( 'NONE', #1932, #72, #1080, .T. ) ;
#1434 = VERTEX_POINT ( 'NONE', #1626 ) ;
#1435 = CARTESIAN_POINT ( 'NONE',  ( 0.000000000000000000, 0.000000000000000000, 12.69549783445958013 ) ) ;
#1436 = EDGE_LOOP ( 'NONE', ( #485, #994, #152, #1714 ) ) ;
#1437 = EDGE_CURVE ( 'NONE', #2232, #2417, #2116, .T. ) ;
#1438 = CARTESIAN_POINT ( 'NONE',  ( -44.79105590657983527, 1.000000000000000888, 14.19549783445957836 ) ) ;
#1439 = LINE ( 'NONE', #1821, #1926 ) ;
#1440 = VECTOR ( 'NONE', #511, 1000.000000000000000 ) ;
#1441 = EDGE_CURVE ( 'NONE', #1638, #546, #374, .T. ) ;
#1442 = DIRECTION ( 'NONE',  ( 1.000000000000000000, -0.000000000000000000, 0.000000000000000000 ) ) ;
#1443 = ORGANIZATION ( 'UNSPECIFIED', 'UNSPECIFIED', '' ) ;
#1444 = PERSON_AND_ORGANIZATION ( #18, #1443 ) ;
#1445 = VERTEX_POINT ( 'NONE', #173 ) ;
#1446 = CARTESIAN_POINT ( 'NONE',  ( 0.000000000000000000, 26.00000000000000000, 0.000000000000000000 ) ) ;
#1447 = ADVANCED_FACE ( 'NONE', ( #2034 ), #1841, .T. ) ;
#1448 = VERTEX_POINT ( 'NONE', #1854 ) ;
#1449 = PLANE ( 'NONE',  #2021 ) ;
#1450 = AXIS2_PLACEMENT_3D ( 'NONE', #115, #1584, #1561 ) ;
#1451 = LINE ( 'NONE', #2195, #1440 ) ;
#1452 = DIRECTION ( 'NONE',  ( -0.000000000000000000, -0.000000000000000000, 1.000000000000000000 ) ) ;
#1453 = CARTESIAN_POINT ( 'NONE',  ( 2.208944093420178945, 26.00000000000000000, 14.19549783445957836 ) ) ;
#1454 = LINE ( 'NONE', #1861, #1263 ) ;
#1455 = ORIENTED_EDGE ( 'NONE', *, *, #1025, .F. ) ;
#1456 = DIRECTION ( 'NONE',  ( -1.000000000000000000, 6.672013369141560533E-17, 0.000000000000000000 ) ) ;
#1457 = EDGE_LOOP ( 'NONE', ( #695, #1656, #1127, #1905 ) ) ;
#1458 = ORIENTED_EDGE ( 'NONE', *, *, #430, .F. ) ;
#1459 = CARTESIAN_POINT ( 'NONE',  ( -27.29105590657982461, 24.99999999999999645, 14.19549783445957836 ) ) ;
#1460 = VERTEX_POINT ( 'NONE', #188 ) ;
#1461 = EDGE_CURVE ( 'NONE', #268, #429, #738, .T. ) ;
#1462 = CARTESIAN_POINT ( 'NONE',  ( -2.291055906579823720, 26.00000000000000000, 12.69549783445958013 ) ) ;
#1463 = DIRECTION ( 'NONE',  ( 0.000000000000000000, 0.000000000000000000, 1.000000000000000000 ) ) ;
#1464 = DATE_AND_TIME ( #899, #311 ) ;
#1465 = ORIENTED_EDGE ( 'NONE', *, *, #484, .F. ) ;
#1466 = DIRECTION ( 'NONE',  ( -1.000000000000000000, 0.000000000000000000, -0.000000000000000000 ) ) ;
#1467 = ORIENTED_EDGE ( 'NONE', *, *, #589, .F. ) ;
#1468 = ORIENTED_EDGE ( 'NONE', *, *, #2145, .F. ) ;
#1469 = DIRECTION ( 'NONE',  ( 1.000000000000000000, 0.000000000000000000, 0.000000000000000000 ) ) ;
#1470 = EDGE_CURVE ( 'NONE', #1514, #535, #211, .T. ) ;
#1471 = ORIENTED_EDGE ( 'NONE', *, *, #758, .F. ) ;
#1472 = CARTESIAN_POINT ( 'NONE',  ( -44.79105590657983527, 1.000000000000000888, 14.19549783445957836 ) ) ;
#1473 = PLANE ( 'NONE',  #1812 ) ;
#1474 = FACE_OUTER_BOUND ( 'NONE', #2151, .T. ) ;
#1475 = EDGE_LOOP ( 'NONE', ( #1056, #2400, #2001, #2384 ) ) ;
#1476 = CARTESIAN_POINT ( 'NONE',  ( -11.79105590657982106, 0.000000000000000000, 12.69549783445958013 ) ) ;
#1477 = ADVANCED_FACE ( 'NONE', ( #749 ), #944, .F. ) ;
#1478 = VERTEX_POINT ( 'NONE', #1009 ) ;
#1479 = EDGE_CURVE ( 'NONE', #1445, #1448, #2322, .T. ) ;
#1480 = LINE ( 'NONE', #402, #1217 ) ;
#1481 = LINE ( 'NONE', #1326, #1648 ) ;
#1482 = ADVANCED_FACE ( 'NONE', ( #2237 ), #2071, .F. ) ;
#1483 = CARTESIAN_POINT ( 'NONE',  ( -40.79105590657982816, 0.000000000000000000, 13.19549783445958013 ) ) ;
#1484 = EDGE_CURVE ( 'NONE', #1989, #2029, #434, .T. ) ;
#1485 = VERTEX_POINT ( 'NONE', #1677 ) ;
#1486 = ORIENTED_EDGE ( 'NONE', *, *, #2247, .T. ) ;
#1487 = CARTESIAN_POINT ( 'NONE',  ( -35.29105590657982816, 26.00000000000000000, 12.69549783445958013 ) ) ;
#1488 = EDGE_LOOP ( 'NONE', ( #532, #414, #1730, #59 ) ) ;
#1489 = ORIENTED_EDGE ( 'NONE', *, *, #1606, .F. ) ;
#1490 = DIRECTION ( 'NONE',  ( 0.000000000000000000, -1.000000000000000000, 0.000000000000000000 ) ) ;
#1491 = VECTOR ( 'NONE', #831, 1000.000000000000000 ) ;
#1492 = CARTESIAN_POINT ( 'NONE',  ( -25.29105590657982461, 26.00000000000000000, 13.19549783445958013 ) ) ;
#1493 = DIRECTION ( 'NONE',  ( 0.000000000000000000, -1.000000000000000000, 0.000000000000000000 ) ) ;
#1494 = LINE ( 'NONE', #256, #553 ) ;
#1495 = UNCERTAINTY_MEASURE_WITH_UNIT (LENGTH_MEASURE( 1.000000000000000082E-05 ), #2035, 'distance_accuracy_value', 'NONE');
#1496 = ORIENTED_EDGE ( 'NONE', *, *, #320, .F. ) ;
#1497 = ORIENTED_EDGE ( 'NONE', *, *, #2257, .T. ) ;
#1498 = CARTESIAN_POINT ( 'NONE',  ( -2.291055906579823720, 26.00000000000000000, 12.69549783445958013 ) ) ;
#1499 = CARTESIAN_POINT ( 'NONE',  ( -11.79105590657982106, 0.000000000000000000, 12.69549783445958013 ) ) ;
#1500 = VECTOR ( 'NONE', #2105, 1000.000000000000000 ) ;
#1501 = VERTEX_POINT ( 'NONE', #556 ) ;
#1502 = VECTOR ( 'NONE', #689, 1000.000000000000000 ) ;
#1503 = VECTOR ( 'NONE', #264, 1000.000000000000000 ) ;
#1504 = LINE ( 'NONE', #2285, #1513 ) ;
#1505 = CARTESIAN_POINT ( 'NONE',  ( -27.29105590657982461, 24.99999999999999645, 14.19549783445957836 ) ) ;
#1506 = LINE ( 'NONE', #552, #181 ) ;
#1507 = EDGE_CURVE ( 'NONE', #190, #698, #2047, .T. ) ;
#1508 = ORIENTED_EDGE ( 'NONE', *, *, #508, .T. ) ;
#1509 = CARTESIAN_POINT ( 'NONE',  ( -16.29105590657982106, 24.99999999999999645, 14.19549783445957836 ) ) ;
#1510 = CARTESIAN_POINT ( 'NONE',  ( -0.7910559065798221656, 0.000000000000000000, 13.19549783445958013 ) ) ;
#1511 = VECTOR ( 'NONE', #1594, 1000.000000000000000 ) ;
#1512 = ORIENTED_EDGE ( 'NONE', *, *, #663, .T. ) ;
#1513 = VECTOR ( 'NONE', #2260, 1000.000000000000000 ) ;
#1514 = VERTEX_POINT ( 'NONE', #1389 ) ;
#1515 = VECTOR ( 'NONE', #2209, 1000.000000000000000 ) ;
#1516 = EDGE_CURVE ( 'NONE', #1649, #1989, #760, .T. ) ;
#1517 = PLANE ( 'NONE',  #2304 ) ;
#1518 = PRODUCT_DEFINITION_FORMATION_WITH_SPECIFIED_SOURCE ( 'ANY', '', #1623, .NOT_KNOWN. ) ;
#1519 = CARTESIAN_POINT ( 'NONE',  ( -38.87684234420673590, 25.58578643762690419, 14.19549783445957836 ) ) ;
#1520 = ORIENTED_EDGE ( 'NONE', *, *, #242, .T. ) ;
#1521 = VERTEX_POINT ( 'NONE', #1741 ) ;
#1522 = CARTESIAN_POINT ( 'NONE',  ( -7.791055906579821055, 0.000000000000000000, 13.19549783445958013 ) ) ;
#1523 = CARTESIAN_POINT ( 'NONE',  ( -44.79105590657983527, 0.000000000000000000, 13.19549783445958191 ) ) ;
#1524 = COORDINATED_UNIVERSAL_TIME_OFFSET ( 0, 0, .AHEAD. ) ;
#1525 = VERTEX_POINT ( 'NONE', #1876 ) ;
#1526 =( BOUNDED_CURVE ( )  B_SPLINE_CURVE ( 3, ( #631, #452, #1191, #1942 ),
 .UNSPECIFIED., .F., .T. ) 
 B_SPLINE_CURVE_WITH_KNOTS ( ( 4, 4 ),
 ( 1.570796326794896558, 3.141592653589793116 ),
 .UNSPECIFIED. ) 
 CURVE ( )  GEOMETRIC_REPRESENTATION_ITEM ( )  RATIONAL_B_SPLINE_CURVE ( ( 1.000000000000000000, 0.8047378541243649375, 0.8047378541243649375, 1.000000000000000000 ) ) 
 REPRESENTATION_ITEM ( '' )  );
#1527 = DIRECTION ( 'NONE',  ( 0.000000000000000000, -1.000000000000000000, 0.000000000000000000 ) ) ;
#1528 = CARTESIAN_POINT ( 'NONE',  ( -33.79105590657982816, 0.000000000000000000, 12.69549783445958013 ) ) ;
#1529 = LINE ( 'NONE', #1680, #385 ) ;
#1530 = ORIENTED_EDGE ( 'NONE', *, *, #2160, .F. ) ;
#1531 = EDGE_CURVE ( 'NONE', #714, #1803, #1494, .T. ) ;
#1532 = CARTESIAN_POINT ( 'NONE',  ( -44.79105590657983527, 0.000000000000000000, -3.804502165540419423 ) ) ;
#1533 = CARTESIAN_POINT ( 'NONE',  ( -8.791055906579822832, 1.000000000000000888, 14.19549783445957836 ) ) ;
#1534 = ADVANCED_FACE ( 'NONE', ( #391 ), #1129, .F. ) ;
#1535 = CARTESIAN_POINT ( 'NONE',  ( -7.791055906579821055, 0.000000000000000000, 12.69549783445958013 ) ) ;
#1536 = ORIENTED_EDGE ( 'NONE', *, *, #965, .T. ) ;
#1537 = CARTESIAN_POINT ( 'NONE',  ( -5.291055906579821944, 0.000000000000000000, 13.19549783445958013 ) ) ;
#1538 = CARTESIAN_POINT ( 'NONE',  ( 0.000000000000000000, 24.99999999999999645, 13.19549783445958013 ) ) ;
#1539 = CARTESIAN_POINT ( 'NONE',  ( -38.29105590657982816, 24.99999999999999645, 14.19549783445957836 ) ) ;
#1540 =( BOUNDED_CURVE ( )  B_SPLINE_CURVE ( 3, ( #2103, #1363, #1349, #1740 ),
 .UNSPECIFIED., .F., .T. ) 
 B_SPLINE_CURVE_WITH_KNOTS ( ( 4, 4 ),
 ( 4.712388980384689674, 6.283185307179586232 ),
 .UNSPECIFIED. ) 
 CURVE ( )  GEOMETRIC_REPRESENTATION_ITEM ( )  RATIONAL_B_SPLINE_CURVE ( ( 1.000000000000000000, 0.8047378541243649375, 0.8047378541243649375, 1.000000000000000000 ) ) 
 REPRESENTATION_ITEM ( '' )  );
#1541 = ORIENTED_EDGE ( 'NONE', *, *, #430, .T. ) ;
#1542 = VECTOR ( 'NONE', #1936, 1000.000000000000000 ) ;
#1543 = CARTESIAN_POINT ( 'NONE',  ( 0.000000000000000000, 0.000000000000000000, 13.19549783445958013 ) ) ;
#1544 = VECTOR ( 'NONE', #1490, 1000.000000000000000 ) ;
#1545 = CARTESIAN_POINT ( 'NONE',  ( -29.79105590657982461, 26.00000000000000000, 12.69549783445958013 ) ) ;
#1546 = APPROVAL_DATE_TIME ( #2288, #1345 ) ;
#1547 = ADVANCED_FACE ( 'NONE', ( #2266 ), #583, .F. ) ;
#1548 = EDGE_LOOP ( 'NONE', ( #1379, #380, #1963, #1265 ) ) ;
#1549 = LINE ( 'NONE', #2108, #920 ) ;
#1550 = FACE_OUTER_BOUND ( 'NONE', #837, .T. ) ;
#1551 = CYLINDRICAL_SURFACE ( 'NONE', #231, 0.9999999999999991118 ) ;
#1552 = VERTEX_POINT ( 'NONE', #76 ) ;
#1553 = CARTESIAN_POINT ( 'NONE',  ( -19.79105590657982461, 24.99999999999999645, 14.19549783445957836 ) ) ;
#1554 = CARTESIAN_POINT ( 'NONE',  ( -22.79105590657982106, 0.000000000000000000, 12.69549783445958013 ) ) ;
#1555 = EDGE_CURVE ( 'NONE', #1396, #1003, #805, .T. ) ;
#1556 = CARTESIAN_POINT ( 'NONE',  ( 4.708944093420180721, 0.000000000000000000, 13.19549783445958013 ) ) ;
#1557 = AXIS2_PLACEMENT_3D ( 'NONE', #1176, #1394, #1381 ) ;
#1558 = ORIENTED_EDGE ( 'NONE', *, *, #737, .F. ) ;
#1559 = CARTESIAN_POINT ( 'NONE',  ( -10.79105590657982283, 1.000000000000000888, 14.19549783445957836 ) ) ;
#1560 = EDGE_CURVE ( 'NONE', #698, #126, #2311, .T. ) ;
#1561 = DIRECTION ( 'NONE',  ( 0.000000000000000000, 0.000000000000000000, -1.000000000000000000 ) ) ;
#1562 = DIRECTION ( 'NONE',  ( -1.000000000000000000, -0.000000000000000000, -0.000000000000000000 ) ) ;
#1563 = ADVANCED_FACE ( 'NONE', ( #2119 ), #1937, .F. ) ;
#1564 = CARTESIAN_POINT ( 'NONE',  ( -28.29105590657982461, 24.99999999999999645, 14.19549783445957836 ) ) ;
#1565 = DIRECTION ( 'NONE',  ( 1.000000000000000000, -0.000000000000000000, 0.000000000000000000 ) ) ;
#1566 = LINE ( 'NONE', #1912, #1933 ) ;
#1567 = CARTESIAN_POINT ( 'NONE',  ( -18.79105590657982106, 0.000000000000000000, 12.69549783445958013 ) ) ;
#1568 = EDGE_CURVE ( 'NONE', #1200, #950, #649, .T. ) ;
#1569 = ORIENTED_EDGE ( 'NONE', *, *, #2248, .T. ) ;
#1570 = DIRECTION ( 'NONE',  ( -3.336006684570782732E-17, 1.000000000000000000, -0.000000000000000000 ) ) ;
#1571 = DIRECTION ( 'NONE',  ( 3.336006684570782732E-17, -1.000000000000000000, -0.000000000000000000 ) ) ;
#1572 = CARTESIAN_POINT ( 'NONE',  ( -44.79105590657983527, 1.000000000000000888, 13.19549783445958013 ) ) ;
#1573 = ORIENTED_EDGE ( 'NONE', *, *, #1727, .F. ) ;
#1574 = ORIENTED_EDGE ( 'NONE', *, *, #747, .F. ) ;
#1575 = CARTESIAN_POINT ( 'NONE',  ( -10.79105590657982283, 1.000000000000000888, 14.19549783445957836 ) ) ;
#1576 = DIRECTION ( 'NONE',  ( 0.000000000000000000, 1.000000000000000000, 0.000000000000000000 ) ) ;
#1577 = CARTESIAN_POINT ( 'NONE',  ( -11.79105590657981928, 26.00000000000000000, 12.69549783445958013 ) ) ;
#1578 = DIRECTION ( 'NONE',  ( 1.000000000000000000, -0.000000000000000000, 0.000000000000000000 ) ) ;
#1579 = AXIS2_PLACEMENT_3D ( 'NONE', #2262, #1336, #1875 ) ;
#1580 = DIRECTION ( 'NONE',  ( 0.000000000000000000, 0.000000000000000000, 1.000000000000000000 ) ) ;
#1581 = ADVANCED_FACE ( 'NONE', ( #2336 ), #1782, .F. ) ;
#1582 = EDGE_LOOP ( 'NONE', ( #1486, #1866, #740, #2081 ) ) ;
#1583 = LINE ( 'NONE', #1040, #99 ) ;
#1584 = DIRECTION ( 'NONE',  ( 1.000000000000000000, -0.000000000000000000, 0.000000000000000000 ) ) ;
#1585 = CARTESIAN_POINT ( 'NONE',  ( -36.29105590657982816, 24.99999999999999645, 14.19549783445957836 ) ) ;
#1586 = EDGE_LOOP ( 'NONE', ( #327, #1420, #52, #101 ) ) ;
#1587 = ORIENTED_EDGE ( 'NONE', *, *, #2407, .F. ) ;
#1588 = AXIS2_PLACEMENT_3D ( 'NONE', #1398, #2142, #1059 ) ;
#1589 = CYLINDRICAL_SURFACE ( 'NONE', #567, 0.9999999999999991118 ) ;
#1590 = CARTESIAN_POINT ( 'NONE',  ( -33.37684234420672880, 0.4142135623730958671, 14.19549783445957836 ) ) ;
#1591 = ORIENTED_EDGE ( 'NONE', *, *, #8, .F. ) ;
#1592 = CARTESIAN_POINT ( 'NONE',  ( -8.791055906579824608, 26.00000000000000000, 14.19549783445957836 ) ) ;
#1593 = DIRECTION ( 'NONE',  ( -1.000000000000000000, 0.000000000000000000, -0.000000000000000000 ) ) ;
#1594 = DIRECTION ( 'NONE',  ( -0.000000000000000000, -0.000000000000000000, 1.000000000000000000 ) ) ;
#1595 = EDGE_LOOP ( 'NONE', ( #2044, #2, #48, #2239 ) ) ;
#1596 = EDGE_CURVE ( 'NONE', #1448, #2279, #1439, .T. ) ;
#1597 =( BOUNDED_CURVE ( )  B_SPLINE_CURVE ( 3, ( #2234, #1297, #220, #952 ),
 .UNSPECIFIED., .F., .T. ) 
 B_SPLINE_CURVE_WITH_KNOTS ( ( 4, 4 ),
 ( 0.000000000000000000, 1.570796326794896558 ),
 .UNSPECIFIED. ) 
 CURVE ( )  GEOMETRIC_REPRESENTATION_ITEM ( )  RATIONAL_B_SPLINE_CURVE ( ( 1.000000000000000000, 0.8047378541243649375, 0.8047378541243649375, 1.000000000000000000 ) ) 
 REPRESENTATION_ITEM ( '' )  );
#1598 = CARTESIAN_POINT ( 'NONE',  ( -43.79105590657983527, 1.000000000000000888, 14.19549783445957836 ) ) ;
#1599 = CARTESIAN_POINT ( 'NONE',  ( 4.708944093420180721, 26.00000000000000000, 12.69549783445958013 ) ) ;
#1600 = AXIS2_PLACEMENT_3D ( 'NONE', #1492, #2244, #2397 ) ;
#1601 = ADVANCED_FACE ( 'NONE', ( #291 ), #159, .F. ) ;
#1602 = ORIENTED_EDGE ( 'NONE', *, *, #1308, .F. ) ;
#1603 = DIRECTION ( 'NONE',  ( 0.000000000000000000, 0.000000000000000000, 1.000000000000000000 ) ) ;
#1604 = VECTOR ( 'NONE', #1172, 1000.000000000000000 ) ;
#1605 = LINE ( 'NONE', #297, #307 ) ;
#1606 = EDGE_CURVE ( 'NONE', #353, #2300, #1970, .T. ) ;
#1607 = ORIENTED_EDGE ( 'NONE', *, *, #1110, .T. ) ;
#1608 = FACE_OUTER_BOUND ( 'NONE', #381, .T. ) ;
#1609 = VERTEX_POINT ( 'NONE', #1415 ) ;
#1610 = CARTESIAN_POINT ( 'NONE',  ( -16.29105590657982106, 1.000000000000000888, 14.19549783445957836 ) ) ;
#1611 = DIRECTION ( 'NONE',  ( -0.000000000000000000, -0.000000000000000000, 1.000000000000000000 ) ) ;
#1612 = DIRECTION ( 'NONE',  ( -1.000000000000000000, 0.000000000000000000, -0.000000000000000000 ) ) ;
#1613 = VECTOR ( 'NONE', #130, 1000.000000000000000 ) ;
#1614 = ADVANCED_FACE ( 'NONE', ( #1795 ), #2196, .T. ) ;
#1615 = DIRECTION ( 'NONE',  ( 1.000000000000000000, 0.000000000000000000, 0.000000000000000000 ) ) ;
#1616 = VERTEX_POINT ( 'NONE', #492 ) ;
#1617 = CYLINDRICAL_SURFACE ( 'NONE', #1160, 0.9999999999999991118 ) ;
#1618 = ORIENTED_EDGE ( 'NONE', *, *, #2061, .T. ) ;
#1619 = FACE_OUTER_BOUND ( 'NONE', #1317, .T. ) ;
#1620 = DIRECTION ( 'NONE',  ( 3.336006684570782732E-17, 1.000000000000000000, -0.000000000000000000 ) ) ;
#1621 = CYLINDRICAL_SURFACE ( 'NONE', #641, 0.9999999999999991118 ) ;
#1622 = LOCAL_TIME ( 18, 35, 17.00000000000000000, #638 ) ;
#1623 = PRODUCT ( 'BarBase', 'BarBase', '', ( #245 ) ) ;
#1624 = ORIENTED_EDGE ( 'NONE', *, *, #2207, .F. ) ;
#1625 = CARTESIAN_POINT ( 'NONE',  ( -44.79105590657983527, 26.00000000000000000, 14.19549783445957836 ) ) ;
#1626 = CARTESIAN_POINT ( 'NONE',  ( -25.29105590657982461, 1.000000000000000888, 14.19549783445957836 ) ) ;
#1627 = EDGE_CURVE ( 'NONE', #674, #1460, #2374, .T. ) ;
#1628 = ORIENTED_EDGE ( 'NONE', *, *, #687, .T. ) ;
#1629 = VERTEX_POINT ( 'NONE', #1598 ) ;
#1630 = DIRECTION ( 'NONE',  ( -1.000000000000000000, 0.000000000000000000, 0.000000000000000000 ) ) ;
#1631 = CARTESIAN_POINT ( 'NONE',  ( -40.79105590657982816, 26.00000000000000000, 12.69549783445958013 ) ) ;
#1632 = ORIENTED_EDGE ( 'NONE', *, *, #599, .T. ) ;
#1633 = PLANE ( 'NONE',  #2012 ) ;
#1634 = ORIENTED_EDGE ( 'NONE', *, *, #2220, .T. ) ;
#1635 = ORIENTED_EDGE ( 'NONE', *, *, #2120, .F. ) ;
#1636 = FACE_OUTER_BOUND ( 'NONE', #1475, .T. ) ;
#1637 = VECTOR ( 'NONE', #2296, 1000.000000000000000 ) ;
#1638 = VERTEX_POINT ( 'NONE', #147 ) ;
#1639 = VERTEX_POINT ( 'NONE', #1214 ) ;
#1640 = CARTESIAN_POINT ( 'NONE',  ( -30.20526946895291687, 0.4142135623730961447, 14.19549783445957836 ) ) ;
#1641 = LINE ( 'NONE', #1739, #1920 ) ;
#1642 = DIRECTION ( 'NONE',  ( -0.000000000000000000, 0.000000000000000000, 1.000000000000000000 ) ) ;
#1643 = ORIENTED_EDGE ( 'NONE', *, *, #372, .T. ) ;
#1644 = FACE_OUTER_BOUND ( 'NONE', #1697, .T. ) ;
#1645 = EDGE_CURVE ( 'NONE', #55, #862, #1023, .T. ) ;
#1646 = VECTOR ( 'NONE', #1726, 1000.000000000000000 ) ;
#1647 = DIRECTION ( 'NONE',  ( 0.000000000000000000, -1.000000000000000000, 0.000000000000000000 ) ) ;
#1648 = VECTOR ( 'NONE', #1493, 1000.000000000000000 ) ;
#1649 = VERTEX_POINT ( 'NONE', #2155 ) ;
#1650 = ORIENTED_EDGE ( 'NONE', *, *, #1388, .T. ) ;
#1651 = DIRECTION ( 'NONE',  ( 1.000000000000000000, -0.000000000000000000, 0.000000000000000000 ) ) ;
#1652 = EDGE_CURVE ( 'NONE', #1154, #1158, #2360, .T. ) ;
#1653 = VECTOR ( 'NONE', #497, 1000.000000000000000 ) ;
#1654 = COORDINATED_UNIVERSAL_TIME_OFFSET ( 0, 0, .AHEAD. ) ;
#1655 = CARTESIAN_POINT ( 'NONE',  ( -43.79105590657983527, 1.000000000000000888, 14.19549783445957836 ) ) ;
#1656 = ORIENTED_EDGE ( 'NONE', *, *, #267, .F. ) ;
#1657 = VERTEX_POINT ( 'NONE', #2358 ) ;
#1658 = PRODUCT_DEFINITION ( 'UNKNOWN', '', #1518, #189 ) ;
#1659 = EDGE_LOOP ( 'NONE', ( #512, #914, #84, #2051 ) ) ;
#1660 = DIRECTION ( 'NONE',  ( -0.000000000000000000, -1.000000000000000000, -0.000000000000000000 ) ) ;
#1661 = DIRECTION ( 'NONE',  ( 1.000000000000000000, 0.000000000000000000, 0.000000000000000000 ) ) ;
#1662 = EDGE_CURVE ( 'NONE', #353, #1178, #1959, .T. ) ;
#1663 = PLANE ( 'NONE',  #1391 ) ;
#1664 = EDGE_CURVE ( 'NONE', #2252, #2343, #942, .T. ) ;
#1665 = DIRECTION ( 'NONE',  ( -3.336006684570782732E-17, 1.000000000000000000, 0.000000000000000000 ) ) ;
#1666 = EDGE_LOOP ( 'NONE', ( #1832, #2096, #2048, #509 ) ) ;
#1667 = EDGE_LOOP ( 'NONE', ( #902, #2378, #742, #629 ) ) ;
#1668 = CARTESIAN_POINT ( 'NONE',  ( -11.79105590657982106, 0.000000000000000000, 13.19549783445958013 ) ) ;
#1669 = ADVANCED_FACE ( 'NONE', ( #2368 ), #1240, .T. ) ;
#1670 = ORIENTED_EDGE ( 'NONE', *, *, #705, .F. ) ;
#1671 = CARTESIAN_POINT ( 'NONE',  ( 8.708944093420162957, 26.00000000000000000, 13.19549783445958013 ) ) ;
#1672 = EDGE_CURVE ( 'NONE', #1867, #1799, #1032, .T. ) ;
#1673 = LINE ( 'NONE', #1873, #1247 ) ;
#1674 = DIRECTION ( 'NONE',  ( 1.000000000000000000, -0.000000000000000000, 0.000000000000000000 ) ) ;
#1675 = ADVANCED_FACE ( 'NONE', ( #2386 ), #1283, .F. ) ;
#1676 = DIRECTION ( 'NONE',  ( -1.000000000000000000, 0.000000000000000000, 0.000000000000000000 ) ) ;
#1677 = CARTESIAN_POINT ( 'NONE',  ( 5.708944093420180721, 1.000000000000000888, 14.19549783445957836 ) ) ;
#1678 = ORIENTED_EDGE ( 'NONE', *, *, #28, .F. ) ;
#1679 = CARTESIAN_POINT ( 'NONE',  ( 5.123157655793274756, 0.4142135623730958671, 14.19549783445957836 ) ) ;
#1680 = CARTESIAN_POINT ( 'NONE',  ( 4.708944093420180721, 0.000000000000000000, 12.69549783445958013 ) ) ;
#1681 = VECTOR ( 'NONE', #628, 1000.000000000000000 ) ;
#1682 = VERTEX_POINT ( 'NONE', #2031 ) ;
#1683 = AXIS2_PLACEMENT_3D ( 'NONE', #736, #1902, #2276 ) ;
#1684 = CARTESIAN_POINT ( 'NONE',  ( -41.20526946895292753, 25.58578643762690419, 14.19549783445957836 ) ) ;
#1685 = VERTEX_POINT ( 'NONE', #1505 ) ;
#1686 = CARTESIAN_POINT ( 'NONE',  ( -18.79105590657982106, 26.00000000000000000, 12.69549783445958013 ) ) ;
#1687 = VECTOR ( 'NONE', #1565, 1000.000000000000000 ) ;
#1688 = ORIENTED_EDGE ( 'NONE', *, *, #1183, .F. ) ;
#1689 = CYLINDRICAL_SURFACE ( 'NONE', #132, 0.9999999999999991118 ) ;
#1690 = LINE ( 'NONE', #47, #2054 ) ;
#1691 = ADVANCED_FACE ( 'NONE', ( #7 ), #2019, .T. ) ;
#1692 = ORIENTED_EDGE ( 'NONE', *, *, #310, .T. ) ;
#1693 = CARTESIAN_POINT ( 'NONE',  ( 0.000000000000000000, 0.000000000000000000, 12.69549783445958013 ) ) ;
#1694 = VECTOR ( 'NONE', #154, 1000.000000000000000 ) ;
#1695 = DIRECTION ( 'NONE',  ( 0.000000000000000000, 0.000000000000000000, -1.000000000000000000 ) ) ;
#1696 = APPROVAL_ROLE ( '' ) ;
#1697 = EDGE_LOOP ( 'NONE', ( #2394, #1293, #1169, #2424 ) ) ;
#1698 = ORIENTED_EDGE ( 'NONE', *, *, #1868, .T. ) ;
#1699 = EDGE_CURVE ( 'NONE', #1485, #194, #2409, .T. ) ;
#1700 = FACE_OUTER_BOUND ( 'NONE', #176, .T. ) ;
#1701 = CARTESIAN_POINT ( 'NONE',  ( -41.79105590657983527, 26.00000000000000000, 14.19549783445957836 ) ) ;
#1702 = ORIENTED_EDGE ( 'NONE', *, *, #1945, .F. ) ;
#1703 = ORIENTED_EDGE ( 'NONE', *, *, #62, .F. ) ;
#1704 = PLANE ( 'NONE',  #1079 ) ;
#1705 = CYLINDRICAL_SURFACE ( 'NONE', #1809, 0.9999999999999991118 ) ;
#1706 = CARTESIAN_POINT ( 'NONE',  ( 8.708944093420157628, 0.000000000000000000, -3.804502165540419423 ) ) ;
#1707 = EDGE_CURVE ( 'NONE', #494, #862, #550, .T. ) ;
#1708 = DIRECTION ( 'NONE',  ( 0.000000000000000000, 0.000000000000000000, -1.000000000000000000 ) ) ;
#1709 = ORIENTED_EDGE ( 'NONE', *, *, #2280, .T. ) ;
#1710 = ORIENTED_EDGE ( 'NONE', *, *, #931, .T. ) ;
#1711 = ADVANCED_FACE ( 'NONE', ( #1097 ), #364, .T. ) ;
#1712 = FACE_OUTER_BOUND ( 'NONE', #1043, .T. ) ;
#1713 = DIRECTION ( 'NONE',  ( -0.000000000000000000, -1.000000000000000000, -0.000000000000000000 ) ) ;
#1714 = ORIENTED_EDGE ( 'NONE', *, *, #1050, .F. ) ;
#1715 = ORIENTED_EDGE ( 'NONE', *, *, #1125, .F. ) ;
#1716 = EDGE_CURVE ( 'NONE', #1552, #446, #939, .T. ) ;
#1717 = LINE ( 'NONE', #73, #613 ) ;
#1718 = VECTOR ( 'NONE', #2359, 1000.000000000000000 ) ;
#1719 = LINE ( 'NONE', #951, #517 ) ;
#1720 = AXIS2_PLACEMENT_3D ( 'NONE', #703, #910, #1456 ) ;
#1721 = AXIS2_PLACEMENT_3D ( 'NONE', #2154, #302, #830 ) ;
#1722 = CARTESIAN_POINT ( 'NONE',  ( -24.70526946895292042, 25.58578643762690419, 14.19549783445957836 ) ) ;
#1723 = DIRECTION ( 'NONE',  ( 0.000000000000000000, 0.000000000000000000, -1.000000000000000000 ) ) ;
#1724 = ADVANCED_FACE ( 'NONE', ( #541 ), #1122, .T. ) ;
#1725 = VERTEX_POINT ( 'NONE', #400 ) ;
#1726 = DIRECTION ( 'NONE',  ( 0.000000000000000000, 1.000000000000000000, 0.000000000000000000 ) ) ;
#1727 = EDGE_CURVE ( 'NONE', #1434, #1303, #2025, .T. ) ;
#1728 = DATE_AND_TIME ( #1962, #1622 ) ;
#1729 = CARTESIAN_POINT ( 'NONE',  ( -44.79105590657983527, 1.000000000000000888, 13.19549783445958013 ) ) ;
#1730 = ORIENTED_EDGE ( 'NONE', *, *, #1437, .T. ) ;
#1731 = CARTESIAN_POINT ( 'NONE',  ( -40.79105590657982816, 0.000000000000000000, 13.19549783445958013 ) ) ;
#1732 = LINE ( 'NONE', #1220, #1872 ) ;
#1733 = LINE ( 'NONE', #2110, #924 ) ;
#1734 = VECTOR ( 'NONE', #416, 1000.000000000000000 ) ;
#1735 = ORIENTED_EDGE ( 'NONE', *, *, #2067, .F. ) ;
#1736 = LOCAL_TIME ( 18, 35, 17.00000000000000000, #1272 ) ;
#1737 = CARTESIAN_POINT ( 'NONE',  ( -44.79105590657983527, 1.000000000000000888, 14.19549783445957836 ) ) ;
#1738 = VECTOR ( 'NONE', #1768, 1000.000000000000000 ) ;
#1739 = CARTESIAN_POINT ( 'NONE',  ( -17.29105590657982106, 24.99999999999999645, 14.19549783445957836 ) ) ;
#1740 = CARTESIAN_POINT ( 'NONE',  ( 3.208944093420178056, 0.000000000000000000, 13.19549783445958013 ) ) ;
#1741 = CARTESIAN_POINT ( 'NONE',  ( -39.29105590657982816, 0.000000000000000000, 12.69549783445958013 ) ) ;
#1742 = EDGE_CURVE ( 'NONE', #2300, #1552, #1087, .T. ) ;
#1743 = DIRECTION ( 'NONE',  ( 0.000000000000000000, 1.000000000000000000, 0.000000000000000000 ) ) ;
#1744 = VECTOR ( 'NONE', #1014, 1000.000000000000000 ) ;
#1745 = PERSON_AND_ORGANIZATION_ROLE ( 'creator' ) ;
#1746 = ORIENTED_EDGE ( 'NONE', *, *, #1198, .T. ) ;
#1747 = CARTESIAN_POINT ( 'NONE',  ( -6.291055906579821944, 24.99999999999999645, 14.19549783445957836 ) ) ;
#1748 = CARTESIAN_POINT ( 'NONE',  ( 3.208944093420178056, 0.000000000000000000, 12.69549783445958013 ) ) ;
#1749 = ORIENTED_EDGE ( 'NONE', *, *, #66, .T. ) ;
#1750 = DIRECTION ( 'NONE',  ( -1.000000000000000000, -0.000000000000000000, -0.000000000000000000 ) ) ;
#1751 = CARTESIAN_POINT ( 'NONE',  ( -11.37684234420672880, 0.4142135623730951455, 14.19549783445957836 ) ) ;
#1752 = CARTESIAN_POINT ( 'NONE',  ( -43.79105590657983527, 24.99999999999999645, 14.19549783445957836 ) ) ;
#1753 = ADVANCED_FACE ( 'NONE', ( #1137 ), #745, .T. ) ;
#1754 = LINE ( 'NONE', #1033, #1771 ) ;
#1755 = DIRECTION ( 'NONE',  ( 0.000000000000000000, 0.000000000000000000, -1.000000000000000000 ) ) ;
#1756 = CARTESIAN_POINT ( 'NONE',  ( -24.29105590657982461, 26.00000000000000000, 12.69549783445958013 ) ) ;
#1757 = ADVANCED_FACE ( 'NONE', ( #565 ), #1311, .F. ) ;
#1758 = ORIENTED_EDGE ( 'NONE', *, *, #129, .F. ) ;
#1759 = CARTESIAN_POINT ( 'NONE',  ( -28.29105590657982106, 1.012464023903132450E-15, 13.78128427208648255 ) ) ;
#1760 = LINE ( 'NONE', #463, #239 ) ;
#1761 = CYLINDRICAL_SURFACE ( 'NONE', #496, 0.9999999999999991118 ) ;
#1762 = ORIENTED_EDGE ( 'NONE', *, *, #1507, .T. ) ;
#1763 = CARTESIAN_POINT ( 'NONE',  ( -27.29105590657982461, 26.00000000000000000, 14.19549783445957836 ) ) ;
#1764 = CARTESIAN_POINT ( 'NONE',  ( 0.2089440934201778066, 3.336006684570783348E-17, 13.19549783445958013 ) ) ;
#1765 =( BOUNDED_CURVE ( )  B_SPLINE_CURVE ( 3, ( #2138, #1221, #2351, #1432 ),
 .UNSPECIFIED., .F., .T. ) 
 B_SPLINE_CURVE_WITH_KNOTS ( ( 4, 4 ),
 ( 4.712388980384690562, 6.283185307179586232 ),
 .UNSPECIFIED. ) 
 CURVE ( )  GEOMETRIC_REPRESENTATION_ITEM ( )  RATIONAL_B_SPLINE_CURVE ( ( 1.000000000000000000, 0.8047378541243652705, 0.8047378541243652705, 1.000000000000000000 ) ) 
 REPRESENTATION_ITEM ( '' )  );
#1766 = CARTESIAN_POINT ( 'NONE',  ( -13.29105590657982106, 0.000000000000000000, 12.69549783445958013 ) ) ;
#1767 = DIRECTION ( 'NONE',  ( -0.000000000000000000, -1.000000000000000000, -0.000000000000000000 ) ) ;
#1768 = DIRECTION ( 'NONE',  ( 1.000000000000000000, 0.000000000000000000, 0.000000000000000000 ) ) ;
#1769 = AXIS2_PLACEMENT_3D ( 'NONE', #1840, #1053, #1999 ) ;
#1770 = VECTOR ( 'NONE', #2132, 1000.000000000000000 ) ;
#1771 = VECTOR ( 'NONE', #1767, 1000.000000000000000 ) ;
#1772 = CARTESIAN_POINT ( 'NONE',  ( -25.29105590657982461, 24.99999999999999645, 14.19549783445957836 ) ) ;
#1773 = ORIENTED_EDGE ( 'NONE', *, *, #1699, .F. ) ;
#1774 = DIRECTION ( 'NONE',  ( -0.000000000000000000, 0.000000000000000000, 1.000000000000000000 ) ) ;
#1775 = LINE ( 'NONE', #116, #1511 ) ;
#1776 = EDGE_CURVE ( 'NONE', #2212, #268, #1673, .T. ) ;
#1777 = VERTEX_POINT ( 'NONE', #1835 ) ;
#1778 = DIRECTION ( 'NONE',  ( -0.000000000000000000, -1.000000000000000000, -0.000000000000000000 ) ) ;
#1779 = LINE ( 'NONE', #501, #2221 ) ;
#1780 = VECTOR ( 'NONE', #2206, 1000.000000000000000 ) ;
#1781 = EDGE_CURVE ( 'NONE', #1478, #335, #1641, .T. ) ;
#1782 = PLANE ( 'NONE',  #250 ) ;
#1783 =( BOUNDED_CURVE ( )  B_SPLINE_CURVE ( 3, ( #61, #648, #1400, #829 ),
 .UNSPECIFIED., .F., .T. ) 
 B_SPLINE_CURVE_WITH_KNOTS ( ( 4, 4 ),
 ( 3.141592653589793116, 4.712388980384689674 ),
 .UNSPECIFIED. ) 
 CURVE ( )  GEOMETRIC_REPRESENTATION_ITEM ( )  RATIONAL_B_SPLINE_CURVE ( ( 1.000000000000000000, 0.8047378541243649375, 0.8047378541243649375, 1.000000000000000000 ) ) 
 REPRESENTATION_ITEM ( '' )  );
#1784 = DIRECTION ( 'NONE',  ( 0.000000000000000000, 1.000000000000000000, 0.000000000000000000 ) ) ;
#1785 = EDGE_CURVE ( 'NONE', #2088, #55, #1335, .T. ) ;
#1786 = EDGE_LOOP ( 'NONE', ( #761, #729, #678, #510 ) ) ;
#1787 = CARTESIAN_POINT ( 'NONE',  ( 0.000000000000000000, 0.000000000000000000, 13.19549783445958013 ) ) ;
#1788 = VECTOR ( 'NONE', #877, 1000.000000000000000 ) ;
#1789 = MANIFOLD_SOLID_BREP ( 'Fillet2', #1925 ) ;
#1790 = FACE_OUTER_BOUND ( 'NONE', #1248, .T. ) ;
#1791 = DIRECTION ( 'NONE',  ( 1.000000000000000000, -0.000000000000000000, 0.000000000000000000 ) ) ;
#1792 = EDGE_LOOP ( 'NONE', ( #439, #2158, #1006, #128 ) ) ;
#1793 = LINE ( 'NONE', #107, #2140 ) ;
#1794 = CARTESIAN_POINT ( 'NONE',  ( -24.29105590657982461, 26.00000000000000000, 12.69549783445958013 ) ) ;
#1795 = FACE_OUTER_BOUND ( 'NONE', #2273, .T. ) ;
#1796 = EDGE_CURVE ( 'NONE', #2326, #591, #1181, .T. ) ;
#1797 = CARTESIAN_POINT ( 'NONE',  ( -6.291055906579821944, 0.000000000000000000, 13.19549783445958013 ) ) ;
#1798 = DATE_TIME_ROLE ( 'classification_date' ) ;
#1799 = VERTEX_POINT ( 'NONE', #598 ) ;
#1800 = CARTESIAN_POINT ( 'NONE',  ( -44.79105590657983527, 1.000000000000000888, 13.19549783445958013 ) ) ;
#1801 = CARTESIAN_POINT ( 'NONE',  ( -35.29105590657982816, 26.00000000000000000, 13.19549783445958013 ) ) ;
#1802 = ORIENTED_EDGE ( 'NONE', *, *, #1996, .T. ) ;
#1803 = VERTEX_POINT ( 'NONE', #39 ) ;
#1804 = CYLINDRICAL_SURFACE ( 'NONE', #1228, 1.000000000000000000 ) ;
#1805 = EDGE_CURVE ( 'NONE', #1521, #1839, #1719, .T. ) ;
#1806 = EDGE_CURVE ( 'NONE', #67, #1231, #230, .T. ) ;
#1807 = ORIENTED_EDGE ( 'NONE', *, *, #1568, .F. ) ;
#1808 = CARTESIAN_POINT ( 'NONE',  ( -43.79105590657983527, 24.99999999999999645, 14.19549783445957836 ) ) ;
#1809 = AXIS2_PLACEMENT_3D ( 'NONE', #1899, #60, #624 ) ;
#1810 = CARTESIAN_POINT ( 'NONE',  ( 8.708944093420157628, 26.00000000000000000, -3.804502165540419423 ) ) ;
#1811 = EDGE_CURVE ( 'NONE', #778, #1839, #74, .T. ) ;
#1812 = AXIS2_PLACEMENT_3D ( 'NONE', #1088, #134, #2398 ) ;
#1813 = AXIS2_PLACEMENT_3D ( 'NONE', #601, #1676, #759 ) ;
#1814 = ORIENTED_EDGE ( 'NONE', *, *, #2392, .T. ) ;
#1815 = CYLINDRICAL_SURFACE ( 'NONE', #1720, 1.000000000000000888 ) ;
#1816 = EDGE_CURVE ( 'NONE', #1879, #558, #435, .T. ) ;
#1817 = CARTESIAN_POINT ( 'NONE',  ( -16.29105590657982106, 26.00000000000000000, 14.19549783445957836 ) ) ;
#1818 = EDGE_LOOP ( 'NONE', ( #559, #140, #1688, #1916 ) ) ;
#1819 = DIRECTION ( 'NONE',  ( -0.000000000000000000, 1.000000000000000000, -0.000000000000000000 ) ) ;
#1820 = ORIENTED_EDGE ( 'NONE', *, *, #943, .T. ) ;
#1821 = CARTESIAN_POINT ( 'NONE',  ( -28.29105590657982461, 0.000000000000000000, 13.19549783445958013 ) ) ;
#1822 = VECTOR ( 'NONE', #1791, 1000.000000000000000 ) ;
#1823 = VECTOR ( 'NONE', #1750, 1000.000000000000000 ) ;
#1824 = FACE_OUTER_BOUND ( 'NONE', #904, .T. ) ;
#1825 = ADVANCED_FACE ( 'NONE', ( #803 ), #1705, .T. ) ;
#1826 = LOCAL_TIME ( 18, 35, 17.00000000000000000, #2069 ) ;
#1827 = EDGE_LOOP ( 'NONE', ( #1119, #1103, #2111, #2238 ) ) ;
#1828 = CARTESIAN_POINT ( 'NONE',  ( -38.29105590657982816, 24.99999999999999645, 14.19549783445957836 ) ) ;
#1829 = CARTESIAN_POINT ( 'NONE',  ( -3.291055906579823720, 24.99999999999999645, 14.19549783445957836 ) ) ;
#1830 = EDGE_LOOP ( 'NONE', ( #1710, #956, #2056, #585 ) ) ;
#1831 = LINE ( 'NONE', #2004, #1780 ) ;
#1832 = ORIENTED_EDGE ( 'NONE', *, *, #1796, .T. ) ;
#1833 = VERTEX_POINT ( 'NONE', #2102 ) ;
#1834 = LINE ( 'NONE', #1282, #300 ) ;
#1835 = CARTESIAN_POINT ( 'NONE',  ( 8.708944093420162957, 0.000000000000000000, 13.19549783445958191 ) ) ;
#1836 = EDGE_CURVE ( 'NONE', #1081, #1231, #2037, .T. ) ;
#1837 = LINE ( 'NONE', #2410, #679 ) ;
#1838 = PERSON_AND_ORGANIZATION_ROLE ( 'design_supplier' ) ;
#1839 = VERTEX_POINT ( 'NONE', #1374 ) ;
#1840 = CARTESIAN_POINT ( 'NONE',  ( -24.29105590657982461, 26.00000000000000000, 12.69549783445958013 ) ) ;
#1841 = CYLINDRICAL_SURFACE ( 'NONE', #1252, 0.9999999999999991118 ) ;
#1842 = VERTEX_POINT ( 'NONE', #770 ) ;
#1843 = EDGE_LOOP ( 'NONE', ( #1411, #894, #1144, #1076 ) ) ;
#1844 = PLANE ( 'NONE',  #690 ) ;
#1845 = ORIENTED_EDGE ( 'NONE', *, *, #1781, .T. ) ;
#1846 = ORIENTED_EDGE ( 'NONE', *, *, #931, .F. ) ;
#1847 = DIRECTION ( 'NONE',  ( 0.000000000000000000, 0.000000000000000000, 1.000000000000000000 ) ) ;
#1848 = FACE_OUTER_BOUND ( 'NONE', #1457, .T. ) ;
#1849 = VERTEX_POINT ( 'NONE', #419 ) ;
#1850 = DIRECTION ( 'NONE',  ( -1.000000000000000000, 0.000000000000000000, 0.000000000000000000 ) ) ;
#1851 =( BOUNDED_CURVE ( )  B_SPLINE_CURVE ( 3, ( #1377, #974, #64, #90 ),
 .UNSPECIFIED., .F., .F. ) 
 B_SPLINE_CURVE_WITH_KNOTS ( ( 4, 4 ),
 ( 4.712388980384689674, 6.283185307179582679 ),
 .UNSPECIFIED. ) 
 CURVE ( )  GEOMETRIC_REPRESENTATION_ITEM ( )  RATIONAL_B_SPLINE_CURVE ( ( 1.000000000000000000, 0.8047378541243649375, 0.8047378541243649375, 1.000000000000000000 ) ) 
 REPRESENTATION_ITEM ( '' )  );
#1852 = CC_DESIGN_PERSON_AND_ORGANIZATION_ASSIGNMENT ( #2011, #1838, ( #1518 ) ) ;
#1853 = VECTOR ( 'NONE', #1997, 1000.000000000000000 ) ;
#1854 = CARTESIAN_POINT ( 'NONE',  ( -28.29105590657982461, 0.000000000000000000, 13.19549783445958013 ) ) ;
#1855 = VECTOR ( 'NONE', #1077, 1000.000000000000000 ) ;
#1856 = VERTEX_POINT ( 'NONE', #1162 ) ;
#1857 = DIRECTION ( 'NONE',  ( 0.000000000000000000, 0.000000000000000000, 1.000000000000000000 ) ) ;
#1858 = ORIENTED_EDGE ( 'NONE', *, *, #687, .F. ) ;
#1859 = LINE ( 'NONE', #1086, #184 ) ;
#1860 = EDGE_CURVE ( 'NONE', #165, #1849, #2297, .T. ) ;
#1861 = CARTESIAN_POINT ( 'NONE',  ( -39.29105590657982816, 0.000000000000000000, 13.19549783445958013 ) ) ;
#1862 = AXIS2_PLACEMENT_3D ( 'NONE', #836, #95, #878 ) ;
#1863 = LINE ( 'NONE', #2236, #721 ) ;
#1864 = ADVANCED_FACE ( 'NONE', ( #588 ), #411, .F. ) ;
#1865 = DIRECTION ( 'NONE',  ( 1.000000000000000000, 0.000000000000000000, 0.000000000000000000 ) ) ;
#1866 = ORIENTED_EDGE ( 'NONE', *, *, #1781, .F. ) ;
#1867 = VERTEX_POINT ( 'NONE', #1923 ) ;
#1868 = EDGE_CURVE ( 'NONE', #2135, #1842, #981, .T. ) ;
#1869 = CARTESIAN_POINT ( 'NONE',  ( 2.208944093420178056, 1.000000000000000888, 14.19549783445957836 ) ) ;
#1870 = LINE ( 'NONE', #204, #804 ) ;
#1871 = ORIENTED_EDGE ( 'NONE', *, *, #2193, .T. ) ;
#1872 = VECTOR ( 'NONE', #811, 1000.000000000000000 ) ;
#1873 = CARTESIAN_POINT ( 'NONE',  ( -39.29105590657982816, 24.99999999999999645, 14.19549783445957836 ) ) ;
#1874 = EDGE_CURVE ( 'NONE', #1842, #2417, #86, .T. ) ;
#1875 = DIRECTION ( 'NONE',  ( -1.000000000000000000, 0.000000000000000000, -0.000000000000000000 ) ) ;
#1876 = CARTESIAN_POINT ( 'NONE',  ( -7.791055906579821944, 0.000000000000000000, 12.69549783445958013 ) ) ;
#1877 = APPLICATION_PROTOCOL_DEFINITION ( 'international standard', 'config_control_design', 1994, #423 ) ;
#1878 = DIRECTION ( 'NONE',  ( 1.000000000000000000, -0.000000000000000000, 0.000000000000000000 ) ) ;
#1879 = VERTEX_POINT ( 'NONE', #2319 ) ;
#1880 = CARTESIAN_POINT ( 'NONE',  ( 4.708944093420181609, 1.012464023903132450E-15, 13.78128427208648255 ) ) ;
#1881 = CYLINDRICAL_SURFACE ( 'NONE', #232, 1.000000000000000000 ) ;
#1882 = CARTESIAN_POINT ( 'NONE',  ( -18.79105590657982106, 26.00000000000000000, 13.19549783445958013 ) ) ;
#1883 = ORIENTED_EDGE ( 'NONE', *, *, #940, .T. ) ;
#1884 = AXIS2_PLACEMENT_3D ( 'NONE', #1330, #1155, #236 ) ;
#1885 = DIRECTION ( 'NONE',  ( -0.000000000000000000, 0.000000000000000000, 1.000000000000000000 ) ) ;
#1886 = CARTESIAN_POINT ( 'NONE',  ( 0.000000000000000000, 24.99999999999999645, 13.19549783445958013 ) ) ;
#1887 = ORIENTED_EDGE ( 'NONE', *, *, #765, .F. ) ;
#1888 = CARTESIAN_POINT ( 'NONE',  ( -8.791055906579822832, 24.99999999999999645, 14.19549783445957836 ) ) ;
#1889 = EDGE_CURVE ( 'NONE', #883, #2059, #456, .T. ) ;
#1890 = ORIENTED_EDGE ( 'NONE', *, *, #1664, .F. ) ;
#1891 = ORIENTED_EDGE ( 'NONE', *, *, #79, .T. ) ;
#1892 = DIRECTION ( 'NONE',  ( 0.000000000000000000, 0.000000000000000000, -1.000000000000000000 ) ) ;
#1893 = VECTOR ( 'NONE', #459, 1000.000000000000000 ) ;
#1894 = CARTESIAN_POINT ( 'NONE',  ( -27.29105590657982461, 0.000000000000000000, 13.19549783445958013 ) ) ;
#1895 = AXIS2_PLACEMENT_3D ( 'NONE', #2320, #1194, #243 ) ;
#1896 = ORIENTED_EDGE ( 'NONE', *, *, #365, .T. ) ;
#1897 = AXIS2_PLACEMENT_3D ( 'NONE', #412, #1153, #1695 ) ;
#1898 = DIRECTION ( 'NONE',  ( -0.000000000000000000, 1.000000000000000000, -0.000000000000000000 ) ) ;
#1899 = CARTESIAN_POINT ( 'NONE',  ( -16.29105590657982106, 0.000000000000000000, 13.19549783445958013 ) ) ;
#1900 = CARTESIAN_POINT ( 'NONE',  ( -7.791055906579821944, 26.00000000000000000, 12.69549783445958013 ) ) ;
#1901 = EDGE_CURVE ( 'NONE', #2279, #743, #2381, .T. ) ;
#1902 = DIRECTION ( 'NONE',  ( 1.000000000000000000, -0.000000000000000000, 0.000000000000000000 ) ) ;
#1903 = VECTOR ( 'NONE', #891, 1000.000000000000000 ) ;
#1904 = ORIENTED_EDGE ( 'NONE', *, *, #1433, .F. ) ;
#1905 = ORIENTED_EDGE ( 'NONE', *, *, #1042, .F. ) ;
#1906 = CYLINDRICAL_SURFACE ( 'NONE', #271, 0.9999999999999991118 ) ;
#1907 = DIRECTION ( 'NONE',  ( 0.000000000000000000, 0.000000000000000000, -1.000000000000000000 ) ) ;
#1908 = ORIENTED_EDGE ( 'NONE', *, *, #135, .F. ) ;
#1909 = ORIENTED_EDGE ( 'NONE', *, *, #437, .F. ) ;
#1910 = DIRECTION ( 'NONE',  ( -0.000000000000000000, -0.000000000000000000, 1.000000000000000000 ) ) ;
#1911 = VECTOR ( 'NONE', #1571, 1000.000000000000000 ) ;
#1912 = CARTESIAN_POINT ( 'NONE',  ( 0.000000000000000000, 0.000000000000000000, 13.19549783445958013 ) ) ;
#1913 = EDGE_CURVE ( 'NONE', #6, #383, #1779, .T. ) ;
#1914 = LINE ( 'NONE', #1404, #1646 ) ;
#1915 = EDGE_CURVE ( 'NONE', #2300, #967, #118, .T. ) ;
#1916 = ORIENTED_EDGE ( 'NONE', *, *, #1596, .F. ) ;
#1917 = DIRECTION ( 'NONE',  ( 1.000000000000000000, -6.672013369141565463E-17, 0.000000000000000000 ) ) ;
#1918 = CARTESIAN_POINT ( 'NONE',  ( -36.29105590657982816, 24.99999999999999645, 14.19549783445957836 ) ) ;
#1919 = ORIENTED_EDGE ( 'NONE', *, *, #93, .T. ) ;
#1920 = VECTOR ( 'NONE', #963, 1000.000000000000000 ) ;
#1921 = CARTESIAN_POINT ( 'NONE',  ( -41.79105590657983527, 24.99999999999999645, 14.19549783445957836 ) ) ;
#1922 = EDGE_CURVE ( 'NONE', #2112, #584, #1979, .T. ) ;
#1923 = CARTESIAN_POINT ( 'NONE',  ( -33.79105590657982816, 0.000000000000000000, 13.19549783445958013 ) ) ;
#1924 = ADVANCED_FACE ( 'NONE', ( #468 ), #1617, .T. ) ;
#1925 = CLOSED_SHELL ( 'NONE', ( #2039, #199, #1372, #1193, #1757, #1482, #1149, #438, #1864, #686, #187, #619, #1581, #466, #1234, #1075, #2114, #1397, #1212, #2313, #2006, #2344, #1675, #622, #1534, #1242, #355, #191, #1222, #1123, #209, #1563, #1669, #270, #1601, #1091, #163, #1547, #2017, #1614, #1477, #1292, #1724, #1980, #9, #1361, #2226, #1986, #1216, #1711, #1298, #13, #886, #326, #852, #263, #921, #1320, #2325, #1825, #10, #180, #2308, #1691, #1924, #1238, #221, #2182, #1753, #2106, #539, #818, #1447, #1253, #338, #2271, #390, #561, #1304, #1993, #873, #676 ) ) ;
#1926 = VECTOR ( 'NONE', #119, 1000.000000000000000 ) ;
#1927 = CARTESIAN_POINT ( 'NONE',  ( -3.291055906579826384, 26.00000000000000355, 14.19549783445957836 ) ) ;
#1928 = CARTESIAN_POINT ( 'NONE',  ( 0.000000000000000000, 0.000000000000000000, 0.000000000000000000 ) ) ;
#1929 = ORIENTED_EDGE ( 'NONE', *, *, #574, .F. ) ;
#1930 = LINE ( 'NONE', #1393, #1972 ) ;
#1931 = DIRECTION ( 'NONE',  ( -0.000000000000000000, -0.000000000000000000, 1.000000000000000000 ) ) ;
#1932 = VERTEX_POINT ( 'NONE', #828 ) ;
#1933 = VECTOR ( 'NONE', #445, 1000.000000000000000 ) ;
#1934 = DIRECTION ( 'NONE',  ( -0.000000000000000000, -0.000000000000000000, 1.000000000000000000 ) ) ;
#1935 = VECTOR ( 'NONE', #1452, 1000.000000000000000 ) ;
#1936 = DIRECTION ( 'NONE',  ( -0.000000000000000000, -0.000000000000000000, 1.000000000000000000 ) ) ;
#1937 = PLANE ( 'NONE',  #20 ) ;
#1938 = EDGE_LOOP ( 'NONE', ( #1188, #225, #409, #1908 ) ) ;
#1939 = ORIENTED_EDGE ( 'NONE', *, *, #365, .F. ) ;
#1940 = CARTESIAN_POINT ( 'NONE',  ( -22.79105590657982106, 24.99999999999999645, 14.19549783445957836 ) ) ;
#1941 = DIRECTION ( 'NONE',  ( 0.000000000000000000, 0.000000000000000000, -1.000000000000000000 ) ) ;
#1942 = CARTESIAN_POINT ( 'NONE',  ( -13.29105590657982106, 26.00000000000000000, 13.19549783445958013 ) ) ;
#1943 = VECTOR ( 'NONE', #882, 1000.000000000000000 ) ;
#1944 = EDGE_LOOP ( 'NONE', ( #1508, #1258, #1018, #2163 ) ) ;
#1945 = EDGE_CURVE ( 'NONE', #1223, #167, #282, .T. ) ;
#1946 = CARTESIAN_POINT ( 'NONE',  ( 3.208944093420178056, 0.000000000000000000, 12.69549783445958013 ) ) ;
#1947 =( BOUNDED_CURVE ( )  B_SPLINE_CURVE ( 3, ( #1523, #1128, #43, #1655 ),
 .UNSPECIFIED., .F., .T. ) 
 B_SPLINE_CURVE_WITH_KNOTS ( ( 4, 4 ),
 ( 3.141592653589794892, 4.712388980384689674 ),
 .UNSPECIFIED. ) 
 CURVE ( )  GEOMETRIC_REPRESENTATION_ITEM ( )  RATIONAL_B_SPLINE_CURVE ( ( 1.000000000000000000, 0.8047378541243654926, 0.8047378541243654926, 1.000000000000000000 ) ) 
 REPRESENTATION_ITEM ( '' )  );
#1948 = LINE ( 'NONE', #1438, #149 ) ;
#1949 = EDGE_CURVE ( 'NONE', #584, #1179, #1451, .T. ) ;
#1950 = DIRECTION ( 'NONE',  ( -0.000000000000000000, 0.000000000000000000, 1.000000000000000000 ) ) ;
#1951 = CARTESIAN_POINT ( 'NONE',  ( -44.79105590657983527, 26.00000000000000000, -3.804502165540419423 ) ) ;
#1952 = VERTEX_POINT ( 'NONE', #647 ) ;
#1953 = CARTESIAN_POINT ( 'NONE',  ( -41.79105590657983527, 1.000000000000000888, 14.19549783445957836 ) ) ;
#1954 = CYLINDRICAL_SURFACE ( 'NONE', #1557, 0.9999999999999991118 ) ;
#1955 = CARTESIAN_POINT ( 'NONE',  ( -35.29105590657982816, 26.00000000000000355, 13.78128427208648255 ) ) ;
#1956 = ORIENTED_EDGE ( 'NONE', *, *, #1388, .F. ) ;
#1957 = FACE_OUTER_BOUND ( 'NONE', #1595, .T. ) ;
#1958 = LINE ( 'NONE', #110, #1309 ) ;
#1959 = LINE ( 'NONE', #672, #1738 ) ;
#1960 = LINE ( 'NONE', #2324, #68 ) ;
#1961 = VECTOR ( 'NONE', #1910, 1000.000000000000000 ) ;
#1962 = CALENDAR_DATE ( 2026, 7, 9 ) ;
#1963 = ORIENTED_EDGE ( 'NONE', *, *, #2090, .T. ) ;
#1964 = DIRECTION ( 'NONE',  ( 3.336006684570782732E-17, -1.000000000000000000, 0.000000000000000000 ) ) ;
#1965 = EDGE_CURVE ( 'NONE', #584, #126, #207, .T. ) ;
#1966 = CARTESIAN_POINT ( 'NONE',  ( -44.79105590657983527, 26.00000000000000000, 14.19549783445957836 ) ) ;
#1967 = DIRECTION ( 'NONE',  ( 1.000000000000000000, 0.000000000000000000, 0.000000000000000000 ) ) ;
#1968 = CARTESIAN_POINT ( 'NONE',  ( -0.7910559065798226097, 26.00000000000000355, 13.78128427208648255 ) ) ;
#1969 = DIRECTION ( 'NONE',  ( 1.000000000000000000, 0.000000000000000000, 0.000000000000000000 ) ) ;
#1970 = LINE ( 'NONE', #2170, #387 ) ;
#1971 = CARTESIAN_POINT ( 'NONE',  ( -17.29105590657982106, 0.000000000000000000, 12.69549783445958013 ) ) ;
#1972 = VECTOR ( 'NONE', #1028, 1000.000000000000000 ) ;
#1973 = ORIENTED_EDGE ( 'NONE', *, *, #1699, .T. ) ;
#1974 = LINE ( 'NONE', #665, #603 ) ;
#1975 = CYLINDRICAL_SURFACE ( 'NONE', #1450, 0.9999999999999991118 ) ;
#1976 = CARTESIAN_POINT ( 'NONE',  ( -16.29105590657982106, 1.000000000000000888, 14.19549783445957836 ) ) ;
#1977 = ORIENTED_EDGE ( 'NONE', *, *, #1285, .T. ) ;
#1978 = VECTOR ( 'NONE', #1713, 1000.000000000000000 ) ;
#1979 = LINE ( 'NONE', #1020, #1943 ) ;
#1980 = ADVANCED_FACE ( 'NONE', ( #2153 ), #476, .T. ) ;
#1981 = APPROVAL_PERSON_ORGANIZATION ( #2072, #1345, #1696 ) ;
#1982 = VECTOR ( 'NONE', #1332, 1000.000000000000000 ) ;
#1983 = VERTEX_POINT ( 'NONE', #670 ) ;
#1984 = DIRECTION ( 'NONE',  ( 1.000000000000000000, -0.000000000000000000, 0.000000000000000000 ) ) ;
#1985 = LINE ( 'NONE', #2375, #1788 ) ;
#1986 = ADVANCED_FACE ( 'NONE', ( #1957 ), #1804, .T. ) ;
#1987 = PLANE ( 'NONE',  #2183 ) ;
#1988 = EDGE_CURVE ( 'NONE', #1989, #1236, #772, .T. ) ;
#1989 = VERTEX_POINT ( 'NONE', #2345 ) ;
#1990 = ORIENTED_EDGE ( 'NONE', *, *, #1171, .F. ) ;
#1991 = DIRECTION ( 'NONE',  ( 1.000000000000000000, 0.000000000000000000, 0.000000000000000000 ) ) ;
#1992 = ORIENTED_EDGE ( 'NONE', *, *, #2353, .F. ) ;
#1993 = ADVANCED_FACE ( 'NONE', ( #853 ), #1421, .T. ) ;
#1994 = DIRECTION ( 'NONE',  ( -0.000000000000000000, 1.000000000000000000, -0.000000000000000000 ) ) ;
#1995 = CARTESIAN_POINT ( 'NONE',  ( 8.708944093420157628, 26.00000000000000000, -3.804502165540419423 ) ) ;
#1996 = EDGE_CURVE ( 'NONE', #1192, #743, #1046, .T. ) ;
#1997 = DIRECTION ( 'NONE',  ( -3.854941057726238097E-16, -0.000000000000000000, -1.000000000000000000 ) ) ;
#1998 = PERSON_AND_ORGANIZATION_ROLE ( 'creator' ) ;
#1999 = DIRECTION ( 'NONE',  ( -0.000000000000000000, 0.000000000000000000, 1.000000000000000000 ) ) ;
#2000 = AXIS2_PLACEMENT_3D ( 'NONE', #1184, #983, #1723 ) ;
#2001 = ORIENTED_EDGE ( 'NONE', *, *, #765, .T. ) ;
#2002 = CC_DESIGN_DATE_AND_TIME_ASSIGNMENT ( #725, #1798, ( #892 ) ) ;
#2003 = ORIENTED_EDGE ( 'NONE', *, *, #93, .F. ) ;
#2004 = CARTESIAN_POINT ( 'NONE',  ( -39.29105590657982816, 26.00000000000000000, 12.69549783445958013 ) ) ;
#2005 = ORIENTED_EDGE ( 'NONE', *, *, #1433, .T. ) ;
#2006 = ADVANCED_FACE ( 'NONE', ( #1608 ), #681, .T. ) ;
#2007 = CARTESIAN_POINT ( 'NONE',  ( -30.79105590657982461, 1.000000000000000888, 14.19549783445957836 ) ) ;
#2008 = CARTESIAN_POINT ( 'NONE',  ( -10.79105590657982106, 24.99999999999999645, 14.19549783445957836 ) ) ;
#2009 = CARTESIAN_POINT ( 'NONE',  ( -6.291055906579821944, 1.012464023903132450E-15, 13.78128427208648255 ) ) ;
#2010 = AXIS2_PLACEMENT_3D ( 'NONE', #1256, #1642, #150 ) ;
#2011 = PERSON_AND_ORGANIZATION ( #18, #1443 ) ;
#2012 = AXIS2_PLACEMENT_3D ( 'NONE', #715, #1466, #533 ) ;
#2013 = EDGE_LOOP ( 'NONE', ( #1278, #1384, #63, #569 ) ) ;
#2014 = DIRECTION ( 'NONE',  ( 1.000000000000000000, -0.000000000000000000, 0.000000000000000000 ) ) ;
#2015 = VERTEX_POINT ( 'NONE', #1499 ) ;
#2016 = LINE ( 'NONE', #560, #2263 ) ;
#2017 = ADVANCED_FACE ( 'NONE', ( #2241 ), #1094, .T. ) ;
#2018 = EDGE_LOOP ( 'NONE', ( #277, #125, #1890, #1166 ) ) ;
#2019 = CYLINDRICAL_SURFACE ( 'NONE', #144, 0.9999999999999991118 ) ;
#2020 = VECTOR ( 'NONE', #1934, 1000.000000000000000 ) ;
#2021 = AXIS2_PLACEMENT_3D ( 'NONE', #2097, #1892, #969 ) ;
#2022 = CARTESIAN_POINT ( 'NONE',  ( -18.79105590657982106, 26.00000000000000000, 13.19549783445958013 ) ) ;
#2023 = ORIENTED_EDGE ( 'NONE', *, *, #255, .T. ) ;
#2024 = CARTESIAN_POINT ( 'NONE',  ( -18.79105590657982106, 26.00000000000000000, 12.69549783445958013 ) ) ;
#2025 =( BOUNDED_CURVE ( )  B_SPLINE_CURVE ( 3, ( #896, #1109, #528, #2066 ),
 .UNSPECIFIED., .F., .T. ) 
 B_SPLINE_CURVE_WITH_KNOTS ( ( 4, 4 ),
 ( 4.712388980384689674, 6.283185307179586232 ),
 .UNSPECIFIED. ) 
 CURVE ( )  GEOMETRIC_REPRESENTATION_ITEM ( )  RATIONAL_B_SPLINE_CURVE ( ( 1.000000000000000000, 0.8047378541243649375, 0.8047378541243649375, 1.000000000000000000 ) ) 
 REPRESENTATION_ITEM ( '' )  );
#2026 = CARTESIAN_POINT ( 'NONE',  ( 4.708944093420180721, 26.00000000000000355, 13.78128427208648255 ) ) ;
#2027 = ORIENTED_EDGE ( 'NONE', *, *, #984, .T. ) ;
#2028 = CARTESIAN_POINT ( 'NONE',  ( 0.000000000000000000, 0.000000000000000000, 12.69549783445958013 ) ) ;
#2029 = VERTEX_POINT ( 'NONE', #1082 ) ;
#2030 = CARTESIAN_POINT ( 'NONE',  ( 3.208944093420178056, 0.000000000000000000, 13.19549783445958013 ) ) ;
#2031 = CARTESIAN_POINT ( 'NONE',  ( -35.29105590657982816, 26.00000000000000000, 12.69549783445958013 ) ) ;
#2032 = APPROVAL_STATUS ( 'not_yet_approved' ) ;
#2033 = CARTESIAN_POINT ( 'NONE',  ( -19.79105590657982461, 1.000000000000000888, 14.19549783445957836 ) ) ;
#2034 = FACE_OUTER_BOUND ( 'NONE', #2013, .T. ) ;
#2035 =( LENGTH_UNIT ( ) NAMED_UNIT ( * ) SI_UNIT ( .MILLI., .METRE. ) );
#2036 = ORIENTED_EDGE ( 'NONE', *, *, #1356, .T. ) ;
#2037 =( BOUNDED_CURVE ( )  B_SPLINE_CURVE ( 3, ( #432, #1684, #2274, #50 ),
 .UNSPECIFIED., .F., .T. ) 
 B_SPLINE_CURVE_WITH_KNOTS ( ( 4, 4 ),
 ( 1.570796326794896558, 3.141592653589793116 ),
 .UNSPECIFIED. ) 
 CURVE ( )  GEOMETRIC_REPRESENTATION_ITEM ( )  RATIONAL_B_SPLINE_CURVE ( ( 1.000000000000000000, 0.8047378541243649375, 0.8047378541243649375, 1.000000000000000000 ) ) 
 REPRESENTATION_ITEM ( '' )  );
#2038 = CARTESIAN_POINT ( 'NONE',  ( -28.29105590657982461, 26.00000000000000000, 13.19549783445958013 ) ) ;
#2039 = ADVANCED_FACE ( 'NONE', ( #1251 ), #1844, .F. ) ;
#2040 = ORIENTED_EDGE ( 'NONE', *, *, #42, .F. ) ;
#2041 = CARTESIAN_POINT ( 'NONE',  ( 3.208944093420178056, 0.000000000000000000, 12.69549783445958013 ) ) ;
#2042 = EDGE_CURVE ( 'NONE', #350, #2212, #157, .T. ) ;
#2043 = LINE ( 'NONE', #376, #2131 ) ;
#2044 = ORIENTED_EDGE ( 'NONE', *, *, #437, .T. ) ;
#2045 = CARTESIAN_POINT ( 'NONE',  ( 8.708944093420162957, 26.00000000000000000, 13.19549783445957480 ) ) ;
#2046 = VECTOR ( 'NONE', #254, 1000.000000000000000 ) ;
#2047 = LINE ( 'NONE', #201, #1604 ) ;
#2048 = ORIENTED_EDGE ( 'NONE', *, *, #1868, .F. ) ;
#2049 = ORIENTED_EDGE ( 'NONE', *, *, #1470, .F. ) ;
#2050 = EDGE_LOOP ( 'NONE', ( #2127, #1224, #822, #1814 ) ) ;
#2051 = ORIENTED_EDGE ( 'NONE', *, *, #856, .F. ) ;
#2052 = DIRECTION ( 'NONE',  ( -1.000000000000000000, 0.000000000000000000, -0.000000000000000000 ) ) ;
#2053 = EDGE_CURVE ( 'NONE', #1616, #1027, #1104, .T. ) ;
#2054 = VECTOR ( 'NONE', #1333, 1000.000000000000000 ) ;
#2055 = SHAPE_DEFINITION_REPRESENTATION ( #713, #706 ) ;
#2056 = ORIENTED_EDGE ( 'NONE', *, *, #1816, .T. ) ;
#2057 =( GEOMETRIC_REPRESENTATION_CONTEXT ( 3 ) GLOBAL_UNCERTAINTY_ASSIGNED_CONTEXT ( ( #1495 ) ) GLOBAL_UNIT_ASSIGNED_CONTEXT ( ( #2035, #1102, #2376 ) ) REPRESENTATION_CONTEXT ( 'NONE', 'WORKASPACE' ) );
#2058 = AXIS2_PLACEMENT_3D ( 'NONE', #919, #169, #734 ) ;
#2059 = VERTEX_POINT ( 'NONE', #2396 ) ;
#2060 = ORIENTED_EDGE ( 'NONE', *, *, #395, .T. ) ;
#2061 = EDGE_CURVE ( 'NONE', #2295, #1932, #2016, .T. ) ;
#2062 = DIRECTION ( 'NONE',  ( 0.000000000000000000, 0.000000000000000000, 1.000000000000000000 ) ) ;
#2063 = ORIENTED_EDGE ( 'NONE', *, *, #395, .F. ) ;
#2064 = AXIS2_PLACEMENT_3D ( 'NONE', #275, #824, #451 ) ;
#2065 = CARTESIAN_POINT ( 'NONE',  ( -44.79105590657983527, 1.000000000000000888, 14.19549783445957836 ) ) ;
#2066 = CARTESIAN_POINT ( 'NONE',  ( -24.29105590657982461, 0.000000000000000000, 13.19549783445958013 ) ) ;
#2067 = EDGE_CURVE ( 'NONE', #1952, #337, #1831, .T. ) ;
#2068 = DIRECTION ( 'NONE',  ( 0.000000000000000000, 0.000000000000000000, -1.000000000000000000 ) ) ;
#2069 = COORDINATED_UNIVERSAL_TIME_OFFSET ( 0, 0, .AHEAD. ) ;
#2070 = CARTESIAN_POINT ( 'NONE',  ( 3.208944093420178945, 26.00000000000000000, 12.69549783445958013 ) ) ;
#2071 = PLANE ( 'NONE',  #1295 ) ;
#2072 = PERSON_AND_ORGANIZATION ( #18, #1443 ) ;
#2073 = CARTESIAN_POINT ( 'NONE',  ( -35.29105590657982816, 1.084202172485504434E-15, 13.78128427208648255 ) ) ;
#2074 = ORIENTED_EDGE ( 'NONE', *, *, #1038, .T. ) ;
#2075 = CARTESIAN_POINT ( 'NONE',  ( -24.29105590657982461, 0.000000000000000000, 12.69549783445958013 ) ) ;
#2076 = FACE_OUTER_BOUND ( 'NONE', #425, .T. ) ;
#2077 = ORIENTED_EDGE ( 'NONE', *, *, #1507, .F. ) ;
#2078 = CARTESIAN_POINT ( 'NONE',  ( -8.791055906579822832, 24.99999999999999645, 14.19549783445957836 ) ) ;
#2079 = DIRECTION ( 'NONE',  ( -0.000000000000000000, -0.000000000000000000, 1.000000000000000000 ) ) ;
#2080 = CARTESIAN_POINT ( 'NONE',  ( 0.000000000000000000, 0.000000000000000000, 13.19549783445958013 ) ) ;
#2081 = ORIENTED_EDGE ( 'NONE', *, *, #612, .F. ) ;
#2082 = CYLINDRICAL_SURFACE ( 'NONE', #1897, 0.9999999999999991118 ) ;
#2083 = ORIENTED_EDGE ( 'NONE', *, *, #2392, .F. ) ;
#2084 = EDGE_LOOP ( 'NONE', ( #1409, #523, #1089, #1468 ) ) ;
#2085 = VECTOR ( 'NONE', #987, 1000.000000000000000 ) ;
#2086 = CARTESIAN_POINT ( 'NONE',  ( -6.291055906579821944, 26.00000000000000000, 12.69549783445958013 ) ) ;
#2087 = VECTOR ( 'NONE', #470, 1000.000000000000000 ) ;
#2088 = VERTEX_POINT ( 'NONE', #731 ) ;
#2089 = CARTESIAN_POINT ( 'NONE',  ( -14.29105590657982283, 26.00000000000000000, 14.19549783445957836 ) ) ;
#2090 = EDGE_CURVE ( 'NONE', #2015, #383, #166, .T. ) ;
#2091 = ORIENTED_EDGE ( 'NONE', *, *, #788, .F. ) ;
#2092 = APPLICATION_PROTOCOL_DEFINITION ( 'international standard', 'config_control_design', 1994, #2391 ) ;
#2093 = VECTOR ( 'NONE', #865, 1000.000000000000000 ) ;
#2094 = ORIENTED_EDGE ( 'NONE', *, *, #2130, .T. ) ;
#2095 = VECTOR ( 'NONE', #1148, 1000.000000000000000 ) ;
#2096 = ORIENTED_EDGE ( 'NONE', *, *, #1171, .T. ) ;
#2097 = CARTESIAN_POINT ( 'NONE',  ( -44.79105590657983527, 26.00000000000000000, 14.19549783445957836 ) ) ;
#2098 = CARTESIAN_POINT ( 'NONE',  ( -17.29105590657982106, 26.00000000000000000, 13.19549783445958013 ) ) ;
#2099 = ORIENTED_EDGE ( 'NONE', *, *, #1645, .T. ) ;
#2100 =( BOUNDED_CURVE ( )  B_SPLINE_CURVE ( 3, ( #146, #2335, #1402, #2385 ),
 .UNSPECIFIED., .F., .T. ) 
 B_SPLINE_CURVE_WITH_KNOTS ( ( 4, 4 ),
 ( 0.000000000000000000, 1.570796326794896558 ),
 .UNSPECIFIED. ) 
 CURVE ( )  GEOMETRIC_REPRESENTATION_ITEM ( )  RATIONAL_B_SPLINE_CURVE ( ( 1.000000000000000000, 0.8047378541243649375, 0.8047378541243649375, 1.000000000000000000 ) ) 
 REPRESENTATION_ITEM ( '' )  );
#2101 = LINE ( 'NONE', #1737, #71 ) ;
#2102 = CARTESIAN_POINT ( 'NONE',  ( -40.79105590657982816, 0.000000000000000000, 12.69549783445958013 ) ) ;
#2103 = CARTESIAN_POINT ( 'NONE',  ( 2.208944093420178056, 1.000000000000000888, 14.19549783445957836 ) ) ;
#2104 = ORIENTED_EDGE ( 'NONE', *, *, #1860, .T. ) ;
#2105 = DIRECTION ( 'NONE',  ( -0.000000000000000000, -1.000000000000000000, -0.000000000000000000 ) ) ;
#2106 = ADVANCED_FACE ( 'NONE', ( #1636 ), #2230, .T. ) ;
#2107 = ORIENTED_EDGE ( 'NONE', *, *, #1645, .F. ) ;
#2108 = CARTESIAN_POINT ( 'NONE',  ( 0.000000000000000000, 0.000000000000000000, 13.19549783445958013 ) ) ;
#2109 = DIRECTION ( 'NONE',  ( 1.000000000000000000, -0.000000000000000000, 0.000000000000000000 ) ) ;
#2110 = CARTESIAN_POINT ( 'NONE',  ( -44.79105590657983527, 24.99999999999999645, 14.19549783445957836 ) ) ;
#2111 = ORIENTED_EDGE ( 'NONE', *, *, #2193, .F. ) ;
#2112 = VERTEX_POINT ( 'NONE', #382 ) ;
#2113 = CARTESIAN_POINT ( 'NONE',  ( -7.791055906579821055, 26.00000000000000355, 13.78128427208648255 ) ) ;
#2114 = ADVANCED_FACE ( 'NONE', ( #192 ), #719, .F. ) ;
#2115 = CARTESIAN_POINT ( 'NONE',  ( -6.291055906579821944, 26.00000000000000000, 12.69549783445958013 ) ) ;
#2116 =( BOUNDED_CURVE ( )  B_SPLINE_CURVE ( 3, ( #1829, #2203, #1, #1260 ),
 .UNSPECIFIED., .F., .T. ) 
 B_SPLINE_CURVE_WITH_KNOTS ( ( 4, 4 ),
 ( 1.570796326794896558, 3.141592653589793116 ),
 .UNSPECIFIED. ) 
 CURVE ( )  GEOMETRIC_REPRESENTATION_ITEM ( )  RATIONAL_B_SPLINE_CURVE ( ( 1.000000000000000000, 0.8047378541243649375, 0.8047378541243649375, 1.000000000000000000 ) ) 
 REPRESENTATION_ITEM ( '' )  );
#2117 = CARTESIAN_POINT ( 'NONE',  ( -35.29105590657982816, 26.00000000000000000, 13.19549783445958013 ) ) ;
#2118 = AXIS2_PLACEMENT_3D ( 'NONE', #458, #1301, #1950 ) ;
#2119 = FACE_OUTER_BOUND ( 'NONE', #251, .T. ) ;
#2120 = EDGE_CURVE ( 'NONE', #1682, #750, #1280, .T. ) ;
#2121 = LINE ( 'NONE', #447, #917 ) ;
#2122 = EDGE_CURVE ( 'NONE', #287, #1657, #1870, .T. ) ;
#2123 = ORIENTED_EDGE ( 'NONE', *, *, #915, .T. ) ;
#2124 = CARTESIAN_POINT ( 'NONE',  ( -28.29105590657982461, 0.000000000000000000, 13.19549783445958013 ) ) ;
#2125 = CARTESIAN_POINT ( 'NONE',  ( 0.000000000000000000, 0.000000000000000000, 13.19549783445958013 ) ) ;
#2126 = CARTESIAN_POINT ( 'NONE',  ( -7.791055906579821944, 26.00000000000000000, 12.69549783445958013 ) ) ;
#2127 = ORIENTED_EDGE ( 'NONE', *, *, #1922, .T. ) ;
#2128 = VECTOR ( 'NONE', #1661, 1000.000000000000000 ) ;
#2129 = VERTEX_POINT ( 'NONE', #336 ) ;
#2130 = EDGE_CURVE ( 'NONE', #1803, #558, #1134, .T. ) ;
#2131 = VECTOR ( 'NONE', #2310, 1000.000000000000000 ) ;
#2132 = DIRECTION ( 'NONE',  ( 1.000000000000000000, -0.000000000000000000, 0.000000000000000000 ) ) ;
#2133 = CARTESIAN_POINT ( 'NONE',  ( -44.79105590657983527, 26.00000000000000000, 14.19549783445957836 ) ) ;
#2134 =( BOUNDED_CURVE ( )  B_SPLINE_CURVE ( 3, ( #712, #1241, #2210, #530 ),
 .UNSPECIFIED., .F., .T. ) 
 B_SPLINE_CURVE_WITH_KNOTS ( ( 4, 4 ),
 ( 3.141592653589793116, 4.712388980384689674 ),
 .UNSPECIFIED. ) 
 CURVE ( )  GEOMETRIC_REPRESENTATION_ITEM ( )  RATIONAL_B_SPLINE_CURVE ( ( 1.000000000000000000, 0.8047378541243649375, 0.8047378541243649375, 1.000000000000000000 ) ) 
 REPRESENTATION_ITEM ( '' )  );
#2135 = VERTEX_POINT ( 'NONE', #2086 ) ;
#2136 = CARTESIAN_POINT ( 'NONE',  ( -41.20526946895292753, 0.4142135623730961447, 14.19549783445957836 ) ) ;
#2137 = LINE ( 'NONE', #642, #467 ) ;
#2138 = CARTESIAN_POINT ( 'NONE',  ( -3.291055906579821944, 1.000000000000000888, 14.19549783445957836 ) ) ;
#2139 = AXIS2_PLACEMENT_3D ( 'NONE', #2404, #547, #1857 ) ;
#2140 = VECTOR ( 'NONE', #1385, 1000.000000000000000 ) ;
#2141 = ORIENTED_EDGE ( 'NONE', *, *, #659, .T. ) ;
#2142 = DIRECTION ( 'NONE',  ( 0.000000000000000000, 1.000000000000000000, 0.000000000000000000 ) ) ;
#2143 = CYLINDRICAL_SURFACE ( 'NONE', #1895, 0.9999999999999991118 ) ;
#2144 = CARTESIAN_POINT ( 'NONE',  ( 0.000000000000000000, 0.000000000000000000, 12.69549783445958013 ) ) ;
#2145 = EDGE_CURVE ( 'NONE', #2252, #1027, #408, .T. ) ;
#2146 = LINE ( 'NONE', #1756, #1347 ) ;
#2147 = EDGE_LOOP ( 'NONE', ( #1573, #635, #1323, #1467 ) ) ;
#2148 = FACE_OUTER_BOUND ( 'NONE', #23, .T. ) ;
#2149 = DIRECTION ( 'NONE',  ( 0.000000000000000000, 0.000000000000000000, 1.000000000000000000 ) ) ;
#2150 = CARTESIAN_POINT ( 'NONE',  ( -40.79105590657982816, 0.000000000000000000, 12.69549783445958013 ) ) ;
#2151 = EDGE_LOOP ( 'NONE', ( #1569, #563, #2074, #235 ) ) ;
#2152 = CARTESIAN_POINT ( 'NONE',  ( -10.79105590657982106, 24.99999999999999645, 14.19549783445957836 ) ) ;
#2153 = FACE_OUTER_BOUND ( 'NONE', #664, .T. ) ;
#2154 = CARTESIAN_POINT ( 'NONE',  ( -8.791055906579822832, 26.00000000000000000, 13.19549783445958013 ) ) ;
#2155 = CARTESIAN_POINT ( 'NONE',  ( -0.7910559065798221656, 0.000000000000000000, 13.19549783445958013 ) ) ;
#2156 = EDGE_CURVE ( 'NONE', #2029, #967, #2282, .T. ) ;
#2157 = DIRECTION ( 'NONE',  ( -1.000000000000000000, 0.000000000000000000, -0.000000000000000000 ) ) ;
#2158 = ORIENTED_EDGE ( 'NONE', *, *, #198, .F. ) ;
#2159 = CARTESIAN_POINT ( 'NONE',  ( -44.79105590657983527, 26.00000000000000000, -3.804502165540419423 ) ) ;
#2160 = EDGE_CURVE ( 'NONE', #546, #1485, #441, .T. ) ;
#2161 = FACE_OUTER_BOUND ( 'NONE', #2412, .T. ) ;
#2162 = PLANE ( 'NONE',  #156 ) ;
#2163 = ORIENTED_EDGE ( 'NONE', *, *, #1889, .T. ) ;
#2164 = VERTEX_POINT ( 'NONE', #575 ) ;
#2165 = DIRECTION ( 'NONE',  ( -1.000000000000000000, 0.000000000000000000, -0.000000000000000000 ) ) ;
#2166 = CARTESIAN_POINT ( 'NONE',  ( 0.000000000000000000, 24.99999999999999645, 13.19549783445958013 ) ) ;
#2167 = ORIENTED_EDGE ( 'NONE', *, *, #1727, .T. ) ;
#2168 = EDGE_CURVE ( 'NONE', #2417, #212, #1369, .T. ) ;
#2169 = DIRECTION ( 'NONE',  ( -0.000000000000000000, -0.000000000000000000, 1.000000000000000000 ) ) ;
#2170 = CARTESIAN_POINT ( 'NONE',  ( 3.208944093420178945, 26.00000000000000000, 12.69549783445958013 ) ) ;
#2171 = VECTOR ( 'NONE', #555, 1000.000000000000000 ) ;
#2172 = VECTOR ( 'NONE', #2169, 1000.000000000000000 ) ;
#2173 = DIRECTION ( 'NONE',  ( -1.000000000000000000, 0.000000000000000000, 0.000000000000000000 ) ) ;
#2174 = EDGE_CURVE ( 'NONE', #1552, #1178, #1529, .T. ) ;
#2175 = ORIENTED_EDGE ( 'NONE', *, *, #868, .T. ) ;
#2176 = FACE_OUTER_BOUND ( 'NONE', #702, .T. ) ;
#2177 = DIRECTION ( 'NONE',  ( -0.000000000000000000, -0.000000000000000000, 1.000000000000000000 ) ) ;
#2178 = CARTESIAN_POINT ( 'NONE',  ( -44.79105590657983527, 0.000000000000000000, -3.804502165540419423 ) ) ;
#2179 = EDGE_CURVE ( 'NONE', #337, #268, #1269, .T. ) ;
#2180 = ORIENTED_EDGE ( 'NONE', *, *, #1000, .T. ) ;
#2181 = EDGE_LOOP ( 'NONE', ( #448, #1692, #786, #2217 ) ) ;
#2182 = ADVANCED_FACE ( 'NONE', ( #228 ), #1177, .T. ) ;
#2183 = AXIS2_PLACEMENT_3D ( 'NONE', #474, #654, #2317 ) ;
#2184 = DIRECTION ( 'NONE',  ( -0.000000000000000000, 0.000000000000000000, 1.000000000000000000 ) ) ;
#2185 = APPROVAL_PERSON_ORGANIZATION ( #1444, #477, #505 ) ;
#2186 = LINE ( 'NONE', #1022, #1348 ) ;
#2187 = DIRECTION ( 'NONE',  ( -3.336006684570783348E-17, -1.000000000000000000, 0.000000000000000000 ) ) ;
#2188 = FACE_OUTER_BOUND ( 'NONE', #1667, .T. ) ;
#2189 = EDGE_LOOP ( 'NONE', ( #185, #1536, #1820, #1891, #596, #900, #976, #1709, #1093, #726, #1635, #2023, #1762, #246, #732, #442, #1871, #990, #145, #1520, #790, #2094, #922, #2060, #155, #106, #1471, #2307, #2205, #1628, #1939, #481, #1698, #2268, #1558, #1359, #918, #105, #986, #226 ) ) ;
#2190 = LINE ( 'NONE', #506, #953 ) ;
#2191 = FACE_OUTER_BOUND ( 'NONE', #767, .T. ) ;
#2192 = DIRECTION ( 'NONE',  ( 0.000000000000000000, -1.000000000000000000, 0.000000000000000000 ) ) ;
#2193 = EDGE_CURVE ( 'NONE', #535, #2279, #2272, .T. ) ;
#2194 = ORIENTED_EDGE ( 'NONE', *, *, #2331, .F. ) ;
#2195 = CARTESIAN_POINT ( 'NONE',  ( -33.79105590657982816, 24.99999999999999645, 14.19549783445957836 ) ) ;
#2196 = PLANE ( 'NONE',  #806 ) ;
#2197 = CARTESIAN_POINT ( 'NONE',  ( -6.291055906579821944, 0.000000000000000000, 13.19549783445958013 ) ) ;
#2198 = ORIENTED_EDGE ( 'NONE', *, *, #1050, .T. ) ;
#2199 = DIRECTION ( 'NONE',  ( -1.000000000000000000, 0.000000000000000000, -0.000000000000000000 ) ) ;
#2200 = VECTOR ( 'NONE', #1964, 1000.000000000000000 ) ;
#2201 =( BOUNDED_CURVE ( )  B_SPLINE_CURVE ( 3, ( #2289, #1130, #2073, #2267 ),
 .UNSPECIFIED., .F., .T. ) 
 B_SPLINE_CURVE_WITH_KNOTS ( ( 4, 4 ),
 ( 4.712388980384689674, 6.283185307179586232 ),
 .UNSPECIFIED. ) 
 CURVE ( )  GEOMETRIC_REPRESENTATION_ITEM ( )  RATIONAL_B_SPLINE_CURVE ( ( 1.000000000000000000, 0.8047378541243649375, 0.8047378541243649375, 1.000000000000000000 ) ) 
 REPRESENTATION_ITEM ( '' )  );
#2202 = EDGE_CURVE ( 'NONE', #668, #2135, #586, .T. ) ;
#2203 = CARTESIAN_POINT ( 'NONE',  ( -2.705269468952918199, 25.58578643762690419, 14.19549783445957836 ) ) ;
#2204 = CARTESIAN_POINT ( 'NONE',  ( 3.208944093420178945, 26.00000000000000000, 13.19549783445958013 ) ) ;
#2205 = ORIENTED_EDGE ( 'NONE', *, *, #923, .T. ) ;
#2206 = DIRECTION ( 'NONE',  ( -0.000000000000000000, -0.000000000000000000, 1.000000000000000000 ) ) ;
#2207 = EDGE_CURVE ( 'NONE', #1525, #2326, #1342, .T. ) ;
#2208 = ORIENTED_EDGE ( 'NONE', *, *, #289, .T. ) ;
#2209 = DIRECTION ( 'NONE',  ( -0.000000000000000000, -0.000000000000000000, 1.000000000000000000 ) ) ;
#2210 = CARTESIAN_POINT ( 'NONE',  ( -38.87684234420673590, 0.4142135623730958671, 14.19549783445957836 ) ) ;
#2211 = VECTOR ( 'NONE', #2309, 1000.000000000000000 ) ;
#2212 = VERTEX_POINT ( 'NONE', #1918 ) ;
#2213 = CARTESIAN_POINT ( 'NONE',  ( -19.20526946895292042, 0.4142135623730961447, 14.19549783445957836 ) ) ;
#2214 = CARTESIAN_POINT ( 'NONE',  ( 2.208944093420178945, 24.99999999999999645, 14.19549783445957836 ) ) ;
#2215 = ORIENTED_EDGE ( 'NONE', *, *, #2168, .F. ) ;
#2216 = CARTESIAN_POINT ( 'NONE',  ( 4.708944093420180721, 0.000000000000000000, 12.69549783445958013 ) ) ;
#2217 = ORIENTED_EDGE ( 'NONE', *, *, #1138, .T. ) ;
#2218 = ORIENTED_EDGE ( 'NONE', *, *, #1555, .F. ) ;
#2219 = CARTESIAN_POINT ( 'NONE',  ( -21.79105590657982106, 0.000000000000000000, 13.19549783445958013 ) ) ;
#2220 = EDGE_CURVE ( 'NONE', #1158, #167, #1690, .T. ) ;
#2221 = VECTOR ( 'NONE', #658, 1000.000000000000000 ) ;
#2222 = AXIS2_PLACEMENT_3D ( 'NONE', #1498, #407, #936 ) ;
#2223 = CARTESIAN_POINT ( 'NONE',  ( -30.79105590657982461, 24.99999999999999645, 14.19549783445957836 ) ) ;
#2224 = ORIENTED_EDGE ( 'NONE', *, *, #589, .T. ) ;
#2225 = DIRECTION ( 'NONE',  ( 0.000000000000000000, 0.000000000000000000, -1.000000000000000000 ) ) ;
#2226 = ADVANCED_FACE ( 'NONE', ( #2076 ), #1551, .T. ) ;
#2227 = DIRECTION ( 'NONE',  ( 0.000000000000000000, 0.000000000000000000, -1.000000000000000000 ) ) ;
#2228 = DIRECTION ( 'NONE',  ( 1.000000000000000000, -0.000000000000000000, 0.000000000000000000 ) ) ;
#2229 = ORIENTED_EDGE ( 'NONE', *, *, #2174, .T. ) ;
#2230 = CYLINDRICAL_SURFACE ( 'NONE', #2139, 0.9999999999999991118 ) ;
#2231 = EDGE_CURVE ( 'NONE', #814, #1445, #1357, .T. ) ;
#2232 = VERTEX_POINT ( 'NONE', #238 ) ;
#2233 = DIRECTION ( 'NONE',  ( 0.000000000000000000, 1.000000000000000000, 0.000000000000000000 ) ) ;
#2234 = CARTESIAN_POINT ( 'NONE',  ( -33.79105590657982816, 26.00000000000000000, 13.19549783445958013 ) ) ;
#2235 = ORIENTED_EDGE ( 'NONE', *, *, #1198, .F. ) ;
#2236 = CARTESIAN_POINT ( 'NONE',  ( -7.791055906579821944, 26.00000000000000000, 12.69549783445958013 ) ) ;
#2237 = FACE_OUTER_BOUND ( 'NONE', #1405, .T. ) ;
#2238 = ORIENTED_EDGE ( 'NONE', *, *, #66, .F. ) ;
#2239 = ORIENTED_EDGE ( 'NONE', *, *, #1516, .F. ) ;
#2240 = EDGE_CURVE ( 'NONE', #164, #1081, #970, .T. ) ;
#2241 = FACE_OUTER_BOUND ( 'NONE', #707, .T. ) ;
#2242 = ORIENTED_EDGE ( 'NONE', *, *, #897, .F. ) ;
#2243 = CARTESIAN_POINT ( 'NONE',  ( -5.291055906579821944, 24.99999999999999645, 14.19549783445957836 ) ) ;
#2244 = DIRECTION ( 'NONE',  ( 0.000000000000000000, -1.000000000000000000, 0.000000000000000000 ) ) ;
#2245 = CYLINDRICAL_SURFACE ( 'NONE', #375, 0.9999999999999991118 ) ;
#2246 = ORIENTED_EDGE ( 'NONE', *, *, #1555, .T. ) ;
#2247 = EDGE_CURVE ( 'NONE', #1027, #335, #193, .T. ) ;
#2248 = EDGE_CURVE ( 'NONE', #1081, #926, #1733, .T. ) ;
#2249 = FACE_OUTER_BOUND ( 'NONE', #325, .T. ) ;
#2250 = VECTOR ( 'NONE', #1024, 1000.000000000000000 ) ;
#2251 = CARTESIAN_POINT ( 'NONE',  ( -39.29105590657982816, 0.000000000000000000, 12.69549783445958013 ) ) ;
#2252 = VERTEX_POINT ( 'NONE', #644 ) ;
#2253 = AXIS2_PLACEMENT_3D ( 'NONE', #1239, #671, #1969 ) ;
#2254 = EDGE_LOOP ( 'NONE', ( #755, #1465, #26, #1990 ) ) ;
#2255 = CARTESIAN_POINT ( 'NONE',  ( 0.2089440934201769740, 24.99999999999999645, 14.19549783445957836 ) ) ;
#2256 = DIRECTION ( 'NONE',  ( -0.000000000000000000, 0.000000000000000000, 1.000000000000000000 ) ) ;
#2257 = EDGE_CURVE ( 'NONE', #1833, #1521, #324, .T. ) ;
#2258 = ORIENTED_EDGE ( 'NONE', *, *, #1410, .T. ) ;
#2259 = EDGE_CURVE ( 'NONE', #1478, #819, #1526, .T. ) ;
#2260 = DIRECTION ( 'NONE',  ( 0.000000000000000000, -1.000000000000000000, 0.000000000000000000 ) ) ;
#2261 = DIRECTION ( 'NONE',  ( 1.000000000000000000, 0.000000000000000000, 0.000000000000000000 ) ) ;
#2262 = CARTESIAN_POINT ( 'NONE',  ( -44.79105590657983527, 26.00000000000000000, 14.19549783445957836 ) ) ;
#2263 = VECTOR ( 'NONE', #708, 1000.000000000000000 ) ;
#2264 = AXIS2_PLACEMENT_3D ( 'NONE', #977, #2339, #2149 ) ;
#2265 = FACE_OUTER_BOUND ( 'NONE', #1792, .T. ) ;
#2266 = FACE_OUTER_BOUND ( 'NONE', #19, .T. ) ;
#2267 = CARTESIAN_POINT ( 'NONE',  ( -35.29105590657982816, 0.000000000000000000, 13.19549783445958013 ) ) ;
#2268 = ORIENTED_EDGE ( 'NONE', *, *, #1874, .T. ) ;
#2269 = FACE_OUTER_BOUND ( 'NONE', #1092, .T. ) ;
#2270 = CARTESIAN_POINT ( 'NONE',  ( -11.79105590657981928, 24.99999999999999645, 14.19549783445957836 ) ) ;
#2271 = ADVANCED_FACE ( 'NONE', ( #104 ), #1761, .T. ) ;
#2272 = LINE ( 'NONE', #1145, #1036 ) ;
#2273 = EDGE_LOOP ( 'NONE', ( #928, #415, #161, #1218 ) ) ;
#2274 = CARTESIAN_POINT ( 'NONE',  ( -40.79105590657982816, 26.00000000000000355, 13.78128427208648255 ) ) ;
#2275 = PLANE ( 'NONE',  #1579 ) ;
#2276 = DIRECTION ( 'NONE',  ( 0.000000000000000000, 0.000000000000000000, -1.000000000000000000 ) ) ;
#2277 = CARTESIAN_POINT ( 'NONE',  ( -44.79105590657983527, 26.00000000000000000, -3.804502165540419423 ) ) ;
#2278 = EDGE_LOOP ( 'NONE', ( #540, #44, #1318, #206 ) ) ;
#2279 = VERTEX_POINT ( 'NONE', #1419 ) ;
#2280 = EDGE_CURVE ( 'NONE', #604, #1952, #1605, .T. ) ;
#2281 = LINE ( 'NONE', #2270, #889 ) ;
#2282 = LINE ( 'NONE', #799, #195 ) ;
#2283 = ORIENTED_EDGE ( 'NONE', *, *, #1742, .F. ) ;
#2284 =( BOUNDED_CURVE ( )  B_SPLINE_CURVE ( 3, ( #2214, #691, #2393, #2204 ),
 .UNSPECIFIED., .F., .T. ) 
 B_SPLINE_CURVE_WITH_KNOTS ( ( 4, 4 ),
 ( 1.570796326794896558, 3.141592653589793116 ),
 .UNSPECIFIED. ) 
 CURVE ( )  GEOMETRIC_REPRESENTATION_ITEM ( )  RATIONAL_B_SPLINE_CURVE ( ( 1.000000000000000000, 0.8047378541243649375, 0.8047378541243649375, 1.000000000000000000 ) ) 
 REPRESENTATION_ITEM ( '' )  );
#2285 = CARTESIAN_POINT ( 'NONE',  ( -29.79105590657982461, 26.00000000000000000, 12.69549783445958013 ) ) ;
#2286 = CARTESIAN_POINT ( 'NONE',  ( -40.79105590657982816, 26.00000000000000000, 13.19549783445958013 ) ) ;
#2287 = CARTESIAN_POINT ( 'NONE',  ( -24.29105590657982461, 0.000000000000000000, 12.69549783445958013 ) ) ;
#2288 = DATE_AND_TIME ( #1338, #1117 ) ;
#2289 = CARTESIAN_POINT ( 'NONE',  ( -36.29105590657982816, 1.000000000000000888, 14.19549783445957836 ) ) ;
#2290 = ORIENTED_EDGE ( 'NONE', *, *, #2353, .T. ) ;
#2291 = CARTESIAN_POINT ( 'NONE',  ( -7.791055906579821055, 0.000000000000000000, 12.69549783445958013 ) ) ;
#2292 = VECTOR ( 'NONE', #392, 1000.000000000000000 ) ;
#2293 = ORIENTED_EDGE ( 'NONE', *, *, #995, .F. ) ;
#2294 = VECTOR ( 'NONE', #259, 1000.000000000000000 ) ;
#2295 = VERTEX_POINT ( 'NONE', #2364 ) ;
#2296 = DIRECTION ( 'NONE',  ( 1.000000000000000000, 0.000000000000000000, 0.000000000000000000 ) ) ;
#2297 =( BOUNDED_CURVE ( )  B_SPLINE_CURVE ( 3, ( #1533, #265, #997, #1522 ),
 .UNSPECIFIED., .F., .T. ) 
 B_SPLINE_CURVE_WITH_KNOTS ( ( 4, 4 ),
 ( 4.712388980384690562, 6.283185307179586232 ),
 .UNSPECIFIED. ) 
 CURVE ( )  GEOMETRIC_REPRESENTATION_ITEM ( )  RATIONAL_B_SPLINE_CURVE ( ( 1.000000000000000000, 0.8047378541243652705, 0.8047378541243652705, 1.000000000000000000 ) ) 
 REPRESENTATION_ITEM ( '' )  );
#2298 = EDGE_CURVE ( 'NONE', #1983, #2015, #1005, .T. ) ;
#2299 = CALENDAR_DATE ( 2026, 7, 9 ) ;
#2300 = VERTEX_POINT ( 'NONE', #1748 ) ;
#2301 = CARTESIAN_POINT ( 'NONE',  ( -44.79105590657983527, 26.00000000000000000, 14.19549783445957836 ) ) ;
#2302 = AXIS2_PLACEMENT_3D ( 'NONE', #2166, #488, #1225 ) ;
#2303 = EDGE_LOOP ( 'NONE', ( #141, #1455, #739, #1146 ) ) ;
#2304 = AXIS2_PLACEMENT_3D ( 'NONE', #1167, #1917, #247 ) ;
#2305 = LINE ( 'NONE', #440, #1250 ) ;
#2306 = EDGE_CURVE ( 'NONE', #2059, #212, #1765, .T. ) ;
#2307 = ORIENTED_EDGE ( 'NONE', *, *, #1913, .T. ) ;
#2308 = ADVANCED_FACE ( 'NONE', ( #1233 ), #1408, .T. ) ;
#2309 = DIRECTION ( 'NONE',  ( -1.000000000000000000, 0.000000000000000000, -0.000000000000000000 ) ) ;
#2310 = DIRECTION ( 'NONE',  ( -0.000000000000000000, -0.000000000000000000, 1.000000000000000000 ) ) ;
#2311 = LINE ( 'NONE', #626, #2321 ) ;
#2312 = LINE ( 'NONE', #1567, #1681 ) ;
#2313 = ADVANCED_FACE ( 'NONE', ( #138 ), #1987, .F. ) ;
#2314 = ORIENTED_EDGE ( 'NONE', *, *, #692, .F. ) ;
#2315 = CARTESIAN_POINT ( 'NONE',  ( -24.29105590657982461, 26.00000000000000000, 13.19549783445958013 ) ) ;
#2316 = DIRECTION ( 'NONE',  ( 0.000000000000000000, -1.000000000000000000, 0.000000000000000000 ) ) ;
#2317 = DIRECTION ( 'NONE',  ( -3.336006684570782732E-17, 1.000000000000000000, 0.000000000000000000 ) ) ;
#2318 = EDGE_LOOP ( 'NONE', ( #91, #1306, #1846, #258 ) ) ;
#2319 = CARTESIAN_POINT ( 'NONE',  ( -19.79105590657982461, 24.99999999999999645, 14.19549783445957836 ) ) ;
#2320 = CARTESIAN_POINT ( 'NONE',  ( -32.79105590657982816, 0.000000000000000000, 13.19549783445958013 ) ) ;
#2321 = VECTOR ( 'NONE', #1376, 1000.000000000000000 ) ;
#2322 = LINE ( 'NONE', #571, #133 ) ;
#2323 = ORIENTED_EDGE ( 'NONE', *, *, #2257, .F. ) ;
#2324 = CARTESIAN_POINT ( 'NONE',  ( -7.791055906579821944, 26.00000000000000000, 12.69549783445958013 ) ) ;
#2325 = ADVANCED_FACE ( 'NONE', ( #1055 ), #825, .T. ) ;
#2326 = VERTEX_POINT ( 'NONE', #2329 ) ;
#2327 = LINE ( 'NONE', #2159, #405 ) ;
#2328 = CARTESIAN_POINT ( 'NONE',  ( 0.000000000000000000, 0.000000000000000000, 12.69549783445958013 ) ) ;
#2329 = CARTESIAN_POINT ( 'NONE',  ( -6.291055906579821944, 0.000000000000000000, 12.69549783445958013 ) ) ;
#2330 = EDGE_LOOP ( 'NONE', ( #869, #927, #1634, #522 ) ) ;
#2331 = EDGE_CURVE ( 'NONE', #2212, #750, #1098, .T. ) ;
#2332 = VECTOR ( 'NONE', #673, 1000.000000000000000 ) ;
#2333 = DIRECTION ( 'NONE',  ( 0.000000000000000000, 0.000000000000000000, -1.000000000000000000 ) ) ;
#2334 = AXIS2_PLACEMENT_3D ( 'NONE', #410, #399, #38 ) ;
#2335 = CARTESIAN_POINT ( 'NONE',  ( -22.79105590657981395, 26.00000000000000355, 13.78128427208648255 ) ) ;
#2336 = FACE_OUTER_BOUND ( 'NONE', #1659, .T. ) ;
#2337 = CARTESIAN_POINT ( 'NONE',  ( -33.79105590657982816, 0.000000000000000000, 12.69549783445958013 ) ) ;
#2338 = DIRECTION ( 'NONE',  ( 0.000000000000000000, 0.000000000000000000, 1.000000000000000000 ) ) ;
#2339 = DIRECTION ( 'NONE',  ( -1.000000000000000000, 0.000000000000000000, 0.000000000000000000 ) ) ;
#2340 = DIRECTION ( 'NONE',  ( 3.336006684570782732E-17, -1.000000000000000000, 0.000000000000000000 ) ) ;
#2341 = AXIS2_PLACEMENT_3D ( 'NONE', #2216, #538, #5 ) ;
#2342 = ORIENTED_EDGE ( 'NONE', *, *, #1070, .T. ) ;
#2343 = VERTEX_POINT ( 'NONE', #1976 ) ;
#2344 = ADVANCED_FACE ( 'NONE', ( #667 ), #2162, .F. ) ;
#2345 = CARTESIAN_POINT ( 'NONE',  ( -0.7910559065798230538, 26.00000000000000000, 13.19549783445958013 ) ) ;
#2346 = LINE ( 'NONE', #478, #2087 ) ;
#2347 = CARTESIAN_POINT ( 'NONE',  ( -32.79105590657982816, 1.000000000000000888, 14.19549783445957836 ) ) ;
#2348 = DIRECTION ( 'NONE',  ( -0.000000000000000000, -0.000000000000000000, 1.000000000000000000 ) ) ;
#2349 = ORIENTED_EDGE ( 'NONE', *, *, #135, .T. ) ;
#2350 = DIRECTION ( 'NONE',  ( -1.000000000000000000, -0.000000000000000000, -0.000000000000000000 ) ) ;
#2351 = CARTESIAN_POINT ( 'NONE',  ( -2.291055906579824164, 8.673617379884035472E-16, 13.78128427208648255 ) ) ;
#2352 = VERTEX_POINT ( 'NONE', #1210 ) ;
#2353 = EDGE_CURVE ( 'NONE', #2015, #1223, #1775, .T. ) ;
#2354 = PLANE ( 'NONE',  #998 ) ;
#2355 = CARTESIAN_POINT ( 'NONE',  ( -11.79105590657981928, 7.956235894060315629E-16, 13.78128427208648255 ) ) ;
#2356 = EDGE_CURVE ( 'NONE', #2343, #674, #483, .T. ) ;
#2357 = DIRECTION ( 'NONE',  ( 1.000000000000000000, -0.000000000000000000, 0.000000000000000000 ) ) ;
#2358 = CARTESIAN_POINT ( 'NONE',  ( -18.79105590657982106, 0.000000000000000000, 12.69549783445958013 ) ) ;
#2359 = DIRECTION ( 'NONE',  ( -6.672013369141565463E-17, 1.000000000000000000, -0.000000000000000000 ) ) ;
#2360 =( BOUNDED_CURVE ( )  B_SPLINE_CURVE ( 3, ( #1403, #1049, #131, #2008 ),
 .UNSPECIFIED., .F., .T. ) 
 B_SPLINE_CURVE_WITH_KNOTS ( ( 4, 4 ),
 ( 0.000000000000000000, 1.570796326794896558 ),
 .UNSPECIFIED. ) 
 CURVE ( )  GEOMETRIC_REPRESENTATION_ITEM ( )  RATIONAL_B_SPLINE_CURVE ( ( 1.000000000000000000, 0.8047378541243649375, 0.8047378541243649375, 1.000000000000000000 ) ) 
 REPRESENTATION_ITEM ( '' )  );
#2361 = EDGE_CURVE ( 'NONE', #397, #1159, #124, .T. ) ;
#2362 = ORIENTED_EDGE ( 'NONE', *, *, #752, .T. ) ;
#2363 = CYLINDRICAL_SURFACE ( 'NONE', #2064, 0.9999999999999991118 ) ;
#2364 = CARTESIAN_POINT ( 'NONE',  ( -21.79105590657982106, 24.99999999999999645, 14.19549783445957836 ) ) ;
#2365 = ORIENTED_EDGE ( 'NONE', *, *, #502, .T. ) ;
#2366 = CARTESIAN_POINT ( 'NONE',  ( -29.79105590657982106, 26.00000000000000355, 13.78128427208648255 ) ) ;
#2367 = VECTOR ( 'NONE', #857, 1000.000000000000000 ) ;
#2368 = FACE_OUTER_BOUND ( 'NONE', #461, .T. ) ;
#2369 = VECTOR ( 'NONE', #570, 1000.000000000000000 ) ;
#2370 = AXIS2_PLACEMENT_3D ( 'NONE', #1729, #1878, #317 ) ;
#2371 = LINE ( 'NONE', #1051, #1853 ) ;
#2372 = VERTEX_POINT ( 'NONE', #1483 ) ;
#2373 = CARTESIAN_POINT ( 'NONE',  ( -24.29105590657982461, 26.00000000000000000, 12.69549783445958013 ) ) ;
#2374 =( BOUNDED_CURVE ( )  B_SPLINE_CURVE ( 3, ( #303, #1034, #503, #871 ),
 .UNSPECIFIED., .F., .T. ) 
 B_SPLINE_CURVE_WITH_KNOTS ( ( 4, 4 ),
 ( 4.712388980384689674, 6.283185307179586232 ),
 .UNSPECIFIED. ) 
 CURVE ( )  GEOMETRIC_REPRESENTATION_ITEM ( )  RATIONAL_B_SPLINE_CURVE ( ( 1.000000000000000000, 0.8047378541243649375, 0.8047378541243649375, 1.000000000000000000 ) ) 
 REPRESENTATION_ITEM ( '' )  );
#2375 = CARTESIAN_POINT ( 'NONE',  ( -13.29105590657982106, 26.00000000000000000, 12.69549783445958013 ) ) ;
#2376 =( NAMED_UNIT ( * ) SI_UNIT ( $, .STERADIAN. ) SOLID_ANGLE_UNIT ( ) );
#2377 = ORIENTED_EDGE ( 'NONE', *, *, #480, .F. ) ;
#2378 = ORIENTED_EDGE ( 'NONE', *, *, #267, .T. ) ;
#2379 = CARTESIAN_POINT ( 'NONE',  ( -27.87684234420673235, 25.58578643762690419, 14.19549783445957836 ) ) ;
#2380 = VECTOR ( 'NONE', #993, 1000.000000000000000 ) ;
#2381 = LINE ( 'NONE', #142, #577 ) ;
#2382 = AXIS2_PLACEMENT_3D ( 'NONE', #1886, #1630, #1847 ) ;
#2383 = ORIENTED_EDGE ( 'NONE', *, *, #1672, .F. ) ;
#2384 = ORIENTED_EDGE ( 'NONE', *, *, #1901, .F. ) ;
#2385 = CARTESIAN_POINT ( 'NONE',  ( -21.79105590657982106, 24.99999999999999645, 14.19549783445957836 ) ) ;
#2386 = FACE_OUTER_BOUND ( 'NONE', #1666, .T. ) ;
#2387 = EDGE_CURVE ( 'NONE', #950, #2029, #2284, .T. ) ;
#2388 = LINE ( 'NONE', #518, #916 ) ;
#2389 = ORIENTED_EDGE ( 'NONE', *, *, #289, .F. ) ;
#2390 = DIRECTION ( 'NONE',  ( 1.000000000000000000, 0.000000000000000000, 0.000000000000000000 ) ) ;
#2391 = APPLICATION_CONTEXT ( 'configuration controlled 3d designs of mechanical parts and assemblies' ) ;
#2392 = EDGE_CURVE ( 'NONE', #1799, #2112, #521, .T. ) ;
#2393 = CARTESIAN_POINT ( 'NONE',  ( 3.208944093420178945, 26.00000000000000355, 13.78128427208648255 ) ) ;
#2394 = ORIENTED_EDGE ( 'NONE', *, *, #1945, .T. ) ;
#2395 =( BOUNDED_CURVE ( )  B_SPLINE_CURVE ( 3, ( #2197, #2009, #1284, #11 ),
 .UNSPECIFIED., .F., .T. ) 
 B_SPLINE_CURVE_WITH_KNOTS ( ( 4, 4 ),
 ( 3.141592653589793116, 4.712388980384689674 ),
 .UNSPECIFIED. ) 
 CURVE ( )  GEOMETRIC_REPRESENTATION_ITEM ( )  RATIONAL_B_SPLINE_CURVE ( ( 1.000000000000000000, 0.8047378541243649375, 0.8047378541243649375, 1.000000000000000000 ) ) 
 REPRESENTATION_ITEM ( '' )  );
#2396 = CARTESIAN_POINT ( 'NONE',  ( -3.291055906579821944, 1.000000000000000888, 14.19549783445957836 ) ) ;
#2397 = DIRECTION ( 'NONE',  ( 0.000000000000000000, 0.000000000000000000, -1.000000000000000000 ) ) ;
#2398 = DIRECTION ( 'NONE',  ( 0.000000000000000000, 0.000000000000000000, -1.000000000000000000 ) ) ;
#2399 = PERSON_AND_ORGANIZATION ( #18, #1443 ) ;
#2400 = ORIENTED_EDGE ( 'NONE', *, *, #1180, .F. ) ;
#2401 = CARTESIAN_POINT ( 'NONE',  ( -35.29105590657982816, 0.000000000000000000, 12.69549783445958013 ) ) ;
#2402 = CARTESIAN_POINT ( 'NONE',  ( -44.79105590657983527, 1.000000000000000888, 14.19549783445957836 ) ) ;
#2403 = ORIENTED_EDGE ( 'NONE', *, *, #218, .F. ) ;
#2404 = CARTESIAN_POINT ( 'NONE',  ( 0.000000000000000000, 24.99999999999999645, 13.19549783445958013 ) ) ;
#2405 = ORIENTED_EDGE ( 'NONE', *, *, #1742, .T. ) ;
#2406 = ORIENTED_EDGE ( 'NONE', *, *, #16, .F. ) ;
#2407 = EDGE_CURVE ( 'NONE', #293, #1396, #557, .T. ) ;
#2408 = CARTESIAN_POINT ( 'NONE',  ( -29.79105590657982106, 1.084202172485504434E-15, 13.78128427208648255 ) ) ;
#2409 = LINE ( 'NONE', #1472, #1150 ) ;
#2410 = CARTESIAN_POINT ( 'NONE',  ( 0.000000000000000000, 0.000000000000000000, 13.19549783445958013 ) ) ;
#2411 = AXIS2_PLACEMENT_3D ( 'NONE', #1175, #992, #1774 ) ;
#2412 = EDGE_LOOP ( 'NONE', ( #554, #1956, #2208, #592 ) ) ;
#2413 = LINE ( 'NONE', #347, #1855 ) ;
#2414 = ORIENTED_EDGE ( 'NONE', *, *, #2053, .F. ) ;
#2415 = CARTESIAN_POINT ( 'NONE',  ( -24.29105590657982461, 26.00000000000000000, 12.69549783445958013 ) ) ;
#2416 = DIRECTION ( 'NONE',  ( 0.000000000000000000, 0.000000000000000000, -1.000000000000000000 ) ) ;
#2417 = VERTEX_POINT ( 'NONE', #545 ) ;
#2418 = AXIS2_PLACEMENT_3D ( 'NONE', #1572, #849, #1382 ) ;
#2419 = LINE ( 'NONE', #710, #489 ) ;
#2420 = CARTESIAN_POINT ( 'NONE',  ( 4.708944093420180721, 0.000000000000000000, 12.69549783445958013 ) ) ;
#2421 = VECTOR ( 'NONE', #959, 1000.000000000000000 ) ;
#2422 = AXIS2_PLACEMENT_3D ( 'NONE', #227, #2109, #215 ) ;
#2423 = EDGE_CURVE ( 'NONE', #126, #2164, #717, .T. ) ;
#2424 = ORIENTED_EDGE ( 'NONE', *, *, #1356, .F. ) ;
#2425 = CARTESIAN_POINT ( 'NONE',  ( -18.79105590657982106, 0.000000000000000000, 13.19549783445958013 ) ) ;
ENDSEC;
END-ISO-10303-21;
