ISO-10303-21;
HEADER;
FILE_DESCRIPTION (( 'STEP AP203' ),
    '1' );
FILE_NAME ('BarStool.step',
    '2026-09-07T17:35:18',
    ( '' ),
    ( '' ),
    'SwSTEP 2.0',
    'SolidWorks 2026',
    '' );
FILE_SCHEMA (( 'CONFIG_CONTROL_DESIGN' ));
ENDSEC;

DATA;
#1 = DIRECTION ( 'NONE',  ( 1.000000000000000000, 0.000000000000000000, 0.000000000000000000 ) ) ;
#2 = CARTESIAN_POINT ( 'NONE',  ( 0.2800266439978403854, 3.000000000000000888, -3.515732486496006892 ) ) ;
#3 = ORIENTED_EDGE ( 'NONE', *, *, #268, .T. ) ;
#4 = CARTESIAN_POINT ( 'NONE',  ( -0.2856042787633760738, 8.666666666666666075, -9.316953098268474065 ) ) ;
#5 = DIRECTION ( 'NONE',  ( 0.000000000000000000, 1.000000000000000000, 0.000000000000000000 ) ) ;
#6 = ADVANCED_FACE ( 'NONE', ( #1602 ), #1055, .T. ) ;
#7 = ADVANCED_FACE ( 'NONE', ( #1591 ), #1310, .T. ) ;
#8 = EDGE_CURVE ( 'NONE', #1549, #1106, #181, .T. ) ;
#9 = CARTESIAN_POINT ( 'NONE',  ( -1.091077885369404754, 2.999999999999996003, -3.361181578495248345 ) ) ;
#10 = CARTESIAN_POINT ( 'NONE',  ( -2.477011504894253591, 20.00000000000000000, 8.838251392637948456 ) ) ;
#11 = DIRECTION ( 'NONE',  ( 0.000000000000000000, 0.000000000000000000, 1.000000000000000000 ) ) ;
#12 = ORIENTED_EDGE ( 'NONE', *, *, #1632, .T. ) ;
#13 = CARTESIAN_POINT ( 'NONE',  ( 7.079184841559095887, 12.49999999999999822, -2.476921875845081278 ) ) ;
#14 = CARTESIAN_POINT ( 'NONE',  ( 5.796854241058919222, 20.00000000000000000, -0.9202263958037479874 ) ) ;
#15 = DIRECTION ( 'NONE',  ( 0.000000000000000000, 0.000000000000000000, 1.000000000000000000 ) ) ;
#16 = CARTESIAN_POINT ( 'NONE',  ( -1.079207611522667420, 14.33333333333333393, -5.022986981605640722 ) ) ;
#17 = AXIS2_PLACEMENT_3D ( 'NONE', #222, #72, #1613 ) ;
#18 = CARTESIAN_POINT ( 'NONE',  ( -10.09390268785539924, 14.33333333333333393, 0.4929253779265163060 ) ) ;
#19 = AXIS2_PLACEMENT_3D ( 'NONE', #1499, #661, #1768 ) ;
#20 = CARTESIAN_POINT ( 'NONE',  ( -10.89088545390213980, 20.00000000000000000, 0.7305249799419271106 ) ) ;
#21 = ORIENTED_EDGE ( 'NONE', *, *, #1204, .T. ) ;
#22 = CARTESIAN_POINT ( 'NONE',  ( 2.360626787103353053, 3.000000000000000000, -7.376910267491592066 ) ) ;
#23 = CARTESIAN_POINT ( 'NONE',  ( -10.89099761060564120, 20.00000000000000000, 0.7305594297772004531 ) ) ;
#24 = ORIENTED_EDGE ( 'NONE', *, *, #827, .F. ) ;
#25 = CARTESIAN_POINT ( 'NONE',  ( -7.711018296264169791, 10.49999999999999645, -2.414447199321643645 ) ) ;
#26 = CARTESIAN_POINT ( 'NONE',  ( -2.022479267654680335, 20.00000000000001066, 6.993119539240717053 ) ) ;
#27 = CARTESIAN_POINT ( 'NONE',  ( 2.641249053282908932, 8.666666666666666075, -5.748190584887322707 ) ) ;
#28 = CARTESIAN_POINT ( 'NONE',  ( -7.121528445999269152, 3.000000000000000000, -2.492110482608692390 ) ) ;
#29 = CARTESIAN_POINT ( 'NONE',  ( -2.453585115004287776, 10.49999999999999822, 7.087306969747351637 ) ) ;
#30 = EDGE_LOOP ( 'NONE', ( #773, #1744 ) ) ;
#31 = CARTESIAN_POINT ( 'NONE',  ( 2.477017581287388026, 20.00000000000000355, 8.161747774577724712 ) ) ;
#32 = B_SPLINE_CURVE_WITH_KNOTS ( 'NONE', 1,
 ( #1360, #1788 ),
 .UNSPECIFIED., .F., .F.,
 ( 2, 2 ),
 ( 0.000000000000000000, 0.4411764705882351145 ),
 .UNSPECIFIED. ) ;
#33 = CARTESIAN_POINT ( 'NONE',  ( 10.87230683748651927, 20.00000000000000000, 1.343232569254724229 ) ) ;
#34 = ORIENTED_EDGE ( 'NONE', *, *, #1708, .F. ) ;
#35 = CARTESIAN_POINT ( 'NONE',  ( 8.497324668981960372, 2.999999999999998668, -0.1346440928083135202 ) ) ;
#36 = CARTESIAN_POINT ( 'NONE',  ( -0.6856500234121436499, 8.666666666666666075, -9.240590794025361987 ) ) ;
#37 = CARTESIAN_POINT ( 'NONE',  ( -5.511483560327591569, 14.33333333333333393, -1.832553370646602842 ) ) ;
#38 = CARTESIAN_POINT ( 'NONE',  ( -8.168377249675717877, 12.50000000000000355, 2.351087643417475004 ) ) ;
#39 = CARTESIAN_POINT ( 'NONE',  ( 3.508288437566462026, 3.000000000000000000, 0.2034047433936140015 ) ) ;
#40 = CARTESIAN_POINT ( 'NONE',  ( 2.326833065136611811, 12.50000000000000000, 8.175319436375211524 ) ) ;
#41 = FACE_OUTER_BOUND ( 'NONE', #802, .T. ) ;
#42 = CC_DESIGN_PERSON_AND_ORGANIZATION_ASSIGNMENT ( #1261, #442, ( #793 ) ) ;
#43 = CARTESIAN_POINT ( 'NONE',  ( 0.1213326093195247757, 8.666666666666666075, -9.333389899609032980 ) ) ;
#44 = CALENDAR_DATE ( 2026, 7, 9 ) ;
#45 = CARTESIAN_POINT ( 'NONE',  ( -8.500426322833998682, 3.000000000000000000, -0.05126146811077839094 ) ) ;
#46 = ADVANCED_FACE ( 'NONE', ( #630 ), #1066, .F. ) ;
#47 = PLANE ( 'NONE',  #396 ) ;
#48 = AXIS2_PLACEMENT_3D ( 'NONE', #894, #1171, #1180 ) ;
#49 = ORIENTED_EDGE ( 'NONE', *, *, #8, .T. ) ;
#50 = CARTESIAN_POINT ( 'NONE',  ( 7.472187251316926293, 10.49999999999999645, -2.502595455058278073 ) ) ;
#51 = AXIS2_PLACEMENT_3D ( 'NONE', #1457, #497, #87 ) ;
#52 = CARTESIAN_POINT ( 'NONE',  ( 2.360626787103351720, 2.999999999999994671, -7.376910267491589401 ) ) ;
#53 = ORIENTED_EDGE ( 'NONE', *, *, #1119, .F. ) ;
#54 = CARTESIAN_POINT ( 'NONE',  ( 2.303338607484358480, 11.16590423232869611, -8.182169152112878763 ) ) ;
#55 = B_SPLINE_CURVE_WITH_KNOTS ( 'NONE', 3,
 ( #535, #1637, #401, #953, #263, #1402 ),
 .UNSPECIFIED., .F., .F.,
 ( 4, 2, 4 ),
 ( 0.0004656367314274248242, 0.0006265287520554450483, 0.001336981478428388593 ),
 .UNSPECIFIED. ) ;
#56 = CARTESIAN_POINT ( 'NONE',  ( -1.127726192839871855, 20.00000000000000711, 6.259394899916095767 ) ) ;
#57 = B_SPLINE_CURVE_WITH_KNOTS ( 'NONE', 1,
 ( #201, #1572 ),
 .UNSPECIFIED., .F., .F.,
 ( 2, 2 ),
 ( 0.000000000000000000, 0.4951302126534119497 ),
 .UNSPECIFIED. ) ;
#58 = CARTESIAN_POINT ( 'NONE',  ( -7.480470705462558989, 10.49999999999999467, 2.478459425322103726 ) ) ;
#59 = CARTESIAN_POINT ( 'NONE',  ( -2.609723195613355529, 8.666666666666666075, -7.644326676337465543 ) ) ;
#60 = ADVANCED_FACE ( 'NONE', ( #357 ), #879, .T. ) ;
#61 = B_SPLINE_CURVE_WITH_KNOTS ( 'NONE', 3,
 ( #219, #211, #1473, #638 ),
 .UNSPECIFIED., .F., .F.,
 ( 4, 4 ),
 ( 0.008678644215001444714, 0.009769758851289502347 ),
 .UNSPECIFIED. ) ;
#62 = CARTESIAN_POINT ( 'NONE',  ( 0.000000000000000000, 0.000000000000000000, 0.000000000000000000 ) ) ;
#63 = CARTESIAN_POINT ( 'NONE',  ( 2.420281678243354495, 3.000000000000000000, 6.626287951312760605 ) ) ;
#64 = CARTESIAN_POINT ( 'NONE',  ( 0.3992274055362131091, 2.999999999999995559, 8.475413142010028267 ) ) ;
#65 = ORIENTED_EDGE ( 'NONE', *, *, #590, .F. ) ;
#66 = CARTESIAN_POINT ( 'NONE',  ( 10.10295331595432344, 14.33333333333333393, -0.5624488353745812352 ) ) ;
#67 = CARTESIAN_POINT ( 'NONE',  ( -8.206522034791632336, 10.49999999999999822, 2.214271007008710601 ) ) ;
#68 = CARTESIAN_POINT ( 'NONE',  ( -7.935317339717221863, 12.49999999999999112, -2.418150463220713142 ) ) ;
#69 = CARTESIAN_POINT ( 'NONE',  ( -8.206522034791632336, 10.49999999999999822, 2.214271007008710601 ) ) ;
#70 = ORIENTED_EDGE ( 'NONE', *, *, #1328, .F. ) ;
#71 = B_SPLINE_SURFACE_WITH_KNOTS ( 'NONE', 3, 3, ( 
 ( #707, #1250, #18, #568 ),
 ( #1116, #646, #228, #904 ),
 ( #778, #1773, #1608, #506 ),
 ( #1481, #1191, #515, #1041 ),
 ( #1316, #1183, #114, #218 ),
 ( #1072, #1755, #787, #1060 ),
 ( #1464, #924, #769, #1079 ),
 ( #637, #1455, #374, #1737 ),
 ( #1588, #1623, #1052, #1472 ),
 ( #1598, #364, #1334, #243 ),
 ( #1174, #915, #108, #1326 ),
 ( #1487, #99, #93, #658 ),
 ( #1199, #488, #940, #1745 ),
 ( #86, #1344, #1762, #496 ),
 ( #388, #665, #1616, #380 ),
 ( #931, #796, #1208, #523 ),
 ( #354, #252, #803, #1352 ),
 ( #1779, #677, #397, #1659 ) ),
 .UNSPECIFIED., .T., .F., .F.,
 ( 4, 1, 1, 1, 1, 2, 2, 2, 1, 1, 1, 1, 4 ),
 ( 4, 4 ),
 ( 0.000000000000000000, 0.01249999999999995559, 0.02499999999999991118, 0.03750000000000008882, 0.05000000000000004441, 0.2500000000000000000, 0.5000000000000000000, 0.7500000000000000000, 0.9499999999999999556, 0.9625000000000000222, 0.9749999999999999778, 0.9875000000000000444, 1.000000000000000000 ),
 ( 0.000000000000000000, 1.000000000000000000 ),
 .UNSPECIFIED. ) ;
#72 = DIRECTION ( 'NONE',  ( 0.000000000000000000, 1.000000000000000000, 0.000000000000000000 ) ) ;
#73 = CARTESIAN_POINT ( 'NONE',  ( -10.89088545390213980, 20.00000000000000000, 0.7305249799419271106 ) ) ;
#74 = EDGE_LOOP ( 'NONE', ( #1396, #1241, #466, #580 ) ) ;
#75 = CARTESIAN_POINT ( 'NONE',  ( 9.492545177376745968, 14.33333333333333393, -2.020759439820111414 ) ) ;
#76 = EDGE_LOOP ( 'NONE', ( #1561, #49, #923, #98 ) ) ;
#77 = CARTESIAN_POINT ( 'NONE',  ( -8.425442459027284059, 3.000000000016641799, 0.6186631733497768293 ) ) ;
#78 = CARTESIAN_POINT ( 'NONE',  ( -0.8279780911664095244, 2.999999999999999112, 8.368091015633941865 ) ) ;
#79 = ORIENTED_EDGE ( 'NONE', *, *, #737, .T. ) ;
#80 = FACE_BOUND ( 'NONE', #821, .T. ) ;
#81 = B_SPLINE_CURVE_WITH_KNOTS ( 'NONE', 3,
 ( #807, #959, #1355, #943, #400, #935 ),
 .UNSPECIFIED., .F., .F.,
 ( 4, 2, 4 ),
 ( 0.009011527065372620590, 0.009705089375502714069, 0.009712448366282962556 ),
 .UNSPECIFIED. ) ;
#82 = CARTESIAN_POINT ( 'NONE',  ( -10.00054049302997150, 20.00000000000000000, 2.276069351990244627 ) ) ;
#83 = ORIENTED_EDGE ( 'NONE', *, *, #1716, .T. ) ;
#84 = CARTESIAN_POINT ( 'NONE',  ( 8.491711562433536642, 3.000000000000000000, -0.2034047433936138349 ) ) ;
#85 = EDGE_LOOP ( 'NONE', ( #463, #1597, #1051, #1412, #1359, #607, #1235, #500, #1534, #293, #1615, #447, #373, #1138 ) ) ;
#86 = CARTESIAN_POINT ( 'NONE',  ( -8.433971586213333538, 3.000000000000000000, -0.5842067798359741326 ) ) ;
#87 = DIRECTION ( 'NONE',  ( 0.000000000000000000, 0.000000000000000000, -1.000000000000000000 ) ) ;
#88 = CARTESIAN_POINT ( 'NONE',  ( -2.448823888841091367, 20.00000000000000355, 9.044669018045803810 ) ) ;
#89 = DIRECTION ( 'NONE',  ( 0.000000000000000000, 0.000000000000000000, -1.000000000000000000 ) ) ;
#90 = CARTESIAN_POINT ( 'NONE',  ( -2.247534455622988148, 10.49999999999999467, -8.197474542246988349 ) ) ;
#91 = CARTESIAN_POINT ( 'NONE',  ( -4.602520985974835277, 3.000000000000000000, 2.490153814320383407 ) ) ;
#92 = CARTESIAN_POINT ( 'NONE',  ( 9.982078949727927863, 14.33333333333333748, -0.9444013186688361428 ) ) ;
#93 = CARTESIAN_POINT ( 'NONE',  ( -9.231294438769250377, 14.33333333333333393, -2.209593689309006237 ) ) ;
#94 = CARTESIAN_POINT ( 'NONE',  ( 2.500016481547750136, 10.49999999999999822, -7.071061984736776829 ) ) ;
#95 = CARTESIAN_POINT ( 'NONE',  ( 0.9675673266922906191, 3.000000000000000000, 8.338290074673292196 ) ) ;
#96 = CARTESIAN_POINT ( 'NONE',  ( 2.472472340852840844, 2.999999999999980460, 6.424597811458528263 ) ) ;
#97 = CARTESIAN_POINT ( 'NONE',  ( 4.996578262905269519, 14.33333333333333393, -1.004087019973297190 ) ) ;
#98 = ORIENTED_EDGE ( 'NONE', *, *, #368, .F. ) ;
#99 = CARTESIAN_POINT ( 'NONE',  ( -8.176411442384260653, 8.666666666666666075, -2.350852085958849536 ) ) ;
#100 = APPROVAL_PERSON_ORGANIZATION ( #1158, #929, #478 ) ;
#101 = CARTESIAN_POINT ( 'NONE',  ( -2.187786864233599360, 10.49999999999999822, 8.213622138660085170 ) ) ;
#102 = ADVANCED_FACE ( 'NONE', ( #1449 ), #1740, .F. ) ;
#103 = CARTESIAN_POINT ( 'NONE',  ( 7.079184841559095887, 12.49999999999999822, -2.476921875845081278 ) ) ;
#104 = CARTESIAN_POINT ( 'NONE',  ( 8.491711562433536642, 3.000000000000000000, -0.2034047433936138349 ) ) ;
#105 = EDGE_CURVE ( 'NONE', #1101, #1500, #570, .T. ) ;
#106 = DIRECTION ( 'NONE',  ( -0.000000000000000000, -1.000000000000000000, -0.000000000000000000 ) ) ;
#107 = ORIENTED_EDGE ( 'NONE', *, *, #154, .T. ) ;
#108 = CARTESIAN_POINT ( 'NONE',  ( -6.819964051873095734, 14.33333333333333393, -2.699288936038396702 ) ) ;
#109 = CARTESIAN_POINT ( 'NONE',  ( 1.781979585724762671, 20.00000000000000355, 10.29675701224686435 ) ) ;
#110 = EDGE_CURVE ( 'NONE', #592, #1554, #1540, .T. ) ;
#111 = CARTESIAN_POINT ( 'NONE',  ( -2.490677177572091949, 3.000000000000001776, 6.342984413979180225 ) ) ;
#112 = CARTESIAN_POINT ( 'NONE',  ( -2.449522726785325677, 12.49999999999999645, 7.240643493620921411 ) ) ;
#113 = CARTESIAN_POINT ( 'NONE',  ( -0.3652611494391380109, 20.00000000000000000, -10.97413496534535327 ) ) ;
#114 = CARTESIAN_POINT ( 'NONE',  ( -9.907126923914386651, 14.33333333333333748, 1.063022278715477276 ) ) ;
#115 = CARTESIAN_POINT ( 'NONE',  ( 2.438816599501790972, 3.000000000000001776, 5.357127769221878388 ) ) ;
#116 = CARTESIAN_POINT ( 'NONE',  ( 2.391837674312160100, 20.00000000000000355, 7.725258978204895932 ) ) ;
#117 = VERTEX_POINT ( 'NONE', #221 ) ;
#118 = CARTESIAN_POINT ( 'NONE',  ( -1.975259988325267502, 20.00000000000000000, -10.37895221993886530 ) ) ;
#119 = ORIENTED_EDGE ( 'NONE', *, *, #1197, .F. ) ;
#120 = CARTESIAN_POINT ( 'NONE',  ( 2.453604340589015553, 10.50000000000000000, 7.087300313930714246 ) ) ;
#121 = CARTESIAN_POINT ( 'NONE',  ( -1.547185145588216626, 3.000000000000000000, 7.973490531145437821 ) ) ;
#122 = CARTESIAN_POINT ( 'NONE',  ( -2.433298300297062067, 20.00000000000000355, 7.867409695867414676 ) ) ;
#123 = DIRECTION ( 'NONE',  ( 0.000000000000000000, 1.000000000000000000, 0.000000000000000000 ) ) ;
#124 = ORIENTED_EDGE ( 'NONE', *, *, #268, .F. ) ;
#125 = CARTESIAN_POINT ( 'NONE',  ( 0.000000000000000000, 10.49999999999999822, 0.000000000000000000 ) ) ;
#126 = EDGE_CURVE ( 'NONE', #691, #714, #537, .T. ) ;
#127 = CIRCLE ( 'NONE', #339, 8.500000000000000000 ) ;
#128 = CARTESIAN_POINT ( 'NONE',  ( 0.2800266439978403854, 3.000000000000000888, -3.515732486496006892 ) ) ;
#129 = CIRCLE ( 'NONE', #1547, 8.500000000000000000 ) ;
#130 = CARTESIAN_POINT ( 'NONE',  ( 0.000000000000000000, 3.000000000000000000, 0.000000000000000000 ) ) ;
#131 = APPLICATION_PROTOCOL_DEFINITION ( 'international standard', 'config_control_design', 1994, #1538 ) ;
#132 = B_SPLINE_CURVE_WITH_KNOTS ( 'NONE', 3,
 ( #63, #96, #1331, #1592, #622, #1067, #1027, #1730, #1459, #1719, #1300, #349, #921, #651, #1196, #1045, #763, #892, #662, #1311, #1574, #1759 ),
 .UNSPECIFIED., .F., .F.,
 ( 4, 2, 2, 2, 2, 2, 2, 2, 2, 2, 4 ),
 ( 0.003277916057998776864, 0.004254419920139356805, 0.005230923782279937179, 0.006207427644420516685, 0.006695679575490805571, 0.007183931506561092722, 0.007672183437631383343, 0.008160435368701670494, 0.009136939230842251736, 0.01011344309298283124, 0.01108994695512340901 ),
 .UNSPECIFIED. ) ;
#133 = CARTESIAN_POINT ( 'NONE',  ( -8.206522034791632336, 10.49999999999999822, 2.214271007008710601 ) ) ;
#134 = EDGE_LOOP ( 'NONE', ( #998, #1315, #317, #83 ) ) ;
#135 = ADVANCED_FACE ( 'NONE', ( #383 ), #1628, .F. ) ;
#136 = CARTESIAN_POINT ( 'NONE',  ( -1.966789706461576692, 8.666666666666666075, -8.721130126099186697 ) ) ;
#137 = EDGE_LOOP ( 'NONE', ( #1245, #722, #521, #808 ) ) ;
#138 = CARTESIAN_POINT ( 'NONE',  ( -2.490677177572091949, 3.000000000000001776, 6.342984413979180225 ) ) ;
#139 = CARTESIAN_POINT ( 'NONE',  ( -2.022479267654680335, 20.00000000000001066, 6.993119539240717053 ) ) ;
#140 = CARTESIAN_POINT ( 'NONE',  ( -6.109002439922895711, 20.00000000000000000, -0.7305595951486993922 ) ) ;
#141 = CARTESIAN_POINT ( 'NONE',  ( 10.91973230011781482, 20.00000000000000000, -0.6397045481706236103 ) ) ;
#142 = ORIENTED_EDGE ( 'NONE', *, *, #484, .F. ) ;
#143 = CARTESIAN_POINT ( 'NONE',  ( -2.609723195613355529, 8.666666666666666075, -7.644326676337465543 ) ) ;
#144 = CARTESIAN_POINT ( 'NONE',  ( 2.500016481547750136, 10.49999999999999822, -7.071061984736776829 ) ) ;
#145 = VERTEX_POINT ( 'NONE', #1620 ) ;
#146 = CARTESIAN_POINT ( 'NONE',  ( 0.8279780911664085252, 3.000000000000000444, 3.631908984366054138 ) ) ;
#147 = DIRECTION ( 'NONE',  ( 0.000000000000000000, 0.000000000000000000, 1.000000000000000000 ) ) ;
#148 = CARTESIAN_POINT ( 'NONE',  ( -10.14470130114334623, 14.33333333333333393, 0.09264749644943244544 ) ) ;
#149 = ORIENTED_EDGE ( 'NONE', *, *, #1082, .F. ) ;
#150 = CARTESIAN_POINT ( 'NONE',  ( -0.2226624372763338910, 14.33333333333333393, -10.15767406646769189 ) ) ;
#151 = CARTESIAN_POINT ( 'NONE',  ( 9.322679446719522645, 8.666666666666666075, -0.2131889898614489909 ) ) ;
#152 = CARTESIAN_POINT ( 'NONE',  ( 2.248269141982701225, 10.49999999999999822, -8.197273074944407156 ) ) ;
#153 = B_SPLINE_CURVE_WITH_KNOTS ( 'NONE', 3,
 ( #1461, #215, #64, #1750, #475, #196, #612, #1163, #757, #334 ),
 .UNSPECIFIED., .F., .F.,
 ( 4, 2, 2, 2, 4 ),
 ( 0.000000000000000000, 0.0004609107018193454538, 0.001399912487212488571, 0.002338914272605633043, 0.003277916057998776431 ),
 .UNSPECIFIED. ) ;
#154 = EDGE_CURVE ( 'NONE', #1391, #1059, #81, .T. ) ;
#155 = CARTESIAN_POINT ( 'NONE',  ( 1.486942900101679399, 8.666666666666666075, -9.118292696660713403 ) ) ;
#156 = CIRCLE ( 'NONE', #48, 2.500000000000002220 ) ;
#157 = CARTESIAN_POINT ( 'NONE',  ( -6.819964051873095734, 14.33333333333333393, -2.699288936038396702 ) ) ;
#158 = CARTESIAN_POINT ( 'NONE',  ( 2.477017581287388026, 20.00000000000000355, 8.161747774577724712 ) ) ;
#159 = ORIENTED_EDGE ( 'NONE', *, *, #1377, .T. ) ;
#160 = DIRECTION ( 'NONE',  ( 0.000000000000000000, 0.000000000000000000, 1.000000000000000000 ) ) ;
#161 = CARTESIAN_POINT ( 'NONE',  ( 7.579773604196252457, 20.00000000000000000, 2.703145758941081223 ) ) ;
#162 = CARTESIAN_POINT ( 'NONE',  ( 2.451983640195324110, 12.49999999999999645, 7.484339494399141479 ) ) ;
#163 = CARTESIAN_POINT ( 'NONE',  ( -0.5003107853423007789, 20.00000000000000000, -10.95234896196561003 ) ) ;
#164 = CARTESIAN_POINT ( 'NONE',  ( -8.112410637382524214, 3.000000000000000000, -1.723320853864735769 ) ) ;
#165 = CARTESIAN_POINT ( 'NONE',  ( 8.500000000000000000, 20.00000000000000000, 0.000000000000000000 ) ) ;
#166 = EDGE_LOOP ( 'NONE', ( #851, #962, #124, #1751 ) ) ;
#167 = CARTESIAN_POINT ( 'NONE',  ( 0.3143516926299691483, 14.33333333333333393, -10.14993770336900880 ) ) ;
#168 = DIRECTION ( 'NONE',  ( 0.000000000000000000, 0.000000000000000000, -1.000000000000000000 ) ) ;
#169 = ORIENTED_EDGE ( 'NONE', *, *, #1798, .T. ) ;
#170 = CC_DESIGN_PERSON_AND_ORGANIZATION_ASSIGNMENT ( #950, #1642, ( #395 ) ) ;
#171 = CARTESIAN_POINT ( 'NONE',  ( 1.022951645117455177, 3.000000000000001776, 3.709662140143813680 ) ) ;
#172 = CARTESIAN_POINT ( 'NONE',  ( -0.8856204210235133489, 20.00000000000000000, -10.84119450579534316 ) ) ;
#173 = COORDINATED_UNIVERSAL_TIME_OFFSET ( 0, 0, .AHEAD. ) ;
#174 = B_SPLINE_CURVE_WITH_KNOTS ( 'NONE', 3,
 ( #991, #1285, #54, #152 ),
 .UNSPECIFIED., .F., .F.,
 ( 4, 4 ),
 ( 1.734723475976807094E-18, 0.002004769356675027616 ),
 .UNSPECIFIED. ) ;
#175 = CARTESIAN_POINT ( 'NONE',  ( -10.94562775759493789, 20.00000000000000000, 0.5321946866183199232 ) ) ;
#176 = CARTESIAN_POINT ( 'NONE',  ( 7.072023147022916234, 10.49999999999999822, 2.497296259551931907 ) ) ;
#177 = ADVANCED_BREP_SHAPE_REPRESENTATION ( 'BarStool', ( #1617, #390 ), #1734 ) ;
#178 = ORIENTED_EDGE ( 'NONE', *, *, #1325, .T. ) ;
#179 = CARTESIAN_POINT ( 'NONE',  ( -2.482036168175020041, 12.50000000000000000, -7.097852506632058578 ) ) ;
#180 = LOCAL_TIME ( 18, 35, 18.00000000000000000, #173 ) ;
#181 = B_SPLINE_CURVE_WITH_KNOTS ( 'NONE', 3,
 ( #621, #1168, #1584, #1612, #231, #1729, #1026, #781, #480, #1035 ),
 .UNSPECIFIED., .F., .F.,
 ( 4, 2, 1, 1, 1, 1, 4 ),
 ( 0.000000000000000000, 0.003941920265220664674, 0.007095456477397195545, 0.007292552490658230080, 0.007489648503919262880, 0.007686744517180296547, 0.007883840530441329347 ),
 .UNSPECIFIED. ) ;
#182 = CARTESIAN_POINT ( 'NONE',  ( 6.280552676314570704, 20.00000000000000000, 1.796626614241447983 ) ) ;
#183 = ORIENTED_EDGE ( 'NONE', *, *, #1342, .F. ) ;
#184 = CARTESIAN_POINT ( 'NONE',  ( 0.000000000000000000, 12.49999999999999822, 0.000000000000000000 ) ) ;
#185 = ADVANCED_FACE ( 'NONE', ( #1506 ), #799, .T. ) ;
#186 = CARTESIAN_POINT ( 'NONE',  ( 0.2856042787633771285, 8.666666666666666075, -4.349713568398191121 ) ) ;
#187 = CARTESIAN_POINT ( 'NONE',  ( 1.492078803052205638, 3.000000000000000000, -8.281625366219051543 ) ) ;
#188 = APPROVAL_ROLE ( '' ) ;
#189 = CARTESIAN_POINT ( 'NONE',  ( -4.510664873003603859, 8.666666666666666075, -1.615016192335883449 ) ) ;
#190 = CARTESIAN_POINT ( 'NONE',  ( -2.187786864233599360, 10.49999999999999822, 8.213622138660085170 ) ) ;
#191 = ORIENTED_EDGE ( 'NONE', *, *, #647, .T. ) ;
#192 = CARTESIAN_POINT ( 'NONE',  ( 8.170791529624469973, 11.83263789905059404, -2.342966358735283805 ) ) ;
#193 = AXIS2_PLACEMENT_3D ( 'NONE', #62, #1420, #1262 ) ;
#194 = ADVANCED_FACE ( 'NONE', ( #819 ), #262, .T. ) ;
#195 = CARTESIAN_POINT ( 'NONE',  ( -2.477011504894253591, 20.00000000000000000, 8.838251392637948456 ) ) ;
#196 = CARTESIAN_POINT ( 'NONE',  ( 1.820879154206496819, 2.999999999999995559, 7.745139025088642271 ) ) ;
#197 = VERTEX_POINT ( 'NONE', #1224 ) ;
#198 = CARTESIAN_POINT ( 'NONE',  ( 10.96129654131325637, 20.00000000000000000, -0.4382001092188491653 ) ) ;
#199 = CARTESIAN_POINT ( 'NONE',  ( 2.492048535205859228, 11.83339349698897536, -7.073885527915238391 ) ) ;
#200 = CARTESIAN_POINT ( 'NONE',  ( -2.381165491461224359, 12.50000000000000000, -8.159659974676804595 ) ) ;
#201 = CARTESIAN_POINT ( 'NONE',  ( -2.420295751628767089, 3.000000000000000888, 5.373708409499917238 ) ) ;
#202 = B_SPLINE_CURVE_WITH_KNOTS ( 'NONE', 3,
 ( #1411, #443, #331, #29 ),
 .UNSPECIFIED., .F., .F.,
 ( 4, 4 ),
 ( 0.001082875064735842842, 0.002000098304530317263 ),
 .UNSPECIFIED. ) ;
#203 = VERTEX_POINT ( 'NONE', #541 ) ;
#204 = CARTESIAN_POINT ( 'NONE',  ( 8.491711562433536642, 3.000000000000000000, -0.2034047433936138349 ) ) ;
#205 = B_SPLINE_CURVE_WITH_KNOTS ( 'NONE', 3,
 ( #1582, #1728, #220, #660 ),
 .UNSPECIFIED., .F., .F.,
 ( 4, 4 ),
 ( 0.000000000000000000, 0.002005195180589918868 ),
 .UNSPECIFIED. ) ;
#206 = CARTESIAN_POINT ( 'NONE',  ( -9.984539015098008008, 14.33333333333333393, 0.8813098119513294026 ) ) ;
#207 = ORIENTED_EDGE ( 'NONE', *, *, #287, .T. ) ;
#208 = CYLINDRICAL_SURFACE ( 'NONE', #918, 7.500000000000000000 ) ;
#209 = B_SPLINE_CURVE_WITH_KNOTS ( 'NONE', 3,
 ( #604, #698, #1240, #426, #1031, #468 ),
 .UNSPECIFIED., .F., .F.,
 ( 4, 2, 4 ),
 ( 0.0004722595552636318873, 0.001298090857196254957, 0.001631264065175927046 ),
 .UNSPECIFIED. ) ;
#210 = CARTESIAN_POINT ( 'NONE',  ( 0.2800266439978403854, 3.000000000000000888, -3.515732486496006892 ) ) ;
#211 = CARTESIAN_POINT ( 'NONE',  ( -7.461764181959440911, 12.49999999999999822, 2.502360127621618080 ) ) ;
#212 = CARTESIAN_POINT ( 'NONE',  ( 0.1938702170766784250, 3.000000000000001776, 8.500898222533210813 ) ) ;
#213 = VERTEX_POINT ( 'NONE', #1371 ) ;
#214 = CARTESIAN_POINT ( 'NONE',  ( 1.224646799147353256E-15, 3.000000000000000000, 10.00000000000000000 ) ) ;
#215 = CARTESIAN_POINT ( 'NONE',  ( 0.2012534385150340221, 2.999999999999996003, 8.499989295144979806 ) ) ;
#216 = CARTESIAN_POINT ( 'NONE',  ( 4.196302284751619815, 8.666666666666666075, -1.087947644142846171 ) ) ;
#217 = VERTEX_POINT ( 'NONE', #133 ) ;
#218 = CARTESIAN_POINT ( 'NONE',  ( -10.64796915635902685, 20.00000000000000355, 1.285201831398653516 ) ) ;
#219 = CARTESIAN_POINT ( 'NONE',  ( -7.086903611621507615, 12.49999999999999822, 2.454749926079239142 ) ) ;
#220 = CARTESIAN_POINT ( 'NONE',  ( 2.289531291199938590, 11.83266249560983496, 8.185936147045126177 ) ) ;
#221 = CARTESIAN_POINT ( 'NONE',  ( 2.480023120323504582, 12.50000000000001066, -7.078098990736083174 ) ) ;
#222 = CARTESIAN_POINT ( 'NONE',  ( 0.000000000000000000, 12.49999999999999822, 0.000000000000000000 ) ) ;
#223 = FACE_OUTER_BOUND ( 'NONE', #408, .T. ) ;
#224 = CARTESIAN_POINT ( 'NONE',  ( 9.117819259744091909, 14.33333333333333393, 2.312512064026913450 ) ) ;
#225 = CIRCLE ( 'NONE', #824, 7.500000000000000000 ) ;
#226 = CIRCLE ( 'NONE', #1466, 8.500000000000000000 ) ;
#227 = VERTEX_POINT ( 'NONE', #2 ) ;
#228 = CARTESIAN_POINT ( 'NONE',  ( -10.08030004211291697, 14.33333333333333393, 0.5599067775625203858 ) ) ;
#229 = CARTESIAN_POINT ( 'NONE',  ( -4.602520985976912726, 3.000000000016641799, 2.490153814319893577 ) ) ;
#230 = CARTESIAN_POINT ( 'NONE',  ( -2.012899437272221981, 20.00000000000000711, 10.01965356793589201 ) ) ;
#231 = CARTESIAN_POINT ( 'NONE',  ( -8.112410637385364609, 3.000000000016641799, -1.723320853864074964 ) ) ;
#232 = CARTESIAN_POINT ( 'NONE',  ( -2.326843813465956590, 12.50000000000000000, 8.175316377225728459 ) ) ;
#233 = CARTESIAN_POINT ( 'NONE',  ( 4.421382244900376790, 3.000000000000000000, -2.379449431465045173 ) ) ;
#234 = EDGE_CURVE ( 'NONE', #1454, #1667, #314, .T. ) ;
#235 = ORIENTED_EDGE ( 'NONE', *, *, #1075, .T. ) ;
#236 = CARTESIAN_POINT ( 'NONE',  ( -3.490279502799135347, 3.000000000016641799, 1.362026666233455918 ) ) ;
#237 = EDGE_CURVE ( 'NONE', #217, #795, #341, .T. ) ;
#238 = CARTESIAN_POINT ( 'NONE',  ( -1.980319008053929020, 3.000000000000000444, 7.575475684146973698 ) ) ;
#239 = CARTESIAN_POINT ( 'NONE',  ( -2.505459452041939095, 10.49999999999999822, -7.471404699867099097 ) ) ;
#240 = CARTESIAN_POINT ( 'NONE',  ( 6.280552676314570704, 20.00000000000000000, 1.796626614241447983 ) ) ;
#241 = ADVANCED_FACE ( 'NONE', ( #1381 ), #278, .T. ) ;
#242 = VERTEX_POINT ( 'NONE', #1105 ) ;
#243 = CARTESIAN_POINT ( 'NONE',  ( -6.512302247651580167, 20.00000000000000000, -2.050090548957322234 ) ) ;
#244 = CARTESIAN_POINT ( 'NONE',  ( -0.6802449119180572490, 2.999999999999996003, -8.408803542772266937 ) ) ;
#245 = CARTESIAN_POINT ( 'NONE',  ( 2.445309542942275982, 10.49999999999999822, 7.303697064275700868 ) ) ;
#246 = CARTESIAN_POINT ( 'NONE',  ( 7.079184841559095887, 12.49999999999999822, -2.476921875845081278 ) ) ;
#247 = VERTEX_POINT ( 'NONE', #968 ) ;
#248 = CARTESIAN_POINT ( 'NONE',  ( -0.6964602464003157856, 20.00000000000000000, -10.90416529653155386 ) ) ;
#249 = B_SPLINE_SURFACE_WITH_KNOTS ( 'NONE', 3, 1, ( 
 ( #964, #1361 ),
 ( #666, #422 ),
 ( #1345, #687 ),
 ( #138, #1096 ),
 ( #1085, #1221 ),
 ( #1652, #1789 ),
 ( #957, #524 ),
 ( #121, #797 ),
 ( #1209, #1229 ),
 ( #410, #1640 ),
 ( #555, #1488 ),
 ( #1774, #398 ),
 ( #539, #404 ),
 ( #693, #1513 ),
 ( #948, #1092 ),
 ( #275, #109 ),
 ( #1504, #1080 ),
 ( #1497, #267 ),
 ( #817, #804 ),
 ( #1482, #828 ),
 ( #941, #1378 ),
 ( #1625, #1103 ),
 ( #391, #254 ),
 ( #260, #1353 ),
 ( #115, #673 ),
 ( #305, #1684 ),
 ( #585, #1416 ),
 ( #1713, #1114 ),
 ( #974, #1673 ),
 ( #171, #449 ),
 ( #1001, #874 ),
 ( #296, #433 ),
 ( #1427, #1247 ),
 ( #845, #56 ),
 ( #726, #1144 ),
 ( #1398, #1259 ),
 ( #1154, #26 ),
 ( #576, #284 ),
 ( #756, #1460 ),
 ( #600, #1576 ),
 ( #1563, #1037 ),
 ( #1170, #195 ) ),
 .UNSPECIFIED., .T., .F., .F.,
 ( 4, 2, 2, 2, 2, 2, 2, 2, 2, 2, 2, 2, 2, 2, 2, 2, 2, 2, 2, 2, 4 ),
 ( 2, 2 ),
 ( 0.000000000000000000, 0.06249999999999976408, 0.1249999999999995282, 0.1874999999999992784, 0.2187499999999993061, 0.2499999999999993339, 0.2812499999999993894, 0.3124999999999994449, 0.3749999999999994449, 0.4374999999999995004, 0.4999999999999995559, 0.5624999999999996669, 0.6249999999999997780, 0.6874999999999998890, 0.7187499999999998890, 0.7499999999999997780, 0.7812499999999997780, 0.8124999999999997780, 0.8749999999999998890, 0.9375000000000000000, 1.000000000000000000 ),
 ( 0.000000000000000000, 1.000000000000000000 ),
 .UNSPECIFIED. ) ;
#250 = EDGE_CURVE ( 'NONE', #312, #840, #1544, .T. ) ;
#251 = VERTEX_POINT ( 'NONE', #885 ) ;
#252 = CARTESIAN_POINT ( 'NONE',  ( -9.303965828215940093, 8.666666666666666075, 0.1873412550898669315 ) ) ;
#253 = AXIS2_PLACEMENT_3D ( 'NONE', #345, #875, #11 ) ;
#254 = CARTESIAN_POINT ( 'NONE',  ( 2.391837674312160100, 20.00000000000000355, 7.725258978204895932 ) ) ;
#255 = CARTESIAN_POINT ( 'NONE',  ( 0.4245978114591850150, 3.000000000000000888, 3.527527659147255079 ) ) ;
#256 = CARTESIAN_POINT ( 'NONE',  ( 7.074986031645443596, 11.83339294107506667, -2.488922315496894910 ) ) ;
#257 = CARTESIAN_POINT ( 'NONE',  ( 9.286174331790833847, 8.666666666666666075, -0.4851931225785388047 ) ) ;
#258 = ORIENTED_EDGE ( 'NONE', *, *, #1716, .F. ) ;
#259 = CARTESIAN_POINT ( 'NONE',  ( 0.000000000000000000, 12.49999999999999822, 0.000000000000000000 ) ) ;
#260 = CARTESIAN_POINT ( 'NONE',  ( 2.490677177572092393, 3.000000000000001776, 5.657015586020823328 ) ) ;
#261 = CARTESIAN_POINT ( 'NONE',  ( -0.3957399386763373328, 3.000000000000000888, 3.523745438734948721 ) ) ;
#262 = PLANE ( 'NONE',  #683 ) ;
#263 = CARTESIAN_POINT ( 'NONE',  ( -2.459257029434468222, 12.50000000000000000, 7.514110122675955239 ) ) ;
#264 = VERTEX_POINT ( 'NONE', #140 ) ;
#265 = DIRECTION ( 'NONE',  ( 0.000000000000000000, 1.000000000000000000, 0.000000000000000000 ) ) ;
#266 = B_SPLINE_CURVE_WITH_KNOTS ( 'NONE', 3,
 ( #684, #1511, #1228, #703 ),
 .UNSPECIFIED., .F., .F.,
 ( 4, 4 ),
 ( 3.476216610979977084E-17, 0.002004986193130632414 ),
 .UNSPECIFIED. ) ;
#267 = CARTESIAN_POINT ( 'NONE',  ( 2.346640811341665245, 20.00000000000000000, 9.424331116893100102 ) ) ;
#268 = EDGE_CURVE ( 'NONE', #691, #217, #1699, .T. ) ;
#269 = DIRECTION ( 'NONE',  ( 0.000000000000000000, 0.000000000000000000, -1.000000000000000000 ) ) ;
#270 = CARTESIAN_POINT ( 'NONE',  ( 9.982078949727927863, 14.33333333333333748, -0.9444013186688361428 ) ) ;
#271 = VERTEX_POINT ( 'NONE', #1654 ) ;
#272 = DIRECTION ( 'NONE',  ( 0.000000000000000000, 0.000000000000000000, 1.000000000000000000 ) ) ;
#273 = FACE_OUTER_BOUND ( 'NONE', #1754, .T. ) ;
#274 = AXIS2_PLACEMENT_3D ( 'NONE', #1133, #1692, #325 ) ;
#275 = CARTESIAN_POINT ( 'NONE',  ( 0.9675673266922906191, 3.000000000000000000, 8.338290074673292196 ) ) ;
#276 = AXIS2_PLACEMENT_3D ( 'NONE', #1214, #1780, #1634 ) ;
#277 = CARTESIAN_POINT ( 'NONE',  ( -2.368091015633946750, 3.000000000000001332, 5.172021908833592363 ) ) ;
#278 = PLANE ( 'NONE',  #1347 ) ;
#279 = CARTESIAN_POINT ( 'NONE',  ( 9.492545177376745968, 14.33333333333333393, -2.020759439820111414 ) ) ;
#280 = EDGE_LOOP ( 'NONE', ( #258, #70 ) ) ;
#281 = UNCERTAINTY_MEASURE_WITH_UNIT (LENGTH_MEASURE( 1.000000000000000082E-05 ), #1451, 'distance_accuracy_value', 'NONE');
#282 = CARTESIAN_POINT ( 'NONE',  ( -2.607908239904632275, 3.000000000000000000, -6.816856979495911517 ) ) ;
#283 = CARTESIAN_POINT ( 'NONE',  ( 2.495836788842753950, 10.49999999999999645, -7.282975684579722220 ) ) ;
#284 = CARTESIAN_POINT ( 'NONE',  ( -2.346640811341666133, 20.00000000000000711, 7.575668883106899898 ) ) ;
#285 = B_SPLINE_CURVE_WITH_KNOTS ( 'NONE', 3,
 ( #1687, #437, #1137, #190 ),
 .UNSPECIFIED., .F., .F.,
 ( 4, 4 ),
 ( 0.000000000000000000, 0.002005194296443335231 ),
 .UNSPECIFIED. ) ;
#286 = CARTESIAN_POINT ( 'NONE',  ( -0.2967595482944495044, 20.00000000000000000, -10.98232426779743776 ) ) ;
#287 = EDGE_CURVE ( 'NONE', #271, #1537, #547, .T. ) ;
#288 = DIRECTION ( 'NONE',  ( 0.000000000000000000, -0.000000000000000000, 1.000000000000000000 ) ) ;
#289 = ORIENTED_EDGE ( 'NONE', *, *, #1380, .F. ) ;
#290 = DIRECTION ( 'NONE',  ( 0.000000000000000000, 1.000000000000000000, 0.000000000000000000 ) ) ;
#291 = CARTESIAN_POINT ( 'NONE',  ( 1.476671094200626921, 20.00000000000000000, -10.79162735754403535 ) ) ;
#292 = CARTESIAN_POINT ( 'NONE',  ( 3.396026306597969668, 3.000000000000000000, -1.171808268312395374 ) ) ;
#293 = ORIENTED_EDGE ( 'NONE', *, *, #1388, .T. ) ;
#294 = CARTESIAN_POINT ( 'NONE',  ( -7.086754027465046235, 12.50000000000000000, -2.455181735474574189 ) ) ;
#295 = EDGE_CURVE ( 'NONE', #117, #1679, #1674, .T. ) ;
#296 = CARTESIAN_POINT ( 'NONE',  ( 0.4245978114591850150, 3.000000000000000888, 3.527527659147255079 ) ) ;
#297 = CARTESIAN_POINT ( 'NONE',  ( -1.962554565529731176, 3.000000000000000000, -7.892219079179345620 ) ) ;
#298 = APPROVAL_DATE_TIME ( #308, #929 ) ;
#299 = CARTESIAN_POINT ( 'NONE',  ( 0.000000000000000000, 20.00000000000000000, -8.500000000000000000 ) ) ;
#300 = EDGE_LOOP ( 'NONE', ( #1677, #835, #671, #1076 ) ) ;
#301 = CARTESIAN_POINT ( 'NONE',  ( 0.3255052506085303610, 3.000000000000000000, -8.481846404579956200 ) ) ;
#302 = CARTESIAN_POINT ( 'NONE',  ( 2.368684022841122339, 10.49999999999999822, -7.950119555010954464 ) ) ;
#303 = VERTEX_POINT ( 'NONE', #838 ) ;
#304 = CARTESIAN_POINT ( 'NONE',  ( 8.494696525566034495, 2.999999999999998668, 0.2038550788952482040 ) ) ;
#305 = CARTESIAN_POINT ( 'NONE',  ( 2.185179627262919588, 3.000000000000001776, 4.740594938986583351 ) ) ;
#306 = APPLICATION_CONTEXT ( 'configuration controlled 3d designs of mechanical parts and assemblies' ) ;
#307 = CARTESIAN_POINT ( 'NONE',  ( -2.611538151322078782, 14.33333333333333393, -8.471796373179017792 ) ) ;
#308 = DATE_AND_TIME ( #1542, #1134 ) ;
#309 = DIRECTION ( 'NONE',  ( 0.000000000000000000, 1.000000000000000000, 0.000000000000000000 ) ) ;
#310 = CARTESIAN_POINT ( 'NONE',  ( 2.643679685061026685, 14.33333333333333393, -6.587459055143999542 ) ) ;
#311 = CARTESIAN_POINT ( 'NONE',  ( 10.15526529575178927, 14.33333333333333393, 0.2447544781409583814 ) ) ;
#312 = VERTEX_POINT ( 'NONE', #1446 ) ;
#313 = CARTESIAN_POINT ( 'NONE',  ( 3.620550568534901537, 2.999999999999998668, 1.578617755099577691 ) ) ;
#314 = B_SPLINE_CURVE_WITH_KNOTS ( 'NONE', 3,
 ( #550, #1568, #1676, #736, #436, #1724 ),
 .UNSPECIFIED., .F., .F.,
 ( 4, 2, 4 ),
 ( 0.0004793932440652351403, 0.0009157250328530302380, 0.001569209316187902261 ),
 .UNSPECIFIED. ) ;
#315 = CARTESIAN_POINT ( 'NONE',  ( 1.476671094200626921, 20.00000000000000000, -10.79162735754403535 ) ) ;
#316 = PERSON_AND_ORGANIZATION_ROLE ( 'design_supplier' ) ;
#317 = ORIENTED_EDGE ( 'NONE', *, *, #379, .T. ) ;
#318 = CARTESIAN_POINT ( 'NONE',  ( -9.312405607768349469, 8.666666666666666075, 0.05207914643043257130 ) ) ;
#319 = DIRECTION ( 'NONE',  ( 0.000000000000000000, 0.000000000000000000, 1.000000000000000000 ) ) ;
#320 = ORIENTED_EDGE ( 'NONE', *, *, #329, .T. ) ;
#321 = CARTESIAN_POINT ( 'NONE',  ( -0.2911819135289127614, 14.33333333333333393, -10.14963868303295591 ) ) ;
#322 = EDGE_CURVE ( 'NONE', #1403, #247, #209, .T. ) ;
#323 = CARTESIAN_POINT ( 'NONE',  ( 0.2800266439978403854, 3.000000000000000888, -3.515732486496006892 ) ) ;
#324 = ORIENTED_EDGE ( 'NONE', *, *, #1776, .T. ) ;
#325 = DIRECTION ( 'NONE',  ( 0.000000000000000000, 0.000000000000000000, 1.000000000000000000 ) ) ;
#326 = CARTESIAN_POINT ( 'NONE',  ( -2.491619696087274960, 11.83339336725052959, -7.074036617760755874 ) ) ;
#327 = CARTESIAN_POINT ( 'NONE',  ( 1.661571438580493387, 14.33333333333333393, -5.344402318995114420 ) ) ;
#328 = EDGE_CURVE ( 'NONE', #145, #583, #1000, .T. ) ;
#329 = EDGE_CURVE ( 'NONE', #227, #1605, #639, .T. ) ;
#330 = CARTESIAN_POINT ( 'NONE',  ( -5.728968692819660369, 8.666666666666666075, -2.604504716620930971 ) ) ;
#331 = CARTESIAN_POINT ( 'NONE',  ( -2.452856958228164963, 10.80574846774041831, 7.087559053456284452 ) ) ;
#332 = CARTESIAN_POINT ( 'NONE',  ( 2.357516334256926527, 8.666666666666666075, -8.215535233864217801 ) ) ;
#333 = CARTESIAN_POINT ( 'NONE',  ( -2.451983640195337433, 12.49999999999999822, 7.309778152660074468 ) ) ;
#334 = CARTESIAN_POINT ( 'NONE',  ( 2.420281678243354495, 3.000000000000000000, 6.626287951312760605 ) ) ;
#335 = CARTESIAN_POINT ( 'NONE',  ( -0.2226624372763338910, 14.33333333333333393, -10.15767406646769189 ) ) ;
#336 = DATE_AND_TIME ( #44, #1484 ) ;
#337 = CARTESIAN_POINT ( 'NONE',  ( -8.176411442384260653, 8.666666666666666075, -2.350852085958849536 ) ) ;
#338 = CARTESIAN_POINT ( 'NONE',  ( 2.451983640195324110, 12.49999999999999645, 7.484339494399141479 ) ) ;
#339 = AXIS2_PLACEMENT_3D ( 'NONE', #501, #342, #1603 ) ;
#340 = ORIENTED_EDGE ( 'NONE', *, *, #1610, .F. ) ;
#341 = CIRCLE ( 'NONE', #1405, 8.500000000000000000 ) ;
#342 = DIRECTION ( 'NONE',  ( 0.000000000000000000, 1.000000000000000000, 0.000000000000000000 ) ) ;
#343 = CARTESIAN_POINT ( 'NONE',  ( -10.87072606882445314, 20.00000000000000000, 0.7965032583926966447 ) ) ;
#344 = CARTESIAN_POINT ( 'NONE',  ( 8.372777387956638506, 3.000000000000000000, -0.7971466059024820972 ) ) ;
#345 = CARTESIAN_POINT ( 'NONE',  ( 0.000000000000000000, 3.000000000000000000, 5.999999999999999112 ) ) ;
#346 = CARTESIAN_POINT ( 'NONE',  ( -2.440911170061510482, 10.49999999999999822, 7.413132426858512147 ) ) ;
#347 = DIRECTION ( 'NONE',  ( -0.000000000000000000, -1.000000000000000000, -0.000000000000000000 ) ) ;
#348 = DIRECTION ( 'NONE',  ( 0.000000000000000000, -0.000000000000000000, 1.000000000000000000 ) ) ;
#349 = CARTESIAN_POINT ( 'NONE',  ( 0.4245978114591861807, 2.999999999999981348, 3.527527659147251970 ) ) ;
#350 =( NAMED_UNIT ( * ) PLANE_ANGLE_UNIT ( ) SI_UNIT ( $, .RADIAN. ) );
#351 = CARTESIAN_POINT ( 'NONE',  ( -8.425442459025108022, 3.000000000000000000, 0.6186631733491243512 ) ) ;
#352 = CARTESIAN_POINT ( 'NONE',  ( 10.16676119011474810, 14.33333333333333393, 0.04591906917622987777 ) ) ;
#353 = ORIENTED_EDGE ( 'NONE', *, *, #1068, .T. ) ;
#354 = CARTESIAN_POINT ( 'NONE',  ( -8.500426322833998682, 3.000000000000000000, -0.05126146811077839094 ) ) ;
#355 = CARTESIAN_POINT ( 'NONE',  ( -2.346366099174681530, 11.83263594776565597, -8.169815190979884179 ) ) ;
#356 = CARTESIAN_POINT ( 'NONE',  ( -2.185179627262919144, 3.000000000000002665, 7.259405061013417537 ) ) ;
#357 = FACE_OUTER_BOUND ( 'NONE', #505, .T. ) ;
#358 = B_SPLINE_SURFACE_WITH_KNOTS ( 'NONE', 3, 3, ( 
 ( #458, #1712, #603, #198 ),
 ( #1010, #1558, #1294, #873 ),
 ( #1425, #1567, #66, #615 ),
 ( #1165, #1722, #1030, #1579 ),
 ( #344, #664, #92, #1479 ),
 ( #361, #922, #75, #625 ),
 ( #370, #1303, #1622, #1453 ),
 ( #233, #635, #1462, #1333 ),
 ( #1181, #216, #97, #1039 ),
 ( #1587, #644, #513, #240 ),
 ( #776, #1596, #1760, #912 ),
 ( #1743, #494, #224, #767 ),
 ( #1323, #1733, #1206, #1190 ),
 ( #1752, #504, #1470, #1172 ),
 ( #486, #785, #352, #386 ),
 ( #794, #654, #1050, #1058 ),
 ( #903, #1606, #1314, #1198 ),
 ( #84, #1443, #1069, #378 ) ),
 .UNSPECIFIED., .T., .F., .F.,
 ( 4, 1, 1, 1, 1, 2, 2, 2, 1, 1, 1, 1, 4 ),
 ( 4, 4 ),
 ( 0.000000000000000000, 0.01249999999999995559, 0.02499999999999991118, 0.03750000000000008882, 0.05000000000000004441, 0.2500000000000000000, 0.4999999999999999445, 0.7500000000000000000, 0.9499999999999999556, 0.9625000000000000222, 0.9749999999999999778, 0.9875000000000000444, 1.000000000000000000 ),
 ( 0.000000000000000000, 1.000000000000000000 ),
 .UNSPECIFIED. ) ;
#359 = CARTESIAN_POINT ( 'NONE',  ( 8.198239176364189973, 10.49999999999999467, 2.244743728608586952 ) ) ;
#360 = CARTESIAN_POINT ( 'NONE',  ( -0.2114714175294800380, 2.999999999999994671, -8.491995058904027616 ) ) ;
#361 = CARTESIAN_POINT ( 'NONE',  ( 7.951747868905015615, 3.000000000000000000, -1.903363791427338692 ) ) ;
#362 = APPROVAL_PERSON_ORGANIZATION ( #1400, #970, #188 ) ;
#363 = ORIENTED_EDGE ( 'NONE', *, *, #1510, .T. ) ;
#364 = CARTESIAN_POINT ( 'NONE',  ( -4.510664873003603859, 8.666666666666666075, -1.615016192335883449 ) ) ;
#365 = CARTESIAN_POINT ( 'NONE',  ( 2.480023120323504582, 12.50000000000001066, -7.078098990736083174 ) ) ;
#366 = CARTESIAN_POINT ( 'NONE',  ( -2.472472340852745809, 3.000000000000000888, 5.575402188540815374 ) ) ;
#367 = PLANE ( 'NONE',  #1732 ) ;
#368 = EDGE_CURVE ( 'NONE', #264, #1265, #771, .T. ) ;
#369 = CARTESIAN_POINT ( 'NONE',  ( -10.04791261274447223, 14.33333333333333393, 0.6915051146978873353 ) ) ;
#370 = CARTESIAN_POINT ( 'NONE',  ( 6.896765665971193116, 3.000000000000000000, -2.581521267208331416 ) ) ;
#371 = AXIS2_PLACEMENT_3D ( 'NONE', #818, #1379, #269 ) ;
#372 = ADVANCED_FACE ( 'NONE', ( #986, #759 ), #71, .T. ) ;
#373 = ORIENTED_EDGE ( 'NONE', *, *, #1377, .F. ) ;
#374 = CARTESIAN_POINT ( 'NONE',  ( -5.834113296020062123, 14.33333333333333393, 2.155183106339073618 ) ) ;
#375 = CARTESIAN_POINT ( 'NONE',  ( -2.453585115004287776, 10.49999999999999822, 7.087306969747351637 ) ) ;
#376 = CARTESIAN_POINT ( 'NONE',  ( 2.011692152408063095, 3.000000000000001332, 7.508047013541333747 ) ) ;
#377 = CARTESIAN_POINT ( 'NONE',  ( 8.160577716902224665, 12.50000000000000355, 2.378018361240916700 ) ) ;
#378 = CARTESIAN_POINT ( 'NONE',  ( 10.96129654131325637, 20.00000000000000000, -0.4382001092188491653 ) ) ;
#379 = EDGE_CURVE ( 'NONE', #1164, #213, #403, .T. ) ;
#380 = CARTESIAN_POINT ( 'NONE',  ( -10.98072327140597082, 20.00000000000000000, 0.3332862111871563449 ) ) ;
#381 = CARTESIAN_POINT ( 'NONE',  ( 2.505362224291932449, 12.49999999999999645, -7.275774409230781892 ) ) ;
#382 = CARTESIAN_POINT ( 'NONE',  ( -1.382606748254845419, 3.000000000000000444, 8.092958709630766023 ) ) ;
#383 = FACE_OUTER_BOUND ( 'NONE', #1495, .T. ) ;
#384 = EDGE_CURVE ( 'NONE', #387, #1658, #1124, .T. ) ;
#385 = CARTESIAN_POINT ( 'NONE',  ( 10.10295331595432344, 14.33333333333333393, -0.5624488353745812352 ) ) ;
#386 = CARTESIAN_POINT ( 'NONE',  ( 11.00279352238910491, 20.00000000000000000, -0.03304893568327928188 ) ) ;
#387 = VERTEX_POINT ( 'NONE', #294 ) ;
#388 = CARTESIAN_POINT ( 'NONE',  ( -8.472657360618091715, 3.000000000000000000, -0.3886299330260154505 ) ) ;
#389 = PRODUCT_RELATED_PRODUCT_CATEGORY ( 'detail', '', ( #395 ) ) ;
#390 = AXIS2_PLACEMENT_3D ( 'NONE', #1515, #706, #1 ) ;
#391 = CARTESIAN_POINT ( 'NONE',  ( 2.506984897390300393, 3.000000000000001776, 6.190099540683475787 ) ) ;
#392 = CARTESIAN_POINT ( 'NONE',  ( -1.127726192839871855, 20.00000000000000711, 6.259394899916095767 ) ) ;
#393 = CARTESIAN_POINT ( 'NONE',  ( 8.397949285189884705, 14.33333333333333393, -2.630357699346454581 ) ) ;
#394 = CARTESIAN_POINT ( 'NONE',  ( -0.8750902045468735846, 8.666666666666666075, -9.178470677347569051 ) ) ;
#395 = PRODUCT ( 'BarStool', 'BarStool', '', ( #1363 ) ) ;
#396 = AXIS2_PLACEMENT_3D ( 'NONE', #299, #1149, #1707 ) ;
#397 = CARTESIAN_POINT ( 'NONE',  ( -10.09390268785539924, 14.33333333333333393, 0.4929253779265163060 ) ) ;
#398 = CARTESIAN_POINT ( 'NONE',  ( 0.5446690180458050312, 20.00000000000000000, 10.94882388884109226 ) ) ;
#399 = CARTESIAN_POINT ( 'NONE',  ( -3.500062844238074788, 3.000000000000000000, -0.01772617389569485294 ) ) ;
#400 = CARTESIAN_POINT ( 'NONE',  ( 2.327716308598326123, 12.49999999999999822, 8.172678722392905826 ) ) ;
#401 = CARTESIAN_POINT ( 'NONE',  ( -2.363782366167700211, 12.49999999999999645, 8.057276449378251826 ) ) ;
#402 = FACE_BOUND ( 'NONE', #1219, .T. ) ;
#403 = LINE ( 'NONE', #1084, #481 ) ;
#404 = CARTESIAN_POINT ( 'NONE',  ( 0.7474129399139406438, 19.99999999999999645, 10.89446266995089019 ) ) ;
#405 = CARTESIAN_POINT ( 'NONE',  ( 0.4857023660876988447, 20.00000000000001066, 6.039071152569435164 ) ) ;
#406 = CARTESIAN_POINT ( 'NONE',  ( 10.12816887224961526, 14.33333333333333393, -0.4281360876396238524 ) ) ;
#407 = CARTESIAN_POINT ( 'NONE',  ( -0.6802449119180575821, 3.000000000000000000, -8.408803542772266937 ) ) ;
#408 = EDGE_LOOP ( 'NONE', ( #1083, #324, #34, #652 ) ) ;
#409 = DIRECTION ( 'NONE',  ( 0.000000000000000000, 0.000000000000000000, 1.000000000000000000 ) ) ;
#410 = CARTESIAN_POINT ( 'NONE',  ( -1.022951645117454733, 3.000000000000001332, 8.290337859856185432 ) ) ;
#411 = CARTESIAN_POINT ( 'NONE',  ( -1.300025989407498583, 2.999999999999999556, 3.838740289096153724 ) ) ;
#412 = CARTESIAN_POINT ( 'NONE',  ( 2.480023120323504582, 12.50000000000001066, -7.078098990736083174 ) ) ;
#413 = CARTESIAN_POINT ( 'NONE',  ( 10.86041267859276083, 20.00000000000000000, -0.8327782625652440096 ) ) ;
#414 = VERTEX_POINT ( 'NONE', #816 ) ;
#415 = CARTESIAN_POINT ( 'NONE',  ( 8.372777387956638506, 2.999999999999998668, -0.7971466059024820972 ) ) ;
#416 = B_SPLINE_CURVE_WITH_KNOTS ( 'NONE', 3,
 ( #1555, #1432, #192, #869 ),
 .UNSPECIFIED., .F., .F.,
 ( 4, 4 ),
 ( 0.000000000000000000, 0.002004838161956296570 ),
 .UNSPECIFIED. ) ;
#417 = CARTESIAN_POINT ( 'NONE',  ( -1.962554565529731176, 3.000000000000000000, -7.892219079179345620 ) ) ;
#418 = PRODUCT_DEFINITION ( 'UNKNOWN', '', #793, #1107 ) ;
#419 = ORIENTED_EDGE ( 'NONE', *, *, #1243, .T. ) ;
#420 = CARTESIAN_POINT ( 'NONE',  ( 0.000000000000000000, 12.49999999999999822, 0.000000000000000000 ) ) ;
#421 = EDGE_CURVE ( 'NONE', #251, #1502, #266, .T. ) ;
#422 = CARTESIAN_POINT ( 'NONE',  ( -2.448823888841091367, 20.00000000000000355, 9.044669018045803810 ) ) ;
#423 = AXIS2_PLACEMENT_3D ( 'NONE', #1032, #616, #1306 ) ;
#424 = B_SPLINE_CURVE_WITH_KNOTS ( 'NONE', 3,
 ( #1367, #1797, #531, #244, #1237, #812, #1660, #678, #9, #128 ),
 .UNSPECIFIED., .F., .F.,
 ( 4, 1, 1, 1, 1, 2, 4 ),
 ( 0.007883845204192009223, 0.008080993200444816851, 0.008278141196697622745, 0.008475289192950433842, 0.008672437189203241470, 0.01182680512924816352, 0.01576976505430431955 ),
 .UNSPECIFIED. ) ;
#425 = CARTESIAN_POINT ( 'NONE',  ( -0.3541416301238451414, 8.666666666666666075, -9.309071633851086602 ) ) ;
#426 = CARTESIAN_POINT ( 'NONE',  ( 7.296285693959134733, 10.49999999999999645, 2.492370770639160682 ) ) ;
#427 = B_SPLINE_SURFACE_WITH_KNOTS ( 'NONE', 3, 1, ( 
 ( #1202, #772 ),
 ( #366, #88 ),
 ( #1448, #919 ),
 ( #111, #1767 ),
 ( #1185, #230 ),
 ( #356, #906 ),
 ( #238, #899 ),
 ( #1318, #1619 ),
 ( #382, #934 ),
 ( #1739, #1467 ),
 ( #78, #1747 ),
 ( #490, #499 ),
 ( #1483, #780 ),
 ( #212, #798 ),
 ( #629, #1329 ),
 ( #95, #649 ),
 ( #1337, #1194 ),
 ( #1064, #1611 ),
 ( #376, #1034 ),
 ( #1474, #1348 ),
 ( #667, #479 ),
 ( #1215, #1775 ),
 ( #1086, #116 ),
 ( #540, #1791 ),
 ( #1362, #1627 ),
 ( #1521, #1230 ),
 ( #1097, #1514 ),
 ( #525, #975 ),
 ( #1389, #405 ),
 ( #958, #532 ),
 ( #146, #1799 ),
 ( #255, #1491 ),
 ( #1354, #548 ),
 ( #1505, #392 ),
 ( #261, #942 ),
 ( #1210, #806 ),
 ( #411, #139 ),
 ( #1093, #813 ),
 ( #1081, #122 ),
 ( #966, #1653 ),
 ( #277, #695 ),
 ( #679, #10 ) ),
 .UNSPECIFIED., .T., .F., .F.,
 ( 4, 2, 2, 2, 2, 2, 2, 2, 2, 2, 2, 2, 2, 2, 2, 2, 2, 2, 2, 2, 4 ),
 ( 2, 2 ),
 ( 0.000000000000000000, 0.06249999999999976408, 0.1249999999999995282, 0.1874999999999992784, 0.2187499999999993061, 0.2499999999999993339, 0.2812499999999993894, 0.3124999999999994449, 0.3749999999999994449, 0.4374999999999995004, 0.4999999999999995559, 0.5624999999999996669, 0.6249999999999997780, 0.6874999999999998890, 0.7187499999999998890, 0.7499999999999997780, 0.7812499999999997780, 0.8124999999999997780, 0.8749999999999998890, 0.9375000000000000000, 1.000000000000000000 ),
 ( 0.000000000000000000, 1.000000000000000000 ),
 .UNSPECIFIED. ) ;
#428 = EDGE_CURVE ( 'NONE', #1537, #387, #1490, .T. ) ;
#429 = CARTESIAN_POINT ( 'NONE',  ( 0.1101014508461221481, 20.00000000000000000, -11.00058899429399162 ) ) ;
#430 = CARTESIAN_POINT ( 'NONE',  ( 5.745385689190487533, 8.666666666666666075, 2.637031048581713222 ) ) ;
#431 = ORIENTED_EDGE ( 'NONE', *, *, #647, .F. ) ;
#432 = DIRECTION ( 'NONE',  ( -0.000000000000000000, -1.000000000000000000, -0.000000000000000000 ) ) ;
#433 = CARTESIAN_POINT ( 'NONE',  ( -0.5446690180458049202, 20.00000000000000711, 6.051176111158908633 ) ) ;
#434 = CARTESIAN_POINT ( 'NONE',  ( -0.3652611494391380109, 20.00000000000000000, -10.97413496534535327 ) ) ;
#435 = APPLICATION_PROTOCOL_DEFINITION ( 'international standard', 'config_control_design', 1994, #306 ) ;
#436 = CARTESIAN_POINT ( 'NONE',  ( 7.290993147313364453, 12.49999999999999289, 2.504536876021361103 ) ) ;
#437 = CARTESIAN_POINT ( 'NONE',  ( -2.289563819867450167, 11.83266121621840838, 8.185926941816523694 ) ) ;
#438 = CARTESIAN_POINT ( 'NONE',  ( 1.651131173365030680, 3.000000000000000000, -3.670283394496805851 ) ) ;
#439 = CARTESIAN_POINT ( 'NONE',  ( 9.314906555393443810, 8.666666666666666075, -0.2816698653353589266 ) ) ;
#440 = CARTESIAN_POINT ( 'NONE',  ( 4.828191731687573984, 2.999999999999998224, 2.603973693402030776 ) ) ;
#441 = CARTESIAN_POINT ( 'NONE',  ( -0.07502329363892744352, 3.000000000000000000, -8.501738958923411360 ) ) ;
#442 = PERSON_AND_ORGANIZATION_ROLE ( 'creator' ) ;
#443 = CARTESIAN_POINT ( 'NONE',  ( -2.451077817789566460, 11.11148590795294666, 7.088175063866652081 ) ) ;
#444 = ORIENTED_EDGE ( 'NONE', *, *, #1727, .F. ) ;
#445 = CARTESIAN_POINT ( 'NONE',  ( -0.2170669274029069784, 8.666666666666666075, -9.324834562685861528 ) ) ;
#446 = CARTESIAN_POINT ( 'NONE',  ( 8.494696525566034495, 3.000000000000000000, 0.2038550788952482040 ) ) ;
#447 = ORIENTED_EDGE ( 'NONE', *, *, #1243, .F. ) ;
#448 = CARTESIAN_POINT ( 'NONE',  ( -8.206292621655219222, 10.50000000000000178, -2.215121081965337524 ) ) ;
#449 = CARTESIAN_POINT ( 'NONE',  ( 0.07806213674667755731, 20.00000000000000355, 5.992813552336869520 ) ) ;
#450 = CIRCLE ( 'NONE', #1489, 2.500000000000002220 ) ;
#451 = CARTESIAN_POINT ( 'NONE',  ( -2.613353107030802480, 20.00000000000000000, -9.299266070020570041 ) ) ;
#452 = AXIS2_PLACEMENT_3D ( 'NONE', #951, #1349, #668 ) ;
#453 = AXIS2_PLACEMENT_3D ( 'NONE', #420, #1366, #1386 ) ;
#454 = CARTESIAN_POINT ( 'NONE',  ( -9.080411009690305235, 8.666666666666666075, -1.498449406699178699 ) ) ;
#455 = DIRECTION ( 'NONE',  ( 0.000000000000000000, 0.000000000000000000, 1.000000000000000000 ) ) ;
#456 = CARTESIAN_POINT ( 'NONE',  ( -0.2800266439978393862, 3.000000000000000000, -8.484267513503992220 ) ) ;
#457 = CARTESIAN_POINT ( 'NONE',  ( 9.993072359255704029, 14.33333333333333393, 1.416028814319915563 ) ) ;
#458 = CARTESIAN_POINT ( 'NONE',  ( 8.491711562433536642, 3.000000000000000000, -0.2034047433936138349 ) ) ;
#459 = ADVANCED_FACE ( 'NONE', ( #826 ), #844, .T. ) ;
#460 = CARTESIAN_POINT ( 'NONE',  ( -0.09187857625407019890, 20.00000000000000000, -11.00117665118023069 ) ) ;
#461 = CARTESIAN_POINT ( 'NONE',  ( -10.10750533359788150, 14.33333333333333393, 0.4259439782905122263 ) ) ;
#462 = CARTESIAN_POINT ( 'NONE',  ( 2.451983640195324110, 12.49999999999999645, 7.484339494399141479 ) ) ;
#463 = ORIENTED_EDGE ( 'NONE', *, *, #1119, .T. ) ;
#464 = CARTESIAN_POINT ( 'NONE',  ( 2.641249053282908932, 8.666666666666666075, -5.748190584887322707 ) ) ;
#465 = CARTESIAN_POINT ( 'NONE',  ( 0.1269481885562260826, 2.999999999999994671, -8.499790352266547444 ) ) ;
#466 = ORIENTED_EDGE ( 'NONE', *, *, #1341, .F. ) ;
#467 = DIRECTION ( 'NONE',  ( 0.000000000000000000, 0.000000000000000000, -1.000000000000000000 ) ) ;
#468 = CARTESIAN_POINT ( 'NONE',  ( 7.072023147022916234, 10.49999999999999822, 2.497296259551931907 ) ) ;
#469 = CARTESIAN_POINT ( 'NONE',  ( 2.638818421504791623, 3.000000000000000000, -4.908922114630646760 ) ) ;
#470 = PERSON_AND_ORGANIZATION ( #1232, #653 ) ;
#471 = CARTESIAN_POINT ( 'NONE',  ( -8.499937155761923435, 3.000000000000000000, 0.01772617389569484253 ) ) ;
#472 = CARTESIAN_POINT ( 'NONE',  ( -8.168377249675717877, 12.50000000000000355, 2.351087643417475004 ) ) ;
#473 = DIRECTION ( 'NONE',  ( -0.000000000000000000, -1.000000000000000000, -0.000000000000000000 ) ) ;
#474 = CYLINDRICAL_SURFACE ( 'NONE', #1141, 8.500000000000000000 ) ;
#475 = CARTESIAN_POINT ( 'NONE',  ( 1.300025989407498805, 2.999999999999996003, 8.161259710903843612 ) ) ;
#476 = DIRECTION ( 'NONE',  ( 0.000000000000000000, 0.000000000000000000, 1.000000000000000000 ) ) ;
#477 = CARTESIAN_POINT ( 'NONE',  ( -2.440679043251140712, 12.13908513616329365, 7.091764515861982865 ) ) ;
#478 = APPROVAL_ROLE ( '' ) ;
#479 = CARTESIAN_POINT ( 'NONE',  ( 2.505199120947417146, 20.00000000000000000, 8.368166232769905122 ) ) ;
#480 = CARTESIAN_POINT ( 'NONE',  ( -8.500426322836355908, 3.000000000016641799, -0.05126146811007770143 ) ) ;
#481 = VECTOR ( 'NONE', #432, 1000.000000000000000 ) ;
#482 = FACE_BOUND ( 'NONE', #1691, .T. ) ;
#483 = B_SPLINE_CURVE_WITH_KNOTS ( 'NONE', 3,
 ( #1162, #782, #631, #1319 ),
 .UNSPECIFIED., .F., .F.,
 ( 4, 4 ),
 ( 0.000000000000000000, 1.000000000000000000 ),
 .UNSPECIFIED. ) ;
#484 = EDGE_CURVE ( 'NONE', #529, #303, #226, .T. ) ;
#485 = CARTESIAN_POINT ( 'NONE',  ( -0.2800266439978393862, 3.000000000000000000, -8.484267513503992220 ) ) ;
#486 = CARTESIAN_POINT ( 'NONE',  ( 8.494696525566034495, 3.000000000000000000, 0.2038550788952482040 ) ) ;
#487 = B_SPLINE_SURFACE_WITH_KNOTS ( 'NONE', 3, 3, ( 
 ( #104, #1741, #1187, #1469 ),
 ( #669, #1629, #406, #690 ),
 ( #534, #257, #385, #141 ),
 ( #1621, #1507, #1645, #413 ),
 ( #1099, #1783, #270, #820 ),
 ( #1372, #1212, #279, #1777 ),
 ( #1636, #520, #393, #944 ),
 ( #1205, #1769, #1492, #563 ),
 ( #292, #1244, #1111, #14 ),
 ( #834, #1131, #997, #182 ),
 ( #1140, #430, #1122, #161 ),
 ( #701, #1670, #1406, #981 ),
 ( #990, #1690, #457, #33 ),
 ( #850, #1018, #311, #1525 ),
 ( #446, #716, #1008, #1703 ),
 ( #842, #1395, #1272, #861 ),
 ( #591, #151, #1681, #870 ),
 ( #1264, #439, #1556, #1536 ) ),
 .UNSPECIFIED., .T., .F., .F.,
 ( 4, 1, 1, 1, 1, 2, 2, 2, 1, 1, 1, 1, 4 ),
 ( 4, 4 ),
 ( 0.000000000000000000, 0.01249999999999995559, 0.02499999999999991118, 0.03750000000000008882, 0.05000000000000004441, 0.2500000000000000000, 0.4999999999999999445, 0.7500000000000000000, 0.9499999999999999556, 0.9625000000000000222, 0.9749999999999999778, 0.9875000000000000444, 1.000000000000000000 ),
 ( 0.000000000000000000, 1.000000000000000000 ),
 .UNSPECIFIED. ) ;
#488 = CARTESIAN_POINT ( 'NONE',  ( -9.080411009690305235, 8.666666666666666075, -1.498449406699178699 ) ) ;
#489 = CARTESIAN_POINT ( 'NONE',  ( -2.247534455622988148, 10.49999999999999467, -8.197474542246988349 ) ) ;
#490 = CARTESIAN_POINT ( 'NONE',  ( -0.4245978114591850150, 3.000000000000000000, 8.472472340852743145 ) ) ;
#491 = CARTESIAN_POINT ( 'NONE',  ( 0.000000000000000000, 10.49999999999999822, 0.000000000000000000 ) ) ;
#492 = CARTESIAN_POINT ( 'NONE',  ( 8.170688738602960299, 11.83263914095496894, 2.343320656743851593 ) ) ;
#493 = CARTESIAN_POINT ( 'NONE',  ( -8.499447988689846412, 3.000000000000000000, 0.08671381590216807600 ) ) ;
#494 = CARTESIAN_POINT ( 'NONE',  ( 8.210697206251255764, 8.666666666666666075, 2.357206960842828547 ) ) ;
#495 = VERTEX_POINT ( 'NONE', #956 ) ;
#496 = CARTESIAN_POINT ( 'NONE',  ( -10.99946861161452105, 20.00000000000000000, 0.1348032034260698842 ) ) ;
#497 = DIRECTION ( 'NONE',  ( -0.000000000000000000, -1.000000000000000000, -0.000000000000000000 ) ) ;
#498 = CC_DESIGN_PERSON_AND_ORGANIZATION_ASSIGNMENT ( #595, #316, ( #793 ) ) ;
#499 = CARTESIAN_POINT ( 'NONE',  ( 0.5446690180458050312, 20.00000000000000000, 10.94882388884109226 ) ) ;
#500 = ORIENTED_EDGE ( 'NONE', *, *, #1798, .F. ) ;
#501 = CARTESIAN_POINT ( 'NONE',  ( 0.000000000000000000, 10.49999999999999822, 0.000000000000000000 ) ) ;
#502 = CARTESIAN_POINT ( 'NONE',  ( -8.245443682916217654, 14.33333333333333393, 2.644878353068464527 ) ) ;
#503 = ORIENTED_EDGE ( 'NONE', *, *, #939, .T. ) ;
#504 = CARTESIAN_POINT ( 'NONE',  ( 9.312956462803070323, 8.666666666666666075, 0.3232599991540940909 ) ) ;
#505 = EDGE_LOOP ( 'NONE', ( #559, #79, #1293, #1343 ) ) ;
#506 = CARTESIAN_POINT ( 'NONE',  ( -10.82542995136047459, 20.00000000000000000, 0.9255819004816516760 ) ) ;
#507 = CARTESIAN_POINT ( 'NONE',  ( -3.500062844238074788, 3.000000000000000000, -0.01772617389569485294 ) ) ;
#508 = CARTESIAN_POINT ( 'NONE',  ( 2.454041343272821862, 10.50000000000000000, 7.162595367739907459 ) ) ;
#509 = EDGE_CURVE ( 'NONE', #784, #731, #1702, .T. ) ;
#510 = DIRECTION ( 'NONE',  ( -0.000000000000000000, -1.000000000000000000, -0.000000000000000000 ) ) ;
#511 = CIRCLE ( 'NONE', #801, 7.500000000000000000 ) ;
#512 = ORIENTED_EDGE ( 'NONE', *, *, #1342, .T. ) ;
#513 = CARTESIAN_POINT ( 'NONE',  ( 5.393885307054699041, 14.33333333333333393, 1.723956994527505948 ) ) ;
#514 = EDGE_LOOP ( 'NONE', ( #645, #1736 ) ) ;
#515 = CARTESIAN_POINT ( 'NONE',  ( -9.984539015098008008, 14.33333333333333393, 0.8813098119513294026 ) ) ;
#516 = CARTESIAN_POINT ( 'NONE',  ( 2.464106002081217106, 12.49999999999999822, -7.850126017509631460 ) ) ;
#517 = EDGE_CURVE ( 'NONE', #414, #1531, #1693, .T. ) ;
#518 = EDGE_CURVE ( 'NONE', #1059, #1454, #685, .T. ) ;
#519 = CYLINDRICAL_SURFACE ( 'NONE', #742, 8.500000000000000000 ) ;
#520 = CARTESIAN_POINT ( 'NONE',  ( 7.647357475580538022, 8.666666666666666075, -2.605939483277392998 ) ) ;
#521 = ORIENTED_EDGE ( 'NONE', *, *, #933, .T. ) ;
#522 = ORIENTED_EDGE ( 'NONE', *, *, #8, .F. ) ;
#523 = CARTESIAN_POINT ( 'NONE',  ( -10.94562775759493789, 20.00000000000000000, 0.5321946866183199232 ) ) ;
#524 = CARTESIAN_POINT ( 'NONE',  ( -1.235003285288308161, 19.99999999999999289, 10.70874486763981359 ) ) ;
#525 = CARTESIAN_POINT ( 'NONE',  ( 1.547185145588216848, 3.000000000000000000, 4.026509468854564844 ) ) ;
#526 = B_SPLINE_CURVE_WITH_KNOTS ( 'NONE', 3,
 ( #1005, #1167, #1560, #1128 ),
 .UNSPECIFIED., .F., .F.,
 ( 4, 4 ),
 ( 0.000000000000000000, 0.002000107637162450505 ),
 .UNSPECIFIED. ) ;
#527 = CARTESIAN_POINT ( 'NONE',  ( -2.434837742158405316, 12.50000000000000000, 7.093769461249847197 ) ) ;
#528 = CARTESIAN_POINT ( 'NONE',  ( -0.4837752369967802668, 3.000000000000000000, -8.455664438243207570 ) ) ;
#529 = VERTEX_POINT ( 'NONE', #1633 ) ;
#530 = CARTESIAN_POINT ( 'NONE',  ( 2.227715023673650041, 10.49999999999999822, 8.134904265626813569 ) ) ;
#531 = CARTESIAN_POINT ( 'NONE',  ( -0.4837752369967802668, 2.999999999999996003, -8.455664438243207570 ) ) ;
#532 = CARTESIAN_POINT ( 'NONE',  ( 0.07806213674667755731, 20.00000000000000355, 5.992813552336869520 ) ) ;
#533 = DIRECTION ( 'NONE',  ( 0.000000000000000000, 0.000000000000000000, 1.000000000000000000 ) ) ;
#534 = CARTESIAN_POINT ( 'NONE',  ( 8.469395347627342474, 3.000000000000000000, -0.4079374097824964296 ) ) ;
#535 = CARTESIAN_POINT ( 'NONE',  ( -2.326843813465956590, 12.50000000000000000, 8.175316377225728459 ) ) ;
#536 = CARTESIAN_POINT ( 'NONE',  ( -2.613353107030802480, 20.00000000000000000, -9.299266070020570041 ) ) ;
#537 = CIRCLE ( 'NONE', #1790, 7.500000000000000000 ) ;
#538 = EDGE_LOOP ( 'NONE', ( #589, #1444 ) ) ;
#539 = CARTESIAN_POINT ( 'NONE',  ( -0.2163820349478376703, 3.000000000000001332, 8.499051099015577648 ) ) ;
#540 = CARTESIAN_POINT ( 'NONE',  ( 2.490677177572092393, 3.000000000000001776, 5.657015586020823328 ) ) ;
#541 = CARTESIAN_POINT ( 'NONE',  ( 1.224646799147353256E-15, 0.000000000000000000, 10.00000000000000000 ) ) ;
#542 = CARTESIAN_POINT ( 'NONE',  ( 8.160606054711809776, 12.49999999999999822, -2.377921113045413204 ) ) ;
#543 = B_SPLINE_CURVE_WITH_KNOTS ( 'NONE', 3,
 ( #908, #239, #774, #90 ),
 .UNSPECIFIED., .F., .F.,
 ( 4, 4 ),
 ( 0.009383985161113888793, 0.01054443751699631927 ),
 .UNSPECIFIED. ) ;
#544 = ORIENTED_EDGE ( 'NONE', *, *, #484, .T. ) ;
#545 = CARTESIAN_POINT ( 'NONE',  ( 2.428579885625183010, 10.49999999999999822, 7.507472859520889941 ) ) ;
#546 = FACE_OUTER_BOUND ( 'NONE', #947, .T. ) ;
#547 = B_SPLINE_CURVE_WITH_KNOTS ( 'NONE', 3,
 ( #1021, #1437, #326, #1286 ),
 .UNSPECIFIED., .F., .F.,
 ( 4, 4 ),
 ( 0.000000000000000000, 0.002000116607002353462 ),
 .UNSPECIFIED. ) ;
#548 = CARTESIAN_POINT ( 'NONE',  ( -0.7474129399139405328, 20.00000000000000000, 6.105537330049115141 ) ) ;
#549 = CC_DESIGN_DATE_AND_TIME_ASSIGNMENT ( #1429, #1023, ( #1426 ) ) ;
#550 = CARTESIAN_POINT ( 'NONE',  ( 8.160577716902224665, 12.50000000000000355, 2.378018361240916700 ) ) ;
#551 = EDGE_CURVE ( 'NONE', #1500, #117, #1284, .T. ) ;
#552 = B_SPLINE_CURVE_WITH_KNOTS ( 'NONE', 3,
 ( #101, #1618, #1061, #346, #1609, #375 ),
 .UNSPECIFIED., .F., .F.,
 ( 4, 2, 4 ),
 ( 0.0004583029522857332374, 0.001061564759878699761, 0.001620916375980419998 ),
 .UNSPECIFIED. ) ;
#553 = EDGE_LOOP ( 'NONE', ( #1078, #871, #1150, #1463, #107 ) ) ;
#554 = DIRECTION ( 'NONE',  ( 0.000000000000000000, -0.000000000000000000, 1.000000000000000000 ) ) ;
#555 = CARTESIAN_POINT ( 'NONE',  ( -0.8279780911664095244, 2.999999999999999112, 8.368091015633941865 ) ) ;
#556 = EDGE_CURVE ( 'NONE', #982, #414, #32, .T. ) ;
#557 = CARTESIAN_POINT ( 'NONE',  ( 2.187764188215860717, 10.49999999999999822, 8.213628178628505694 ) ) ;
#558 = CARTESIAN_POINT ( 'NONE',  ( 0.2911819135289140381, 14.33333333333333393, -5.183694650300377127 ) ) ;
#559 = ORIENTED_EDGE ( 'NONE', *, *, #551, .F. ) ;
#560 = EDGE_CURVE ( 'NONE', #702, #1302, #1324, .T. ) ;
#561 = VERTEX_POINT ( 'NONE', #1503 ) ;
#562 = CARTESIAN_POINT ( 'NONE',  ( 0.000000000000000000, 20.00000000000000000, -8.500000000000000000 ) ) ;
#563 = CARTESIAN_POINT ( 'NONE',  ( 6.703373385758552239, 20.00000000000000000, -2.219447323685430629 ) ) ;
#564 = CARTESIAN_POINT ( 'NONE',  ( 2.452138765594223280, 11.16671675566883692, 7.087807692059112874 ) ) ;
#565 = B_SPLINE_CURVE_WITH_KNOTS ( 'NONE', 3,
 ( #1539, #313, #440, #1266, #584, #863, #304, #575, #35, #1683 ),
 .UNSPECIFIED., .F., .F.,
 ( 4, 2, 1, 1, 1, 1, 4 ),
 ( 0.000000000000000000, 0.003941922215366876724, 0.007095459987660376368, 0.007292556098428721288, 0.007489652209197064474, 0.007686748319965409394, 0.007883844430733751713 ),
 .UNSPECIFIED. ) ;
#566 = EDGE_CURVE ( 'NONE', #702, #247, #1201, .T. ) ;
#567 = CARTESIAN_POINT ( 'NONE',  ( -1.975259988325267502, 20.00000000000000000, -10.37895221993886530 ) ) ;
#568 = CARTESIAN_POINT ( 'NONE',  ( -10.89088545390213980, 20.00000000000000000, 0.7305249799419271106 ) ) ;
#569 = CARTESIAN_POINT ( 'NONE',  ( 8.491711562433536642, 3.000000000000000000, -0.2034047433936138349 ) ) ;
#570 = B_SPLINE_CURVE_WITH_KNOTS ( 'NONE', 3,
 ( #1186, #1782, #256, #246 ),
 .UNSPECIFIED., .F., .F.,
 ( 4, 4 ),
 ( 0.000000000000000000, 0.002000115872580459503 ),
 .UNSPECIFIED. ) ;
#571 = ORIENTED_EDGE ( 'NONE', *, *, #832, .T. ) ;
#572 = CARTESIAN_POINT ( 'NONE',  ( 2.354405881410499557, 14.33333333333333393, -9.054160200236845313 ) ) ;
#573 = CARTESIAN_POINT ( 'NONE',  ( 1.651131173364988713, 2.999999999999994671, -3.670283394496751672 ) ) ;
#574 = ORIENTED_EDGE ( 'NONE', *, *, #1632, .F. ) ;
#575 = CARTESIAN_POINT ( 'NONE',  ( 8.502862791732454184, 2.999999999999998668, 0.002039349119520633170 ) ) ;
#576 = CARTESIAN_POINT ( 'NONE',  ( -1.820879154206498596, 3.000000000000000888, 4.254860974911351512 ) ) ;
#577 = CARTESIAN_POINT ( 'NONE',  ( 0.3199284716192497546, 8.666666666666666075, -9.315892053974481612 ) ) ;
#578 = CARTESIAN_POINT ( 'NONE',  ( -7.910959410926531099, 20.00000000000000000, -2.794073155455861990 ) ) ;
#579 = CARTESIAN_POINT ( 'NONE',  ( 7.074835567147726323, 11.83339288278626888, 2.489349802371726206 ) ) ;
#580 = ORIENTED_EDGE ( 'NONE', *, *, #237, .T. ) ;
#581 = CARTESIAN_POINT ( 'NONE',  ( -2.318538218755731517, 20.00000000000000000, -6.833208428811776258 ) ) ;
#582 = CARTESIAN_POINT ( 'NONE',  ( 2.248269141982701225, 10.49999999999999822, -8.197273074944407156 ) ) ;
#583 = VERTEX_POINT ( 'NONE', #895 ) ;
#584 = CARTESIAN_POINT ( 'NONE',  ( 8.234603402794075322, 2.999999999999998668, 1.561621304450298009 ) ) ;
#585 = CARTESIAN_POINT ( 'NONE',  ( 1.980319008053930352, 3.000000000000000888, 4.424524315853024525 ) ) ;
#586 = CARTESIAN_POINT ( 'NONE',  ( -0.8750902045468735846, 8.666666666666666075, -9.178470677347569051 ) ) ;
#587 = CARTESIAN_POINT ( 'NONE',  ( -9.289137261347063301, 8.666666666666666075, -0.3445367854152927567 ) ) ;
#588 = CARTESIAN_POINT ( 'NONE',  ( 0.000000000000000000, 12.49999999999999822, 0.000000000000000000 ) ) ;
#589 = ORIENTED_EDGE ( 'NONE', *, *, #744, .T. ) ;
#590 = EDGE_CURVE ( 'NONE', #731, #303, #174, .T. ) ;
#591 = CARTESIAN_POINT ( 'NONE',  ( 8.497324668981960372, 3.000000000000000000, -0.1346440928083136035 ) ) ;
#592 = VERTEX_POINT ( 'NONE', #1258 ) ;
#593 = CIRCLE ( 'NONE', #1516, 2.500000000000002220 ) ;
#594 = CARTESIAN_POINT ( 'NONE',  ( 0.1157170300828234688, 14.33333333333333393, -10.16698944695151141 ) ) ;
#595 = PERSON_AND_ORGANIZATION ( #1232, #653 ) ;
#596 = CARTESIAN_POINT ( 'NONE',  ( -3.490279502796533873, 3.000000000000000000, 1.362026666233774108 ) ) ;
#597 = CARTESIAN_POINT ( 'NONE',  ( 2.434868605837136712, 12.49999999999999822, 7.093758867646172916 ) ) ;
#598 = ORIENTED_EDGE ( 'NONE', *, *, #1006, .F. ) ;
#599 = CARTESIAN_POINT ( 'NONE',  ( -1.091077885369351907, 3.000000000000000000, -3.361181578495207045 ) ) ;
#600 = CARTESIAN_POINT ( 'NONE',  ( -2.284527417083995537, 3.000000000000002220, 4.950216407204487190 ) ) ;
#601 = CYLINDRICAL_SURFACE ( 'NONE', #1346, 7.500000000000000000 ) ;
#602 = ORIENTED_EDGE ( 'NONE', *, *, #1006, .T. ) ;
#603 = CARTESIAN_POINT ( 'NONE',  ( 10.13810154835334920, 14.33333333333333393, -0.3599349872771040459 ) ) ;
#604 = CARTESIAN_POINT ( 'NONE',  ( 8.198239176364189973, 10.49999999999999467, 2.244743728608586952 ) ) ;
#605 = CARTESIAN_POINT ( 'NONE',  ( 2.351295428564073031, 20.00000000000000000, -9.892785166609471048 ) ) ;
#606 = APPROVAL_DATE_TIME ( #336, #1239 ) ;
#607 = ORIENTED_EDGE ( 'NONE', *, *, #1248, .T. ) ;
#608 = CARTESIAN_POINT ( 'NONE',  ( -11.01641175430586550, 20.00000000000000000, -1.048706512368064780 ) ) ;
#609 = CARTESIAN_POINT ( 'NONE',  ( 7.072429766985008470, 11.16672803494369326, 2.496144763900204122 ) ) ;
#610 = ORIENTED_EDGE ( 'NONE', *, *, #1727, .T. ) ;
#611 = CARTESIAN_POINT ( 'NONE',  ( -2.487021280373404419, 12.50000000000000355, -7.830236656585203292 ) ) ;
#612 = CARTESIAN_POINT ( 'NONE',  ( 2.011692152408063095, 2.999999999999995559, 7.508047013541333747 ) ) ;
#613 = EDGE_CURVE ( 'NONE', #862, #955, #565, .T. ) ;
#614 = ORIENTED_EDGE ( 'NONE', *, *, #518, .F. ) ;
#615 = CARTESIAN_POINT ( 'NONE',  ( 10.91973230011781482, 20.00000000000000000, -0.6397045481706236103 ) ) ;
#616 = DIRECTION ( 'NONE',  ( 0.000000000000000000, 1.000000000000000000, 0.000000000000000000 ) ) ;
#617 = B_SPLINE_SURFACE_WITH_KNOTS ( 'NONE', 3, 3, ( 
 ( #1384, #4, #1631, #1785 ),
 ( #833, #1657, #1351, #113 ),
 ( #528, #1100, #1638, #1649 ),
 ( #407, #809, #1501, #248 ),
 ( #670, #394, #822, #1374 ),
 ( #417, #136, #1358, #118 ),
 ( #282, #143, #1217, #536 ),
 ( #1089, #954, #715, #581 ),
 ( #599, #1254, #1404, #1263 ),
 ( #438, #1151, #1546, #709 ),
 ( #860, #464, #310, #1130 ),
 ( #22, #332, #572, #1680 ),
 ( #1413, #980, #841, #291 ),
 ( #301, #723, #167, #849 ),
 ( #1139, #732, #1394, #429 ),
 ( #1709, #1689, #1016, #1562 ),
 ( #989, #445, #150, #1535 ),
 ( #456, #1524, #321, #1280 ) ),
 .UNSPECIFIED., .T., .F., .F.,
 ( 4, 1, 1, 1, 1, 2, 2, 2, 1, 1, 1, 1, 4 ),
 ( 4, 4 ),
 ( 0.000000000000000000, 0.01249999999999995559, 0.02499999999999991118, 0.03750000000000008882, 0.05000000000000004441, 0.2499999999999999445, 0.4999999999999999445, 0.7500000000000000000, 0.9499999999999999556, 0.9625000000000000222, 0.9749999999999999778, 0.9875000000000000444, 1.000000000000000000 ),
 ( 0.000000000000000000, 1.000000000000000000 ),
 .UNSPECIFIED. ) ;
#618 = APPROVAL_DATE_TIME ( #1146, #970 ) ;
#619 = ADVANCED_FACE ( 'NONE', ( #1020 ), #1153, .F. ) ;
#620 = PLANE ( 'NONE',  #1203 ) ;
#621 = CARTESIAN_POINT ( 'NONE',  ( -3.500062844238074788, 3.000000000000000000, -0.01772617389569485294 ) ) ;
#622 = CARTESIAN_POINT ( 'NONE',  ( 2.438816599501791416, 2.999999999999982236, 5.357127769221876612 ) ) ;
#623 = CC_DESIGN_SECURITY_CLASSIFICATION ( #1426, ( #793 ) ) ;
#624 = CARTESIAN_POINT ( 'NONE',  ( -10.08030004211291697, 14.33333333333333393, 0.5599067775625203858 ) ) ;
#625 = CARTESIAN_POINT ( 'NONE',  ( 10.26294383161261159, 20.00000000000000000, -2.079457264016497664 ) ) ;
#626 = ORIENTED_EDGE ( 'NONE', *, *, #893, .F. ) ;
#627 = CARTESIAN_POINT ( 'NONE',  ( 0.000000000000000000, 10.49999999999999822, 0.000000000000000000 ) ) ;
#628 = CARTESIAN_POINT ( 'NONE',  ( -8.499937155761923435, 3.000000000000000000, 0.01772617389569484253 ) ) ;
#629 = CARTESIAN_POINT ( 'NONE',  ( 0.3957399386763383320, 3.000000000000001332, 8.476254561265056608 ) ) ;
#630 = FACE_OUTER_BOUND ( 'NONE', #952, .T. ) ;
#631 = CARTESIAN_POINT ( 'NONE',  ( -0.2911819135289127614, 14.33333333333333393, -10.14963868303295591 ) ) ;
#632 =( NAMED_UNIT ( * ) SI_UNIT ( $, .STERADIAN. ) SOLID_ANGLE_UNIT ( ) );
#633 = FACE_BOUND ( 'NONE', #1087, .T. ) ;
#634 = ORIENTED_EDGE ( 'NONE', *, *, #1095, .F. ) ;
#635 = CARTESIAN_POINT ( 'NONE',  ( 5.182045958519768902, 8.666666666666666075, -2.326115395538506991 ) ) ;
#636 = ORIENTED_EDGE ( 'NONE', *, *, #1193, .T. ) ;
#637 = CARTESIAN_POINT ( 'NONE',  ( -4.602520985974835277, 3.000000000000000000, 2.490153814320383407 ) ) ;
#638 = CARTESIAN_POINT ( 'NONE',  ( -8.168377249675717877, 12.50000000000000355, 2.351087643417475004 ) ) ;
#639 = B_SPLINE_CURVE_WITH_KNOTS ( 'NONE', 3,
 ( #210, #186, #558, #1155 ),
 .UNSPECIFIED., .F., .F.,
 ( 4, 4 ),
 ( 0.000000000000000000, 1.000000000000000000 ),
 .UNSPECIFIED. ) ;
#640 = DIRECTION ( 'NONE',  ( 0.000000000000000000, -0.000000000000000000, 1.000000000000000000 ) ) ;
#641 = DIRECTION ( 'NONE',  ( 0.000000000000000000, -0.000000000000000000, 1.000000000000000000 ) ) ;
#642 = CARTESIAN_POINT ( 'NONE',  ( 2.420281678243354495, 3.000000000000000000, 6.626287951312760605 ) ) ;
#643 = CARTESIAN_POINT ( 'NONE',  ( -9.225718376165341184, 8.666666666666666075, 0.6524821952344781462 ) ) ;
#644 = CARTESIAN_POINT ( 'NONE',  ( 4.507217937794826490, 8.666666666666666075, 1.651287374813564135 ) ) ;
#645 = ORIENTED_EDGE ( 'NONE', *, *, #1708, .T. ) ;
#646 = CARTESIAN_POINT ( 'NONE',  ( -9.289874015401382579, 8.666666666666666075, 0.3233102967323442378 ) ) ;
#647 = EDGE_CURVE ( 'NONE', #1531, #1403, #1434, .T. ) ;
#648 = CARTESIAN_POINT ( 'NONE',  ( -8.499999999999998224, 20.00000000000000000, 0.000000000000000000 ) ) ;
#649 = CARTESIAN_POINT ( 'NONE',  ( 1.781979585724762671, 20.00000000000000355, 10.29675701224686435 ) ) ;
#650 = DIRECTION ( 'NONE',  ( 0.000000000000000000, 0.000000000000000000, -1.000000000000000000 ) ) ;
#651 = CARTESIAN_POINT ( 'NONE',  ( -0.1938702170766770649, 2.999999999999980904, 3.499101777466785634 ) ) ;
#652 = ORIENTED_EDGE ( 'NONE', *, *, #1070, .F. ) ;
#653 = ORGANIZATION ( 'UNSPECIFIED', 'UNSPECIFIED', '' ) ;
#654 = CARTESIAN_POINT ( 'NONE',  ( 9.332519221870235526, 8.666666666666666075, -0.07688448770404086863 ) ) ;
#655 = EDGE_CURVE ( 'NONE', #1502, #1658, #1786, .T. ) ;
#656 = EDGE_CURVE ( 'NONE', #1302, #1391, #1648, .T. ) ;
#657 = ORIENTED_EDGE ( 'NONE', *, *, #1510, .F. ) ;
#658 = CARTESIAN_POINT ( 'NONE',  ( -10.28617743515424365, 20.00000000000000000, -2.068335292659162938 ) ) ;
#659 = CARTESIAN_POINT ( 'NONE',  ( 0.2967781710502813142, 20.00000000000000355, -6.017516694204690708 ) ) ;
#660 = CARTESIAN_POINT ( 'NONE',  ( 2.326833065136611811, 12.50000000000000000, 8.175319436375211524 ) ) ;
#661 = DIRECTION ( 'NONE',  ( 0.000000000000000000, 1.000000000000000000, 0.000000000000000000 ) ) ;
#662 = CARTESIAN_POINT ( 'NONE',  ( -2.011692152408060874, 2.999999999999981348, 4.491952986458661812 ) ) ;
#663 = AXIS2_PLACEMENT_3D ( 'NONE', #946, #1668, #1778 ) ;
#664 = CARTESIAN_POINT ( 'NONE',  ( 9.177428168842283185, 8.666666666666667851, -0.8707739622856591755 ) ) ;
#665 = CARTESIAN_POINT ( 'NONE',  ( -9.308679330880718084, 8.666666666666666075, -0.1479912182882914817 ) ) ;
#666 = CARTESIAN_POINT ( 'NONE',  ( -2.472472340852745809, 3.000000000000000888, 5.575402188540815374 ) ) ;
#667 = CARTESIAN_POINT ( 'NONE',  ( 2.368091015633945862, 2.999999999999999556, 6.827978091166406749 ) ) ;
#668 = DIRECTION ( 'NONE',  ( 0.000000000000000000, -0.000000000000000000, 1.000000000000000000 ) ) ;
#669 = CARTESIAN_POINT ( 'NONE',  ( 8.486098455885111136, 3.000000000000000000, -0.2721653939789140386 ) ) ;
#670 = CARTESIAN_POINT ( 'NONE',  ( -0.8698250963085536469, 3.000000000000000000, -8.347108763123683772 ) ) ;
#671 = ORIENTED_EDGE ( 'NONE', *, *, #566, .F. ) ;
#672 = CARTESIAN_POINT ( 'NONE',  ( 2.445309542942275982, 10.49999999999999822, 7.303697064275700868 ) ) ;
#673 = CARTESIAN_POINT ( 'NONE',  ( 2.012899437272221093, 20.00000000000000355, 6.980346432064104434 ) ) ;
#674 = FACE_OUTER_BOUND ( 'NONE', #1718, .T. ) ;
#675 = ORIENTED_EDGE ( 'NONE', *, *, #1650, .F. ) ;
#676 = DIRECTION ( 'NONE',  ( 0.000000000000000000, 0.000000000000000000, 1.000000000000000000 ) ) ;
#677 = CARTESIAN_POINT ( 'NONE',  ( -9.296919921808662224, 8.666666666666666075, 0.2553257759111056124 ) ) ;
#678 = CARTESIAN_POINT ( 'NONE',  ( -2.329716605503194593, 2.999999999999996003, -4.348868826634995521 ) ) ;
#679 = CARTESIAN_POINT ( 'NONE',  ( -2.420281678243346501, 3.000000000000000888, 5.373712048687204756 ) ) ;
#680 = DIRECTION ( 'NONE',  ( 0.000000000000000000, -0.000000000000000000, 1.000000000000000000 ) ) ;
#681 = CARTESIAN_POINT ( 'NONE',  ( 8.469395347627342474, 2.999999999999998668, -0.4079374097824964296 ) ) ;
#682 = AXIS2_PLACEMENT_3D ( 'NONE', #811, #1246, #15 ) ;
#683 = AXIS2_PLACEMENT_3D ( 'NONE', #1364, #123, #680 ) ;
#684 = CARTESIAN_POINT ( 'NONE',  ( -8.168333031583461690, 12.49999999999999822, -2.351241264766884331 ) ) ;
#685 = CIRCLE ( 'NONE', #1255, 8.500000000000000000 ) ;
#686 = CC_DESIGN_DATE_AND_TIME_ASSIGNMENT ( #847, #1126, ( #418 ) ) ;
#687 = CARTESIAN_POINT ( 'NONE',  ( -2.391837674312160100, 20.00000000000000000, 9.274741021795106732 ) ) ;
#688 = CARTESIAN_POINT ( 'NONE',  ( -2.479578640026003367, 12.49999999999999822, -7.078254711998346771 ) ) ;
#689 = EDGE_CURVE ( 'NONE', #955, #242, #1583, .T. ) ;
#690 = CARTESIAN_POINT ( 'NONE',  ( 10.94920408043186733, 20.00000000000000000, -0.5061214344699788148 ) ) ;
#691 = VERTEX_POINT ( 'NONE', #1274 ) ;
#692 = CARTESIAN_POINT ( 'NONE',  ( 8.486098455885111136, 2.999999999999998668, -0.2721653939789140386 ) ) ;
#693 = CARTESIAN_POINT ( 'NONE',  ( 0.1938702170766784250, 3.000000000000001776, 8.500898222533210813 ) ) ;
#694 = ADVANCED_FACE ( 'NONE', ( #41, #1142 ), #358, .T. ) ;
#695 = CARTESIAN_POINT ( 'NONE',  ( -2.505199120947415814, 19.99999999999999645, 8.631833767230091325 ) ) ;
#696 = COORDINATED_UNIVERSAL_TIME_OFFSET ( 0, 0, .AHEAD. ) ;
#697 = B_SPLINE_CURVE_WITH_KNOTS ( 'NONE', 3,
 ( #1269, #579, #609, #176 ),
 .UNSPECIFIED., .F., .F.,
 ( 4, 4 ),
 ( 0.000000000000000000, 0.002000111381613855262 ),
 .UNSPECIFIED. ) ;
#698 = CARTESIAN_POINT ( 'NONE',  ( 7.956571140822916277, 10.49999999999999645, 2.362757623029353216 ) ) ;
#699 = ORIENTED_EDGE ( 'NONE', *, *, #1662, .F. ) ;
#700 = ORIENTED_EDGE ( 'NONE', *, *, #1601, .F. ) ;
#701 = CARTESIAN_POINT ( 'NONE',  ( 7.303575152758419620, 3.000000000000000000, 2.401901857658743644 ) ) ;
#702 = VERTEX_POINT ( 'NONE', #1614 ) ;
#703 = CARTESIAN_POINT ( 'NONE',  ( -8.206292621655219222, 10.50000000000000178, -2.215121081965337524 ) ) ;
#704 = ADVANCED_FACE ( 'NONE', ( #928 ), #208, .F. ) ;
#705 = CARTESIAN_POINT ( 'NONE',  ( -0.2800266439978393862, 3.000000000000000000, -8.484267513503992220 ) ) ;
#706 = DIRECTION ( 'NONE',  ( 0.000000000000000000, 0.000000000000000000, 1.000000000000000000 ) ) ;
#707 = CARTESIAN_POINT ( 'NONE',  ( -8.499937155761923435, 3.000000000000000000, 0.01772617389569484253 ) ) ;
#708 = ORIENTED_EDGE ( 'NONE', *, *, #384, .T. ) ;
#709 = CARTESIAN_POINT ( 'NONE',  ( 1.666791571188224630, 20.00000000000000000, -6.181461781244268927 ) ) ;
#710 = CARTESIAN_POINT ( 'NONE',  ( 2.450027848627345683, 10.49999999999999645, -7.678796502575704785 ) ) ;
#711 = DIRECTION ( 'NONE',  ( 0.000000000000000000, 0.000000000000000000, 1.000000000000000000 ) ) ;
#712 = CARTESIAN_POINT ( 'NONE',  ( -2.607908239904632275, 3.000000000000000000, -6.816856979495911517 ) ) ;
#713 = DIRECTION ( 'NONE',  ( 0.000000000000000000, 1.000000000000000000, 0.000000000000000000 ) ) ;
#714 = VERTEX_POINT ( 'NONE', #1077 ) ;
#715 = CARTESIAN_POINT ( 'NONE',  ( -2.322264347671551654, 14.33333333333333393, -6.005095228086173798 ) ) ;
#716 = CARTESIAN_POINT ( 'NONE',  ( 9.330728857840393076, 8.666666666666666075, 0.1248870740357390652 ) ) ;
#717 = EDGE_LOOP ( 'NONE', ( #891, #766 ) ) ;
#718 = CARTESIAN_POINT ( 'NONE',  ( 8.491711562433536642, 3.000000000000000000, -0.2034047433936138349 ) ) ;
#719 = CARTESIAN_POINT ( 'NONE',  ( 1.656351305972761923, 8.666666666666666075, -4.507342856745959914 ) ) ;
#720 = CARTESIAN_POINT ( 'NONE',  ( -6.512302247651580167, 20.00000000000000000, -2.050090548957322234 ) ) ;
#721 = CARTESIAN_POINT ( 'NONE',  ( -10.89099761060564120, 20.00000000000000000, 0.7305594297772004531 ) ) ;
#722 = ORIENTED_EDGE ( 'NONE', *, *, #881, .T. ) ;
#723 = CARTESIAN_POINT ( 'NONE',  ( 0.3199284716192497546, 8.666666666666666075, -9.315892053974481612 ) ) ;
#724 = CARTESIAN_POINT ( 'NONE',  ( 2.501251064278777303, 10.49999999999999645, -7.176393487119292480 ) ) ;
#725 = CARTESIAN_POINT ( 'NONE',  ( -7.970131128823038758, 10.49999999999999645, -2.332838381908825198 ) ) ;
#726 = CARTESIAN_POINT ( 'NONE',  ( -0.3957399386763373328, 3.000000000000000888, 3.523745438734948721 ) ) ;
#727 = CARTESIAN_POINT ( 'NONE',  ( -2.318538218755731517, 20.00000000000000000, -6.833208428811776258 ) ) ;
#728 = CALENDAR_DATE ( 2026, 7, 9 ) ;
#729 = CARTESIAN_POINT ( 'NONE',  ( -10.28617743515424365, 20.00000000000000000, -2.068335292659162938 ) ) ;
#730 = CARTESIAN_POINT ( 'NONE',  ( -2.381165491461224359, 12.50000000000000000, -8.159659974676804595 ) ) ;
#731 = VERTEX_POINT ( 'NONE', #758 ) ;
#732 = CARTESIAN_POINT ( 'NONE',  ( 0.1213326093195247757, 8.666666666666666075, -9.333389899609032980 ) ) ;
#733 = CARTESIAN_POINT ( 'NONE',  ( -9.296919921808662224, 8.666666666666666075, 0.2553257759111056124 ) ) ;
#734 = ORIENTED_EDGE ( 'NONE', *, *, #876, .F. ) ;
#735 = CARTESIAN_POINT ( 'NONE',  ( -7.315738674230640726, 10.49999999999999645, -2.468003363759621926 ) ) ;
#736 = CARTESIAN_POINT ( 'NONE',  ( 7.509922536463021103, 12.49999999999999289, 2.504698469340299827 ) ) ;
#737 = EDGE_CURVE ( 'NONE', #1500, #784, #1275, .T. ) ;
#738 = VECTOR ( 'NONE', #510, 1000.000000000000000 ) ;
#739 = CARTESIAN_POINT ( 'NONE',  ( -0.8698250963085536469, 3.000000000000000000, -8.347108763123683772 ) ) ;
#740 = AXIS2_PLACEMENT_3D ( 'NONE', #1330, #1758, #348 ) ;
#741 = CALENDAR_DATE ( 2026, 7, 9 ) ;
#742 = AXIS2_PLACEMENT_3D ( 'NONE', #761, #347, #1043 ) ;
#743 = B_SPLINE_CURVE_WITH_KNOTS ( 'NONE', 3,
 ( #1423, #733, #1257, #23 ),
 .UNSPECIFIED., .F., .F.,
 ( 4, 4 ),
 ( 0.000000000000000000, 1.000000000000000000 ),
 .UNSPECIFIED. ) ;
#744 = EDGE_CURVE ( 'NONE', #1164, #197, #1370, .T. ) ;
#745 = CARTESIAN_POINT ( 'NONE',  ( 8.160577716902224665, 12.50000000000000355, 2.378018361240916700 ) ) ;
#746 = CARTESIAN_POINT ( 'NONE',  ( -2.525815174018712916, 12.50000000000000178, -7.473525336525966623 ) ) ;
#747 = CARTESIAN_POINT ( 'NONE',  ( -8.499937155761923435, 3.000000000000000000, 0.01772617389569484253 ) ) ;
#748 = ORIENTED_EDGE ( 'NONE', *, *, #689, .F. ) ;
#749 = CARTESIAN_POINT ( 'NONE',  ( 10.96152603273438508, 20.00000000000000000, -0.4382408998211758111 ) ) ;
#750 = EDGE_CURVE ( 'NONE', #1605, #1793, #450, .T. ) ;
#751 = CARTESIAN_POINT ( 'NONE',  ( 0.000000000000000000, 20.00000000000000000, 8.500000000000000000 ) ) ;
#752 = DIRECTION ( 'NONE',  ( 0.000000000000000000, 1.000000000000000000, 0.000000000000000000 ) ) ;
#753 = SECURITY_CLASSIFICATION_LEVEL ( 'unclassified' ) ;
#754 = DIRECTION ( 'NONE',  ( 0.000000000000000000, 1.000000000000000000, 0.000000000000000000 ) ) ;
#755 = FACE_BOUND ( 'NONE', #1304, .T. ) ;
#756 = CARTESIAN_POINT ( 'NONE',  ( -2.011692152408061318, 3.000000000000000888, 4.491952986458665364 ) ) ;
#757 = CARTESIAN_POINT ( 'NONE',  ( 2.368091015634180341, 2.999999999999993783, 6.827978091165784136 ) ) ;
#758 = CARTESIAN_POINT ( 'NONE',  ( 2.381248832081318767, 12.49999999999999645, -8.159635653612935968 ) ) ;
#759 = FACE_BOUND ( 'NONE', #777, .T. ) ;
#760 = CARTESIAN_POINT ( 'NONE',  ( -0.2911819135289127614, 14.33333333333333393, -10.14963868303295591 ) ) ;
#761 = CARTESIAN_POINT ( 'NONE',  ( 0.000000000000000000, 12.49999999999999822, 0.000000000000000000 ) ) ;
#762 = EDGE_LOOP ( 'NONE', ( #634, #1313, #800, #1480 ) ) ;
#763 = CARTESIAN_POINT ( 'NONE',  ( -1.300025989407497695, 2.999999999999980016, 3.838740289096150171 ) ) ;
#764 = CARTESIAN_POINT ( 'NONE',  ( -4.369746744858002074, 8.666666666666666075, -0.2553257759111057790 ) ) ;
#765 = CARTESIAN_POINT ( 'NONE',  ( -9.362947175929575039, 14.33333333333333393, 2.101747164126487988 ) ) ;
#766 = ORIENTED_EDGE ( 'NONE', *, *, #613, .F. ) ;
#767 = CARTESIAN_POINT ( 'NONE',  ( 10.02494131323692628, 20.00000000000000000, 2.267817167210998797 ) ) ;
#768 = ORIENTED_EDGE ( 'NONE', *, *, #421, .F. ) ;
#769 = CARTESIAN_POINT ( 'NONE',  ( -8.245443682916217654, 14.33333333333333393, 2.644878353068464527 ) ) ;
#770 = CARTESIAN_POINT ( 'NONE',  ( -7.080068775065004871, 10.49999999999999822, -2.474394095601896826 ) ) ;
#771 = CIRCLE ( 'NONE', #1256, 2.500000000000000000 ) ;
#772 = CARTESIAN_POINT ( 'NONE',  ( -2.477011504894253591, 20.00000000000000000, 8.838251392637948456 ) ) ;
#773 = ORIENTED_EDGE ( 'NONE', *, *, #827, .T. ) ;
#774 = CARTESIAN_POINT ( 'NONE',  ( -2.414760715557199955, 10.49999999999999822, -7.855144779179279446 ) ) ;
#775 = CARTESIAN_POINT ( 'NONE',  ( -7.665759890562048540, 8.666666666666666075, 2.576321090991810614 ) ) ;
#776 = CARTESIAN_POINT ( 'NONE',  ( 4.828191731687603294, 3.000000000000000000, 2.603973693402028999 ) ) ;
#777 = EDGE_LOOP ( 'NONE', ( #699, #1273, #1565, #1688 ) ) ;
#778 = CARTESIAN_POINT ( 'NONE',  ( -8.492877935512469278, 3.000000000000000000, 0.2233515431303586540 ) ) ;
#779 = CARTESIAN_POINT ( 'NONE',  ( -8.053897447315170766, 12.49999999999999289, -2.388653600798700705 ) ) ;
#780 = CARTESIAN_POINT ( 'NONE',  ( 0.7474129399139406438, 19.99999999999999645, 10.89446266995089019 ) ) ;
#781 = CARTESIAN_POINT ( 'NONE',  ( -8.495794532857454229, 3.000000000016641799, -0.1879786236628061269 ) ) ;
#782 = CARTESIAN_POINT ( 'NONE',  ( -0.2856042787633760738, 8.666666666666666075, -9.316953098268474065 ) ) ;
#783 = EDGE_CURVE ( 'NONE', #1302, #1667, #1698, .T. ) ;
#784 = VERTEX_POINT ( 'NONE', #542 ) ;
#785 = CARTESIAN_POINT ( 'NONE',  ( 9.330728857840393076, 8.666666666666666075, 0.1248870740357390652 ) ) ;
#786 = ORIENTED_EDGE ( 'NONE', *, *, #884, .T. ) ;
#787 = CARTESIAN_POINT ( 'NONE',  ( -9.362947175929575039, 14.33333333333333393, 2.101747164126487988 ) ) ;
#788 = PLANE ( 'NONE',  #423 ) ;
#789 = DIRECTION ( 'NONE',  ( 0.000000000000000000, 1.000000000000000000, 0.000000000000000000 ) ) ;
#790 = DIRECTION ( 'NONE',  ( 0.000000000000000000, 1.000000000000000000, 0.000000000000000000 ) ) ;
#791 = FACE_BOUND ( 'NONE', #1332, .T. ) ;
#792 = ORIENTED_EDGE ( 'NONE', *, *, #1335, .F. ) ;
#793 = PRODUCT_DEFINITION_FORMATION_WITH_SPECIFIED_SOURCE ( 'ANY', '', #395, .NOT_KNOWN. ) ;
#794 = CARTESIAN_POINT ( 'NONE',  ( 8.502862791732454184, 3.000000000000000000, 0.002039349119520617992 ) ) ;
#795 = VERTEX_POINT ( 'NONE', #1094 ) ;
#796 = CARTESIAN_POINT ( 'NONE',  ( -9.312405607768349469, 8.666666666666666075, 0.05207914643043257130 ) ) ;
#797 = CARTESIAN_POINT ( 'NONE',  ( -0.6832913999662678650, 19.99999999999999645, 10.91279083510810821 ) ) ;
#798 = CARTESIAN_POINT ( 'NONE',  ( 1.127726192839872743, 20.00000000000000711, 10.74060510008391311 ) ) ;
#799 = PLANE ( 'NONE',  #452 ) ;
#800 = ORIENTED_EDGE ( 'NONE', *, *, #1328, .T. ) ;
#801 = AXIS2_PLACEMENT_3D ( 'NONE', #1518, #290, #1252 ) ;
#802 = EDGE_LOOP ( 'NONE', ( #183, #868, #1682, #149 ) ) ;
#803 = CARTESIAN_POINT ( 'NONE',  ( -10.10750533359788150, 14.33333333333333393, 0.4259439782905122263 ) ) ;
#804 = CARTESIAN_POINT ( 'NONE',  ( 2.433298300297062511, 20.00000000000000000, 9.132590304132586212 ) ) ;
#805 = ADVANCED_FACE ( 'NONE', ( #273, #402 ), #617, .T. ) ;
#806 = CARTESIAN_POINT ( 'NONE',  ( -1.781979585724762671, 20.00000000000001066, 6.703242987753134763 ) ) ;
#807 = CARTESIAN_POINT ( 'NONE',  ( 2.451983640195324110, 12.49999999999999645, 7.484339494399141479 ) ) ;
#808 = ORIENTED_EDGE ( 'NONE', *, *, #1662, .T. ) ;
#809 = CARTESIAN_POINT ( 'NONE',  ( -0.6856500234121436499, 8.666666666666666075, -9.240590794025361987 ) ) ;
#810 = ORIENTED_EDGE ( 'NONE', *, *, #967, .T. ) ;
#811 = CARTESIAN_POINT ( 'NONE',  ( 0.000000000000000000, 12.49999999999999822, 0.000000000000000000 ) ) ;
#812 = CARTESIAN_POINT ( 'NONE',  ( -1.962554565529731176, 2.999999999999996003, -7.892219079179345620 ) ) ;
#813 = CARTESIAN_POINT ( 'NONE',  ( -2.346640811341666133, 20.00000000000000711, 7.575668883106899898 ) ) ;
#814 = B_SPLINE_CURVE_WITH_KNOTS ( 'NONE', 3,
 ( #1465, #779, #68, #1327, #1725, #1042 ),
 .UNSPECIFIED., .F., .F.,
 ( 4, 2, 4 ),
 ( 0.0004720779167407959599, 0.0008336675258738340203, 0.001562643767977906157 ),
 .UNSPECIFIED. ) ;
#815 = DIRECTION ( 'NONE',  ( 0.000000000000000000, 1.000000000000000000, 0.000000000000000000 ) ) ;
#816 = CARTESIAN_POINT ( 'NONE',  ( 2.445309542942275982, 10.49999999999999822, 7.303697064275700868 ) ) ;
#817 = CARTESIAN_POINT ( 'NONE',  ( 2.011692152408063095, 3.000000000000001332, 7.508047013541333747 ) ) ;
#818 = CARTESIAN_POINT ( 'NONE',  ( 0.000000000000000000, 12.49999999999999822, 0.000000000000000000 ) ) ;
#819 = FACE_OUTER_BOUND ( 'NONE', #977, .T. ) ;
#820 = CARTESIAN_POINT ( 'NONE',  ( 10.78672973061357432, 20.00000000000000355, -1.018028675052013332 ) ) ;
#821 = EDGE_LOOP ( 'NONE', ( #1607, #626, #53 ) ) ;
#822 = CARTESIAN_POINT ( 'NONE',  ( -0.8803553127851934113, 14.33333333333333393, -10.00983259157145788 ) ) ;
#823 = CIRCLE ( 'NONE', #886, 2.500000000000002220 ) ;
#824 = AXIS2_PLACEMENT_3D ( 'NONE', #1053, #752, #1765 ) ;
#825 = ORIENTED_EDGE ( 'NONE', *, *, #1248, .F. ) ;
#826 = FACE_OUTER_BOUND ( 'NONE', #1376, .T. ) ;
#827 = EDGE_CURVE ( 'NONE', #1793, #1605, #823, .T. ) ;
#828 = CARTESIAN_POINT ( 'NONE',  ( 2.511984568977160048, 20.00000000000000355, 8.605093464743339027 ) ) ;
#829 = CARTESIAN_POINT ( 'NONE',  ( -0.2856042787633760738, 8.666666666666666075, -9.316953098268474065 ) ) ;
#830 = DIRECTION ( 'NONE',  ( 0.000000000000000000, 0.000000000000000000, 1.000000000000000000 ) ) ;
#831 = ORIENTED_EDGE ( 'NONE', *, *, #656, .F. ) ;
#832 = EDGE_CURVE ( 'NONE', #1101, #529, #1533, .T. ) ;
#833 = CARTESIAN_POINT ( 'NONE',  ( -0.3485818704661987066, 3.000000000000000000, -8.476539968103953271 ) ) ;
#834 = CARTESIAN_POINT ( 'NONE',  ( 3.620550568534953939, 3.000000000000000000, 1.578617755099622100 ) ) ;
#835 = ORIENTED_EDGE ( 'NONE', *, *, #1335, .T. ) ;
#836 = DIRECTION ( 'NONE',  ( 0.000000000000000000, 1.000000000000000000, 0.000000000000000000 ) ) ;
#837 = CARTESIAN_POINT ( 'NONE',  ( -0.2911819135289127614, 14.33333333333333393, -10.14963868303295591 ) ) ;
#838 = CARTESIAN_POINT ( 'NONE',  ( 2.248269141982701225, 10.49999999999999822, -8.197273074944407156 ) ) ;
#839 = EDGE_LOOP ( 'NONE', ( #1019, #512, #1630, #748 ) ) ;
#840 = VERTEX_POINT ( 'NONE', #31 ) ;
#841 = CARTESIAN_POINT ( 'NONE',  ( 1.481806997151153160, 14.33333333333333393, -9.954960027102375264 ) ) ;
#842 = CARTESIAN_POINT ( 'NONE',  ( 8.502862791732454184, 3.000000000000000000, 0.002039349119520617992 ) ) ;
#843 = ORIENTED_EDGE ( 'NONE', *, *, #1656, .F. ) ;
#844 = PLANE ( 'NONE',  #1002 ) ;
#845 = CARTESIAN_POINT ( 'NONE',  ( -0.1938702170766781474, 3.000000000000000444, 3.499101777466789187 ) ) ;
#846 = CARTESIAN_POINT ( 'NONE',  ( -1.966789706461576692, 8.666666666666666075, -8.721130126099186697 ) ) ;
#847 = DATE_AND_TIME ( #741, #937 ) ;
#848 = DIRECTION ( 'NONE',  ( 0.000000000000000000, 1.000000000000000000, 0.000000000000000000 ) ) ;
#849 = CARTESIAN_POINT ( 'NONE',  ( 0.3087749136406885420, 20.00000000000000000, -10.98398335276353599 ) ) ;
#850 = CARTESIAN_POINT ( 'NONE',  ( 8.470647629854351379, 3.000000000000000000, 0.4017655201672297727 ) ) ;
#851 = ORIENTED_EDGE ( 'NONE', *, *, #1711, .F. ) ;
#852 = CARTESIAN_POINT ( 'NONE',  ( 2.434868605837136712, 12.49999999999999822, 7.093758867646172916 ) ) ;
#853 = AXIS2_PLACEMENT_3D ( 'NONE', #1553, #713, #1439 ) ;
#854 = AXIS2_PLACEMENT_3D ( 'NONE', #1496, #836, #409 ) ;
#855 = CARTESIAN_POINT ( 'NONE',  ( -0.3597013897814914651, 14.33333333333333393, -10.14160329959821993 ) ) ;
#856 = PERSON_AND_ORGANIZATION ( #1232, #653 ) ;
#857 = CARTESIAN_POINT ( 'NONE',  ( -3.509846185679615704, 3.000000000000000000, -1.397479014025163835 ) ) ;
#858 = CARTESIAN_POINT ( 'NONE',  ( 5.195231784979983836, 14.33333333333333393, 0.3599349872771050451 ) ) ;
#859 = ORIENTED_EDGE ( 'NONE', *, *, #1197, .T. ) ;
#860 = CARTESIAN_POINT ( 'NONE',  ( 2.638818421504791623, 3.000000000000000000, -4.908922114630646760 ) ) ;
#861 = CARTESIAN_POINT ( 'NONE',  ( 10.99183208214579466, 20.00000000000000000, -0.2347321613511638427 ) ) ;
#862 = VERTEX_POINT ( 'NONE', #39 ) ;
#863 = CARTESIAN_POINT ( 'NONE',  ( 8.470647629854351379, 2.999999999999998668, 0.4017655201672297727 ) ) ;
#864 = CARTESIAN_POINT ( 'NONE',  ( 1.666791571188224630, 20.00000000000000000, -6.181461781244268927 ) ) ;
#865 = APPROVAL_STATUS ( 'not_yet_approved' ) ;
#866 = CARTESIAN_POINT ( 'NONE',  ( -10.12901668268164279, 14.33333333333333393, 0.2921369165243762889 ) ) ;
#867 = FACE_OUTER_BOUND ( 'NONE', #280, .T. ) ;
#868 = ORIENTED_EDGE ( 'NONE', *, *, #613, .T. ) ;
#869 = CARTESIAN_POINT ( 'NONE',  ( 8.160606054711809776, 12.49999999999999822, -2.377921113045413204 ) ) ;
#870 = CARTESIAN_POINT ( 'NONE',  ( 10.97338900219464897, 20.00000000000000000, -0.3702787839677192383 ) ) ;
#871 = ORIENTED_EDGE ( 'NONE', *, *, #234, .T. ) ;
#872 = CC_DESIGN_PERSON_AND_ORGANIZATION_ASSIGNMENT ( #470, #1410, ( #1426 ) ) ;
#873 = CARTESIAN_POINT ( 'NONE',  ( 10.94920408043186733, 20.00000000000000000, -0.5061214344699788148 ) ) ;
#874 = CARTESIAN_POINT ( 'NONE',  ( -0.1318337672300962382, 20.00000000000000711, 5.994800879052584186 ) ) ;
#875 = DIRECTION ( 'NONE',  ( 0.000000000000000000, 1.000000000000000000, 0.000000000000000000 ) ) ;
#876 = EDGE_CURVE ( 'NONE', #529, #784, #416, .T. ) ;
#877 = CC_DESIGN_APPROVAL ( #1239, ( #418 ) ) ;
#878 = DIRECTION ( 'NONE',  ( 0.000000000000000000, 0.000000000000000000, 1.000000000000000000 ) ) ;
#879 = PLANE ( 'NONE',  #1763 ) ;
#880 = CARTESIAN_POINT ( 'NONE',  ( 0.000000000000000000, 20.00000000000000000, -8.500000000000000000 ) ) ;
#881 = EDGE_CURVE ( 'NONE', #1537, #1356, #1046, .T. ) ;
#882 = CARTESIAN_POINT ( 'NONE',  ( -9.907126923914386651, 14.33333333333333748, 1.063022278715477276 ) ) ;
#883 = CARTESIAN_POINT ( 'NONE',  ( 2.452225347229688435, 12.50000000000000000, 7.232816789679987757 ) ) ;
#884 = EDGE_CURVE ( 'NONE', #1242, #1793, #483, .T. ) ;
#885 = CARTESIAN_POINT ( 'NONE',  ( -8.168333031583461690, 12.49999999999999822, -2.351241264766884331 ) ) ;
#886 = AXIS2_PLACEMENT_3D ( 'NONE', #880, #1121, #160 ) ;
#887 = CARTESIAN_POINT ( 'NONE',  ( -0.2282579471497609980, 20.00000000000000000, -10.99051357024952402 ) ) ;
#888 = COORDINATED_UNIVERSAL_TIME_OFFSET ( 0, 0, .AHEAD. ) ;
#889 = CIRCLE ( 'NONE', #276, 10.00000000000000000 ) ;
#890 = CARTESIAN_POINT ( 'NONE',  ( 6.038473955671417315, 20.00000000000000000, 0.4382408346983434622 ) ) ;
#891 = ORIENTED_EDGE ( 'NONE', *, *, #1156, .F. ) ;
#892 = CARTESIAN_POINT ( 'NONE',  ( -1.820879154206497708, 2.999999999999981348, 4.254860974911347071 ) ) ;
#893 = EDGE_CURVE ( 'NONE', #982, #145, #132, .T. ) ;
#894 = CARTESIAN_POINT ( 'NONE',  ( 8.500000000000000000, 20.00000000000000000, 0.000000000000000000 ) ) ;
#895 = CARTESIAN_POINT ( 'NONE',  ( 0.000000000000000000, 3.000000000000000000, 8.500000000000000000 ) ) ;
#896 = ORIENTED_EDGE ( 'NONE', *, *, #881, .F. ) ;
#897 = CARTESIAN_POINT ( 'NONE',  ( -8.499999999999998224, 20.00000000000000000, 0.000000000000000000 ) ) ;
#898 = CARTESIAN_POINT ( 'NONE',  ( -0.2856042787633760738, 8.666666666666666075, -9.316953098268474065 ) ) ;
#899 = CARTESIAN_POINT ( 'NONE',  ( -1.235003285288308161, 19.99999999999999289, 10.70874486763981359 ) ) ;
#900 = DIRECTION ( 'NONE',  ( 0.000000000000000000, 1.000000000000000000, 0.000000000000000000 ) ) ;
#901 = DIRECTION ( 'NONE',  ( 0.000000000000000000, -0.000000000000000000, 1.000000000000000000 ) ) ;
#902 = CARTESIAN_POINT ( 'NONE',  ( -9.166284691469748225, 8.666666666666667851, 0.8408427260323007024 ) ) ;
#903 = CARTESIAN_POINT ( 'NONE',  ( 8.497324668981960372, 3.000000000000000000, -0.1346440928083136035 ) ) ;
#904 = CARTESIAN_POINT ( 'NONE',  ( -10.87072606882445314, 20.00000000000000000, 0.7965032583926966447 ) ) ;
#905 = CARTESIAN_POINT ( 'NONE',  ( -8.499447988692168110, 3.000000000016641799, 0.08671381590286286745 ) ) ;
#906 = CARTESIAN_POINT ( 'NONE',  ( -1.544417299393044507, 20.00000000000000000, 10.49396246615793338 ) ) ;
#907 = DIRECTION ( 'NONE',  ( 0.000000000000000000, 1.000000000000000000, 0.000000000000000000 ) ) ;
#908 = CARTESIAN_POINT ( 'NONE',  ( -2.499951125128734741, 10.49999999999999822, -7.071085091551902124 ) ) ;
#909 = APPROVAL_PERSON_ORGANIZATION ( #1369, #1239, #1231 ) ;
#910 = CARTESIAN_POINT ( 'NONE',  ( -2.448370329376801102, 11.41721361510800214, 7.089110150803648480 ) ) ;
#911 = CARTESIAN_POINT ( 'NONE',  ( -0.07502329363892740188, 2.999999999999994671, -8.501738958923406031 ) ) ;
#912 = CARTESIAN_POINT ( 'NONE',  ( 7.579773604196252457, 20.00000000000000000, 2.703145758941081223 ) ) ;
#913 = PRODUCT_DEFINITION_SHAPE ( 'NONE', 'NONE',  #418 ) ;
#914 = EDGE_LOOP ( 'NONE', ( #178, #1686 ) ) ;
#915 = CARTESIAN_POINT ( 'NONE',  ( -5.728968692819660369, 8.666666666666666075, -2.604504716620930971 ) ) ;
#916 = CARTESIAN_POINT ( 'NONE',  ( -8.466897737234900134, 3.000000000016641799, 0.4236545785182987967 ) ) ;
#917 = ADVANCED_FACE ( 'NONE', ( #1477 ), #474, .T. ) ;
#918 = AXIS2_PLACEMENT_3D ( 'NONE', #1340, #106, #1771 ) ;
#919 = CARTESIAN_POINT ( 'NONE',  ( -2.391837674312160100, 20.00000000000000000, 9.274741021795106732 ) ) ;
#920 = ORIENTED_EDGE ( 'NONE', *, *, #509, .F. ) ;
#921 = CARTESIAN_POINT ( 'NONE',  ( 0.2163820349478386418, 2.999999999999980460, 3.500948900984421908 ) ) ;
#922 = CARTESIAN_POINT ( 'NONE',  ( 8.722146523140882124, 8.666666666666666075, -1.962061615623724942 ) ) ;
#923 = ORIENTED_EDGE ( 'NONE', *, *, #1070, .T. ) ;
#924 = CARTESIAN_POINT ( 'NONE',  ( -7.665759890562048540, 8.666666666666666075, 2.576321090991810614 ) ) ;
#925 = FACE_OUTER_BOUND ( 'NONE', #514, .T. ) ;
#926 = FACE_OUTER_BOUND ( 'NONE', #85, .T. ) ;
#927 = CARTESIAN_POINT ( 'NONE',  ( 8.183141642730204168, 11.16590479837855021, 2.299882847665743135 ) ) ;
#928 = FACE_OUTER_BOUND ( 'NONE', #300, .T. ) ;
#929 = APPROVAL ( #1551, 'UNSPECIFIED' ) ;
#930 = ORIENTED_EDGE ( 'NONE', *, *, #105, .F. ) ;
#931 = CARTESIAN_POINT ( 'NONE',  ( -8.495794532855054371, 3.000000000000000000, -0.1879786236635111185 ) ) ;
#932 = CARTESIAN_POINT ( 'NONE',  ( -8.492877935514753673, 3.000000000016641799, 0.2233515431310461041 ) ) ;
#933 = EDGE_CURVE ( 'NONE', #1356, #251, #1110, .T. ) ;
#934 = CARTESIAN_POINT ( 'NONE',  ( -0.4857023660876988447, 20.00000000000000355, 10.96092884743057105 ) ) ;
#935 = CARTESIAN_POINT ( 'NONE',  ( 2.326833065136611811, 12.50000000000000000, 8.175319436375211524 ) ) ;
#936 = B_SPLINE_CURVE_WITH_KNOTS ( 'NONE', 1,
 ( #462, #158 ),
 .UNSPECIFIED., .F., .F.,
 ( 2, 2 ),
 ( 0.5588235294117644969, 1.000000000000000000 ),
 .UNSPECIFIED. ) ;
#937 = LOCAL_TIME ( 18, 35, 18.00000000000000000, #1529 ) ;
#938 = CARTESIAN_POINT ( 'NONE',  ( 0.000000000000000000, 12.49999999999999822, 0.000000000000000000 ) ) ;
#939 = EDGE_CURVE ( 'NONE', #495, #1502, #127, .T. ) ;
#940 = CARTESIAN_POINT ( 'NONE',  ( -10.04841138199808626, 14.33333333333333393, -1.273577959533621851 ) ) ;
#941 = CARTESIAN_POINT ( 'NONE',  ( 2.368091015633945862, 2.999999999999999556, 6.827978091166406749 ) ) ;
#942 = CARTESIAN_POINT ( 'NONE',  ( -1.305174583201437866, 20.00000000000000355, 6.358746615037239813 ) ) ;
#943 = CARTESIAN_POINT ( 'NONE',  ( 2.328593846872900830, 12.49999999999999822, 8.170040126376919787 ) ) ;
#944 = CARTESIAN_POINT ( 'NONE',  ( 9.148541094799229612, 20.00000000000000000, -2.654775915415517051 ) ) ;
#945 = ORIENTED_EDGE ( 'NONE', *, *, #750, .F. ) ;
#946 = CARTESIAN_POINT ( 'NONE',  ( 0.000000000000000000, 3.000000000000000000, 0.000000000000000000 ) ) ;
#947 = EDGE_LOOP ( 'NONE', ( #1049, #1161, #159, #574, #1557, #169, #119, #825, #831, #1646, #363 ) ) ;
#948 = CARTESIAN_POINT ( 'NONE',  ( 0.3957399386763383320, 3.000000000000001332, 8.476254561265056608 ) ) ;
#949 = CARTESIAN_POINT ( 'NONE',  ( -2.434837742158405316, 12.50000000000000000, 7.093769461249847197 ) ) ;
#950 = PERSON_AND_ORGANIZATION ( #1232, #653 ) ;
#951 = CARTESIAN_POINT ( 'NONE',  ( 0.000000000000000000, 12.49999999999999822, 0.000000000000000000 ) ) ;
#952 = EDGE_LOOP ( 'NONE', ( #1182, #1071, #1772, #142 ) ) ;
#953 = CARTESIAN_POINT ( 'NONE',  ( -2.442637919787809420, 12.49999999999999645, 7.746134891289849556 ) ) ;
#954 = CARTESIAN_POINT ( 'NONE',  ( -2.325990476587371347, 8.666666666666666075, -5.176982027360571337 ) ) ;
#955 = VERTEX_POINT ( 'NONE', #204 ) ;
#956 = CARTESIAN_POINT ( 'NONE',  ( -2.247534455622988148, 10.49999999999999467, -8.197474542246988349 ) ) ;
#957 = CARTESIAN_POINT ( 'NONE',  ( -1.980319008053929020, 3.000000000000000444, 7.575475684146973698 ) ) ;
#958 = CARTESIAN_POINT ( 'NONE',  ( 1.022951645117455177, 3.000000000000001776, 3.709662140143813680 ) ) ;
#959 = CARTESIAN_POINT ( 'NONE',  ( 2.444710250956180886, 12.49999999999999467, 7.688671464415416601 ) ) ;
#960 = VERTEX_POINT ( 'NONE', #232 ) ;
#961 = ADVANCED_FACE ( 'NONE', ( #482, #1450, #1179, #80, #755 ), #367, .T. ) ;
#962 = ORIENTED_EDGE ( 'NONE', *, *, #237, .F. ) ;
#963 = CARTESIAN_POINT ( 'NONE',  ( 2.262008825604193696, 10.49999999999999822, 8.056807007311206803 ) ) ;
#964 = CARTESIAN_POINT ( 'NONE',  ( -2.420281678243346501, 3.000000000000000888, 5.373712048687204756 ) ) ;
#965 = EDGE_CURVE ( 'NONE', #197, #203, #1056, .T. ) ;
#966 = CARTESIAN_POINT ( 'NONE',  ( -2.284527417083995537, 3.000000000000002220, 4.950216407204487190 ) ) ;
#967 = EDGE_CURVE ( 'NONE', #1454, #1403, #1624, .T. ) ;
#968 = CARTESIAN_POINT ( 'NONE',  ( 7.072023147022916234, 10.49999999999999822, 2.497296259551931907 ) ) ;
#969 = CLOSED_SHELL ( 'NONE', ( #7, #1147, #1512, #1566, #1009, #694, #805, #1753, #372, #961, #1523, #1307, #241, #1445, #194, #1575, #1569, #6, #102, #459, #917, #1017, #1476, #1281, #704, #1471, #135, #185, #60, #46, #1520, #619 ) ) ;
#970 = APPROVAL ( #865, 'UNSPECIFIED' ) ;
#971 = AXIS2_PLACEMENT_3D ( 'NONE', #130, #1238, #1498 ) ;
#972 = ORIENTED_EDGE ( 'NONE', *, *, #1610, .T. ) ;
#973 = CARTESIAN_POINT ( 'NONE',  ( 2.187764188215860717, 10.49999999999999822, 8.213628178628505694 ) ) ;
#974 = CARTESIAN_POINT ( 'NONE',  ( 1.382606748254846973, 3.000000000000002220, 3.907041290369234865 ) ) ;
#975 = CARTESIAN_POINT ( 'NONE',  ( 0.6832913999662677540, 20.00000000000000355, 6.087209164891897117 ) ) ;
#976 = DIRECTION ( 'NONE',  ( 0.000000000000000000, 1.000000000000000000, 0.000000000000000000 ) ) ;
#977 = EDGE_LOOP ( 'NONE', ( #995, #859 ) ) ;
#978 = CARTESIAN_POINT ( 'NONE',  ( 7.951747868905015615, 2.999999999999998668, -1.903363791427338025 ) ) ;
#979 = ORIENTED_EDGE ( 'NONE', *, *, #126, .F. ) ;
#980 = CARTESIAN_POINT ( 'NONE',  ( 1.486942900101679399, 8.666666666666666075, -9.118292696660713403 ) ) ;
#981 = CARTESIAN_POINT ( 'NONE',  ( 10.02494131323692628, 20.00000000000000000, 2.267817167210998797 ) ) ;
#982 = VERTEX_POINT ( 'NONE', #642 ) ;
#983 = B_SPLINE_CURVE_WITH_KNOTS ( 'NONE', 3,
 ( #1184, #477, #1200, #1746 ),
 .UNSPECIFIED., .F., .F.,
 ( 4, 4 ),
 ( 0.000000000000000000, 0.001082875064735842842 ),
 .UNSPECIFIED. ) ;
#984 = CARTESIAN_POINT ( 'NONE',  ( -0.6910551349062297177, 14.33333333333333393, -10.07237804527845881 ) ) ;
#985 = APPROVAL_STATUS ( 'not_yet_approved' ) ;
#986 = FACE_OUTER_BOUND ( 'NONE', #76, .T. ) ;
#987 = CARTESIAN_POINT ( 'NONE',  ( 0.000000000000000000, 12.49999999999999822, 0.000000000000000000 ) ) ;
#988 = ORIENTED_EDGE ( 'NONE', *, *, #737, .F. ) ;
#989 = CARTESIAN_POINT ( 'NONE',  ( -0.2114714175294800380, 3.000000000000000000, -8.491995058904032945 ) ) ;
#990 = CARTESIAN_POINT ( 'NONE',  ( 8.234603402794075322, 3.000000000000000000, 1.561621304450298009 ) ) ;
#991 = CARTESIAN_POINT ( 'NONE',  ( 2.381248832081318767, 12.49999999999999645, -8.159635653612935968 ) ) ;
#992 = CARTESIAN_POINT ( 'NONE',  ( -0.2114714175294800380, 3.000000000000000000, -8.491995058904032945 ) ) ;
#993 = SHAPE_DEFINITION_REPRESENTATION ( #913, #177 ) ;
#994 = CARTESIAN_POINT ( 'NONE',  ( -0.2800266439978393862, 3.000000000000000000, -8.484267513503992220 ) ) ;
#995 = ORIENTED_EDGE ( 'NONE', *, *, #250, .T. ) ;
#996 = CARTESIAN_POINT ( 'NONE',  ( 7.072045550287444193, 10.49999999999999822, -2.497232815469603295 ) ) ;
#997 = CARTESIAN_POINT ( 'NONE',  ( 5.393885307054699041, 14.33333333333333393, 1.723956994527505948 ) ) ;
#998 = ORIENTED_EDGE ( 'NONE', *, *, #965, .F. ) ;
#999 = CARTESIAN_POINT ( 'NONE',  ( 9.314906555393443810, 8.666666666666666075, -0.2816698653353589266 ) ) ;
#1000 = CIRCLE ( 'NONE', #253, 2.500000000000001332 ) ;
#1001 = CARTESIAN_POINT ( 'NONE',  ( 0.8279780911664085252, 3.000000000000000444, 3.631908984366054138 ) ) ;
#1002 = AXIS2_PLACEMENT_3D ( 'NONE', #1651, #1397, #554 ) ;
#1003 = CARTESIAN_POINT ( 'NONE',  ( -1.085142748446009664, 8.666666666666666075, -4.192084280050423217 ) ) ;
#1004 = CARTESIAN_POINT ( 'NONE',  ( -9.308679330880718084, 8.666666666666666075, -0.1479912182882914817 ) ) ;
#1005 = CARTESIAN_POINT ( 'NONE',  ( -7.080085038159853461, 10.50000000000027889, 2.474347560952557146 ) ) ;
#1006 = EDGE_CURVE ( 'NONE', #271, #495, #543, .T. ) ;
#1007 = CARTESIAN_POINT ( 'NONE',  ( -2.479578640026003367, 12.49999999999999822, -7.078254711998346771 ) ) ;
#1008 = CARTESIAN_POINT ( 'NONE',  ( 10.16676119011474810, 14.33333333333333393, 0.04591906917622987777 ) ) ;
#1009 = ADVANCED_FACE ( 'NONE', ( #791, #1339 ), #487, .T. ) ;
#1010 = CARTESIAN_POINT ( 'NONE',  ( 8.486098455885111136, 3.000000000000000000, -0.2721653939789140386 ) ) ;
#1011 = CARTESIAN_POINT ( 'NONE',  ( -0.2170669274029069784, 8.666666666666666075, -9.324834562685861528 ) ) ;
#1012 = PERSON_AND_ORGANIZATION_ROLE ( 'creator' ) ;
#1013 = ORIENTED_EDGE ( 'NONE', *, *, #655, .F. ) ;
#1014 = CARTESIAN_POINT ( 'NONE',  ( 4.351760111273223153, 8.666666666666666075, 0.2816698653353595927 ) ) ;
#1015 = EDGE_LOOP ( 'NONE', ( #610, #320, #24, #1468 ) ) ;
#1016 = CARTESIAN_POINT ( 'NONE',  ( -0.08626014871568928044, 14.33333333333333393, -10.16803075376129151 ) ) ;
#1017 = ADVANCED_FACE ( 'NONE', ( #1548 ), #601, .F. ) ;
#1018 = CARTESIAN_POINT ( 'NONE',  ( 9.312956462803070323, 8.666666666666666075, 0.3232599991540940909 ) ) ;
#1019 = ORIENTED_EDGE ( 'NONE', *, *, #1156, .T. ) ;
#1020 = FACE_OUTER_BOUND ( 'NONE', #1108, .T. ) ;
#1021 = CARTESIAN_POINT ( 'NONE',  ( -2.499951125128734741, 10.49999999999999822, -7.071085091551902124 ) ) ;
#1022 = CARTESIAN_POINT ( 'NONE',  ( 0.1269481885562260826, 3.000000000000000000, -8.499790352266552773 ) ) ;
#1023 = DATE_TIME_ROLE ( 'classification_date' ) ;
#1024 = CARTESIAN_POINT ( 'NONE',  ( -9.296919921808662224, 8.666666666666666075, 0.2553257759111056124 ) ) ;
#1025 = CARTESIAN_POINT ( 'NONE',  ( 0.000000000000000000, 10.49999999999999822, 0.000000000000000000 ) ) ;
#1026 = CARTESIAN_POINT ( 'NONE',  ( -8.472657360620548417, 3.000000000016641799, -0.3886299330253086270 ) ) ;
#1027 = CARTESIAN_POINT ( 'NONE',  ( 1.980319008053931240, 2.999999999999981348, 4.424524315853022749 ) ) ;
#1028 = CARTESIAN_POINT ( 'NONE',  ( -9.296919921808662224, 8.666666666666666075, 0.2553257759111056124 ) ) ;
#1029 = ORIENTED_EDGE ( 'NONE', *, *, #566, .T. ) ;
#1030 = CARTESIAN_POINT ( 'NONE',  ( 10.04981040411039039, 14.33333333333333393, -0.7571044272568016043 ) ) ;
#1031 = CARTESIAN_POINT ( 'NONE',  ( 7.183466048015541894, 10.49999999999999645, 2.498562220538414369 ) ) ;
#1032 = CARTESIAN_POINT ( 'NONE',  ( -8.499999999999998224, 20.00000000000000000, 0.000000000000000000 ) ) ;
#1033 = AXIS2_PLACEMENT_3D ( 'NONE', #751, #1305, #476 ) ;
#1034 = CARTESIAN_POINT ( 'NONE',  ( 2.433298300297062511, 20.00000000000000000, 9.132590304132586212 ) ) ;
#1035 = CARTESIAN_POINT ( 'NONE',  ( -8.499937155761923435, 3.000000000000000000, 0.01772617389569484253 ) ) ;
#1036 = CARTESIAN_POINT ( 'NONE',  ( 0.000000000000000000, 3.000000000000000000, 0.000000000000000000 ) ) ;
#1037 = CARTESIAN_POINT ( 'NONE',  ( -2.505199120947415814, 19.99999999999999645, 8.631833767230091325 ) ) ;
#1038 = DIRECTION ( 'NONE',  ( 0.000000000000000000, 0.000000000000000000, 1.000000000000000000 ) ) ;
#1039 = CARTESIAN_POINT ( 'NONE',  ( 5.796854241058919222, 20.00000000000000000, -0.9202263958037479874 ) ) ;
#1040 = ORIENTED_EDGE ( 'NONE', *, *, #322, .F. ) ;
#1041 = CARTESIAN_POINT ( 'NONE',  ( -10.74335965403067661, 20.00000000000000000, 1.110137428668180659 ) ) ;
#1042 = CARTESIAN_POINT ( 'NONE',  ( -7.086754027465046235, 12.50000000000000000, -2.455181735474574189 ) ) ;
#1043 = DIRECTION ( 'NONE',  ( 0.000000000000000000, 0.000000000000000000, -1.000000000000000000 ) ) ;
#1044 = CARTESIAN_POINT ( 'NONE',  ( 0.000000000000000000, 12.49999999999999822, 0.000000000000000000 ) ) ;
#1045 = CARTESIAN_POINT ( 'NONE',  ( -0.9675673266922910631, 2.999999999999980904, 3.661709925326706472 ) ) ;
#1046 = B_SPLINE_CURVE_WITH_KNOTS ( 'NONE', 3,
 ( #1007, #1422, #179, #746, #611, #1291 ),
 .UNSPECIFIED., .F., .F.,
 ( 4, 2, 4 ),
 ( 0.008748210571161893143, 0.008776736998839674425, 0.009838522674810144114 ),
 .UNSPECIFIED. ) ;
#1047 = CARTESIAN_POINT ( 'NONE',  ( -3.500062844238074788, 3.000000000000000000, -0.01772617389569485294 ) ) ;
#1048 = CARTESIAN_POINT ( 'NONE',  ( -8.825127475270386768, 20.00000000000000000, 2.713435615145117996 ) ) ;
#1049 = ORIENTED_EDGE ( 'NONE', *, *, #556, .F. ) ;
#1050 = CARTESIAN_POINT ( 'NONE',  ( 10.16217565200801509, 14.33333333333333393, -0.1558083245276023765 ) ) ;
#1051 = ORIENTED_EDGE ( 'NONE', *, *, #517, .T. ) ;
#1052 = CARTESIAN_POINT ( 'NONE',  ( -4.967377730628268928, 14.33333333333333393, 0.8467026147935696745 ) ) ;
#1053 = CARTESIAN_POINT ( 'NONE',  ( 0.000000000000000000, 12.49999999999999822, 0.000000000000000000 ) ) ;
#1054 = PLANE ( 'NONE',  #1666 ) ;
#1055 = CYLINDRICAL_SURFACE ( 'NONE', #1063, 8.500000000000000000 ) ;
#1056 = LINE ( 'NONE', #214, #738 ) ;
#1057 = CARTESIAN_POINT ( 'NONE',  ( -5.218317140997449144, 8.666666666666666075, 2.322668460329728735 ) ) ;
#1058 = CARTESIAN_POINT ( 'NONE',  ( 10.99183208214579466, 20.00000000000000000, -0.2347321613511638427 ) ) ;
#1059 = VERTEX_POINT ( 'NONE', #40 ) ;
#1060 = CARTESIAN_POINT ( 'NONE',  ( -10.00054049302997150, 20.00000000000000000, 2.276069351990244627 ) ) ;
#1061 = CARTESIAN_POINT ( 'NONE',  ( -2.363585991807898967, 10.49999999999999822, 7.790941246528809039 ) ) ;
#1062 = CIRCLE ( 'NONE', #1578, 10.00000000000000000 ) ;
#1063 = AXIS2_PLACEMENT_3D ( 'NONE', #1044, #473, #650 ) ;
#1064 = CARTESIAN_POINT ( 'NONE',  ( 1.820879154206496819, 3.000000000000001332, 7.745139025088642271 ) ) ;
#1065 = CIRCLE ( 'NONE', #1436, 2.500000000000000000 ) ;
#1066 = PLANE ( 'NONE',  #740 ) ;
#1067 = CARTESIAN_POINT ( 'NONE',  ( 2.185179627262920476, 2.999999999999982236, 4.740594938986580686 ) ) ;
#1068 = EDGE_CURVE ( 'NONE', #303, #1679, #1720, .T. ) ;
#1069 = CARTESIAN_POINT ( 'NONE',  ( 10.13810154835334920, 14.33333333333333393, -0.3599349872771040459 ) ) ;
#1070 = EDGE_CURVE ( 'NONE', #1106, #1265, #743, .T. ) ;
#1071 = ORIENTED_EDGE ( 'NONE', *, *, #1276, .T. ) ;
#1072 = CARTESIAN_POINT ( 'NONE',  ( -8.087760541728782115, 3.000000000000000000, 1.753102788398975154 ) ) ;
#1073 = CARTESIAN_POINT ( 'NONE',  ( 7.079023453571978486, 12.50000000000000000, 2.477383083775666961 ) ) ;
#1074 = CARTESIAN_POINT ( 'NONE',  ( 2.450966615503582524, 10.49999999999999822, 7.234791022861317700 ) ) ;
#1075 = EDGE_CURVE ( 'NONE', #227, #1242, #1387, .T. ) ;
#1076 = ORIENTED_EDGE ( 'NONE', *, *, #560, .T. ) ;
#1077 = CARTESIAN_POINT ( 'NONE',  ( -2.453585115004287776, 10.49999999999999822, 7.087306969747351637 ) ) ;
#1078 = ORIENTED_EDGE ( 'NONE', *, *, #518, .T. ) ;
#1079 = CARTESIAN_POINT ( 'NONE',  ( -8.825127475270386768, 20.00000000000000000, 2.713435615145117996 ) ) ;
#1080 = CARTESIAN_POINT ( 'NONE',  ( 2.022479267654681223, 20.00000000000000355, 10.00688046075928384 ) ) ;
#1081 = CARTESIAN_POINT ( 'NONE',  ( -2.011692152408061318, 3.000000000000000888, 4.491952986458665364 ) ) ;
#1082 = EDGE_CURVE ( 'NONE', #561, #242, #156, .T. ) ;
#1083 = ORIENTED_EDGE ( 'NONE', *, *, #1656, .T. ) ;
#1084 = CARTESIAN_POINT ( 'NONE',  ( 0.000000000000000000, 3.000000000000000000, -10.00000000000000000 ) ) ;
#1085 = CARTESIAN_POINT ( 'NONE',  ( -2.438816599501790527, 3.000000000000001332, 6.642872230778122500 ) ) ;
#1086 = CARTESIAN_POINT ( 'NONE',  ( 2.506984897390300393, 3.000000000000001776, 6.190099540683475787 ) ) ;
#1087 = EDGE_LOOP ( 'NONE', ( #3, #1787, #700, #289 ) ) ;
#1088 = CIRCLE ( 'NONE', #1701, 2.500000000000002220 ) ;
#1089 = CARTESIAN_POINT ( 'NONE',  ( -2.329716605503191929, 3.000000000000000000, -4.348868826634969764 ) ) ;
#1090 = B_SPLINE_CURVE_WITH_KNOTS ( 'NONE', 1,
 ( #333, #1188 ),
 .UNSPECIFIED., .F., .F.,
 ( 2, 2 ),
 ( 0.5588235294117644969, 1.000000000000000000 ),
 .UNSPECIFIED. ) ;
#1091 = CARTESIAN_POINT ( 'NONE',  ( 2.434868605837136712, 12.49999999999999822, 7.093758867646172916 ) ) ;
#1092 = CARTESIAN_POINT ( 'NONE',  ( 1.305174583201437644, 20.00000000000001421, 10.64125338496276818 ) ) ;
#1093 = CARTESIAN_POINT ( 'NONE',  ( -1.820879154206498596, 3.000000000000000888, 4.254860974911351512 ) ) ;
#1094 = CARTESIAN_POINT ( 'NONE',  ( -2.187786864233599360, 10.49999999999999822, 8.213622138660085170 ) ) ;
#1095 = EDGE_CURVE ( 'NONE', #197, #1164, #1062, .T. ) ;
#1096 = CARTESIAN_POINT ( 'NONE',  ( -2.174603635207558394, 20.00000000000000000, 9.761828094810541145 ) ) ;
#1097 = CARTESIAN_POINT ( 'NONE',  ( 1.980319008053930352, 3.000000000000000888, 4.424524315853024525 ) ) ;
#1098 = B_SPLINE_SURFACE_WITH_KNOTS ( 'NONE', 3, 3, ( 
 ( #1635, #829, #837, #286 ),
 ( #1663, #425, #855, #434 ),
 ( #1528, #1685, #1541, #163 ),
 ( #1428, #36, #984, #1715 ),
 ( #739, #586, #1409, #172 ),
 ( #297, #846, #1287, #567 ),
 ( #712, #59, #307, #451 ),
 ( #1559, #1694, #1115, #727 ),
 ( #1135, #1003, #16, #1260 ),
 ( #1705, #719, #327, #864 ),
 ( #469, #27, #1675, #1399 ),
 ( #1249, #1550, #1417, #605 ),
 ( #187, #155, #1267, #315 ),
 ( #1157, #577, #1125, #1277 ),
 ( #1022, #43, #594, #1570 ),
 ( #441, #1145, #1438, #460 ),
 ( #992, #1011, #335, #887 ),
 ( #705, #898, #760, #1192 ) ),
 .UNSPECIFIED., .T., .F., .F.,
 ( 4, 1, 1, 1, 1, 2, 2, 2, 1, 1, 1, 1, 4 ),
 ( 4, 4 ),
 ( 0.000000000000000000, 0.01249999999999995559, 0.02499999999999991118, 0.03750000000000008882, 0.05000000000000004441, 0.2499999999999999445, 0.4999999999999999445, 0.7500000000000000000, 0.9499999999999999556, 0.9625000000000000222, 0.9749999999999999778, 0.9875000000000000444, 1.000000000000000000 ),
 ( 0.000000000000000000, 1.000000000000000000 ),
 .UNSPECIFIED. ) ;
#1099 = CARTESIAN_POINT ( 'NONE',  ( 8.372777387956638506, 3.000000000000000000, -0.7971466059024820972 ) ) ;
#1100 = CARTESIAN_POINT ( 'NONE',  ( -0.4892870864452871782, 8.666666666666666075, -9.287892612817341131 ) ) ;
#1101 = VERTEX_POINT ( 'NONE', #1301 ) ;
#1102 = DIRECTION ( 'NONE',  ( 0.000000000000000000, 0.000000000000000000, 1.000000000000000000 ) ) ;
#1103 = CARTESIAN_POINT ( 'NONE',  ( 2.448823888841091367, 20.00000000000000355, 7.955330981954197078 ) ) ;
#1104 = FACE_OUTER_BOUND ( 'NONE', #1015, .T. ) ;
#1105 = CARTESIAN_POINT ( 'NONE',  ( 10.96152603273438508, 20.00000000000000000, -0.4382408998211758111 ) ) ;
#1106 = VERTEX_POINT ( 'NONE', #747 ) ;
#1107 = DESIGN_CONTEXT ( 'detailed design', #306, 'design' ) ;
#1108 = EDGE_LOOP ( 'NONE', ( #1508, #1120, #1595, #1283 ) ) ;
#1109 = CARTESIAN_POINT ( 'NONE',  ( 7.821968531357975429, 12.50000000000000178, -2.487054259880693508 ) ) ;
#1110 = CIRCLE ( 'NONE', #17, 8.500000000000000000 ) ;
#1111 = CARTESIAN_POINT ( 'NONE',  ( 4.996578262905269519, 14.33333333333333393, -1.004087019973297190 ) ) ;
#1112 = ORIENTED_EDGE ( 'NONE', *, *, #428, .T. ) ;
#1113 = CARTESIAN_POINT ( 'NONE',  ( -7.080509404063558776, 11.16672205035975196, -2.473133308720934398 ) ) ;
#1114 = CARTESIAN_POINT ( 'NONE',  ( 0.6832913999662677540, 20.00000000000000355, 6.087209164891897117 ) ) ;
#1115 = CARTESIAN_POINT ( 'NONE',  ( -2.322264347671551654, 14.33333333333333393, -6.005095228086173798 ) ) ;
#1116 = CARTESIAN_POINT ( 'NONE',  ( -8.499447988689846412, 3.000000000000000000, 0.08671381590216807600 ) ) ;
#1117 = CARTESIAN_POINT ( 'NONE',  ( -4.637973333766225004, 3.000000000000000000, -2.509720497203465683 ) ) ;
#1118 = CARTESIAN_POINT ( 'NONE',  ( 0.000000000000000000, 20.00000000000000000, 8.500000000000000000 ) ) ;
#1119 = EDGE_CURVE ( 'NONE', #583, #982, #153, .T. ) ;
#1120 = ORIENTED_EDGE ( 'NONE', *, *, #105, .T. ) ;
#1121 = DIRECTION ( 'NONE',  ( 0.000000000000000000, 1.000000000000000000, 0.000000000000000000 ) ) ;
#1122 = CARTESIAN_POINT ( 'NONE',  ( 6.662579646693369995, 14.33333333333333393, 2.670088403761397444 ) ) ;
#1123 = CARTESIAN_POINT ( 'NONE',  ( -7.197163007071044838, 10.49999999999999645, -2.475358942227727788 ) ) ;
#1124 = B_SPLINE_CURVE_WITH_KNOTS ( 'NONE', 3,
 ( #1236, #1220, #1113, #1527 ),
 .UNSPECIFIED., .F., .F.,
 ( 4, 4 ),
 ( 0.000000000000000000, 0.002000103449169897494 ),
 .UNSPECIFIED. ) ;
#1125 = CARTESIAN_POINT ( 'NONE',  ( 0.3143516926299691483, 14.33333333333333393, -10.14993770336900880 ) ) ;
#1126 = DATE_TIME_ROLE ( 'creation_date' ) ;
#1127 = CARTESIAN_POINT ( 'NONE',  ( -9.231294438769250377, 14.33333333333333393, -2.209593689309006237 ) ) ;
#1128 = CARTESIAN_POINT ( 'NONE',  ( -7.086903611621507615, 12.49999999999999822, 2.454749926079239142 ) ) ;
#1129 = ORIENTED_EDGE ( 'NONE', *, *, #329, .F. ) ;
#1130 = CARTESIAN_POINT ( 'NONE',  ( 2.646110316839143550, 20.00000000000000000, -7.426727525400675489 ) ) ;
#1131 = CARTESIAN_POINT ( 'NONE',  ( 4.507217937794826490, 8.666666666666666075, 1.651287374813564135 ) ) ;
#1132 = EDGE_LOOP ( 'NONE', ( #1226, #614, #1440, #191 ) ) ;
#1133 = CARTESIAN_POINT ( 'NONE',  ( 0.000000000000000000, 10.49999999999999822, 0.000000000000000000 ) ) ;
#1134 = LOCAL_TIME ( 18, 35, 18.00000000000000000, #888 ) ;
#1135 = CARTESIAN_POINT ( 'NONE',  ( -1.091077885369351907, 3.000000000000000000, -3.361181578495207045 ) ) ;
#1136 = CARTESIAN_POINT ( 'NONE',  ( -8.433971586213333538, 3.000000000000000000, -0.5842067798359741326 ) ) ;
#1137 = CARTESIAN_POINT ( 'NONE',  ( -2.244177403526126380, 11.16592559892401937, 8.198601910184923014 ) ) ;
#1138 = ORIENTED_EDGE ( 'NONE', *, *, #328, .T. ) ;
#1139 = CARTESIAN_POINT ( 'NONE',  ( 0.1269481885562260826, 3.000000000000000000, -8.499790352266552773 ) ) ;
#1140 = CARTESIAN_POINT ( 'NONE',  ( 4.828191731687603294, 3.000000000000000000, 2.603973693402028999 ) ) ;
#1141 = AXIS2_PLACEMENT_3D ( 'NONE', #1748, #1441, #1169 ) ;
#1142 = FACE_BOUND ( 'NONE', #1671, .T. ) ;
#1143 = CIRCLE ( 'NONE', #193, 10.00000000000000000 ) ;
#1144 = CARTESIAN_POINT ( 'NONE',  ( -1.305174583201437866, 20.00000000000000355, 6.358746615037239813 ) ) ;
#1145 = CARTESIAN_POINT ( 'NONE',  ( -0.08064172117730836198, 8.666666666666666075, -9.334884856342350545 ) ) ;
#1146 = DATE_AND_TIME ( #728, #1723 ) ;
#1147 = ADVANCED_FACE ( 'NONE', ( #633, #223 ), #1375, .T. ) ;
#1148 = CARTESIAN_POINT ( 'NONE',  ( -9.303965828215940093, 8.666666666666666075, 0.1873412550898669315 ) ) ;
#1149 = DIRECTION ( 'NONE',  ( 0.000000000000000000, 1.000000000000000000, 0.000000000000000000 ) ) ;
#1150 = ORIENTED_EDGE ( 'NONE', *, *, #783, .F. ) ;
#1151 = CARTESIAN_POINT ( 'NONE',  ( 1.656351305972761923, 8.666666666666666075, -4.507342856745959914 ) ) ;
#1152 = CARTESIAN_POINT ( 'NONE',  ( 1.492078803052205638, 2.999999999999994671, -8.281625366219047990 ) ) ;
#1153 = CYLINDRICAL_SURFACE ( 'NONE', #1761, 7.500000000000000000 ) ;
#1154 = CARTESIAN_POINT ( 'NONE',  ( -1.300025989407498583, 2.999999999999999556, 3.838740289096153724 ) ) ;
#1155 = CARTESIAN_POINT ( 'NONE',  ( 0.2967781710502813142, 20.00000000000000355, -6.017516694204690708 ) ) ;
#1156 = EDGE_CURVE ( 'NONE', #955, #862, #1669, .T. ) ;
#1157 = CARTESIAN_POINT ( 'NONE',  ( 0.3255052506085303610, 3.000000000000000000, -8.481846404579956200 ) ) ;
#1158 = PERSON_AND_ORGANIZATION ( #1232, #653 ) ;
#1159 = CARTESIAN_POINT ( 'NONE',  ( -10.14430293648079129, 14.33333333333333393, -0.1048667909946114363 ) ) ;
#1160 = PLANE ( 'NONE',  #853 ) ;
#1161 = ORIENTED_EDGE ( 'NONE', *, *, #893, .T. ) ;
#1162 = CARTESIAN_POINT ( 'NONE',  ( -0.2800266439978393862, 3.000000000000000000, -8.484267513503992220 ) ) ;
#1163 = CARTESIAN_POINT ( 'NONE',  ( 2.284527417084184719, 2.999999999999996003, 7.049783592795193954 ) ) ;
#1164 = VERTEX_POINT ( 'NONE', #1234 ) ;
#1165 = CARTESIAN_POINT ( 'NONE',  ( 8.428605855145649528, 3.000000000000000000, -0.6057567566399167935 ) ) ;
#1166 = CARTESIAN_POINT ( 'NONE',  ( -7.086903611621507615, 12.49999999999999822, 2.454749926079239142 ) ) ;
#1167 = CARTESIAN_POINT ( 'NONE',  ( -7.080594368305408892, 11.16672240951029416, 2.472890166365015574 ) ) ;
#1168 = CARTESIAN_POINT ( 'NONE',  ( -3.509846185682115927, 3.000000000016641799, -1.397479014025370336 ) ) ;
#1169 = DIRECTION ( 'NONE',  ( 0.000000000000000000, 0.000000000000000000, -1.000000000000000000 ) ) ;
#1170 = CARTESIAN_POINT ( 'NONE',  ( -2.420281678243346501, 3.000000000000000888, 5.373712048687204756 ) ) ;
#1171 = DIRECTION ( 'NONE',  ( 0.000000000000000000, 1.000000000000000000, 0.000000000000000000 ) ) ;
#1172 = CARTESIAN_POINT ( 'NONE',  ( 10.99757412870050821, 20.00000000000000000, 0.1662489571278226996 ) ) ;
#1173 = ORIENTED_EDGE ( 'NONE', *, *, #876, .T. ) ;
#1174 = CARTESIAN_POINT ( 'NONE',  ( -4.637973333766225004, 3.000000000000000000, -2.509720497203465683 ) ) ;
#1175 = CIRCLE ( 'NONE', #1764, 7.500000000000000000 ) ;
#1176 = CARTESIAN_POINT ( 'NONE',  ( -8.087760541730656172, 3.000000000016641799, 1.753102788399486966 ) ) ;
#1177 = CARTESIAN_POINT ( 'NONE',  ( 2.453604340589015553, 10.50000000000000000, 7.087300313930714246 ) ) ;
#1178 = CARTESIAN_POINT ( 'NONE',  ( 0.000000000000000000, 12.49999999999999822, 0.000000000000000000 ) ) ;
#1179 = FACE_BOUND ( 'NONE', #717, .T. ) ;
#1180 = DIRECTION ( 'NONE',  ( 0.000000000000000000, 0.000000000000000000, 1.000000000000000000 ) ) ;
#1181 = CARTESIAN_POINT ( 'NONE',  ( 3.396026306597969668, 3.000000000000000000, -1.171808268312395374 ) ) ;
#1182 = ORIENTED_EDGE ( 'NONE', *, *, #832, .F. ) ;
#1183 = CARTESIAN_POINT ( 'NONE',  ( -9.166284691469748225, 8.666666666666667851, 0.8408427260323007024 ) ) ;
#1184 = CARTESIAN_POINT ( 'NONE',  ( -2.434837742158405316, 12.50000000000000000, 7.093769461249847197 ) ) ;
#1185 = CARTESIAN_POINT ( 'NONE',  ( -2.438816599501790527, 3.000000000000001332, 6.642872230778122500 ) ) ;
#1186 = CARTESIAN_POINT ( 'NONE',  ( 7.072045550287444193, 10.49999999999999822, -2.497232815469603295 ) ) ;
#1187 = CARTESIAN_POINT ( 'NONE',  ( 10.13810154835334920, 14.33333333333333393, -0.3599349872771040459 ) ) ;
#1188 = CARTESIAN_POINT ( 'NONE',  ( -2.477017581511673949, 20.00000000000000000, 8.838252223780163064 ) ) ;
#1189 = CARTESIAN_POINT ( 'NONE',  ( -10.64796915635902685, 20.00000000000000355, 1.285201831398653516 ) ) ;
#1190 = CARTESIAN_POINT ( 'NONE',  ( 10.87230683748651927, 20.00000000000000000, 1.343232569254724229 ) ) ;
#1191 = CARTESIAN_POINT ( 'NONE',  ( -9.225718376165341184, 8.666666666666666075, 0.6524821952344781462 ) ) ;
#1192 = CARTESIAN_POINT ( 'NONE',  ( -0.2967595482944495044, 20.00000000000000000, -10.98232426779743776 ) ) ;
#1193 = EDGE_CURVE ( 'NONE', #271, #1658, #511, .T. ) ;
#1194 = CARTESIAN_POINT ( 'NONE',  ( 2.022479267654681223, 20.00000000000000355, 10.00688046075928384 ) ) ;
#1195 = CC_DESIGN_APPROVAL ( #970, ( #1426 ) ) ;
#1196 = CARTESIAN_POINT ( 'NONE',  ( -0.3957399386763362226, 2.999999999999981348, 3.523745438734945168 ) ) ;
#1197 = EDGE_CURVE ( 'NONE', #840, #312, #593, .T. ) ;
#1198 = CARTESIAN_POINT ( 'NONE',  ( 10.97338900219464897, 20.00000000000000000, -0.3702787839677192383 ) ) ;
#1199 = CARTESIAN_POINT ( 'NONE',  ( -8.112410637382524214, 3.000000000000000000, -1.723320853864735769 ) ) ;
#1200 = CARTESIAN_POINT ( 'NONE',  ( -2.445173864696183585, 11.77815618210101967, 7.090214115774771564 ) ) ;
#1201 = CIRCLE ( 'NONE', #1223, 7.500000000000000000 ) ;
#1202 = CARTESIAN_POINT ( 'NONE',  ( -2.420281678243346501, 3.000000000000000888, 5.373712048687204756 ) ) ;
#1203 = AXIS2_PLACEMENT_3D ( 'NONE', #588, #848, #1543 ) ;
#1204 = EDGE_CURVE ( 'NONE', #960, #592, #55, .T. ) ;
#1205 = CARTESIAN_POINT ( 'NONE',  ( 4.421382244900376790, 3.000000000000000000, -2.379449431465045173 ) ) ;
#1206 = CARTESIAN_POINT ( 'NONE',  ( 9.993072359255704029, 14.33333333333333393, 1.416028814319915563 ) ) ;
#1207 = EDGE_LOOP ( 'NONE', ( #1233, #503, #768, #1288 ) ) ;
#1208 = CARTESIAN_POINT ( 'NONE',  ( -10.12901668268164279, 14.33333333333333393, 0.2921369165243762889 ) ) ;
#1209 = CARTESIAN_POINT ( 'NONE',  ( -1.382606748254845419, 3.000000000000000444, 8.092958709630766023 ) ) ;
#1210 = CARTESIAN_POINT ( 'NONE',  ( -0.9675673266922920623, 3.000000000000000444, 3.661709925326710025 ) ) ;
#1211 = CARTESIAN_POINT ( 'NONE',  ( 0.000000000000000000, 10.49999999999999822, 0.000000000000000000 ) ) ;
#1212 = CARTESIAN_POINT ( 'NONE',  ( 8.722146523140882124, 8.666666666666666075, -1.962061615623724942 ) ) ;
#1213 = CARTESIAN_POINT ( 'NONE',  ( 2.384876160566273384, 10.50000000000000000, 7.735949712772494102 ) ) ;
#1214 = CARTESIAN_POINT ( 'NONE',  ( 0.000000000000000000, 0.000000000000000000, 0.000000000000000000 ) ) ;
#1215 = CARTESIAN_POINT ( 'NONE',  ( 2.472472340852745365, 3.000000000000000000, 6.424597811459187291 ) ) ;
#1216 = ORIENTED_EDGE ( 'NONE', *, *, #287, .F. ) ;
#1217 = CARTESIAN_POINT ( 'NONE',  ( -2.611538151322078782, 14.33333333333333393, -8.471796373179017792 ) ) ;
#1218 = B_SPLINE_CURVE_WITH_KNOTS ( 'NONE', 3,
 ( #489, #1581, #355, #200 ),
 .UNSPECIFIED., .F., .F.,
 ( 4, 4 ),
 ( 3.469446951953614189E-18, 0.002004816000350089292 ),
 .UNSPECIFIED. ) ;
#1219 = EDGE_LOOP ( 'NONE', ( #675, #1290, #353, #1270 ) ) ;
#1220 = CARTESIAN_POINT ( 'NONE',  ( -7.082803401422698819, 11.83338711282535982, -2.466585011497726132 ) ) ;
#1221 = CARTESIAN_POINT ( 'NONE',  ( -2.012899437272221981, 20.00000000000000711, 10.01965356793589201 ) ) ;
#1222 = CYLINDRICAL_SURFACE ( 'NONE', #371, 8.500000000000000000 ) ;
#1223 = AXIS2_PLACEMENT_3D ( 'NONE', #125, #265, #711 ) ;
#1224 = CARTESIAN_POINT ( 'NONE',  ( 1.224646799147353256E-15, 3.000000000000000000, 10.00000000000000000 ) ) ;
#1225 = AXIS2_PLACEMENT_3D ( 'NONE', #491, #907, #1458 ) ;
#1226 = ORIENTED_EDGE ( 'NONE', *, *, #967, .F. ) ;
#1227 = CARTESIAN_POINT ( 'NONE',  ( 8.428605855145649528, 2.999999999999998668, -0.6057567566399167935 ) ) ;
#1228 = CARTESIAN_POINT ( 'NONE',  ( -8.191233906054305791, 11.16591222052616850, -2.270908653910455488 ) ) ;
#1229 = CARTESIAN_POINT ( 'NONE',  ( -0.4857023660876988447, 20.00000000000000355, 10.96092884743057105 ) ) ;
#1230 = CARTESIAN_POINT ( 'NONE',  ( 1.544417299393044951, 20.00000000000000711, 6.506037533842071952 ) ) ;
#1231 = APPROVAL_ROLE ( '' ) ;
#1232 = PERSON ( 'UNSPECIFIED', 'UNSPECIFIED', 'UNSPECIFIED', ('UNSPECIFIED'), ('UNSPECIFIED'), ('UNSPECIFIED') ) ;
#1233 = ORIENTED_EDGE ( 'NONE', *, *, #1661, .F. ) ;
#1234 = CARTESIAN_POINT ( 'NONE',  ( 0.000000000000000000, 3.000000000000000000, -10.00000000000000000 ) ) ;
#1235 = ORIENTED_EDGE ( 'NONE', *, *, #250, .F. ) ;
#1236 = CARTESIAN_POINT ( 'NONE',  ( -7.086754027465046235, 12.50000000000000000, -2.455181735474574189 ) ) ;
#1237 = CARTESIAN_POINT ( 'NONE',  ( -0.8698250963085536469, 2.999999999999996003, -8.347108763123683772 ) ) ;
#1238 = DIRECTION ( 'NONE',  ( -0.000000000000000000, -1.000000000000000000, -0.000000000000000000 ) ) ;
#1239 = APPROVAL ( #985, 'UNSPECIFIED' ) ;
#1240 = CARTESIAN_POINT ( 'NONE',  ( 7.691625734358384037, 10.49999999999999645, 2.443399240652244231 ) ) ;
#1241 = ORIENTED_EDGE ( 'NONE', *, *, #1418, .F. ) ;
#1242 = VERTEX_POINT ( 'NONE', #994 ) ;
#1243 = EDGE_CURVE ( 'NONE', #1784, #714, #202, .T. ) ;
#1244 = CARTESIAN_POINT ( 'NONE',  ( 4.196302284751619815, 8.666666666666666075, -1.087947644142846171 ) ) ;
#1245 = ORIENTED_EDGE ( 'NONE', *, *, #428, .F. ) ;
#1246 = DIRECTION ( 'NONE',  ( 0.000000000000000000, 1.000000000000000000, 0.000000000000000000 ) ) ;
#1247 = CARTESIAN_POINT ( 'NONE',  ( -0.7474129399139405328, 20.00000000000000000, 6.105537330049115141 ) ) ;
#1248 = EDGE_CURVE ( 'NONE', #1391, #840, #936, .T. ) ;
#1249 = CARTESIAN_POINT ( 'NONE',  ( 2.360626787103353053, 3.000000000000000000, -7.376910267491592066 ) ) ;
#1250 = CARTESIAN_POINT ( 'NONE',  ( -9.296919921808662224, 8.666666666666666075, 0.2553257759111056124 ) ) ;
#1251 = CARTESIAN_POINT ( 'NONE',  ( -10.91104483897982469, 20.00000000000000000, 0.6645467014911574655 ) ) ;
#1252 = DIRECTION ( 'NONE',  ( 0.000000000000000000, 0.000000000000000000, 1.000000000000000000 ) ) ;
#1253 = B_SPLINE_CURVE_WITH_KNOTS ( 'NONE', 3,
 ( #1177, #508, #1074, #245 ),
 .UNSPECIFIED., .F., .F.,
 ( 4, 4 ),
 ( 0.009259075298235242349, 0.009475447098922333555 ),
 .UNSPECIFIED. ) ;
#1254 = CARTESIAN_POINT ( 'NONE',  ( -1.085142748446009664, 8.666666666666666075, -4.192084280050423217 ) ) ;
#1255 = AXIS2_PLACEMENT_3D ( 'NONE', #259, #5, #1519 ) ;
#1256 = AXIS2_PLACEMENT_3D ( 'NONE', #897, #976, #147 ) ;
#1257 = CARTESIAN_POINT ( 'NONE',  ( -10.09390268785539924, 14.33333333333333393, 0.4929253779265163060 ) ) ;
#1258 = CARTESIAN_POINT ( 'NONE',  ( -2.451983640195337433, 12.49999999999999822, 7.309778152660074468 ) ) ;
#1259 = CARTESIAN_POINT ( 'NONE',  ( -1.781979585724762671, 20.00000000000001066, 6.703242987753134763 ) ) ;
#1260 = CARTESIAN_POINT ( 'NONE',  ( -1.073272474599325177, 20.00000000000000000, -5.853889683160857338 ) ) ;
#1261 = PERSON_AND_ORGANIZATION ( #1232, #653 ) ;
#1262 = DIRECTION ( 'NONE',  ( 0.000000000000000000, 0.000000000000000000, 1.000000000000000000 ) ) ;
#1263 = CARTESIAN_POINT ( 'NONE',  ( -1.073272474599325177, 20.00000000000000000, -5.853889683160857338 ) ) ;
#1264 = CARTESIAN_POINT ( 'NONE',  ( 8.491711562433536642, 3.000000000000000000, -0.2034047433936138349 ) ) ;
#1265 = VERTEX_POINT ( 'NONE', #721 ) ;
#1266 = CARTESIAN_POINT ( 'NONE',  ( 7.303575152758416955, 2.999999999999998668, 2.401901857658743644 ) ) ;
#1267 = CARTESIAN_POINT ( 'NONE',  ( 1.481806997151153160, 14.33333333333333393, -9.954960027102375264 ) ) ;
#1268 = CARTESIAN_POINT ( 'NONE',  ( -10.04841138199808626, 14.33333333333333393, -1.273577959533621851 ) ) ;
#1269 = CARTESIAN_POINT ( 'NONE',  ( 7.079023453571978486, 12.50000000000000000, 2.477383083775666961 ) ) ;
#1270 = ORIENTED_EDGE ( 'NONE', *, *, #295, .F. ) ;
#1271 = CARTESIAN_POINT ( 'NONE',  ( 8.198451858700959605, 10.49999999999999822, -2.243966826974685080 ) ) ;
#1272 = CARTESIAN_POINT ( 'NONE',  ( 10.16217565200801509, 14.33333333333333393, -0.1558083245276023765 ) ) ;
#1273 = ORIENTED_EDGE ( 'NONE', *, *, #421, .T. ) ;
#1274 = CARTESIAN_POINT ( 'NONE',  ( -7.080085038159853461, 10.50000000000027889, 2.474347560952557146 ) ) ;
#1275 = B_SPLINE_CURVE_WITH_KNOTS ( 'NONE', 3,
 ( #13, #1365, #1109, #1794 ),
 .UNSPECIFIED., .F., .F.,
 ( 4, 4 ),
 ( 0.008740922093713842170, 0.009831339600272565732 ),
 .UNSPECIFIED. ) ;
#1276 = EDGE_CURVE ( 'NONE', #1101, #1679, #1175, .T. ) ;
#1277 = CARTESIAN_POINT ( 'NONE',  ( 0.3087749136406885420, 20.00000000000000000, -10.98398335276353599 ) ) ;
#1278 = FACE_OUTER_BOUND ( 'NONE', #30, .T. ) ;
#1279 = ORIENTED_EDGE ( 'NONE', *, *, #517, .F. ) ;
#1280 = CARTESIAN_POINT ( 'NONE',  ( -0.2967595482944495044, 20.00000000000000000, -10.98232426779743776 ) ) ;
#1281 = ADVANCED_FACE ( 'NONE', ( #1289 ), #620, .T. ) ;
#1282 = CARTESIAN_POINT ( 'NONE',  ( 2.638818421504793843, 2.999999999999994227, -4.908922114630614786 ) ) ;
#1283 = ORIENTED_EDGE ( 'NONE', *, *, #295, .T. ) ;
#1284 = CIRCLE ( 'NONE', #682, 7.500000000000000000 ) ;
#1285 = CARTESIAN_POINT ( 'NONE',  ( 2.346682852556297494, 11.83263809116465559, -8.169723138136491869 ) ) ;
#1286 = CARTESIAN_POINT ( 'NONE',  ( -2.479578640026003367, 12.49999999999999822, -7.078254711998346771 ) ) ;
#1287 = CARTESIAN_POINT ( 'NONE',  ( -1.971024847393422430, 14.33333333333333393, -9.550041173019026886 ) ) ;
#1288 = ORIENTED_EDGE ( 'NONE', *, *, #933, .F. ) ;
#1289 = FACE_OUTER_BOUND ( 'NONE', #137, .T. ) ;
#1290 = ORIENTED_EDGE ( 'NONE', *, *, #590, .T. ) ;
#1291 = CARTESIAN_POINT ( 'NONE',  ( -2.381165491461224359, 12.50000000000000000, -8.159659974676804595 ) ) ;
#1292 = DIRECTION ( 'NONE',  ( 0.000000000000000000, 1.000000000000000000, 0.000000000000000000 ) ) ;
#1293 = ORIENTED_EDGE ( 'NONE', *, *, #509, .T. ) ;
#1294 = CARTESIAN_POINT ( 'NONE',  ( 10.12816887224961526, 14.33333333333333393, -0.4281360876396238524 ) ) ;
#1295 = CARTESIAN_POINT ( 'NONE',  ( 2.498872424278952398, 11.16672868235590776, -7.071466473063138025 ) ) ;
#1296 = CARTESIAN_POINT ( 'NONE',  ( 2.429586339685805729, 12.49999999999999822, -8.008288089358115869 ) ) ;
#1297 = CALENDAR_DATE ( 2026, 7, 9 ) ;
#1298 = CARTESIAN_POINT ( 'NONE',  ( -8.191436594935316506, 11.16591657266264903, 2.270180601710679813 ) ) ;
#1299 = DIRECTION ( 'NONE',  ( -0.000000000000000000, -1.000000000000000000, -0.000000000000000000 ) ) ;
#1300 = CARTESIAN_POINT ( 'NONE',  ( 0.8279780911664095244, 2.999999999999980904, 3.631908984366051030 ) ) ;
#1301 = CARTESIAN_POINT ( 'NONE',  ( 7.072045550287444193, 10.49999999999999822, -2.497232815469603295 ) ) ;
#1302 = VERTEX_POINT ( 'NONE', #597 ) ;
#1303 = CARTESIAN_POINT ( 'NONE',  ( 7.647357475580538022, 8.666666666666666075, -2.605939483277392998 ) ) ;
#1304 = EDGE_LOOP ( 'NONE', ( #843, #522 ) ) ;
#1305 = DIRECTION ( 'NONE',  ( 0.000000000000000000, 1.000000000000000000, 0.000000000000000000 ) ) ;
#1306 = DIRECTION ( 'NONE',  ( 0.000000000000000000, -0.000000000000000000, 1.000000000000000000 ) ) ;
#1307 = ADVANCED_FACE ( 'NONE', ( #867 ), #1160, .F. ) ;
#1308 = B_SPLINE_CURVE_WITH_KNOTS ( 'NONE', 3,
 ( #1738, #1296, #516, #1599, #381, #365 ),
 .UNSPECIFIED., .F., .F.,
 ( 4, 2, 4 ),
 ( 0.0004803065717235803218, 0.0009617570600351629719, 0.001569974869182074427 ),
 .UNSPECIFIED. ) ;
#1309 = CARTESIAN_POINT ( 'NONE',  ( 0.000000000000000000, 10.49999999999999822, 0.000000000000000000 ) ) ;
#1310 = CYLINDRICAL_SURFACE ( 'NONE', #1735, 10.00000000000000000 ) ;
#1311 = CARTESIAN_POINT ( 'NONE',  ( -2.284527417083995093, 2.999999999999982681, 4.950216407204482749 ) ) ;
#1312 = CARTESIAN_POINT ( 'NONE',  ( 0.000000000000000000, 3.000000000000000000, 0.000000000000000000 ) ) ;
#1313 = ORIENTED_EDGE ( 'NONE', *, *, #965, .T. ) ;
#1314 = CARTESIAN_POINT ( 'NONE',  ( 10.14803422445708492, 14.33333333333333393, -0.2917338869145840174 ) ) ;
#1315 = ORIENTED_EDGE ( 'NONE', *, *, #744, .F. ) ;
#1316 = CARTESIAN_POINT ( 'NONE',  ( -8.425442459025108022, 3.000000000000000000, 0.6186631733491243512 ) ) ;
#1317 = FACE_OUTER_BOUND ( 'NONE', #1393, .T. ) ;
#1318 = CARTESIAN_POINT ( 'NONE',  ( -1.547185145588216626, 3.000000000000000000, 7.973490531145437821 ) ) ;
#1319 = CARTESIAN_POINT ( 'NONE',  ( -0.2967802805766485696, 20.00000000000000000, -10.98249951015538350 ) ) ;
#1320 = CARTESIAN_POINT ( 'NONE',  ( -0.2967802805766485696, 20.00000000000000000, -10.98249951015538350 ) ) ;
#1321 = CARTESIAN_POINT ( 'NONE',  ( -10.82542995136047459, 20.00000000000000000, 0.9255819004816516760 ) ) ;
#1322 = ORIENTED_EDGE ( 'NONE', *, *, #1075, .F. ) ;
#1323 = CARTESIAN_POINT ( 'NONE',  ( 8.234603402794075322, 3.000000000000000000, 1.561621304450298009 ) ) ;
#1324 = B_SPLINE_CURVE_WITH_KNOTS ( 'NONE', 3,
 ( #120, #564, #1672, #1091 ),
 .UNSPECIFIED., .F., .F.,
 ( 4, 4 ),
 ( 0.000000000000000000, 0.002000098182758231792 ),
 .UNSPECIFIED. ) ;
#1325 = EDGE_CURVE ( 'NONE', #242, #561, #1088, .T. ) ;
#1326 = CARTESIAN_POINT ( 'NONE',  ( -7.910959410926531099, 20.00000000000000000, -2.794073155455861990 ) ) ;
#1327 = CARTESIAN_POINT ( 'NONE',  ( -7.566747371930582666, 12.49999999999999112, -2.481022774830775379 ) ) ;
#1328 = EDGE_CURVE ( 'NONE', #203, #213, #1143, .T. ) ;
#1329 = CARTESIAN_POINT ( 'NONE',  ( 1.305174583201437644, 20.00000000000001421, 10.64125338496276818 ) ) ;
#1330 = CARTESIAN_POINT ( 'NONE',  ( 0.000000000000000000, 10.49999999999999822, 0.000000000000000000 ) ) ;
#1331 = CARTESIAN_POINT ( 'NONE',  ( 2.506984897390288847, 2.999999999999982236, 6.190099540683100976 ) ) ;
#1332 = EDGE_LOOP ( 'NONE', ( #571, #1173, #988, #930 ) ) ;
#1333 = CARTESIAN_POINT ( 'NONE',  ( 6.703373385758552239, 20.00000000000000000, -2.219447323685430629 ) ) ;
#1334 = CARTESIAN_POINT ( 'NONE',  ( -5.511483560327591569, 14.33333333333333393, -1.832553370646602842 ) ) ;
#1335 = EDGE_CURVE ( 'NONE', #1667, #247, #697, .T. ) ;
#1336 = DIRECTION ( 'NONE',  ( 0.000000000000000000, 1.000000000000000000, 0.000000000000000000 ) ) ;
#1337 = CARTESIAN_POINT ( 'NONE',  ( 1.300025989407498805, 3.000000000000001776, 8.161259710903843612 ) ) ;
#1338 = CC_DESIGN_APPROVAL ( #929, ( #793 ) ) ;
#1339 = FACE_OUTER_BOUND ( 'NONE', #839, .T. ) ;
#1340 = CARTESIAN_POINT ( 'NONE',  ( 0.000000000000000000, 12.49999999999999822, 0.000000000000000000 ) ) ;
#1341 = EDGE_CURVE ( 'NONE', #217, #1350, #1766, .T. ) ;
#1342 = EDGE_CURVE ( 'NONE', #862, #561, #1456, .T. ) ;
#1343 = ORIENTED_EDGE ( 'NONE', *, *, #1650, .T. ) ;
#1344 = CARTESIAN_POINT ( 'NONE',  ( -9.289137261347063301, 8.666666666666666075, -0.3445367854152927567 ) ) ;
#1345 = CARTESIAN_POINT ( 'NONE',  ( -2.506984897390299505, 3.000000000000002220, 5.809900459316524213 ) ) ;
#1346 = AXIS2_PLACEMENT_3D ( 'NONE', #1414, #1385, #168 ) ;
#1347 = AXIS2_PLACEMENT_3D ( 'NONE', #1517, #1580, #288 ) ;
#1348 = CARTESIAN_POINT ( 'NONE',  ( 2.511984568977160048, 20.00000000000000355, 8.605093464743339027 ) ) ;
#1349 = DIRECTION ( 'NONE',  ( 0.000000000000000000, 1.000000000000000000, 0.000000000000000000 ) ) ;
#1350 = VERTEX_POINT ( 'NONE', #472 ) ;
#1351 = CARTESIAN_POINT ( 'NONE',  ( -0.3597013897814914651, 14.33333333333333393, -10.14160329959821993 ) ) ;
#1352 = CARTESIAN_POINT ( 'NONE',  ( -10.91104483897982469, 20.00000000000000000, 0.6645467014911574655 ) ) ;
#1353 = CARTESIAN_POINT ( 'NONE',  ( 2.174603635207558394, 20.00000000000000355, 7.238171905189462407 ) ) ;
#1354 = CARTESIAN_POINT ( 'NONE',  ( 0.2163820349478375316, 3.000000000000000000, 3.500948900984425016 ) ) ;
#1355 = CARTESIAN_POINT ( 'NONE',  ( 2.411635825494880869, 12.50000000000000000, 7.918927344766355070 ) ) ;
#1356 = VERTEX_POINT ( 'NONE', #730 ) ;
#1357 = CARTESIAN_POINT ( 'NONE',  ( 6.896765665971193116, 2.999999999999998668, -2.581521267208331416 ) ) ;
#1358 = CARTESIAN_POINT ( 'NONE',  ( -1.971024847393422430, 14.33333333333333393, -9.550041173019026886 ) ) ;
#1359 = ORIENTED_EDGE ( 'NONE', *, *, #154, .F. ) ;
#1360 = CARTESIAN_POINT ( 'NONE',  ( 2.420281678243354495, 3.000000000000000000, 6.626287951312760605 ) ) ;
#1361 = CARTESIAN_POINT ( 'NONE',  ( -2.477011504894253591, 20.00000000000000000, 8.838251392637948456 ) ) ;
#1362 = CARTESIAN_POINT ( 'NONE',  ( 2.438816599501790972, 3.000000000000001776, 5.357127769221878388 ) ) ;
#1363 = MECHANICAL_CONTEXT ( 'NONE', #1538, 'mechanical' ) ;
#1364 = CARTESIAN_POINT ( 'NONE',  ( 0.000000000000000000, 20.00000000000000000, 8.500000000000000000 ) ) ;
#1365 = CARTESIAN_POINT ( 'NONE',  ( 7.454777846563356292, 12.50000000000000178, -2.525171375153488107 ) ) ;
#1366 = DIRECTION ( 'NONE',  ( 0.000000000000000000, 1.000000000000000000, 0.000000000000000000 ) ) ;
#1367 = CARTESIAN_POINT ( 'NONE',  ( -0.2800266439978393862, 3.000000000000000000, -8.484267513503992220 ) ) ;
#1368 = CYLINDRICAL_SURFACE ( 'NONE', #971, 10.00000000000000000 ) ;
#1369 = PERSON_AND_ORGANIZATION ( #1232, #653 ) ;
#1370 = CIRCLE ( 'NONE', #663, 10.00000000000000000 ) ;
#1371 = CARTESIAN_POINT ( 'NONE',  ( 0.000000000000000000, 0.000000000000000000, -10.00000000000000000 ) ) ;
#1372 = CARTESIAN_POINT ( 'NONE',  ( 7.951747868905015615, 3.000000000000000000, -1.903363791427338692 ) ) ;
#1373 = ORIENTED_EDGE ( 'NONE', *, *, #1661, .T. ) ;
#1374 = CARTESIAN_POINT ( 'NONE',  ( -0.8856204210235133489, 20.00000000000000000, -10.84119450579534316 ) ) ;
#1375 = B_SPLINE_SURFACE_WITH_KNOTS ( 'NONE', 3, 3, ( 
 ( #1433, #1028, #1721, #73 ),
 ( #493, #1577, #624, #343 ),
 ( #1442, #1731, #369, #1321 ),
 ( #1564, #643, #206, #1586 ),
 ( #351, #902, #882, #1189 ),
 ( #1594, #1452, #765, #82 ),
 ( #1742, #775, #502, #1048 ),
 ( #91, #1057, #1604, #1401 ),
 ( #596, #1419, #1430, #1706 ),
 ( #857, #189, #37, #720 ),
 ( #1117, #330, #157, #578 ),
 ( #28, #337, #1127, #729 ),
 ( #164, #454, #1268, #608 ),
 ( #1136, #587, #1159, #1696 ),
 ( #1678, #1004, #148, #1571 ),
 ( #1552, #318, #866, #175 ),
 ( #45, #1148, #461, #1251 ),
 ( #471, #1024, #1392, #20 ) ),
 .UNSPECIFIED., .T., .F., .F.,
 ( 4, 1, 1, 1, 1, 2, 2, 2, 1, 1, 1, 1, 4 ),
 ( 4, 4 ),
 ( 0.000000000000000000, 0.01249999999999995559, 0.02499999999999991118, 0.03750000000000008882, 0.05000000000000004441, 0.2500000000000000000, 0.5000000000000000000, 0.7500000000000000000, 0.9499999999999999556, 0.9625000000000000222, 0.9749999999999999778, 0.9875000000000000444, 1.000000000000000000 ),
 ( 0.000000000000000000, 1.000000000000000000 ),
 .UNSPECIFIED. ) ;
#1376 = EDGE_LOOP ( 'NONE', ( #1509, #21, #1486, #340, #1424 ) ) ;
#1377 = EDGE_CURVE ( 'NONE', #145, #1784, #57, .T. ) ;
#1378 = CARTESIAN_POINT ( 'NONE',  ( 2.505199120947417146, 20.00000000000000000, 8.368166232769905122 ) ) ;
#1379 = DIRECTION ( 'NONE',  ( -0.000000000000000000, -1.000000000000000000, -0.000000000000000000 ) ) ;
#1380 = EDGE_CURVE ( 'NONE', #691, #1655, #526, .T. ) ;
#1381 = FACE_OUTER_BOUND ( 'NONE', #914, .T. ) ;
#1382 = ORIENTED_EDGE ( 'NONE', *, *, #322, .T. ) ;
#1383 = EDGE_LOOP ( 'NONE', ( #602, #1373, #896, #1216 ) ) ;
#1384 = CARTESIAN_POINT ( 'NONE',  ( -0.2800266439978393862, 3.000000000000000000, -8.484267513503992220 ) ) ;
#1385 = DIRECTION ( 'NONE',  ( -0.000000000000000000, -1.000000000000000000, -0.000000000000000000 ) ) ;
#1386 = DIRECTION ( 'NONE',  ( 0.000000000000000000, 0.000000000000000000, 1.000000000000000000 ) ) ;
#1387 = B_SPLINE_CURVE_WITH_KNOTS ( 'NONE', 3,
 ( #323, #573, #1282, #52, #1152, #1710, #465, #911, #360, #485 ),
 .UNSPECIFIED., .F., .F.,
 ( 4, 2, 1, 1, 1, 1, 4 ),
 ( 0.000000000000000000, 0.003941922602096005479, 0.007095460683772808821, 0.007292556813877609789, 0.007489652943982409022, 0.007686749074087210858, 0.007883845204192009223 ),
 .UNSPECIFIED. ) ;
#1388 = EDGE_CURVE ( 'NONE', #960, #795, #285, .T. ) ;
#1389 = CARTESIAN_POINT ( 'NONE',  ( 1.382606748254846973, 3.000000000000002220, 3.907041290369234865 ) ) ;
#1390 = CARTESIAN_POINT ( 'NONE',  ( 2.500016481547750136, 10.49999999999999822, -7.071061984736776829 ) ) ;
#1391 = VERTEX_POINT ( 'NONE', #338 ) ;
#1392 = CARTESIAN_POINT ( 'NONE',  ( -10.09390268785539924, 14.33333333333333393, 0.4929253779265163060 ) ) ;
#1393 = EDGE_LOOP ( 'NONE', ( #972, #12, #419, #979, #1770 ) ) ;
#1394 = CARTESIAN_POINT ( 'NONE',  ( 0.1157170300828234688, 14.33333333333333393, -10.16698944695151141 ) ) ;
#1395 = CARTESIAN_POINT ( 'NONE',  ( 9.332519221870235526, 8.666666666666666075, -0.07688448770404086863 ) ) ;
#1396 = ORIENTED_EDGE ( 'NONE', *, *, #1388, .F. ) ;
#1397 = DIRECTION ( 'NONE',  ( 0.000000000000000000, 1.000000000000000000, 0.000000000000000000 ) ) ;
#1398 = CARTESIAN_POINT ( 'NONE',  ( -0.9675673266922920623, 3.000000000000000444, 3.661709925326710025 ) ) ;
#1399 = CARTESIAN_POINT ( 'NONE',  ( 2.646110316839143550, 20.00000000000000000, -7.426727525400675489 ) ) ;
#1400 = PERSON_AND_ORGANIZATION ( #1232, #653 ) ;
#1401 = CARTESIAN_POINT ( 'NONE',  ( -6.449909451042675990, 20.00000000000000000, 1.987697752348419389 ) ) ;
#1402 = CARTESIAN_POINT ( 'NONE',  ( -2.451983640195337433, 12.49999999999999822, 7.309778152660074468 ) ) ;
#1403 = VERTEX_POINT ( 'NONE', #1697 ) ;
#1404 = CARTESIAN_POINT ( 'NONE',  ( -1.079207611522667420, 14.33333333333333393, -5.022986981605640722 ) ) ;
#1405 = AXIS2_PLACEMENT_3D ( 'NONE', #627, #1714, #830 ) ;
#1406 = CARTESIAN_POINT ( 'NONE',  ( 9.117819259744091909, 14.33333333333333393, 2.312512064026913450 ) ) ;
#1407 = ORIENTED_EDGE ( 'NONE', *, *, #1193, .F. ) ;
#1408 = CARTESIAN_POINT ( 'NONE',  ( -7.080068775065004871, 10.49999999999999822, -2.474394095601896826 ) ) ;
#1409 = CARTESIAN_POINT ( 'NONE',  ( -0.8803553127851934113, 14.33333333333333393, -10.00983259157145788 ) ) ;
#1410 = PERSON_AND_ORGANIZATION_ROLE ( 'classification_officer' ) ;
#1411 = CARTESIAN_POINT ( 'NONE',  ( -2.448370329376801102, 11.41721361510800214, 7.089110150803648480 ) ) ;
#1412 = ORIENTED_EDGE ( 'NONE', *, *, #1478, .T. ) ;
#1413 = CARTESIAN_POINT ( 'NONE',  ( 1.492078803052205638, 3.000000000000000000, -8.281625366219051543 ) ) ;
#1414 = CARTESIAN_POINT ( 'NONE',  ( 0.000000000000000000, 12.49999999999999822, 0.000000000000000000 ) ) ;
#1415 = CARTESIAN_POINT ( 'NONE',  ( 10.13810154835334920, 14.33333333333333393, -0.3599349872771040459 ) ) ;
#1416 = CARTESIAN_POINT ( 'NONE',  ( 1.235003285288308605, 20.00000000000001066, 6.291255132360195290 ) ) ;
#1417 = CARTESIAN_POINT ( 'NONE',  ( 2.354405881410499557, 14.33333333333333393, -9.054160200236845313 ) ) ;
#1418 = EDGE_CURVE ( 'NONE', #1350, #960, #129, .T. ) ;
#1419 = CARTESIAN_POINT ( 'NONE',  ( -4.228828616712401178, 8.666666666666666075, 1.104364640513671780 ) ) ;
#1420 = DIRECTION ( 'NONE',  ( 0.000000000000000000, 1.000000000000000000, 0.000000000000000000 ) ) ;
#1421 = EDGE_LOOP ( 'NONE', ( #598, #636, #1013, #1795 ) ) ;
#1422 = CARTESIAN_POINT ( 'NONE',  ( -2.480835070131352182, 12.50000000000000000, -7.088043504805344064 ) ) ;
#1423 = CARTESIAN_POINT ( 'NONE',  ( -8.499937155761923435, 3.000000000000000000, 0.01772617389569484253 ) ) ;
#1424 = ORIENTED_EDGE ( 'NONE', *, *, #1601, .T. ) ;
#1425 = CARTESIAN_POINT ( 'NONE',  ( 8.469395347627342474, 3.000000000000000000, -0.4079374097824964296 ) ) ;
#1426 = SECURITY_CLASSIFICATION ( '', '', #753 ) ;
#1427 = CARTESIAN_POINT ( 'NONE',  ( 0.2163820349478375316, 3.000000000000000000, 3.500948900984425016 ) ) ;
#1428 = CARTESIAN_POINT ( 'NONE',  ( -0.6802449119180575821, 3.000000000000000000, -8.408803542772266937 ) ) ;
#1429 = DATE_AND_TIME ( #1297, #180 ) ;
#1430 = CARTESIAN_POINT ( 'NONE',  ( -4.967377730628268928, 14.33333333333333393, 0.8467026147935696745 ) ) ;
#1431 = CARTESIAN_POINT ( 'NONE',  ( 3.508288437566462026, 3.000000000000000000, 0.2034047433936140015 ) ) ;
#1432 = CARTESIAN_POINT ( 'NONE',  ( 8.183317397586479913, 11.16590614991788577, -2.299261383633396605 ) ) ;
#1433 = CARTESIAN_POINT ( 'NONE',  ( -8.499937155761923435, 3.000000000000000000, 0.01772617389569484253 ) ) ;
#1434 = CIRCLE ( 'NONE', #274, 8.500000000000000000 ) ;
#1435 = DIRECTION ( 'NONE',  ( -0.000000000000000000, -1.000000000000000000, -0.000000000000000000 ) ) ;
#1436 = AXIS2_PLACEMENT_3D ( 'NONE', #648, #1336, #1589 ) ;
#1437 = CARTESIAN_POINT ( 'NONE',  ( -2.498608936136620162, 11.16672903398962369, -7.071559616584132790 ) ) ;
#1438 = CARTESIAN_POINT ( 'NONE',  ( -0.08626014871568928044, 14.33333333333333393, -10.16803075376129151 ) ) ;
#1439 = DIRECTION ( 'NONE',  ( 0.000000000000000000, -0.000000000000000000, 1.000000000000000000 ) ) ;
#1440 = ORIENTED_EDGE ( 'NONE', *, *, #1478, .F. ) ;
#1441 = DIRECTION ( 'NONE',  ( -0.000000000000000000, -1.000000000000000000, -0.000000000000000000 ) ) ;
#1442 = CARTESIAN_POINT ( 'NONE',  ( -8.492877935512469278, 3.000000000000000000, 0.2233515431303586540 ) ) ;
#1443 = CARTESIAN_POINT ( 'NONE',  ( 9.314906555393443810, 8.666666666666666075, -0.2816698653353589266 ) ) ;
#1444 = ORIENTED_EDGE ( 'NONE', *, *, #1095, .T. ) ;
#1445 = ADVANCED_FACE ( 'NONE', ( #1278 ), #47, .T. ) ;
#1446 = CARTESIAN_POINT ( 'NONE',  ( -2.477017581511673949, 20.00000000000000000, 8.838252223780163064 ) ) ;
#1447 = CYLINDRICAL_SURFACE ( 'NONE', #51, 7.500000000000000000 ) ;
#1448 = CARTESIAN_POINT ( 'NONE',  ( -2.506984897390299505, 3.000000000000002220, 5.809900459316524213 ) ) ;
#1449 = FACE_OUTER_BOUND ( 'NONE', #166, .T. ) ;
#1450 = FACE_OUTER_BOUND ( 'NONE', #538, .T. ) ;
#1451 =( LENGTH_UNIT ( ) NAMED_UNIT ( * ) SI_UNIT ( .MILLI., .METRE. ) );
#1452 = CARTESIAN_POINT ( 'NONE',  ( -8.725353858829180353, 8.666666666666666075, 1.927424976262731793 ) ) ;
#1453 = CARTESIAN_POINT ( 'NONE',  ( 9.148541094799229612, 20.00000000000000000, -2.654775915415517051 ) ) ;
#1454 = VERTEX_POINT ( 'NONE', #745 ) ;
#1455 = CARTESIAN_POINT ( 'NONE',  ( -5.218317140997449144, 8.666666666666666075, 2.322668460329728735 ) ) ;
#1456 = B_SPLINE_CURVE_WITH_KNOTS ( 'NONE', 3,
 ( #1431, #1014, #858, #890 ),
 .UNSPECIFIED., .F., .F.,
 ( 4, 4 ),
 ( 0.000000000000000000, 1.000000000000000000 ),
 .UNSPECIFIED. ) ;
#1457 = CARTESIAN_POINT ( 'NONE',  ( 0.000000000000000000, 12.49999999999999822, 0.000000000000000000 ) ) ;
#1458 = DIRECTION ( 'NONE',  ( 0.000000000000000000, -0.000000000000000000, 1.000000000000000000 ) ) ;
#1459 = CARTESIAN_POINT ( 'NONE',  ( 1.382606748254847862, 2.999999999999982681, 3.907041290369232200 ) ) ;
#1460 = CARTESIAN_POINT ( 'NONE',  ( -2.433298300297062067, 20.00000000000000355, 7.867409695867414676 ) ) ;
#1461 = CARTESIAN_POINT ( 'NONE',  ( 0.000000000000000000, 3.000000000000000000, 8.500000000000000000 ) ) ;
#1462 = CARTESIAN_POINT ( 'NONE',  ( 5.942709672139160126, 14.33333333333333393, -2.272781359611968810 ) ) ;
#1463 = ORIENTED_EDGE ( 'NONE', *, *, #656, .T. ) ;
#1464 = CARTESIAN_POINT ( 'NONE',  ( -7.086076098207879426, 3.000000000000000000, 2.507763828915157589 ) ) ;
#1465 = CARTESIAN_POINT ( 'NONE',  ( -8.168333031583461690, 12.49999999999999822, -2.351241264766884331 ) ) ;
#1466 = AXIS2_PLACEMENT_3D ( 'NONE', #1639, #1796, #1102 ) ;
#1467 = CARTESIAN_POINT ( 'NONE',  ( -0.07806213674667707159, 20.00000000000000000, 11.00718644766313403 ) ) ;
#1468 = ORIENTED_EDGE ( 'NONE', *, *, #884, .F. ) ;
#1469 = CARTESIAN_POINT ( 'NONE',  ( 10.96129654131325637, 20.00000000000000000, -0.4382001092188491653 ) ) ;
#1470 = CARTESIAN_POINT ( 'NONE',  ( 10.15526529575178927, 14.33333333333333393, 0.2447544781409583814 ) ) ;
#1471 = ADVANCED_FACE ( 'NONE', ( #1600 ), #519, .T. ) ;
#1472 = CARTESIAN_POINT ( 'NONE',  ( -5.705926844544136678, 20.00000000000000000, 0.5890405890734673466 ) ) ;
#1473 = CARTESIAN_POINT ( 'NONE',  ( -7.829396921153992217, 12.49999999999999822, 2.462745917552831010 ) ) ;
#1474 = CARTESIAN_POINT ( 'NONE',  ( 2.284527417083993317, 3.000000000000001776, 7.049783592795514586 ) ) ;
#1475 = CARTESIAN_POINT ( 'NONE',  ( -2.451983640195337433, 12.49999999999999822, 7.309778152660074468 ) ) ;
#1476 = ADVANCED_FACE ( 'NONE', ( #1590 ), #1054, .F. ) ;
#1477 = FACE_OUTER_BOUND ( 'NONE', #1207, .T. ) ;
#1478 = EDGE_CURVE ( 'NONE', #1531, #1059, #205, .T. ) ;
#1479 = CARTESIAN_POINT ( 'NONE',  ( 10.78672973061357432, 20.00000000000000355, -1.018028675052013332 ) ) ;
#1480 = ORIENTED_EDGE ( 'NONE', *, *, #379, .F. ) ;
#1481 = CARTESIAN_POINT ( 'NONE',  ( -8.466897737232674359, 3.000000000000000000, 0.4236545785176267787 ) ) ;
#1482 = CARTESIAN_POINT ( 'NONE',  ( 2.284527417083993317, 3.000000000000001776, 7.049783592795514586 ) ) ;
#1483 = CARTESIAN_POINT ( 'NONE',  ( -0.2163820349478376703, 3.000000000000001332, 8.499051099015577648 ) ) ;
#1484 = LOCAL_TIME ( 18, 35, 18.00000000000000000, #696 ) ;
#1485 = DIRECTION ( 'NONE',  ( 0.000000000000000000, 0.000000000000000000, 1.000000000000000000 ) ) ;
#1486 = ORIENTED_EDGE ( 'NONE', *, *, #110, .T. ) ;
#1487 = CARTESIAN_POINT ( 'NONE',  ( -7.121528445999269152, 3.000000000000000000, -2.492110482608692390 ) ) ;
#1488 = CARTESIAN_POINT ( 'NONE',  ( 0.1318337672300953223, 20.00000000000000355, 11.00519912094742203 ) ) ;
#1489 = AXIS2_PLACEMENT_3D ( 'NONE', #562, #1494, #676 ) ;
#1490 = CIRCLE ( 'NONE', #854, 7.500000000000000000 ) ;
#1491 = CARTESIAN_POINT ( 'NONE',  ( -0.5446690180458049202, 20.00000000000000711, 6.051176111158908633 ) ) ;
#1492 = CARTESIAN_POINT ( 'NONE',  ( 5.942709672139160126, 14.33333333333333393, -2.272781359611968810 ) ) ;
#1493 = CARTESIAN_POINT ( 'NONE',  ( 4.421382244900405212, 2.999999999999998668, -2.379449431465047837 ) ) ;
#1494 = DIRECTION ( 'NONE',  ( 0.000000000000000000, 1.000000000000000000, 0.000000000000000000 ) ) ;
#1495 = EDGE_LOOP ( 'NONE', ( #1040, #431, #1279, #657, #1029 ) ) ;
#1496 = CARTESIAN_POINT ( 'NONE',  ( 0.000000000000000000, 12.49999999999999822, 0.000000000000000000 ) ) ;
#1497 = CARTESIAN_POINT ( 'NONE',  ( 1.820879154206496819, 3.000000000000001332, 7.745139025088642271 ) ) ;
#1498 = DIRECTION ( 'NONE',  ( 0.000000000000000000, 0.000000000000000000, -1.000000000000000000 ) ) ;
#1499 = CARTESIAN_POINT ( 'NONE',  ( 0.000000000000000000, 10.49999999999999822, 0.000000000000000000 ) ) ;
#1500 = VERTEX_POINT ( 'NONE', #103 ) ;
#1501 = CARTESIAN_POINT ( 'NONE',  ( -0.6910551349062297177, 14.33333333333333393, -10.07237804527845881 ) ) ;
#1502 = VERTEX_POINT ( 'NONE', #1757 ) ;
#1503 = CARTESIAN_POINT ( 'NONE',  ( 6.038473955671417315, 20.00000000000000000, 0.4382408346983434622 ) ) ;
#1504 = CARTESIAN_POINT ( 'NONE',  ( 1.300025989407498805, 3.000000000000001776, 8.161259710903843612 ) ) ;
#1505 = CARTESIAN_POINT ( 'NONE',  ( -0.1938702170766781474, 3.000000000000000444, 3.499101777466789187 ) ) ;
#1506 = FACE_OUTER_BOUND ( 'NONE', #553, .T. ) ;
#1507 = CARTESIAN_POINT ( 'NONE',  ( 9.239208129628019961, 8.666666666666666075, -0.6814305919483591989 ) ) ;
#1508 = ORIENTED_EDGE ( 'NONE', *, *, #1276, .F. ) ;
#1509 = ORIENTED_EDGE ( 'NONE', *, *, #1418, .T. ) ;
#1510 = EDGE_CURVE ( 'NONE', #702, #414, #1253, .T. ) ;
#1511 = CARTESIAN_POINT ( 'NONE',  ( -8.178680860144638132, 11.83264814518847174, -2.315292376360866822 ) ) ;
#1512 = ADVANCED_FACE ( 'NONE', ( #926 ), #427, .T. ) ;
#1513 = CARTESIAN_POINT ( 'NONE',  ( 1.127726192839872743, 20.00000000000000711, 10.74060510008391311 ) ) ;
#1514 = CARTESIAN_POINT ( 'NONE',  ( 1.235003285288308605, 20.00000000000001066, 6.291255132360195290 ) ) ;
#1515 = CARTESIAN_POINT ( 'NONE',  ( 0.000000000000000000, 0.000000000000000000, 0.000000000000000000 ) ) ;
#1516 = AXIS2_PLACEMENT_3D ( 'NONE', #1118, #1647, #272 ) ;
#1517 = CARTESIAN_POINT ( 'NONE',  ( 8.500000000000000000, 20.00000000000000000, 0.000000000000000000 ) ) ;
#1518 = CARTESIAN_POINT ( 'NONE',  ( 0.000000000000000000, 10.49999999999999822, 0.000000000000000000 ) ) ;
#1519 = DIRECTION ( 'NONE',  ( 0.000000000000000000, 0.000000000000000000, 1.000000000000000000 ) ) ;
#1520 = ADVANCED_FACE ( 'NONE', ( #674 ), #1222, .T. ) ;
#1521 = CARTESIAN_POINT ( 'NONE',  ( 2.185179627262919588, 3.000000000000001776, 4.740594938986583351 ) ) ;
#1522 = CARTESIAN_POINT ( 'NONE',  ( 3.508288437566462026, 3.000000000000000000, 0.2034047433936140015 ) ) ;
#1523 = ADVANCED_FACE ( 'NONE', ( #1641 ), #1368, .T. ) ;
#1524 = CARTESIAN_POINT ( 'NONE',  ( -0.2856042787633760738, 8.666666666666666075, -9.316953098268474065 ) ) ;
#1525 = CARTESIAN_POINT ( 'NONE',  ( 10.99757412870050821, 20.00000000000000000, 0.1662489571278226996 ) ) ;
#1526 = EDGE_LOOP ( 'NONE', ( #1407, #207, #1112, #708 ) ) ;
#1527 = CARTESIAN_POINT ( 'NONE',  ( -7.080068775065004871, 10.49999999999999822, -2.474394095601896826 ) ) ;
#1528 = CARTESIAN_POINT ( 'NONE',  ( -0.4837752369967802668, 3.000000000000000000, -8.455664438243207570 ) ) ;
#1529 = COORDINATED_UNIVERSAL_TIME_OFFSET ( 0, 0, .AHEAD. ) ;
#1530 = CARTESIAN_POINT ( 'NONE',  ( -7.864639710183658039, 10.49999999999999467, 2.385151059583401789 ) ) ;
#1531 = VERTEX_POINT ( 'NONE', #557 ) ;
#1532 = DIRECTION ( 'NONE',  ( 0.000000000000000000, 1.000000000000000000, 0.000000000000000000 ) ) ;
#1533 = B_SPLINE_CURVE_WITH_KNOTS ( 'NONE', 3,
 ( #996, #50, #1700, #1271 ),
 .UNSPECIFIED., .F., .F.,
 ( 4, 4 ),
 ( 0.009376409429597460515, 0.01053709617293377768 ),
 .UNSPECIFIED. ) ;
#1534 = ORIENTED_EDGE ( 'NONE', *, *, #1204, .F. ) ;
#1535 = CARTESIAN_POINT ( 'NONE',  ( -0.2282579471497609980, 20.00000000000000000, -10.99051357024952402 ) ) ;
#1536 = CARTESIAN_POINT ( 'NONE',  ( 10.96129654131325637, 20.00000000000000000, -0.4382001092188491653 ) ) ;
#1537 = VERTEX_POINT ( 'NONE', #688 ) ;
#1538 = APPLICATION_CONTEXT ( 'configuration controlled 3d designs of mechanical parts and assemblies' ) ;
#1539 = CARTESIAN_POINT ( 'NONE',  ( 3.508288437566462026, 3.000000000000000000, 0.2034047433936140015 ) ) ;
#1540 = B_SPLINE_CURVE_WITH_KNOTS ( 'NONE', 3,
 ( #1475, #112, #1644, #527 ),
 .UNSPECIFIED., .F., .F.,
 ( 4, 4 ),
 ( 0.001336981478428388593, 0.001552999874728749940 ),
 .UNSPECIFIED. ) ;
#1541 = CARTESIAN_POINT ( 'NONE',  ( -0.4947989358937939786, 14.33333333333333393, -10.12012078739147469 ) ) ;
#1542 = CALENDAR_DATE ( 2026, 7, 9 ) ;
#1543 = DIRECTION ( 'NONE',  ( 0.000000000000000000, -0.000000000000000000, 1.000000000000000000 ) ) ;
#1544 = CIRCLE ( 'NONE', #1033, 2.500000000000002220 ) ;
#1545 = B_SPLINE_CURVE_WITH_KNOTS ( 'NONE', 3,
 ( #628, #905, #932, #916, #77, #1176, #1756, #229, #236, #507 ),
 .UNSPECIFIED., .F., .F.,
 ( 4, 1, 1, 1, 1, 2, 4 ),
 ( 0.007883840530441329347, 0.008080988398495586242, 0.008278136266549844871, 0.008475284134604105235, 0.008672432002658362130, 0.01182679789152649152, 0.01576975525261165370 ),
 .UNSPECIFIED. ) ;
#1546 = CARTESIAN_POINT ( 'NONE',  ( 1.661571438580493387, 14.33333333333333393, -5.344402318995114420 ) ) ;
#1547 = AXIS2_PLACEMENT_3D ( 'NONE', #987, #1532, #455 ) ;
#1548 = FACE_OUTER_BOUND ( 'NONE', #1526, .T. ) ;
#1549 = VERTEX_POINT ( 'NONE', #399 ) ;
#1550 = CARTESIAN_POINT ( 'NONE',  ( 2.357516334256926527, 8.666666666666666075, -8.215535233864217801 ) ) ;
#1551 = APPROVAL_STATUS ( 'not_yet_approved' ) ;
#1552 = CARTESIAN_POINT ( 'NONE',  ( -8.495794532855054371, 3.000000000000000000, -0.1879786236635111185 ) ) ;
#1553 = CARTESIAN_POINT ( 'NONE',  ( 0.000000000000000000, 0.000000000000000000, 0.000000000000000000 ) ) ;
#1554 = VERTEX_POINT ( 'NONE', #949 ) ;
#1555 = CARTESIAN_POINT ( 'NONE',  ( 8.198451858700959605, 10.49999999999999822, -2.243966826974685080 ) ) ;
#1556 = CARTESIAN_POINT ( 'NONE',  ( 10.13810154835334920, 14.33333333333333393, -0.3599349872771040459 ) ) ;
#1557 = ORIENTED_EDGE ( 'NONE', *, *, #110, .F. ) ;
#1558 = CARTESIAN_POINT ( 'NONE',  ( 9.307133664067363199, 8.666666666666666075, -0.3501507408092691120 ) ) ;
#1559 = CARTESIAN_POINT ( 'NONE',  ( -2.329716605503191929, 3.000000000000000000, -4.348868826634969764 ) ) ;
#1560 = CARTESIAN_POINT ( 'NONE',  ( -7.082940934139251965, 11.83338718475970097, 2.466190241468023459 ) ) ;
#1561 = ORIENTED_EDGE ( 'NONE', *, *, #1776, .F. ) ;
#1562 = CARTESIAN_POINT ( 'NONE',  ( -0.09187857625407019890, 20.00000000000000000, -11.00117665118023069 ) ) ;
#1563 = CARTESIAN_POINT ( 'NONE',  ( -2.368091015633946750, 3.000000000000001332, 5.172021908833592363 ) ) ;
#1564 = CARTESIAN_POINT ( 'NONE',  ( -8.466897737232674359, 3.000000000000000000, 0.4236545785176267787 ) ) ;
#1565 = ORIENTED_EDGE ( 'NONE', *, *, #655, .T. ) ;
#1566 = ADVANCED_FACE ( 'NONE', ( #1781, #1104 ), #1098, .T. ) ;
#1567 = CARTESIAN_POINT ( 'NONE',  ( 9.286174331790833847, 8.666666666666666075, -0.4851931225785388047 ) ) ;
#1568 = CARTESIAN_POINT ( 'NONE',  ( 8.023016643602634446, 12.49999999999999289, 2.422052037021078963 ) ) ;
#1569 = ADVANCED_FACE ( 'NONE', ( #1317 ), #1447, .F. ) ;
#1570 = CARTESIAN_POINT ( 'NONE',  ( 0.1101014508461221481, 20.00000000000000000, -11.00058899429399162 ) ) ;
#1571 = CARTESIAN_POINT ( 'NONE',  ( -10.98072327140597082, 20.00000000000000000, 0.3332862111871563449 ) ) ;
#1572 = CARTESIAN_POINT ( 'NONE',  ( -2.448370329376801102, 11.41721361510800214, 7.089110150803648480 ) ) ;
#1573 = CARTESIAN_POINT ( 'NONE',  ( 0.000000000000000000, 3.000000000000000000, 0.000000000000000000 ) ) ;
#1574 = CARTESIAN_POINT ( 'NONE',  ( -2.368091015633946306, 2.999999999999981792, 5.172021908833587922 ) ) ;
#1575 = ADVANCED_FACE ( 'NONE', ( #925 ), #788, .T. ) ;
#1576 = CARTESIAN_POINT ( 'NONE',  ( -2.511984568977159604, 20.00000000000000711, 8.394906535256673408 ) ) ;
#1577 = CARTESIAN_POINT ( 'NONE',  ( -9.289874015401382579, 8.666666666666666075, 0.3233102967323442378 ) ) ;
#1578 = AXIS2_PLACEMENT_3D ( 'NONE', #1312, #1292, #1038 ) ;
#1579 = CARTESIAN_POINT ( 'NONE',  ( 10.86041267859276083, 20.00000000000000000, -0.8327782625652440096 ) ) ;
#1580 = DIRECTION ( 'NONE',  ( 0.000000000000000000, 1.000000000000000000, 0.000000000000000000 ) ) ;
#1581 = CARTESIAN_POINT ( 'NONE',  ( -2.302767675613424103, 11.16590444030585516, -8.182331028914470394 ) ) ;
#1582 = CARTESIAN_POINT ( 'NONE',  ( 2.187764188215860717, 10.49999999999999822, 8.213628178628505694 ) ) ;
#1583 = B_SPLINE_CURVE_WITH_KNOTS ( 'NONE', 3,
 ( #718, #999, #1415, #749 ),
 .UNSPECIFIED., .F., .F.,
 ( 4, 4 ),
 ( 0.000000000000000000, 1.000000000000000000 ),
 .UNSPECIFIED. ) ;
#1584 = CARTESIAN_POINT ( 'NONE',  ( -4.637973333769162210, 3.000000000016641799, -2.509720497203745904 ) ) ;
#1585 = DIRECTION ( 'NONE',  ( 0.000000000000000000, 1.000000000000000000, 0.000000000000000000 ) ) ;
#1586 = CARTESIAN_POINT ( 'NONE',  ( -10.74335965403067661, 20.00000000000000000, 1.110137428668180659 ) ) ;
#1587 = CARTESIAN_POINT ( 'NONE',  ( 3.620550568534953939, 3.000000000000000000, 1.578617755099622100 ) ) ;
#1588 = CARTESIAN_POINT ( 'NONE',  ( -3.490279502796533873, 3.000000000000000000, 1.362026666233774108 ) ) ;
#1589 = DIRECTION ( 'NONE',  ( 0.000000000000000000, 0.000000000000000000, 1.000000000000000000 ) ) ;
#1590 = FACE_OUTER_BOUND ( 'NONE', #1421, .T. ) ;
#1591 = FACE_OUTER_BOUND ( 'NONE', #762, .T. ) ;
#1592 = CARTESIAN_POINT ( 'NONE',  ( 2.490677177572092393, 2.999999999999982236, 5.657015586020820663 ) ) ;
#1593 = CARTESIAN_POINT ( 'NONE',  ( -6.109002439922895711, 20.00000000000000000, -0.7305595951486993922 ) ) ;
#1594 = CARTESIAN_POINT ( 'NONE',  ( -8.087760541728782115, 3.000000000000000000, 1.753102788398975154 ) ) ;
#1595 = ORIENTED_EDGE ( 'NONE', *, *, #551, .T. ) ;
#1596 = CARTESIAN_POINT ( 'NONE',  ( 5.745385689190487533, 8.666666666666666075, 2.637031048581713222 ) ) ;
#1597 = ORIENTED_EDGE ( 'NONE', *, *, #556, .T. ) ;
#1598 = CARTESIAN_POINT ( 'NONE',  ( -3.509846185679615704, 3.000000000000000000, -1.397479014025163835 ) ) ;
#1599 = CARTESIAN_POINT ( 'NONE',  ( 2.507279818049128028, 12.49999999999999645, -7.479646393557168871 ) ) ;
#1600 = FACE_OUTER_BOUND ( 'NONE', #1132, .T. ) ;
#1601 = EDGE_CURVE ( 'NONE', #1655, #1350, #61, .T. ) ;
#1602 = FACE_OUTER_BOUND ( 'NONE', #74, .T. ) ;
#1603 = DIRECTION ( 'NONE',  ( 0.000000000000000000, 0.000000000000000000, 1.000000000000000000 ) ) ;
#1604 = CARTESIAN_POINT ( 'NONE',  ( -5.834113296020062123, 14.33333333333333393, 2.155183106339073618 ) ) ;
#1605 = VERTEX_POINT ( 'NONE', #659 ) ;
#1606 = CARTESIAN_POINT ( 'NONE',  ( 9.322679446719522645, 8.666666666666666075, -0.2131889898614489909 ) ) ;
#1607 = ORIENTED_EDGE ( 'NONE', *, *, #328, .F. ) ;
#1608 = CARTESIAN_POINT ( 'NONE',  ( -10.04791261274447223, 14.33333333333333393, 0.6915051146978873353 ) ) ;
#1609 = CARTESIAN_POINT ( 'NONE',  ( -2.454681685853319806, 10.50000000000000000, 7.243349708913233265 ) ) ;
#1610 = EDGE_CURVE ( 'NONE', #1655, #1554, #225, .T. ) ;
#1611 = CARTESIAN_POINT ( 'NONE',  ( 2.346640811341665245, 20.00000000000000000, 9.424331116893100102 ) ) ;
#1612 = CARTESIAN_POINT ( 'NONE',  ( -7.121528446002368007, 3.000000000016641799, -2.492110482608277167 ) ) ;
#1613 = DIRECTION ( 'NONE',  ( 0.000000000000000000, 0.000000000000000000, 1.000000000000000000 ) ) ;
#1614 = CARTESIAN_POINT ( 'NONE',  ( 2.453604340589015553, 10.50000000000000000, 7.087300313930714246 ) ) ;
#1615 = ORIENTED_EDGE ( 'NONE', *, *, #1711, .T. ) ;
#1616 = CARTESIAN_POINT ( 'NONE',  ( -10.14470130114334623, 14.33333333333333393, 0.09264749644943244544 ) ) ;
#1617 = MANIFOLD_SOLID_BREP ( 'Boss-Extrude2', #969 ) ;
#1618 = CARTESIAN_POINT ( 'NONE',  ( -2.295492559684641165, 10.50000000000000178, 8.001557644704131889 ) ) ;
#1619 = CARTESIAN_POINT ( 'NONE',  ( -0.6832913999662678650, 19.99999999999999645, 10.91279083510810821 ) ) ;
#1620 = CARTESIAN_POINT ( 'NONE',  ( -2.420295751628767089, 3.000000000000000888, 5.373708409499917238 ) ) ;
#1621 = CARTESIAN_POINT ( 'NONE',  ( 8.428605855145649528, 3.000000000000000000, -0.6057567566399167935 ) ) ;
#1622 = CARTESIAN_POINT ( 'NONE',  ( 8.397949285189884705, 14.33333333333333393, -2.630357699346454581 ) ) ;
#1623 = CARTESIAN_POINT ( 'NONE',  ( -4.228828616712401178, 8.666666666666666075, 1.104364640513671780 ) ) ;
#1624 = B_SPLINE_CURVE_WITH_KNOTS ( 'NONE', 3,
 ( #377, #492, #927, #359 ),
 .UNSPECIFIED., .F., .F.,
 ( 4, 4 ),
 ( 1.563658610346375418E-17, 0.002004789393734959010 ),
 .UNSPECIFIED. ) ;
#1625 = CARTESIAN_POINT ( 'NONE',  ( 2.472472340852745365, 3.000000000000000000, 6.424597811459187291 ) ) ;
#1626 = B_SPLINE_CURVE_WITH_KNOTS ( 'NONE', 3,
 ( #1047, #764, #1749, #1593 ),
 .UNSPECIFIED., .F., .F.,
 ( 4, 4 ),
 ( 0.000000000000000000, 1.000000000000000000 ),
 .UNSPECIFIED. ) ;
#1627 = CARTESIAN_POINT ( 'NONE',  ( 2.012899437272221093, 20.00000000000000355, 6.980346432064104434 ) ) ;
#1628 = PLANE ( 'NONE',  #19 ) ;
#1629 = CARTESIAN_POINT ( 'NONE',  ( 9.307133664067363199, 8.666666666666666075, -0.3501507408092691120 ) ) ;
#1630 = ORIENTED_EDGE ( 'NONE', *, *, #1325, .F. ) ;
#1631 = CARTESIAN_POINT ( 'NONE',  ( -0.2911819135289127614, 14.33333333333333393, -10.14963868303295591 ) ) ;
#1632 = EDGE_CURVE ( 'NONE', #1554, #1784, #983, .T. ) ;
#1633 = CARTESIAN_POINT ( 'NONE',  ( 8.198451858700959605, 10.49999999999999822, -2.243966826974685080 ) ) ;
#1634 = DIRECTION ( 'NONE',  ( 0.000000000000000000, 0.000000000000000000, 1.000000000000000000 ) ) ;
#1635 = CARTESIAN_POINT ( 'NONE',  ( -0.2800266439978393862, 3.000000000000000000, -8.484267513503992220 ) ) ;
#1636 = CARTESIAN_POINT ( 'NONE',  ( 6.896765665971193116, 3.000000000000000000, -2.581521267208331416 ) ) ;
#1637 = CARTESIAN_POINT ( 'NONE',  ( -2.346711465900074067, 12.49999999999999645, 8.115891906139101053 ) ) ;
#1638 = CARTESIAN_POINT ( 'NONE',  ( -0.4947989358937939786, 14.33333333333333393, -10.12012078739147469 ) ) ;
#1639 = CARTESIAN_POINT ( 'NONE',  ( 0.000000000000000000, 10.49999999999999822, 0.000000000000000000 ) ) ;
#1640 = CARTESIAN_POINT ( 'NONE',  ( -0.07806213674667707159, 20.00000000000000000, 11.00718644766313403 ) ) ;
#1641 = FACE_OUTER_BOUND ( 'NONE', #134, .T. ) ;
#1642 = PERSON_AND_ORGANIZATION_ROLE ( 'design_owner' ) ;
#1643 = CC_DESIGN_PERSON_AND_ORGANIZATION_ASSIGNMENT ( #856, #1012, ( #418 ) ) ;
#1644 = CARTESIAN_POINT ( 'NONE',  ( -2.444108182938256046, 12.49999999999999645, 7.168541137860492185 ) ) ;
#1645 = CARTESIAN_POINT ( 'NONE',  ( 10.04981040411039039, 14.33333333333333393, -0.7571044272568016043 ) ) ;
#1646 = ORIENTED_EDGE ( 'NONE', *, *, #560, .F. ) ;
#1647 = DIRECTION ( 'NONE',  ( 0.000000000000000000, 1.000000000000000000, 0.000000000000000000 ) ) ;
#1648 = B_SPLINE_CURVE_WITH_KNOTS ( 'NONE', 3,
 ( #852, #883, #1704, #162 ),
 .UNSPECIFIED., .F., .F.,
 ( 4, 4 ),
 ( 0.008622174089855676529, 0.009011527065372620590 ),
 .UNSPECIFIED. ) ;
#1649 = CARTESIAN_POINT ( 'NONE',  ( -0.5003107853423007789, 20.00000000000000000, -10.95234896196561003 ) ) ;
#1650 = EDGE_CURVE ( 'NONE', #731, #117, #1308, .T. ) ;
#1651 = CARTESIAN_POINT ( 'NONE',  ( 0.000000000000000000, 12.49999999999999822, 0.000000000000000000 ) ) ;
#1652 = CARTESIAN_POINT ( 'NONE',  ( -2.185179627262919144, 3.000000000000002665, 7.259405061013417537 ) ) ;
#1653 = CARTESIAN_POINT ( 'NONE',  ( -2.511984568977159604, 20.00000000000000711, 8.394906535256673408 ) ) ;
#1654 = CARTESIAN_POINT ( 'NONE',  ( -2.499951125128734741, 10.49999999999999822, -7.071085091551902124 ) ) ;
#1655 = VERTEX_POINT ( 'NONE', #1166 ) ;
#1656 = EDGE_CURVE ( 'NONE', #1106, #1549, #1545, .T. ) ;
#1657 = CARTESIAN_POINT ( 'NONE',  ( -0.3541416301238451414, 8.666666666666666075, -9.309071633851086602 ) ) ;
#1658 = VERTEX_POINT ( 'NONE', #770 ) ;
#1659 = CARTESIAN_POINT ( 'NONE',  ( -10.89088545390213980, 20.00000000000000000, 0.7305249799419271106 ) ) ;
#1660 = CARTESIAN_POINT ( 'NONE',  ( -2.607908239904630943, 2.999999999999996003, -6.816856979495911517 ) ) ;
#1661 = EDGE_CURVE ( 'NONE', #495, #1356, #1218, .T. ) ;
#1662 = EDGE_CURVE ( 'NONE', #251, #387, #814, .T. ) ;
#1663 = CARTESIAN_POINT ( 'NONE',  ( -0.3485818704661987066, 3.000000000000000000, -8.476539968103953271 ) ) ;
#1664 = AXIS2_PLACEMENT_3D ( 'NONE', #938, #815, #1485 ) ;
#1665 = CARTESIAN_POINT ( 'NONE',  ( -7.080085038159853461, 10.50000000000027889, 2.474347560952557146 ) ) ;
#1666 = AXIS2_PLACEMENT_3D ( 'NONE', #1309, #789, #640 ) ;
#1667 = VERTEX_POINT ( 'NONE', #1073 ) ;
#1668 = DIRECTION ( 'NONE',  ( 0.000000000000000000, 1.000000000000000000, 0.000000000000000000 ) ) ;
#1669 = B_SPLINE_CURVE_WITH_KNOTS ( 'NONE', 3,
 ( #569, #692, #681, #1227, #415, #978, #1357, #1493, #1792, #1522 ),
 .UNSPECIFIED., .F., .F.,
 ( 4, 1, 1, 1, 1, 2, 4 ),
 ( 0.007883844430733751713, 0.008080992405770866943, 0.008278140380807982174, 0.008475288355845100874, 0.008672436330882217839, 0.01182680393147607714, 0.01576976343221839910 ),
 .UNSPECIFIED. ) ;
#1670 = CARTESIAN_POINT ( 'NONE',  ( 8.210697206251255764, 8.666666666666666075, 2.357206960842828547 ) ) ;
#1671 = EDGE_LOOP ( 'NONE', ( #1695, #810, #1382, #792 ) ) ;
#1672 = CARTESIAN_POINT ( 'NONE',  ( 2.445744709985908205, 11.83338181774810494, 7.090025743213873355 ) ) ;
#1673 = CARTESIAN_POINT ( 'NONE',  ( 0.4857023660876988447, 20.00000000000001066, 6.039071152569435164 ) ) ;
#1674 = B_SPLINE_CURVE_WITH_KNOTS ( 'NONE', 3,
 ( #412, #199, #1295, #1390 ),
 .UNSPECIFIED., .F., .F.,
 ( 4, 4 ),
 ( 0.000000000000000000, 0.002000112310333228803 ),
 .UNSPECIFIED. ) ;
#1675 = CARTESIAN_POINT ( 'NONE',  ( 2.643679685061026685, 14.33333333333333393, -6.587459055143999542 ) ) ;
#1676 = CARTESIAN_POINT ( 'NONE',  ( 7.879735467074475253, 12.49999999999999289, 2.454694910488894877 ) ) ;
#1677 = ORIENTED_EDGE ( 'NONE', *, *, #783, .T. ) ;
#1678 = CARTESIAN_POINT ( 'NONE',  ( -8.472657360618091715, 3.000000000000000000, -0.3886299330260154505 ) ) ;
#1679 = VERTEX_POINT ( 'NONE', #94 ) ;
#1680 = CARTESIAN_POINT ( 'NONE',  ( 2.351295428564073031, 20.00000000000000000, -9.892785166609471048 ) ) ;
#1681 = CARTESIAN_POINT ( 'NONE',  ( 10.14803422445708492, 14.33333333333333393, -0.2917338869145840174 ) ) ;
#1682 = ORIENTED_EDGE ( 'NONE', *, *, #689, .T. ) ;
#1683 = CARTESIAN_POINT ( 'NONE',  ( 8.491711562433536642, 3.000000000000000000, -0.2034047433936138349 ) ) ;
#1684 = CARTESIAN_POINT ( 'NONE',  ( 1.544417299393044951, 20.00000000000000711, 6.506037533842071952 ) ) ;
#1685 = CARTESIAN_POINT ( 'NONE',  ( -0.4892870864452871782, 8.666666666666666075, -9.287892612817341131 ) ) ;
#1686 = ORIENTED_EDGE ( 'NONE', *, *, #1082, .T. ) ;
#1687 = CARTESIAN_POINT ( 'NONE',  ( -2.326843813465956590, 12.50000000000000000, 8.175316377225728459 ) ) ;
#1688 = ORIENTED_EDGE ( 'NONE', *, *, #384, .F. ) ;
#1689 = CARTESIAN_POINT ( 'NONE',  ( -0.08064172117730836198, 8.666666666666666075, -9.334884856342350545 ) ) ;
#1690 = CARTESIAN_POINT ( 'NONE',  ( 9.113837881024890564, 8.666666666666666075, 1.488825059385106897 ) ) ;
#1691 = EDGE_LOOP ( 'NONE', ( #444, #1322 ) ) ;
#1692 = DIRECTION ( 'NONE',  ( 0.000000000000000000, 1.000000000000000000, 0.000000000000000000 ) ) ;
#1693 = B_SPLINE_CURVE_WITH_KNOTS ( 'NONE', 3,
 ( #672, #545, #1213, #963, #530, #973 ),
 .UNSPECIFIED., .F., .F.,
 ( 4, 2, 4 ),
 ( 0.009475447098922333555, 0.01019727519541005836, 0.01042307484251120756 ),
 .UNSPECIFIED. ) ;
#1694 = CARTESIAN_POINT ( 'NONE',  ( -2.325990476587371347, 8.666666666666666075, -5.176982027360571337 ) ) ;
#1695 = ORIENTED_EDGE ( 'NONE', *, *, #234, .F. ) ;
#1696 = CARTESIAN_POINT ( 'NONE',  ( -10.99946861161452105, 20.00000000000000000, 0.1348032034260698842 ) ) ;
#1697 = CARTESIAN_POINT ( 'NONE',  ( 8.198239176364189973, 10.49999999999999467, 2.244743728608586952 ) ) ;
#1698 = CIRCLE ( 'NONE', #1664, 7.500000000000000000 ) ;
#1699 = B_SPLINE_CURVE_WITH_KNOTS ( 'NONE', 3,
 ( #1665, #58, #1530, #67 ),
 .UNSPECIFIED., .F., .F.,
 ( 4, 4 ),
 ( 0.009314838663052306400, 0.01047744261476982880 ),
 .UNSPECIFIED. ) ;
#1700 = CARTESIAN_POINT ( 'NONE',  ( 7.856031275398929203, 10.49999999999999645, -2.411644426886944803 ) ) ;
#1701 = AXIS2_PLACEMENT_3D ( 'NONE', #165, #309, #878 ) ;
#1702 = CIRCLE ( 'NONE', #453, 8.500000000000000000 ) ;
#1703 = CARTESIAN_POINT ( 'NONE',  ( 11.00279352238910491, 20.00000000000000000, -0.03304893568327928188 ) ) ;
#1704 = CARTESIAN_POINT ( 'NONE',  ( 2.456287646603630748, 12.49999999999999645, 7.363426660019680270 ) ) ;
#1705 = CARTESIAN_POINT ( 'NONE',  ( 1.651131173365030680, 3.000000000000000000, -3.670283394496805851 ) ) ;
#1706 = CARTESIAN_POINT ( 'NONE',  ( -5.705926844544136678, 20.00000000000000000, 0.5890405890734673466 ) ) ;
#1707 = DIRECTION ( 'NONE',  ( 0.000000000000000000, -0.000000000000000000, 1.000000000000000000 ) ) ;
#1708 = EDGE_CURVE ( 'NONE', #1265, #264, #1065, .T. ) ;
#1709 = CARTESIAN_POINT ( 'NONE',  ( -0.07502329363892744352, 3.000000000000000000, -8.501738958923411360 ) ) ;
#1710 = CARTESIAN_POINT ( 'NONE',  ( 0.3255052506085301944, 2.999999999999994671, -8.481846404579950871 ) ) ;
#1711 = EDGE_CURVE ( 'NONE', #795, #714, #552, .T. ) ;
#1712 = CARTESIAN_POINT ( 'NONE',  ( 9.314906555393443810, 8.666666666666666075, -0.2816698653353589266 ) ) ;
#1713 = CARTESIAN_POINT ( 'NONE',  ( 1.547185145588216848, 3.000000000000000000, 4.026509468854564844 ) ) ;
#1714 = DIRECTION ( 'NONE',  ( 0.000000000000000000, 1.000000000000000000, 0.000000000000000000 ) ) ;
#1715 = CARTESIAN_POINT ( 'NONE',  ( -0.6964602464003157856, 20.00000000000000000, -10.90416529653155386 ) ) ;
#1716 = EDGE_CURVE ( 'NONE', #213, #203, #889, .T. ) ;
#1717 = CARTESIAN_POINT ( 'NONE',  ( -8.178807476308611157, 11.83264892055473183, 2.314849936073546832 ) ) ;
#1718 = EDGE_LOOP ( 'NONE', ( #734, #544, #65, #920 ) ) ;
#1719 = CARTESIAN_POINT ( 'NONE',  ( 1.022951645117456287, 2.999999999999982236, 3.709662140143810571 ) ) ;
#1720 = B_SPLINE_CURVE_WITH_KNOTS ( 'NONE', 3,
 ( #582, #302, #710, #283, #724, #144 ),
 .UNSPECIFIED., .F., .F.,
 ( 4, 2, 4 ),
 ( 0.0004731450921920194916, 0.001317611292983287370, 0.001631964079388667586 ),
 .UNSPECIFIED. ) ;
#1721 = CARTESIAN_POINT ( 'NONE',  ( -10.09390268785539924, 14.33333333333333393, 0.4929253779265163060 ) ) ;
#1722 = CARTESIAN_POINT ( 'NONE',  ( 9.239208129628019961, 8.666666666666666075, -0.6814305919483591989 ) ) ;
#1723 = LOCAL_TIME ( 18, 35, 18.00000000000000000, #1726 ) ;
#1724 = CARTESIAN_POINT ( 'NONE',  ( 7.079023453571978486, 12.50000000000000000, 2.477383083775666961 ) ) ;
#1725 = CARTESIAN_POINT ( 'NONE',  ( -7.322618989338340434, 12.49999999999999112, -2.484994750385078888 ) ) ;
#1726 = COORDINATED_UNIVERSAL_TIME_OFFSET ( 0, 0, .AHEAD. ) ;
#1727 = EDGE_CURVE ( 'NONE', #1242, #227, #424, .T. ) ;
#1728 = CARTESIAN_POINT ( 'NONE',  ( 2.244100858437810597, 11.16592985498004609, 8.198622465329282960 ) ) ;
#1729 = CARTESIAN_POINT ( 'NONE',  ( -8.433971586215847083, 3.000000000016641799, -0.5842067798352702512 ) ) ;
#1730 = CARTESIAN_POINT ( 'NONE',  ( 1.547185145588217736, 2.999999999999980460, 4.026509468854562179 ) ) ;
#1731 = CARTESIAN_POINT ( 'NONE',  ( -9.270395274128469865, 8.666666666666666075, 0.4574283289141229392 ) ) ;
#1732 = AXIS2_PLACEMENT_3D ( 'NONE', #1036, #1585, #901 ) ;
#1733 = CARTESIAN_POINT ( 'NONE',  ( 9.113837881024890564, 8.666666666666666075, 1.488825059385106897 ) ) ;
#1734 =( GEOMETRIC_REPRESENTATION_CONTEXT ( 3 ) GLOBAL_UNCERTAINTY_ASSIGNED_CONTEXT ( ( #281 ) ) GLOBAL_UNIT_ASSIGNED_CONTEXT ( ( #1451, #350, #632 ) ) REPRESENTATION_CONTEXT ( 'NONE', 'WORKASPACE' ) );
#1735 = AXIS2_PLACEMENT_3D ( 'NONE', #1573, #1299, #89 ) ;
#1736 = ORIENTED_EDGE ( 'NONE', *, *, #368, .T. ) ;
#1737 = CARTESIAN_POINT ( 'NONE',  ( -6.449909451042675990, 20.00000000000000000, 1.987697752348419389 ) ) ;
#1738 = CARTESIAN_POINT ( 'NONE',  ( 2.381248832081318767, 12.49999999999999645, -8.159635653612935968 ) ) ;
#1739 = CARTESIAN_POINT ( 'NONE',  ( -1.022951645117454733, 3.000000000000001332, 8.290337859856185432 ) ) ;
#1740 = PLANE ( 'NONE',  #1225 ) ;
#1741 = CARTESIAN_POINT ( 'NONE',  ( 9.314906555393443810, 8.666666666666666075, -0.2816698653353589266 ) ) ;
#1742 = CARTESIAN_POINT ( 'NONE',  ( -7.086076098207879426, 3.000000000000000000, 2.507763828915157589 ) ) ;
#1743 = CARTESIAN_POINT ( 'NONE',  ( 7.303575152758419620, 3.000000000000000000, 2.401901857658743644 ) ) ;
#1744 = ORIENTED_EDGE ( 'NONE', *, *, #750, .T. ) ;
#1745 = CARTESIAN_POINT ( 'NONE',  ( -11.01641175430586550, 20.00000000000000000, -1.048706512368064780 ) ) ;
#1746 = CARTESIAN_POINT ( 'NONE',  ( -2.448370329376801102, 11.41721361510800214, 7.089110150803648480 ) ) ;
#1747 = CARTESIAN_POINT ( 'NONE',  ( 0.1318337672300953223, 20.00000000000000355, 11.00519912094742203 ) ) ;
#1748 = CARTESIAN_POINT ( 'NONE',  ( 0.000000000000000000, 12.49999999999999822, 0.000000000000000000 ) ) ;
#1749 = CARTESIAN_POINT ( 'NONE',  ( -5.239430645477930248, 14.33333333333333393, -0.4929253779265166391 ) ) ;
#1750 = CARTESIAN_POINT ( 'NONE',  ( 0.9675673266922903970, 2.999999999999994227, 8.338290074673292196 ) ) ;
#1751 = ORIENTED_EDGE ( 'NONE', *, *, #126, .T. ) ;
#1752 = CARTESIAN_POINT ( 'NONE',  ( 8.470647629854351379, 3.000000000000000000, 0.4017655201672297727 ) ) ;
#1753 = ADVANCED_FACE ( 'NONE', ( #546 ), #249, .T. ) ;
#1754 = EDGE_LOOP ( 'NONE', ( #1129, #235, #786, #945 ) ) ;
#1755 = CARTESIAN_POINT ( 'NONE',  ( -8.725353858829180353, 8.666666666666666075, 1.927424976262731793 ) ) ;
#1756 = CARTESIAN_POINT ( 'NONE',  ( -7.086076098209581176, 3.000000000016641799, 2.507763828915359205 ) ) ;
#1757 = CARTESIAN_POINT ( 'NONE',  ( -8.206292621655219222, 10.50000000000000178, -2.215121081965337524 ) ) ;
#1758 = DIRECTION ( 'NONE',  ( 0.000000000000000000, 1.000000000000000000, 0.000000000000000000 ) ) ;
#1759 = CARTESIAN_POINT ( 'NONE',  ( -2.420295751628767089, 3.000000000000000888, 5.373708409499917238 ) ) ;
#1760 = CARTESIAN_POINT ( 'NONE',  ( 6.662579646693369995, 14.33333333333333393, 2.670088403761397444 ) ) ;
#1761 = AXIS2_PLACEMENT_3D ( 'NONE', #184, #1435, #467 ) ;
#1762 = CARTESIAN_POINT ( 'NONE',  ( -10.14430293648079129, 14.33333333333333393, -0.1048667909946114363 ) ) ;
#1763 = AXIS2_PLACEMENT_3D ( 'NONE', #1178, #900, #641 ) ;
#1764 = AXIS2_PLACEMENT_3D ( 'NONE', #1025, #754, #319 ) ;
#1765 = DIRECTION ( 'NONE',  ( 0.000000000000000000, 0.000000000000000000, 1.000000000000000000 ) ) ;
#1766 = B_SPLINE_CURVE_WITH_KNOTS ( 'NONE', 3,
 ( #69, #1298, #1717, #38 ),
 .UNSPECIFIED., .F., .F.,
 ( 4, 4 ),
 ( 7.217097285426364691E-16, 0.002005037111034824009 ),
 .UNSPECIFIED. ) ;
#1767 = CARTESIAN_POINT ( 'NONE',  ( -2.174603635207558394, 20.00000000000000000, 9.761828094810541145 ) ) ;
#1768 = DIRECTION ( 'NONE',  ( 0.000000000000000000, -0.000000000000000000, 1.000000000000000000 ) ) ;
#1769 = CARTESIAN_POINT ( 'NONE',  ( 5.182045958519768902, 8.666666666666666075, -2.326115395538506991 ) ) ;
#1770 = ORIENTED_EDGE ( 'NONE', *, *, #1380, .T. ) ;
#1771 = DIRECTION ( 'NONE',  ( 0.000000000000000000, 0.000000000000000000, -1.000000000000000000 ) ) ;
#1772 = ORIENTED_EDGE ( 'NONE', *, *, #1068, .F. ) ;
#1773 = CARTESIAN_POINT ( 'NONE',  ( -9.270395274128469865, 8.666666666666666075, 0.4574283289141229392 ) ) ;
#1774 = CARTESIAN_POINT ( 'NONE',  ( -0.4245978114591850150, 3.000000000000000000, 8.472472340852743145 ) ) ;
#1775 = CARTESIAN_POINT ( 'NONE',  ( 2.448823888841091367, 20.00000000000000355, 7.955330981954197078 ) ) ;
#1776 = EDGE_CURVE ( 'NONE', #1549, #264, #1626, .T. ) ;
#1777 = CARTESIAN_POINT ( 'NONE',  ( 10.26294383161261159, 20.00000000000000000, -2.079457264016497664 ) ) ;
#1778 = DIRECTION ( 'NONE',  ( 0.000000000000000000, 0.000000000000000000, 1.000000000000000000 ) ) ;
#1779 = CARTESIAN_POINT ( 'NONE',  ( -8.499937155761923435, 3.000000000000000000, 0.01772617389569484253 ) ) ;
#1780 = DIRECTION ( 'NONE',  ( 0.000000000000000000, 1.000000000000000000, 0.000000000000000000 ) ) ;
#1781 = FACE_BOUND ( 'NONE', #1383, .T. ) ;
#1782 = CARTESIAN_POINT ( 'NONE',  ( 7.072522207456398924, 11.16672850722386201, -2.495882944848876406 ) ) ;
#1783 = CARTESIAN_POINT ( 'NONE',  ( 9.177428168842283185, 8.666666666666667851, -0.8707739622856591755 ) ) ;
#1784 = VERTEX_POINT ( 'NONE', #910 ) ;
#1785 = CARTESIAN_POINT ( 'NONE',  ( -0.2967595482944495044, 20.00000000000000000, -10.98232426779743776 ) ) ;
#1786 = B_SPLINE_CURVE_WITH_KNOTS ( 'NONE', 3,
 ( #448, #725, #25, #735, #1123, #1408 ),
 .UNSPECIFIED., .F., .F.,
 ( 4, 2, 4 ),
 ( 0.0004649873938172065322, 0.001275064674872466736, 0.001625658754436707428 ),
 .UNSPECIFIED. ) ;
#1787 = ORIENTED_EDGE ( 'NONE', *, *, #1341, .T. ) ;
#1788 = CARTESIAN_POINT ( 'NONE',  ( 2.445309542942275982, 10.49999999999999822, 7.303697064275700868 ) ) ;
#1789 = CARTESIAN_POINT ( 'NONE',  ( -1.544417299393044507, 20.00000000000000000, 10.49396246615793338 ) ) ;
#1790 = AXIS2_PLACEMENT_3D ( 'NONE', #1211, #790, #533 ) ;
#1791 = CARTESIAN_POINT ( 'NONE',  ( 2.174603635207558394, 20.00000000000000355, 7.238171905189462407 ) ) ;
#1792 = CARTESIAN_POINT ( 'NONE',  ( 3.396026306598011857, 2.999999999999998668, -1.171808268312447110 ) ) ;
#1793 = VERTEX_POINT ( 'NONE', #1320 ) ;
#1794 = CARTESIAN_POINT ( 'NONE',  ( 8.160606054711809776, 12.49999999999999822, -2.377921113045413204 ) ) ;
#1795 = ORIENTED_EDGE ( 'NONE', *, *, #939, .F. ) ;
#1796 = DIRECTION ( 'NONE',  ( 0.000000000000000000, 1.000000000000000000, 0.000000000000000000 ) ) ;
#1797 = CARTESIAN_POINT ( 'NONE',  ( -0.3485818704661985401, 2.999999999999996003, -8.476539968103953271 ) ) ;
#1798 = EDGE_CURVE ( 'NONE', #592, #312, #1090, .T. ) ;
#1799 = CARTESIAN_POINT ( 'NONE',  ( -0.1318337672300962382, 20.00000000000000711, 5.994800879052584186 ) ) ;
ENDSEC;
END-ISO-10303-21;
