ISO-10303-21;
HEADER;
FILE_DESCRIPTION (( 'STEP AP214' ),
    '1' );
FILE_NAME ('BookshelfAssem.STEP',
    '2026-09-07T17:38:08',
    ( '' ),
    ( '' ),
    'SwSTEP 2.0',
    'SolidWorks 2026',
    '' );
FILE_SCHEMA (( 'AUTOMOTIVE_DESIGN' ));
ENDSEC;

DATA;
#1 = FACE_OUTER_BOUND ( 'NONE', #761, .T. ) ;
#2 = CARTESIAN_POINT ( 'NONE',  ( 3.107504231541784202E-15, -23.99999999999999645, 2.585786437626904632 ) ) ;
#3 = ORIENTED_EDGE ( 'NONE', *, *, #1234, .T. ) ;
#4 = DIRECTION ( 'NONE',  ( 0.000000000000000000, -1.000000000000000000, -1.222712582186295884E-16 ) ) ;
#5 = ORIENTED_EDGE ( 'NONE', *, *, #1080, .F. ) ;
#6 = CARTESIAN_POINT ( 'NONE',  ( 4.999999999999999112, -34.56196909370040515, -9.228635763700403061 ) ) ;
#7 = FILL_AREA_STYLE ('',( #420 ) ) ;
#8 = FACE_BOUND ( 'NONE', #773, .T. ) ;
#9 = ORIENTED_EDGE ( 'NONE', *, *, #145, .F. ) ;
#10 = ORIENTED_EDGE ( 'NONE', *, *, #385, .T. ) ;
#11 = DIRECTION ( 'NONE',  ( 1.000000000000000000, 0.000000000000000000, 0.000000000000000000 ) ) ;
#12 = ORIENTED_EDGE ( 'NONE', *, *, #752, .T. ) ;
#13 = CARTESIAN_POINT ( 'NONE',  ( 19.35000000000000142, -1.383850883036509659E-15, 2.000000000000000000 ) ) ;
#14 = DIRECTION ( 'NONE',  ( 0.000000000000000000, 1.000000000000000000, 0.000000000000000000 ) ) ;
#15 = LINE ( 'NONE', #453, #584 ) ;
#16 = AXIS2_PLACEMENT_3D ( 'NONE', #1211, #1002, #261 ) ;
#17 = DIRECTION ( 'NONE',  ( 7.151684150059480926E-17, 1.000000000000000000, 0.000000000000000000 ) ) ;
#18 = EDGE_LOOP ( 'NONE', ( #1056, #1129, #479, #1187 ) ) ;
#19 = VECTOR ( 'NONE', #828, 1000.000000000000000 ) ;
#20 = DIRECTION ( 'NONE',  ( 0.000000000000000000, -1.222712582186295884E-16, 1.000000000000000000 ) ) ;
#21 = VECTOR ( 'NONE', #302, 1000.000000000000000 ) ;
#22 = EDGE_CURVE ( 'NONE', #520, #128, #1217, .T. ) ;
#23 =( NAMED_UNIT ( * ) SI_UNIT ( $, .STERADIAN. ) SOLID_ANGLE_UNIT ( ) );
#24 = PRODUCT_RELATED_PRODUCT_CATEGORY ( 'part', '', ( #656 ) ) ;
#25 = PRODUCT_DEFINITION_SHAPE ( 'NONE', 'NONE',  #1377 ) ;
#26 = SURFACE_STYLE_FILL_AREA ( #124 ) ;
#27 = CARTESIAN_POINT ( 'NONE',  ( 4.999999999999999112, -12.56196909370040338, 30.03803090296624489 ) ) ;
#28 = CYLINDRICAL_SURFACE ( 'NONE', #452, 1.000000000000000000 ) ;
#29 = VERTEX_POINT ( 'NONE', #805 ) ;
#30 = DIRECTION ( 'NONE',  ( 0.000000000000000000, 0.000000000000000000, -1.000000000000000000 ) ) ;
#31 = EDGE_CURVE ( 'NONE', #1110, #48, #810, .T. ) ;
#32 = CARTESIAN_POINT ( 'NONE',  ( 18.93578643762690916, -23.58578643762689708, 3.000000000000000000 ) ) ;
#33 = DIRECTION ( 'NONE',  ( 0.000000000000000000, 0.000000000000000000, -1.000000000000000000 ) ) ;
#34 = DIRECTION ( 'NONE',  ( 1.000000000000000000, -3.248545835162560333E-17, 0.000000000000000000 ) ) ;
#35 = EDGE_LOOP ( 'NONE', ( #844, #5, #522, #1235 ) ) ;
#36 = ORIENTED_EDGE ( 'NONE', *, *, #879, .F. ) ;
#37 = CARTESIAN_POINT ( 'NONE',  ( 16.35000000000000497, -3.000000000000000000, 3.000000000000000000 ) ) ;
#38 = DIRECTION ( 'NONE',  ( 0.000000000000000000, 1.000000000000000000, 0.000000000000000000 ) ) ;
#39 = ORIENTED_EDGE ( 'NONE', *, *, #1128, .F. ) ;
#40 = PRODUCT_RELATED_PRODUCT_CATEGORY ( 'part', '', ( #779 ) ) ;
#41 = AXIS2_PLACEMENT_3D ( 'NONE', #239, #1274, #11 ) ;
#42 = VECTOR ( 'NONE', #286, 1000.000000000000000 ) ;
#43 = DIRECTION ( 'NONE',  ( 1.000000000000000000, -0.000000000000000000, -0.000000000000000000 ) ) ;
#44 = ORIENTED_EDGE ( 'NONE', *, *, #870, .F. ) ;
#45 = CARTESIAN_POINT ( 'NONE',  ( 15.00000000000000000, -80.46196909370040373, -12.22863576036707656 ) ) ;
#46 = DIRECTION ( 'NONE',  ( 0.000000000000000000, -2.208900860751453358E-17, -1.000000000000000000 ) ) ;
#47 = ORIENTED_EDGE ( 'NONE', *, *, #1080, .T. ) ;
#48 = VERTEX_POINT ( 'NONE', #702 ) ;
#49 = CARTESIAN_POINT ( 'NONE',  ( 4.999999999999999112, 2.438030906299596179, 30.03803090296624489 ) ) ;
#50 = DIRECTION ( 'NONE',  ( 0.000000000000000000, -2.208900860751453358E-17, -1.000000000000000000 ) ) ;
#51 = VERTEX_POINT ( 'NONE', #824 ) ;
#52 = CARTESIAN_POINT ( 'NONE',  ( 4.999999999999999112, -31.06196909370040515, -9.228635763700403061 ) ) ;
#53 = PLANE ( 'NONE',  #16 ) ;
#54 = ORIENTED_EDGE ( 'NONE', *, *, #681, .F. ) ;
#55 = VERTEX_POINT ( 'NONE', #1333 ) ;
#56 = CARTESIAN_POINT ( 'NONE',  ( 4.999999999999999112, 6.321057594998241491, 10.40469757296626163 ) ) ;
#57 = DIRECTION ( 'NONE',  ( 0.000000000000000000, 1.000000000000000000, 1.156482317317871232E-16 ) ) ;
#58 = UNCERTAINTY_MEASURE_WITH_UNIT (LENGTH_MEASURE( 1.000000000000000082E-05 ), #89, 'distance_accuracy_value', 'NONE');
#59 = ORIENTED_EDGE ( 'NONE', *, *, #1374, .F. ) ;
#60 = ADVANCED_FACE ( 'NONE', ( #492 ), #1035, .F. ) ;
#61 = CARTESIAN_POINT ( 'NONE',  ( 4.999999999999999112, -12.56196909370040160, -9.228635763700403061 ) ) ;
#62 = ORIENTED_EDGE ( 'NONE', *, *, #645, .T. ) ;
#63 = AXIS2_PLACEMENT_3D ( 'NONE', #56, #722, #600 ) ;
#64 = VECTOR ( 'NONE', #1349, 1000.000000000000000 ) ;
#65 = VERTEX_POINT ( 'NONE', #1014 ) ;
#66 = AXIS2_PLACEMENT_3D ( 'NONE', #955, #746, #1172 ) ;
#67 = DIRECTION ( 'NONE',  ( 0.000000000000000000, 0.000000000000000000, -1.000000000000000000 ) ) ;
#68 = DIRECTION ( 'NONE',  ( -1.000000000000000000, 0.000000000000000000, 0.000000000000000000 ) ) ;
#69 = CARTESIAN_POINT ( 'NONE',  ( 16.35000000000000497, -20.99999999999999289, 3.000000000000000000 ) ) ;
#70 = ORIENTED_EDGE ( 'NONE', *, *, #941, .F. ) ;
#71 = CARTESIAN_POINT ( 'NONE',  ( 13.00000000000000000, -53.06196909370039805, -9.228635763700406613 ) ) ;
#72 = CARTESIAN_POINT ( 'NONE',  ( 1.000000000000003109, -24.00000000000000000, 3.000000000000000000 ) ) ;
#73 = LINE ( 'NONE', #839, #129 ) ;
#74 = EDGE_LOOP ( 'NONE', ( #1227, #423, #36, #335 ) ) ;
#75 = CYLINDRICAL_SURFACE ( 'NONE', #1243, 19.63706921162200203 ) ;
#76 = DIRECTION ( 'NONE',  ( -0.000000000000000000, 0.000000000000000000, -1.000000000000000000 ) ) ;
#77 = CARTESIAN_POINT ( 'NONE',  ( 15.00000000000000000, 33.03803090629959627, 33.03803090629958916 ) ) ;
#78 = CARTESIAN_POINT ( 'NONE',  ( 15.00000000000000000, -53.06196909370039805, -9.228635763700406613 ) ) ;
#79 = ORIENTED_EDGE ( 'NONE', *, *, #893, .F. ) ;
#80 = FACE_OUTER_BOUND ( 'NONE', #87, .T. ) ;
#81 = VECTOR ( 'NONE', #413, 1000.000000000000000 ) ;
#82 = AXIS2_PLACEMENT_3D ( 'NONE', #950, #1359, #837 ) ;
#83 = LINE ( 'NONE', #1229, #676 ) ;
#84 = ADVANCED_BREP_SHAPE_REPRESENTATION ( '', ( #1075, #1338 ), #1269 ) ;
#85 = CARTESIAN_POINT ( 'NONE',  ( 18.35000000000000142, -1.528411172701243649E-15, 2.000000000000000000 ) ) ;
#86 = ORIENTED_EDGE ( 'NONE', *, *, #626, .F. ) ;
#87 = EDGE_LOOP ( 'NONE', ( #422, #39, #1334, #598 ) ) ;
#88 =( NAMED_UNIT ( * ) SI_UNIT ( $, .STERADIAN. ) SOLID_ANGLE_UNIT ( ) );
#89 =( LENGTH_UNIT ( ) NAMED_UNIT ( * ) SI_UNIT ( .MILLI., .METRE. ) );
#90 = FACE_BOUND ( 'NONE', #729, .T. ) ;
#91 = EDGE_LOOP ( 'NONE', ( #575, #482, #1233, #10 ) ) ;
#92 = ORIENTED_EDGE ( 'NONE', *, *, #872, .F. ) ;
#93 = DIRECTION ( 'NONE',  ( 0.000000000000000000, 0.000000000000000000, -1.000000000000000000 ) ) ;
#94 = PRODUCT_RELATED_PRODUCT_CATEGORY ( 'part', '', ( #564 ) ) ;
#95 = ADVANCED_FACE ( 'NONE', ( #152 ), #1127, .T. ) ;
#96 = CARTESIAN_POINT ( 'NONE',  ( 19.35000000000000142, -1.383850883036509659E-15, 0.000000000000000000 ) ) ;
#97 = CARTESIAN_POINT ( 'NONE',  ( 3.000000000000002665, -20.99999999999999289, 0.000000000000000000 ) ) ;
#98 = EDGE_LOOP ( 'NONE', ( #115, #544, #748, #232 ) ) ;
#99 = EDGE_CURVE ( 'NONE', #1279, #55, #1140, .T. ) ;
#100 = PLANE ( 'NONE',  #1028 ) ;
#101 = ORIENTED_EDGE ( 'NONE', *, *, #939, .F. ) ;
#102 = LINE ( 'NONE', #758, #407 ) ;
#103 = AXIS2_PLACEMENT_3D ( 'NONE', #1347, #272, #726 ) ;
#104 = AXIS2_PLACEMENT_3D ( 'NONE', #858, #333, #321 ) ;
#105 = CARTESIAN_POINT ( 'NONE',  ( 18.93578643762690561, -0.4142135623730964222, 3.000000000000000000 ) ) ;
#106 = VECTOR ( 'NONE', #759, 1000.000000000000000 ) ;
#107 = CARTESIAN_POINT ( 'NONE',  ( 13.00000000000000000, 0.000000000000000000, 0.000000000000000000 ) ) ;
#108 = EDGE_LOOP ( 'NONE', ( #648, #326, #1026, #1040 ) ) ;
#109 = DIRECTION ( 'NONE',  ( -1.000000000000000000, -0.000000000000000000, 0.000000000000000000 ) ) ;
#110 = ORIENTED_EDGE ( 'NONE', *, *, #855, .F. ) ;
#111 = DIRECTION ( 'NONE',  ( 1.000000000000000000, 0.000000000000000000, -3.491481338843133355E-15 ) ) ;
#112 = CARTESIAN_POINT ( 'NONE',  ( 15.00000000000000000, 6.321057594998241491, 10.40469757296626163 ) ) ;
#113 = VERTEX_POINT ( 'NONE', #175 ) ;
#114 = DIRECTION ( 'NONE',  ( -1.000000000000000000, 0.000000000000000000, -0.000000000000000000 ) ) ;
#115 = ORIENTED_EDGE ( 'NONE', *, *, #194, .F. ) ;
#116 = DIRECTION ( 'NONE',  ( 0.000000000000000000, -1.421904488505579408E-16, -1.000000000000000000 ) ) ;
#117 = PRODUCT_DEFINITION_SHAPE ( 'NONE', 'NONE',  #1042 ) ;
#118 = CARTESIAN_POINT ( 'NONE',  ( 4.999999999999999112, 6.321057594998241491, 10.40469757296626163 ) ) ;
#119 = EDGE_CURVE ( 'NONE', #929, #202, #185, .T. ) ;
#120 = VERTEX_POINT ( 'NONE', #818 ) ;
#121 = ADVANCED_FACE ( 'NONE', ( #717 ), #614, .F. ) ;
#122 = ORIENTED_EDGE ( 'NONE', *, *, #497, .T. ) ;
#123 =( BOUNDED_CURVE ( )  B_SPLINE_CURVE ( 3, ( #1065, #760, #2, #561 ),
 .UNSPECIFIED., .F., .F. ) 
 B_SPLINE_CURVE_WITH_KNOTS ( ( 4, 4 ),
 ( 1.570796326794896780, 3.141592653589793116 ),
 .UNSPECIFIED. ) 
 CURVE ( )  GEOMETRIC_REPRESENTATION_ITEM ( )  RATIONAL_B_SPLINE_CURVE ( ( 1.000000000000000000, 0.8047378541243650485, 0.8047378541243650485, 1.000000000000000000 ) ) 
 REPRESENTATION_ITEM ( '' )  );
#124 = FILL_AREA_STYLE ('',( #148 ) ) ;
#125 = DIRECTION ( 'NONE',  ( 0.000000000000000000, 1.000000000000000000, -1.421904488505579408E-16 ) ) ;
#126 = DIRECTION ( 'NONE',  ( -0.000000000000000000, -0.000000000000000000, -1.000000000000000000 ) ) ;
#127 = EDGE_CURVE ( 'NONE', #213, #328, #933, .T. ) ;
#128 = VERTEX_POINT ( 'NONE', #1327 ) ;
#129 = VECTOR ( 'NONE', #279, 1000.000000000000000 ) ;
#130 = DIRECTION ( 'NONE',  ( 0.000000000000000000, 4.417801721502906717E-17, -1.000000000000000000 ) ) ;
#131 =( GEOMETRIC_REPRESENTATION_CONTEXT ( 3 ) GLOBAL_UNCERTAINTY_ASSIGNED_CONTEXT ( ( #58 ) ) GLOBAL_UNIT_ASSIGNED_CONTEXT ( ( #89, #573, #1208 ) ) REPRESENTATION_CONTEXT ( 'NONE', 'WORKASPACE' ) );
#132 = PRODUCT_DEFINITION_SHAPE ( 'NONE', 'NONE',  #1378 ) ;
#133 = CARTESIAN_POINT ( 'NONE',  ( 3.000000000000002665, -2.999999999999999556, 0.000000000000000000 ) ) ;
#134 = CARTESIAN_POINT ( 'NONE',  ( 4.999999999999999112, -31.06196909370040515, -9.228635763700403061 ) ) ;
#135 = ADVANCED_BREP_SHAPE_REPRESENTATION ( '', ( #147, #1338 ), #924 ) ;
#136 = CARTESIAN_POINT ( 'NONE',  ( 15.00000000000000000, -34.56196909370040515, -9.228635763700403061 ) ) ;
#137 = VERTEX_POINT ( 'NONE', #370 ) ;
#138 = DIRECTION ( 'NONE',  ( 0.000000000000000000, 1.156482317317871232E-16, -1.000000000000000000 ) ) ;
#139 = APPLICATION_PROTOCOL_DEFINITION ( 'draft international standard', 'automotive_design', 1998, #1076 ) ;
#140 = CARTESIAN_POINT ( 'NONE',  ( 16.35000000000000497, -20.99999999999999289, 3.000000000000000000 ) ) ;
#141 = EDGE_CURVE ( 'NONE', #334, #328, #366, .T. ) ;
#142 = LINE ( 'NONE', #803, #766 ) ;
#143 = CARTESIAN_POINT ( 'NONE',  ( 3.000000000000002665, -2.999999999999999556, 0.000000000000000000 ) ) ;
#144 = ORIENTED_EDGE ( 'NONE', *, *, #738, .F. ) ;
#145 = EDGE_CURVE ( 'NONE', #1249, #611, #1301, .T. ) ;
#146 = CONTEXT_DEPENDENT_SHAPE_REPRESENTATION ( #1322, #440 ) ;
#147 = MANIFOLD_SOLID_BREP ( 'Fillet1', #965 ) ;
#148 = FILL_AREA_STYLE_COLOUR ( '', #288 ) ;
#149 = VERTEX_POINT ( 'NONE', #256 ) ;
#150 = CARTESIAN_POINT ( 'NONE',  ( 13.00000000000000000, -77.46196909370040373, -9.228635763700403061 ) ) ;
#151 = LINE ( 'NONE', #136, #765 ) ;
#152 = FACE_OUTER_BOUND ( 'NONE', #254, .T. ) ;
#153 = AXIS2_PLACEMENT_3D ( 'NONE', #161, #597, #704 ) ;
#154 = CARTESIAN_POINT ( 'NONE',  ( 4.999999999999999112, -31.06196909370040515, 30.03803090296624489 ) ) ;
#155 = VECTOR ( 'NONE', #38, 1000.000000000000000 ) ;
#156 =( NAMED_UNIT ( * ) SI_UNIT ( $, .STERADIAN. ) SOLID_ANGLE_UNIT ( ) );
#157 = CARTESIAN_POINT ( 'NONE',  ( 0.000000000000000000, 33.03803090629959627, 33.03803090629958916 ) ) ;
#158 = DIRECTION ( 'NONE',  ( 0.000000000000000000, 0.000000000000000000, -1.000000000000000000 ) ) ;
#159 = ORIENTED_EDGE ( 'NONE', *, *, #629, .T. ) ;
#160 = VERTEX_POINT ( 'NONE', #896 ) ;
#161 = CARTESIAN_POINT ( 'NONE',  ( 4.999999999999999112, -31.06196909370040515, 30.03803090296624489 ) ) ;
#162 = EDGE_CURVE ( 'NONE', #981, #562, #794, .T. ) ;
#163 = DIRECTION ( 'NONE',  ( 1.000000000000000000, -0.000000000000000000, -0.000000000000000000 ) ) ;
#164 = VERTEX_POINT ( 'NONE', #1194 ) ;
#165 = CARTESIAN_POINT ( 'NONE',  ( 4.999999999999999112, 2.438030906299596179, -9.228635763700401284 ) ) ;
#166 = EDGE_CURVE ( 'NONE', #209, #1143, #241, .T. ) ;
#167 = CARTESIAN_POINT ( 'NONE',  ( 15.00000000000000000, 6.321057594998241491, 10.40469757296626163 ) ) ;
#168 = EDGE_LOOP ( 'NONE', ( #444, #1156, #230, #1220 ) ) ;
#169 = PLANE ( 'NONE',  #153 ) ;
#170 = ADVANCED_FACE ( 'NONE', ( #350 ), #1323, .F. ) ;
#171 = LINE ( 'NONE', #1047, #380 ) ;
#172 = VERTEX_POINT ( 'NONE', #133 ) ;
#173 = DIRECTION ( 'NONE',  ( 0.000000000000000000, 0.000000000000000000, 1.000000000000000000 ) ) ;
#174 = LINE ( 'NONE', #838, #19 ) ;
#175 = CARTESIAN_POINT ( 'NONE',  ( 4.999999999999999112, -34.56196909370040515, 30.03803090296624489 ) ) ;
#176 = FACE_OUTER_BOUND ( 'NONE', #108, .T. ) ;
#177 = EDGE_CURVE ( 'NONE', #1022, #854, #675, .T. ) ;
#178 = VECTOR ( 'NONE', #163, 1000.000000000000000 ) ;
#179 = AXIS2_PLACEMENT_3D ( 'NONE', #107, #1278, #325 ) ;
#180 = AXIS2_PLACEMENT_3D ( 'NONE', #932, #1146, #1257 ) ;
#181 = ORIENTED_EDGE ( 'NONE', *, *, #361, .F. ) ;
#182 = CARTESIAN_POINT ( 'NONE',  ( 16.35000000000000497, -20.99999999999999289, 3.000000000000000000 ) ) ;
#183 = AXIS2_PLACEMENT_3D ( 'NONE', #187, #408, #930 ) ;
#184 = DIRECTION ( 'NONE',  ( -1.000000000000000000, -1.224646799147353207E-16, 0.000000000000000000 ) ) ;
#185 = LINE ( 'NONE', #1340, #1152 ) ;
#186 = ORIENTED_EDGE ( 'NONE', *, *, #372, .F. ) ;
#187 = CARTESIAN_POINT ( 'NONE',  ( 19.35000000000000142, -1.383850883036509659E-15, 3.000000000000000000 ) ) ;
#188 = EDGE_CURVE ( 'NONE', #763, #783, #451, .T. ) ;
#189 = LINE ( 'NONE', #72, #81 ) ;
#190 = DIRECTION ( 'NONE',  ( 0.000000000000000000, 0.000000000000000000, -1.000000000000000000 ) ) ;
#191 = EDGE_LOOP ( 'NONE', ( #1226, #356, #683, #3 ) ) ;
#192 = PLANE ( 'NONE',  #1141 ) ;
#193 = LINE ( 'NONE', #625, #558 ) ;
#194 = EDGE_CURVE ( 'NONE', #1074, #137, #1294, .T. ) ;
#195 = EDGE_CURVE ( 'NONE', #287, #1074, #1357, .T. ) ;
#196 = CARTESIAN_POINT ( 'NONE',  ( 4.999999999999999112, -31.06196909370040515, -9.228635763700403061 ) ) ;
#197 = VECTOR ( 'NONE', #57, 1000.000000000000000 ) ;
#198 = MECHANICAL_DESIGN_GEOMETRIC_PRESENTATION_REPRESENTATION (  '', ( #1222 ), #131 ) ;
#199 = LINE ( 'NONE', #633, #358 ) ;
#200 = LINE ( 'NONE', #1155, #1313 ) ;
#201 = VERTEX_POINT ( 'NONE', #250 ) ;
#202 = VERTEX_POINT ( 'NONE', #1308 ) ;
#203 = EDGE_CURVE ( 'NONE', #113, #160, #666, .T. ) ;
#204 = EDGE_CURVE ( 'NONE', #1324, #137, #171, .T. ) ;
#205 = CARTESIAN_POINT ( 'NONE',  ( 18.35000000000000142, -1.000000000000001332, 3.000000000000000000 ) ) ;
#206 = CARTESIAN_POINT ( 'NONE',  ( 4.999999999999999112, 6.321057594998241491, -9.232371638655738622 ) ) ;
#207 = VERTEX_POINT ( 'NONE', #208 ) ;
#208 = CARTESIAN_POINT ( 'NONE',  ( 4.999999999999999112, -49.56196909370039094, -9.228635763700406613 ) ) ;
#209 = VERTEX_POINT ( 'NONE', #268 ) ;
#210 = DIRECTION ( 'NONE',  ( 1.000000000000000000, 0.000000000000000000, 0.000000000000000000 ) ) ;
#211 = CARTESIAN_POINT ( 'NONE',  ( 13.00000000000000000, -77.46196909370040373, -9.228635763700403061 ) ) ;
#212 = LINE ( 'NONE', #97, #1010 ) ;
#213 = VERTEX_POINT ( 'NONE', #1039 ) ;
#214 = CARTESIAN_POINT ( 'NONE',  ( 15.00000000000000000, 33.03803090629959627, -12.22863576036706235 ) ) ;
#215 = ORIENTED_EDGE ( 'NONE', *, *, #629, .F. ) ;
#216 = VECTOR ( 'NONE', #130, 1000.000000000000000 ) ;
#217 = ORIENTED_EDGE ( 'NONE', *, *, #939, .T. ) ;
#218 = VECTOR ( 'NONE', #1287, 1000.000000000000000 ) ;
#219 = CARTESIAN_POINT ( 'NONE',  ( 19.35000000000000142, -1.383850883036509659E-15, 3.000000000000000000 ) ) ;
#220 = AXIS2_PLACEMENT_3D ( 'NONE', #71, #503, #1348 ) ;
#221 = DIRECTION ( 'NONE',  ( 1.000000000000000000, 0.000000000000000000, 0.000000000000000000 ) ) ;
#222 = ORIENTED_EDGE ( 'NONE', *, *, #484, .T. ) ;
#223 = CARTESIAN_POINT ( 'NONE',  ( 16.35000000000000497, -3.000000000000000000, 0.000000000000000000 ) ) ;
#224 = ORIENTED_EDGE ( 'NONE', *, *, #963, .F. ) ;
#225 = SHAPE_REPRESENTATION ( 'BookshelfAssem', ( #1170, #293, #1096, #1036 ), #528 ) ;
#226 = EDGE_LOOP ( 'NONE', ( #1084, #974, #978, #976 ) ) ;
#227 = LINE ( 'NONE', #1265, #703 ) ;
#228 = ADVANCED_FACE ( 'NONE', ( #478 ), #75, .F. ) ;
#229 = FACE_OUTER_BOUND ( 'NONE', #1275, .T. ) ;
#230 = ORIENTED_EDGE ( 'NONE', *, *, #166, .F. ) ;
#231 = CARTESIAN_POINT ( 'NONE',  ( 16.35000000000000497, -3.000000000000000000, 3.000000000000000000 ) ) ;
#232 = ORIENTED_EDGE ( 'NONE', *, *, #505, .T. ) ;
#233 = APPLICATION_PROTOCOL_DEFINITION ( 'draft international standard', 'automotive_design', 1998, #1145 ) ;
#234 = APPLICATION_CONTEXT ( 'automotive_design' ) ;
#235 = EDGE_CURVE ( 'NONE', #763, #1282, #705, .T. ) ;
#236 = PRESENTATION_STYLE_ASSIGNMENT (( #1285 ) ) ;
#237 = DIRECTION ( 'NONE',  ( 0.000000000000000000, 0.000000000000000000, -1.000000000000000000 ) ) ;
#238 = ORIENTED_EDGE ( 'NONE', *, *, #1161, .F. ) ;
#239 = CARTESIAN_POINT ( 'NONE',  ( 0.000000000000000000, 0.000000000000000000, 0.000000000000000000 ) ) ;
#240 = SHAPE_DEFINITION_REPRESENTATION ( #117, #225 ) ;
#241 = LINE ( 'NONE', #472, #534 ) ;
#242 = VECTOR ( 'NONE', #125, 1000.000000000000000 ) ;
#243 = VECTOR ( 'NONE', #565, 1000.000000000000000 ) ;
#244 = DIRECTION ( 'NONE',  ( 0.000000000000000000, 1.000000000000000000, 0.000000000000000000 ) ) ;
#245 = AXIS2_PLACEMENT_3D ( 'NONE', #470, #900, #797 ) ;
#246 = VECTOR ( 'NONE', #449, 1000.000000000000000 ) ;
#247 = EDGE_CURVE ( 'NONE', #149, #501, #1250, .T. ) ;
#248 = APPLICATION_PROTOCOL_DEFINITION ( 'draft international standard', 'automotive_design', 1998, #298 ) ;
#249 = EDGE_CURVE ( 'NONE', #562, #1119, #1016, .T. ) ;
#250 = CARTESIAN_POINT ( 'NONE',  ( 0.000000000000000000, 0.000000000000000000, 2.000000000000000000 ) ) ;
#251 = LINE ( 'NONE', #1108, #1121 ) ;
#252 = ADVANCED_FACE ( 'NONE', ( #1336 ), #391, .F. ) ;
#253 = LINE ( 'NONE', #271, #1073 ) ;
#254 = EDGE_LOOP ( 'NONE', ( #901, #101, #890, #1364 ) ) ;
#255 = DIRECTION ( 'NONE',  ( 0.000000000000000000, 0.000000000000000000, 1.000000000000000000 ) ) ;
#256 = CARTESIAN_POINT ( 'NONE',  ( 4.999999999999999112, 5.938030906299591294, 30.03803090629958206 ) ) ;
#257 = ORIENTED_EDGE ( 'NONE', *, *, #194, .T. ) ;
#258 = FACE_OUTER_BOUND ( 'NONE', #381, .T. ) ;
#259 = CARTESIAN_POINT ( 'NONE',  ( 15.00000000000000000, 5.938030906299589518, 30.03803090629958561 ) ) ;
#260 = EDGE_LOOP ( 'NONE', ( #734, #92, #1289, #435 ) ) ;
#261 = DIRECTION ( 'NONE',  ( 0.000000000000000000, 0.000000000000000000, -1.000000000000000000 ) ) ;
#262 = CARTESIAN_POINT ( 'NONE',  ( 15.00000000000000000, -80.46196909370040373, 33.03803090629958916 ) ) ;
#263 = ORIENTED_EDGE ( 'NONE', *, *, #1178, .F. ) ;
#264 = LINE ( 'NONE', #790, #1033 ) ;
#265 = ORIENTED_EDGE ( 'NONE', *, *, #948, .T. ) ;
#266 = AXIS2_PLACEMENT_3D ( 'NONE', #327, #336, #30 ) ;
#267 = AXIS2_PLACEMENT_3D ( 'NONE', #85, #519, #415 ) ;
#268 = CARTESIAN_POINT ( 'NONE',  ( 13.00000000000000000, -77.46196909370040373, 30.03803090629958916 ) ) ;
#269 = VERTEX_POINT ( 'NONE', #853 ) ;
#270 = PLANE ( 'NONE',  #1157 ) ;
#271 = CARTESIAN_POINT ( 'NONE',  ( 4.999999999999999112, -34.56196909370040515, 30.03803090296624489 ) ) ;
#272 = DIRECTION ( 'NONE',  ( 0.000000000000000000, -2.312964634635744929E-16, 1.000000000000000000 ) ) ;
#273 = ADVANCED_FACE ( 'NONE', ( #996, #649 ), #437, .F. ) ;
#274 = EDGE_LOOP ( 'NONE', ( #987, #861, #1370, #306 ) ) ;
#275 = ORIENTED_EDGE ( 'NONE', *, *, #749, .F. ) ;
#276 = CARTESIAN_POINT ( 'NONE',  ( 4.999999999999999112, 2.438030906299596179, -9.228635763700401284 ) ) ;
#277 = CARTESIAN_POINT ( 'NONE',  ( 1.000000000000000222, -1.000000000000000000, 3.000000000000000000 ) ) ;
#278 = DIRECTION ( 'NONE',  ( 0.000000000000000000, 0.000000000000000000, 1.000000000000000000 ) ) ;
#279 = DIRECTION ( 'NONE',  ( -0.000000000000000000, -0.000000000000000000, -1.000000000000000000 ) ) ;
#280 = ORIENTED_EDGE ( 'NONE', *, *, #374, .T. ) ;
#281 = EDGE_LOOP ( 'NONE', ( #859, #456, #438, #367 ) ) ;
#282 = ORIENTED_EDGE ( 'NONE', *, *, #1345, .F. ) ;
#283 = CARTESIAN_POINT ( 'NONE',  ( 15.00000000000000000, 33.03803090629959627, 33.03803090629958916 ) ) ;
#284 = CARTESIAN_POINT ( 'NONE',  ( 4.999999999999999112, 2.438030906299596179, -9.228635763700401284 ) ) ;
#285 = VERTEX_POINT ( 'NONE', #885 ) ;
#286 = DIRECTION ( 'NONE',  ( 0.000000000000000000, 1.000000000000000000, 0.000000000000000000 ) ) ;
#287 = VERTEX_POINT ( 'NONE', #975 ) ;
#288 = COLOUR_RGB ( '',0.7921568627450980005, 0.8196078431372548767, 0.9333333333333333481 ) ;
#289 = CIRCLE ( 'NONE', #1245, 19.63706921162200203 ) ;
#290 = EDGE_CURVE ( 'NONE', #812, #65, #353, .T. ) ;
#291 = VECTOR ( 'NONE', #1153, 1000.000000000000000 ) ;
#292 = DIRECTION ( 'NONE',  ( 1.000000000000000000, 0.000000000000000000, -0.000000000000000000 ) ) ;
#293 = AXIS2_PLACEMENT_3D ( 'NONE', #1159, #111, #545 ) ;
#294 = LINE ( 'NONE', #943, #197 ) ;
#295 = CARTESIAN_POINT ( 'NONE',  ( 4.999999999999999112, -31.06196909370040515, 30.03803090296624489 ) ) ;
#296 = ADVANCED_FACE ( 'NONE', ( #342 ), #762, .F. ) ;
#297 = CARTESIAN_POINT ( 'NONE',  ( 0.000000000000000000, 0.000000000000000000, 0.000000000000000000 ) ) ;
#298 = APPLICATION_CONTEXT ( 'automotive_design' ) ;
#299 = CARTESIAN_POINT ( 'NONE',  ( 4.999999999999999112, -34.56196909370040515, -9.228635763700403061 ) ) ;
#300 = DIRECTION ( 'NONE',  ( 1.000000000000000000, -0.000000000000000000, -0.000000000000000000 ) ) ;
#301 = ORIENTED_EDGE ( 'NONE', *, *, #22, .T. ) ;
#302 = DIRECTION ( 'NONE',  ( 0.000000000000000000, -1.000000000000000000, -2.312964634635744929E-16 ) ) ;
#303 = PRODUCT_DEFINITION_FORMATION_WITH_SPECIFIED_SOURCE ( 'ANY', '', #564, .NOT_KNOWN. ) ;
#304 = DIRECTION ( 'NONE',  ( -1.224646799147353207E-16, 1.000000000000000000, 0.000000000000000000 ) ) ;
#305 = CARTESIAN_POINT ( 'NONE',  ( 2.939152317953647894E-15, -24.00000000000000000, 3.000000000000000000 ) ) ;
#306 = ORIENTED_EDGE ( 'NONE', *, *, #998, .T. ) ;
#307 = EDGE_CURVE ( 'NONE', #51, #1249, #446, .T. ) ;
#308 = ORIENTED_EDGE ( 'NONE', *, *, #425, .T. ) ;
#309 = ADVANCED_FACE ( 'NONE', ( #1281 ), #1291, .T. ) ;
#310 = VECTOR ( 'NONE', #1317, 1000.000000000000000 ) ;
#311 = SHAPE_REPRESENTATION_RELATIONSHIP ( 'NONE' , 'NONE' ,  #371, #84 ) ;
#312 = AXIS2_PLACEMENT_3D ( 'NONE', #167, #377, #680 ) ;
#313 = AXIS2_PLACEMENT_3D ( 'NONE', #588, #567, #796 ) ;
#314 = DIRECTION ( 'NONE',  ( -1.000000000000000000, 0.000000000000000000, -0.000000000000000000 ) ) ;
#315 = FACE_OUTER_BOUND ( 'NONE', #636, .T. ) ;
#316 = ORIENTED_EDGE ( 'NONE', *, *, #602, .T. ) ;
#317 = CARTESIAN_POINT ( 'NONE',  ( 4.999999999999999112, 5.938030906299591294, 30.03803090629958206 ) ) ;
#318 = ORIENTED_EDGE ( 'NONE', *, *, #1058, .T. ) ;
#319 =( NAMED_UNIT ( * ) PLANE_ANGLE_UNIT ( ) SI_UNIT ( $, .RADIAN. ) );
#320 = LINE ( 'NONE', #546, #787 ) ;
#321 = DIRECTION ( 'NONE',  ( 0.000000000000000000, 0.000000000000000000, -1.000000000000000000 ) ) ;
#322 = VERTEX_POINT ( 'NONE', #1180 ) ;
#323 = ORIENTED_EDGE ( 'NONE', *, *, #1003, .T. ) ;
#324 = CARTESIAN_POINT ( 'NONE',  ( 19.35000000000000142, -1.383850883036509659E-15, 2.000000000000000000 ) ) ;
#325 = DIRECTION ( 'NONE',  ( 0.000000000000000000, 0.000000000000000000, -1.000000000000000000 ) ) ;
#326 = ORIENTED_EDGE ( 'NONE', *, *, #372, .T. ) ;
#327 = CARTESIAN_POINT ( 'NONE',  ( 4.999999999999999112, -34.56196909370040515, 30.03803090296624489 ) ) ;
#328 = VERTEX_POINT ( 'NONE', #347 ) ;
#329 = DIRECTION ( 'NONE',  ( 0.000000000000000000, 0.000000000000000000, 1.000000000000000000 ) ) ;
#330 = VECTOR ( 'NONE', #1091, 1000.000000000000000 ) ;
#331 = VECTOR ( 'NONE', #1150, 1000.000000000000000 ) ;
#332 = VECTOR ( 'NONE', #1051, 1000.000000000000000 ) ;
#333 = DIRECTION ( 'NONE',  ( 1.000000000000000000, -0.000000000000000000, 0.000000000000000000 ) ) ;
#334 = VERTEX_POINT ( 'NONE', #671 ) ;
#335 = ORIENTED_EDGE ( 'NONE', *, *, #417, .T. ) ;
#336 = DIRECTION ( 'NONE',  ( 0.000000000000000000, -1.000000000000000000, -0.000000000000000000 ) ) ;
#337 = ORIENTED_EDGE ( 'NONE', *, *, #203, .F. ) ;
#338 = CARTESIAN_POINT ( 'NONE',  ( 15.00000000000000000, -49.56196909370039094, 30.03803090296624489 ) ) ;
#339 = PLANE ( 'NONE',  #811 ) ;
#340 = DIRECTION ( 'NONE',  ( 0.000000000000000000, 0.000000000000000000, 1.000000000000000000 ) ) ;
#341 = ORIENTED_EDGE ( 'NONE', *, *, #813, .F. ) ;
#342 = FACE_OUTER_BOUND ( 'NONE', #852, .T. ) ;
#343 = DIRECTION ( 'NONE',  ( 0.000000000000000000, 0.000000000000000000, 1.000000000000000000 ) ) ;
#344 = PRODUCT_DEFINITION_SHAPE ( 'NONE', 'NONE',  #1173 ) ;
#345 = LINE ( 'NONE', #1114, #406 ) ;
#346 = VERTEX_POINT ( 'NONE', #223 ) ;
#347 = CARTESIAN_POINT ( 'NONE',  ( 15.00000000000000000, -16.06196909370040515, 30.03803090296624489 ) ) ;
#348 = ITEM_DEFINED_TRANSFORMATION ( 'NONE', 'NONE', #1036,  #1338 ) ;
#349 = ADVANCED_FACE ( 'NONE', ( #659 ), #100, .T. ) ;
#350 = FACE_OUTER_BOUND ( 'NONE', #35, .T. ) ;
#351 = ORIENTED_EDGE ( 'NONE', *, *, #188, .F. ) ;
#352 = DIRECTION ( 'NONE',  ( 1.000000000000000000, -0.000000000000000000, -0.000000000000000000 ) ) ;
#353 = CIRCLE ( 'NONE', #426, 19.63706921162200203 ) ;
#354 = AXIS2_PLACEMENT_3D ( 'NONE', #295, #500, #524 ) ;
#355 = CARTESIAN_POINT ( 'NONE',  ( 13.00000000000000000, -53.06196909370040515, 30.03803090629959627 ) ) ;
#356 = ORIENTED_EDGE ( 'NONE', *, *, #1361, .T. ) ;
#357 = EDGE_CURVE ( 'NONE', #981, #1288, #867, .T. ) ;
#358 = VECTOR ( 'NONE', #491, 1000.000000000000000 ) ;
#359 = DIRECTION ( 'NONE',  ( 1.000000000000000000, 0.000000000000000000, 0.000000000000000000 ) ) ;
#360 = CARTESIAN_POINT ( 'NONE',  ( 13.00000000000000000, -77.46196909370040373, -9.228635763700403061 ) ) ;
#361 = EDGE_CURVE ( 'NONE', #1188, #418, #1199, .T. ) ;
#362 = CARTESIAN_POINT ( 'NONE',  ( 4.999999999999999112, -31.06196909370040515, 30.03803090296624489 ) ) ;
#363 = VERTEX_POINT ( 'NONE', #910 ) ;
#364 = FACE_OUTER_BOUND ( 'NONE', #447, .T. ) ;
#365 = APPLICATION_PROTOCOL_DEFINITION ( 'draft international standard', 'automotive_design', 1998, #234 ) ;
#366 = LINE ( 'NONE', #1203, #310 ) ;
#367 = ORIENTED_EDGE ( 'NONE', *, *, #712, .T. ) ;
#368 = DIRECTION ( 'NONE',  ( 0.000000000000000000, 1.000000000000000000, -0.000000000000000000 ) ) ;
#369 = CARTESIAN_POINT ( 'NONE',  ( 15.00000000000000000, -34.56196909370040515, -9.228635763700403061 ) ) ;
#370 = CARTESIAN_POINT ( 'NONE',  ( 19.35000000000000497, -24.00000000000000000, 0.000000000000000000 ) ) ;
#371 = SHAPE_REPRESENTATION ( 'NewBookshelf', ( #1338 ), #1269 ) ;
#372 = EDGE_CURVE ( 'NONE', #1110, #812, #1219, .T. ) ;
#373 = DIRECTION ( 'NONE',  ( 1.000000000000000000, -0.000000000000000000, -0.000000000000000000 ) ) ;
#374 = EDGE_CURVE ( 'NONE', #1288, #1119, #1328, .T. ) ;
#375 = ORIENTED_EDGE ( 'NONE', *, *, #247, .T. ) ;
#376 = DIRECTION ( 'NONE',  ( -1.000000000000000000, 0.000000000000000000, -0.000000000000000000 ) ) ;
#377 = DIRECTION ( 'NONE',  ( -1.000000000000000000, -0.000000000000000000, 0.000000000000000000 ) ) ;
#378 = ORIENTED_EDGE ( 'NONE', *, *, #357, .T. ) ;
#379 = DIRECTION ( 'NONE',  ( 1.224646799147353207E-16, -1.000000000000000000, 0.000000000000000000 ) ) ;
#380 = VECTOR ( 'NONE', #1029, 1000.000000000000000 ) ;
#381 = EDGE_LOOP ( 'NONE', ( #1260, #1130, #641, #1124 ) ) ;
#382 = VECTOR ( 'NONE', #387, 1000.000000000000000 ) ;
#383 = ADVANCED_FACE ( 'NONE', ( #576 ), #169, .T. ) ;
#384 = VECTOR ( 'NONE', #936, 1000.000000000000000 ) ;
#385 = EDGE_CURVE ( 'NONE', #551, #1163, #1021, .T. ) ;
#386 = FACE_OUTER_BOUND ( 'NONE', #654, .T. ) ;
#387 = DIRECTION ( 'NONE',  ( 1.000000000000000000, -3.248545835162560333E-17, 0.000000000000000000 ) ) ;
#388 = UNCERTAINTY_MEASURE_WITH_UNIT (LENGTH_MEASURE( 1.000000000000000082E-05 ), #632, 'distance_accuracy_value', 'NONE');
#389 = ORIENTED_EDGE ( 'NONE', *, *, #665, .F. ) ;
#390 = ORIENTED_EDGE ( 'NONE', *, *, #1261, .T. ) ;
#391 = PLANE ( 'NONE',  #697 ) ;
#392 = ORIENTED_EDGE ( 'NONE', *, *, #1046, .T. ) ;
#393 = CARTESIAN_POINT ( 'NONE',  ( 13.00000000000000000, -77.46196909370040373, 30.03803090629958916 ) ) ;
#394 = LINE ( 'NONE', #77, #897 ) ;
#395 = CARTESIAN_POINT ( 'NONE',  ( 0.000000000000000000, 0.000000000000000000, 0.000000000000000000 ) ) ;
#396 = LINE ( 'NONE', #1240, #42 ) ;
#397 = ORIENTED_EDGE ( 'NONE', *, *, #448, .F. ) ;
#398 = ADVANCED_FACE ( 'NONE', ( #903 ), #925, .F. ) ;
#399 = ADVANCED_FACE ( 'NONE', ( #364 ), #53, .F. ) ;
#400 = PLANE ( 'NONE',  #183 ) ;
#401 = EDGE_CURVE ( 'NONE', #611, #120, #1015, .T. ) ;
#402 = CARTESIAN_POINT ( 'NONE',  ( 2.939152317953647894E-15, -24.00000000000000000, 2.000000000000000000 ) ) ;
#403 = CARTESIAN_POINT ( 'NONE',  ( 15.00000000000000000, -77.46196909370040373, -9.228635763700403061 ) ) ;
#404 = EDGE_LOOP ( 'NONE', ( #1171, #841, #1061, #486 ) ) ;
#405 = ADVANCED_FACE ( 'NONE', ( #916 ), #466, .F. ) ;
#406 = VECTOR ( 'NONE', #1005, 1000.000000000000000 ) ;
#407 = VECTOR ( 'NONE', #1255, 1000.000000000000000 ) ;
#408 = DIRECTION ( 'NONE',  ( -7.151684150059480926E-17, -1.000000000000000000, 0.000000000000000000 ) ) ;
#409 = LINE ( 'NONE', #620, #808 ) ;
#410 = CARTESIAN_POINT ( 'NONE',  ( 2.939152317953647894E-15, -24.00000000000000000, 0.000000000000000000 ) ) ;
#411 = ORIENTED_EDGE ( 'NONE', *, *, #881, .F. ) ;
#412 = CARTESIAN_POINT ( 'NONE',  ( 16.35000000000000497, -3.000000000000000000, 3.000000000000000000 ) ) ;
#413 = DIRECTION ( 'NONE',  ( 1.224646799147353207E-16, -1.000000000000000000, 0.000000000000000000 ) ) ;
#414 = PRODUCT_DEFINITION_CONTEXT ( 'detailed design', #1076, 'design' ) ;
#415 = DIRECTION ( 'NONE',  ( 1.000000000000000000, 1.445602896647338670E-16, 0.000000000000000000 ) ) ;
#416 = ORIENTED_EDGE ( 'NONE', *, *, #436, .T. ) ;
#417 = EDGE_CURVE ( 'NONE', #128, #213, #1369, .T. ) ;
#418 = VERTEX_POINT ( 'NONE', #1350 ) ;
#419 = SHAPE_REPRESENTATION ( 'Door', ( #1338 ), #924 ) ;
#420 = FILL_AREA_STYLE_COLOUR ( '', #679 ) ;
#421 = LINE ( 'NONE', #607, #608 ) ;
#422 = ORIENTED_EDGE ( 'NONE', *, *, #693, .T. ) ;
#423 = ORIENTED_EDGE ( 'NONE', *, *, #141, .F. ) ;
#424 = VECTOR ( 'NONE', #43, 1000.000000000000000 ) ;
#425 = EDGE_CURVE ( 'NONE', #590, #1282, #1059, .T. ) ;
#426 = AXIS2_PLACEMENT_3D ( 'NONE', #778, #109, #543 ) ;
#427 = ADVANCED_FACE ( 'NONE', ( #831, #615, #958, #1134, #90, #728 ), #1253, .T. ) ;
#428 = VECTOR ( 'NONE', #158, 1000.000000000000000 ) ;
#429 = CARTESIAN_POINT ( 'NONE',  ( 15.00000000000000000, 33.03803090629959627, 33.03803090629958916 ) ) ;
#430 = ORIENTED_EDGE ( 'NONE', *, *, #678, .F. ) ;
#431 = ORIENTED_EDGE ( 'NONE', *, *, #401, .T. ) ;
#432 =( NAMED_UNIT ( * ) SI_UNIT ( $, .STERADIAN. ) SOLID_ANGLE_UNIT ( ) );
#433 = CARTESIAN_POINT ( 'NONE',  ( 15.00000000000000000, -49.56196909370039094, 30.03803090296624489 ) ) ;
#434 = CARTESIAN_POINT ( 'NONE',  ( 4.999999999999999112, -31.06196909370040515, 30.03803090296624489 ) ) ;
#435 = ORIENTED_EDGE ( 'NONE', *, *, #526, .F. ) ;
#436 = EDGE_CURVE ( 'NONE', #532, #29, #396, .T. ) ;
#437 = PLANE ( 'NONE',  #41 ) ;
#438 = ORIENTED_EDGE ( 'NONE', *, *, #617, .T. ) ;
#439 = DIRECTION ( 'NONE',  ( 0.000000000000000000, 0.000000000000000000, -1.000000000000000000 ) ) ;
#440 = PRODUCT_DEFINITION_SHAPE ( 'NONE', 'NONE',  #1379 ) ;
#441 = ORIENTED_EDGE ( 'NONE', *, *, #476, .F. ) ;
#442 = DIRECTION ( 'NONE',  ( -1.000000000000000000, 7.151684150059480926E-17, 0.000000000000000000 ) ) ;
#443 = FACE_OUTER_BOUND ( 'NONE', #1165, .T. ) ;
#444 = ORIENTED_EDGE ( 'NONE', *, *, #988, .T. ) ;
#445 = EDGE_LOOP ( 'NONE', ( #548, #1030, #1319, #59 ) ) ;
#446 = LINE ( 'NONE', #231, #330 ) ;
#447 = EDGE_LOOP ( 'NONE', ( #946, #86, #181, #341 ) ) ;
#448 = EDGE_CURVE ( 'NONE', #29, #172, #73, .T. ) ;
#449 = DIRECTION ( 'NONE',  ( 1.445602896647339163E-16, -1.000000000000000000, 0.000000000000000000 ) ) ;
#450 = VECTOR ( 'NONE', #642, 1000.000000000000000 ) ;
#451 = LINE ( 'NONE', #1101, #845 ) ;
#452 = AXIS2_PLACEMENT_3D ( 'NONE', #747, #864, #17 ) ;
#453 = CARTESIAN_POINT ( 'NONE',  ( 13.00000000000000000, -53.06196909370040515, 30.03803090629959627 ) ) ;
#454 = AXIS2_PLACEMENT_3D ( 'NONE', #1330, #376, #459 ) ;
#455 = CARTESIAN_POINT ( 'NONE',  ( 4.999999999999999112, -12.56196909370040338, 30.03803090296624489 ) ) ;
#456 = ORIENTED_EDGE ( 'NONE', *, *, #1089, .T. ) ;
#457 = DIRECTION ( 'NONE',  ( -1.224646799147353207E-16, 1.000000000000000000, 0.000000000000000000 ) ) ;
#458 = CARTESIAN_POINT ( 'NONE',  ( 0.000000000000000000, 0.000000000000000000, 0.000000000000000000 ) ) ;
#459 = DIRECTION ( 'NONE',  ( 0.000000000000000000, 0.000000000000000000, 1.000000000000000000 ) ) ;
#460 = LINE ( 'NONE', #574, #515 ) ;
#461 = ORIENTED_EDGE ( 'NONE', *, *, #849, .F. ) ;
#462 = CARTESIAN_POINT ( 'NONE',  ( 19.35000000000000497, -24.00000000000000000, 2.585786437626905077 ) ) ;
#463 = LINE ( 'NONE', #907, #242 ) ;
#464 = DIRECTION ( 'NONE',  ( -1.445602896647339163E-16, 1.000000000000000000, -0.000000000000000000 ) ) ;
#465 = ORIENTED_EDGE ( 'NONE', *, *, #653, .T. ) ;
#466 = PLANE ( 'NONE',  #989 ) ;
#467 = CARTESIAN_POINT ( 'NONE',  ( 686.3711355849218307, 881.3245520467318102, 1326.278746615216505 ) ) ;
#468 = DIRECTION ( 'NONE',  ( 1.000000000000000000, -0.000000000000000000, -0.000000000000000000 ) ) ;
#469 = AXIS2_PLACEMENT_3D ( 'NONE', #1037, #952, #1044 ) ;
#470 = CARTESIAN_POINT ( 'NONE',  ( 15.00000000000000000, 33.03803090629959627, 33.03803090629958916 ) ) ;
#471 = ORIENTED_EDGE ( 'NONE', *, *, #505, .F. ) ;
#472 = CARTESIAN_POINT ( 'NONE',  ( 13.00000000000000000, -77.46196909370040373, 30.03803090629958916 ) ) ;
#473 = LINE ( 'NONE', #134, #789 ) ;
#474 = FACE_OUTER_BOUND ( 'NONE', #1311, .T. ) ;
#475 = CARTESIAN_POINT ( 'NONE',  ( 15.00000000000000000, -16.06196909370040160, -9.228635763700403061 ) ) ;
#476 = EDGE_CURVE ( 'NONE', #820, #55, #1142, .T. ) ;
#477 = ADVANCED_FACE ( 'NONE', ( #176 ), #1362, .F. ) ;
#478 = FACE_OUTER_BOUND ( 'NONE', #18, .T. ) ;
#479 = ORIENTED_EDGE ( 'NONE', *, *, #1089, .F. ) ;
#480 = EDGE_CURVE ( 'NONE', #207, #322, #421, .T. ) ;
#481 = FACE_OUTER_BOUND ( 'NONE', #74, .T. ) ;
#482 = ORIENTED_EDGE ( 'NONE', *, *, #1103, .F. ) ;
#483 = CARTESIAN_POINT ( 'NONE',  ( 16.35000000000000497, -20.99999999999999289, 0.000000000000000000 ) ) ;
#484 = EDGE_CURVE ( 'NONE', #1249, #532, #934, .T. ) ;
#485 = ORIENTED_EDGE ( 'NONE', *, *, #119, .F. ) ;
#486 = ORIENTED_EDGE ( 'NONE', *, *, #948, .F. ) ;
#487 = ADVANCED_FACE ( 'NONE', ( #1358 ), #737, .F. ) ;
#488 = EDGE_LOOP ( 'NONE', ( #1207, #687, #1066, #508 ) ) ;
#489 = CARTESIAN_POINT ( 'NONE',  ( 4.999999999999999112, 0.000000000000000000, 0.000000000000000000 ) ) ;
#490 = AXIS2_PLACEMENT_3D ( 'NONE', #768, #1175, #314 ) ;
#491 = DIRECTION ( 'NONE',  ( -1.224646799147353207E-16, 1.000000000000000000, -0.000000000000000000 ) ) ;
#492 = FACE_OUTER_BOUND ( 'NONE', #650, .T. ) ;
#493 = VECTOR ( 'NONE', #596, 1000.000000000000000 ) ;
#494 = AXIS2_PLACEMENT_3D ( 'NONE', #112, #876, #340 ) ;
#495 = ORIENTED_EDGE ( 'NONE', *, *, #1376, .T. ) ;
#496 = DIRECTION ( 'NONE',  ( 1.000000000000000000, -0.000000000000000000, -0.000000000000000000 ) ) ;
#497 = EDGE_CURVE ( 'NONE', #783, #209, #1232, .T. ) ;
#498 = CARTESIAN_POINT ( 'NONE',  ( 3.000000000000002665, -20.99999999999999289, 3.000000000000000000 ) ) ;
#499 = DIRECTION ( 'NONE',  ( 0.000000000000000000, 0.000000000000000000, 1.000000000000000000 ) ) ;
#500 = DIRECTION ( 'NONE',  ( 0.000000000000000000, -1.000000000000000000, -0.000000000000000000 ) ) ;
#501 = VERTEX_POINT ( 'NONE', #627 ) ;
#502 = EDGE_CURVE ( 'NONE', #1282, #555, #741, .T. ) ;
#503 = DIRECTION ( 'NONE',  ( 0.000000000000000000, 1.000000000000000000, 1.767120688451151171E-16 ) ) ;
#504 = APPLICATION_CONTEXT ( 'automotive_design' ) ;
#505 = EDGE_CURVE ( 'NONE', #55, #137, #945, .T. ) ;
#506 = CARTESIAN_POINT ( 'NONE',  ( 15.00000000000000000, 33.03803090629959627, 33.03803090629958916 ) ) ;
#507 = DIRECTION ( 'NONE',  ( -0.000000000000000000, -0.000000000000000000, -1.000000000000000000 ) ) ;
#508 = ORIENTED_EDGE ( 'NONE', *, *, #693, .F. ) ;
#509 = CARTESIAN_POINT ( 'NONE',  ( 4.999999999999999112, 6.321057594998241491, 10.40469757296626163 ) ) ;
#510 = LINE ( 'NONE', #940, #332 ) ;
#511 = DIRECTION ( 'NONE',  ( -1.000000000000000000, -0.000000000000000000, -0.000000000000000000 ) ) ;
#512 = UNCERTAINTY_MEASURE_WITH_UNIT (LENGTH_MEASURE( 1.000000000000000082E-05 ), #801, 'distance_accuracy_value', 'NONE');
#513 = DIRECTION ( 'NONE',  ( 0.000000000000000000, -1.767120688451151171E-16, 1.000000000000000000 ) ) ;
#514 = VECTOR ( 'NONE', #909, 1000.000000000000000 ) ;
#515 = VECTOR ( 'NONE', #464, 1000.000000000000000 ) ;
#516 = VECTOR ( 'NONE', #898, 1000.000000000000000 ) ;
#517 = PLANE ( 'NONE',  #82 ) ;
#518 = LINE ( 'NONE', #498, #64 ) ;
#519 = DIRECTION ( 'NONE',  ( 1.445602896647339163E-16, -1.000000000000000000, 0.000000000000000000 ) ) ;
#520 = VERTEX_POINT ( 'NONE', #196 ) ;
#521 = ADVANCED_FACE ( 'NONE', ( #1055 ), #1258, .T. ) ;
#522 = ORIENTED_EDGE ( 'NONE', *, *, #1361, .F. ) ;
#523 = CARTESIAN_POINT ( 'NONE',  ( 4.999999999999999112, -12.56196909370040338, 30.03803090296624489 ) ) ;
#524 = DIRECTION ( 'NONE',  ( 0.000000000000000000, 0.000000000000000000, -1.000000000000000000 ) ) ;
#525 = ORIENTED_EDGE ( 'NONE', *, *, #290, .F. ) ;
#526 = EDGE_CURVE ( 'NONE', #1304, #287, #200, .T. ) ;
#527 = ORIENTED_EDGE ( 'NONE', *, *, #739, .T. ) ;
#528 =( GEOMETRIC_REPRESENTATION_CONTEXT ( 3 ) GLOBAL_UNCERTAINTY_ASSIGNED_CONTEXT ( ( #1230 ) ) GLOBAL_UNIT_ASSIGNED_CONTEXT ( ( #886, #904, #23 ) ) REPRESENTATION_CONTEXT ( 'NONE', 'WORKASPACE' ) );
#529 = CARTESIAN_POINT ( 'NONE',  ( 15.00000000000000000, -49.56196909370039094, -9.228635763700406613 ) ) ;
#530 = DIRECTION ( 'NONE',  ( 0.000000000000000000, -1.000000000000000000, -1.156482317317871725E-16 ) ) ;
#531 = PLANE ( 'NONE',  #606 ) ;
#532 = VERTEX_POINT ( 'NONE', #1162 ) ;
#533 = VERTEX_POINT ( 'NONE', #966 ) ;
#534 = VECTOR ( 'NONE', #1213, 1000.000000000000000 ) ;
#535 = AXIS2_PLACEMENT_3D ( 'NONE', #355, #1104, #1331 ) ;
#536 = LINE ( 'NONE', #1151, #1012 ) ;
#537 = AXIS2_PLACEMENT_3D ( 'NONE', #429, #539, #1086 ) ;
#538 = PRESENTATION_LAYER_ASSIGNMENT (  '', '', ( #1222 ) ) ;
#539 = DIRECTION ( 'NONE',  ( 0.000000000000000000, 0.000000000000000000, -1.000000000000000000 ) ) ;
#540 = PLANE ( 'NONE',  #104 ) ;
#541 = ORIENTED_EDGE ( 'NONE', *, *, #249, .F. ) ;
#542 = EDGE_CURVE ( 'NONE', #812, #1273, #718, .T. ) ;
#543 = DIRECTION ( 'NONE',  ( 0.000000000000000000, 0.000000000000000000, 1.000000000000000000 ) ) ;
#544 = ORIENTED_EDGE ( 'NONE', *, *, #872, .T. ) ;
#545 = DIRECTION ( 'NONE',  ( -3.491481338843133355E-15, 0.000000000000000000, -1.000000000000000000 ) ) ;
#546 = CARTESIAN_POINT ( 'NONE',  ( 15.00000000000000000, -77.46196909370040373, 30.03803090629958916 ) ) ;
#547 = CARTESIAN_POINT ( 'NONE',  ( 0.000000000000000000, 33.03803090629959627, 33.03803090629958916 ) ) ;
#548 = ORIENTED_EDGE ( 'NONE', *, *, #502, .F. ) ;
#549 = EDGE_CURVE ( 'NONE', #1304, #820, #123, .T. ) ;
#550 = ORIENTED_EDGE ( 'NONE', *, *, #1280, .F. ) ;
#551 = VERTEX_POINT ( 'NONE', #434 ) ;
#552 = FACE_OUTER_BOUND ( 'NONE', #168, .T. ) ;
#553 = DIRECTION ( 'NONE',  ( 0.000000000000000000, 1.000000000000000000, -1.421904488505579408E-16 ) ) ;
#554 = CARTESIAN_POINT ( 'NONE',  ( 15.00000000000000000, 2.438030906299596179, 30.03803090296624489 ) ) ;
#555 = VERTEX_POINT ( 'NONE', #985 ) ;
#556 = ORIENTED_EDGE ( 'NONE', *, *, #484, .F. ) ;
#557 = PRESENTATION_STYLE_ASSIGNMENT (( #780 ) ) ;
#558 = VECTOR ( 'NONE', #67, 1000.000000000000000 ) ;
#559 = VECTOR ( 'NONE', #496, 1000.000000000000000 ) ;
#560 = ADVANCED_FACE ( 'NONE', ( #851 ), #531, .F. ) ;
#561 = CARTESIAN_POINT ( 'NONE',  ( 2.939152317953647894E-15, -24.00000000000000000, 2.000000000000000000 ) ) ;
#562 = VERTEX_POINT ( 'NONE', #1296 ) ;
#563 = CARTESIAN_POINT ( 'NONE',  ( 0.000000000000000000, 33.03803090629959627, -12.22863576036706235 ) ) ;
#564 = PRODUCT ( 'Door', 'Door', '', ( #673 ) ) ;
#565 = DIRECTION ( 'NONE',  ( -0.000000000000000000, -0.000000000000000000, -1.000000000000000000 ) ) ;
#566 = EDGE_LOOP ( 'NONE', ( #868, #604, #323, #1332 ) ) ;
#567 = DIRECTION ( 'NONE',  ( -1.000000000000000000, -0.000000000000000000, 0.000000000000000000 ) ) ;
#568 = PLANE ( 'NONE',  #1290 ) ;
#569 = EDGE_LOOP ( 'NONE', ( #771, #275, #770, #1090 ) ) ;
#570 = ADVANCED_FACE ( 'NONE', ( #640, #8 ), #1088, .T. ) ;
#571 =( BOUNDED_CURVE ( )  B_SPLINE_CURVE ( 3, ( #324, #1271, #105, #205 ),
 .UNSPECIFIED., .F., .F. ) 
 B_SPLINE_CURVE_WITH_KNOTS ( ( 4, 4 ),
 ( 0.000000000000000000, 1.570796326794896558 ),
 .UNSPECIFIED. ) 
 CURVE ( )  GEOMETRIC_REPRESENTATION_ITEM ( )  RATIONAL_B_SPLINE_CURVE ( ( 1.000000000000000000, 0.8047378541243649375, 0.8047378541243649375, 1.000000000000000000 ) ) 
 REPRESENTATION_ITEM ( '' )  );
#572 = SHAPE_DEFINITION_REPRESENTATION ( #344, #419 ) ;
#573 =( NAMED_UNIT ( * ) PLANE_ANGLE_UNIT ( ) SI_UNIT ( $, .RADIAN. ) );
#574 = CARTESIAN_POINT ( 'NONE',  ( 18.35000000000000142, 2.652681315347867647E-15, 3.000000000000000000 ) ) ;
#575 = ORIENTED_EDGE ( 'NONE', *, *, #1100, .T. ) ;
#576 = FACE_OUTER_BOUND ( 'NONE', #226, .T. ) ;
#577 = DIRECTION ( 'NONE',  ( -3.491481338843133355E-15, 0.000000000000000000, -1.000000000000000000 ) ) ;
#578 =( NAMED_UNIT ( * ) PLANE_ANGLE_UNIT ( ) SI_UNIT ( $, .RADIAN. ) );
#579 = ORIENTED_EDGE ( 'NONE', *, *, #1223, .F. ) ;
#580 = LINE ( 'NONE', #27, #1181 ) ;
#581 = AXIS2_PLACEMENT_3D ( 'NONE', #860, #772, #457 ) ;
#582 = CARTESIAN_POINT ( 'NONE',  ( 4.999999999999999112, -49.56196909370039094, 30.03803090296624489 ) ) ;
#583 = ORIENTED_EDGE ( 'NONE', *, *, #712, .F. ) ;
#584 = VECTOR ( 'NONE', #856, 1000.000000000000000 ) ;
#585 = DIRECTION ( 'NONE',  ( -1.000000000000000000, -0.000000000000000000, 0.000000000000000000 ) ) ;
#586 = DIRECTION ( 'NONE',  ( -0.000000000000000000, 1.000000000000000000, 0.000000000000000000 ) ) ;
#587 = EDGE_LOOP ( 'NONE', ( #215, #795, #1268, #593 ) ) ;
#588 = CARTESIAN_POINT ( 'NONE',  ( 15.00000000000000000, 6.321057594998241491, 10.40469757296626163 ) ) ;
#589 = LINE ( 'NONE', #362, #785 ) ;
#590 = VERTEX_POINT ( 'NONE', #1272 ) ;
#591 = CARTESIAN_POINT ( 'NONE',  ( 4.999999999999999112, 6.321057594998244156, 30.04176678458826188 ) ) ;
#592 = ADVANCED_FACE ( 'NONE', ( #229 ), #540, .T. ) ;
#593 = ORIENTED_EDGE ( 'NONE', *, *, #963, .T. ) ;
#594 = LINE ( 'NONE', #276, #848 ) ;
#595 = LINE ( 'NONE', #914, #1098 ) ;
#596 = DIRECTION ( 'NONE',  ( 1.000000000000000000, -0.000000000000000000, -0.000000000000000000 ) ) ;
#597 = DIRECTION ( 'NONE',  ( 0.000000000000000000, 0.000000000000000000, -1.000000000000000000 ) ) ;
#598 = ORIENTED_EDGE ( 'NONE', *, *, #448, .T. ) ;
#599 = ORIENTED_EDGE ( 'NONE', *, *, #1242, .T. ) ;
#600 = DIRECTION ( 'NONE',  ( 0.000000000000000000, 0.000000000000000000, -1.000000000000000000 ) ) ;
#601 = EDGE_CURVE ( 'NONE', #149, #1110, #289, .T. ) ;
#602 = EDGE_CURVE ( 'NONE', #120, #172, #212, .T. ) ;
#603 = CARTESIAN_POINT ( 'NONE',  ( 15.00000000000000000, -34.56196909370040515, 30.03803090296624489 ) ) ;
#604 = ORIENTED_EDGE ( 'NONE', *, *, #749, .T. ) ;
#605 = ADVANCED_FACE ( 'NONE', ( #315 ), #647, .F. ) ;
#606 = AXIS2_PLACEMENT_3D ( 'NONE', #668, #1176, #973 ) ;
#607 = CARTESIAN_POINT ( 'NONE',  ( 4.999999999999999112, -49.56196909370039094, -9.228635763700406613 ) ) ;
#608 = VECTOR ( 'NONE', #300, 1000.000000000000000 ) ;
#609 = AXIS2_PLACEMENT_3D ( 'NONE', #1004, #368, #1102 ) ;
#610 = ADVANCED_FACE ( 'NONE', ( #1267 ), #657, .T. ) ;
#611 = VERTEX_POINT ( 'NONE', #1081 ) ;
#612 = CARTESIAN_POINT ( 'NONE',  ( 15.00000000000000000, 6.321057594998241491, -9.232371638655738622 ) ) ;
#613 = CARTESIAN_POINT ( 'NONE',  ( 4.999999999999999112, -49.56196909370039094, 30.03803090296624489 ) ) ;
#614 = PLANE ( 'NONE',  #1008 ) ;
#615 = FACE_BOUND ( 'NONE', #622, .T. ) ;
#616 = ORIENTED_EDGE ( 'NONE', *, *, #436, .F. ) ;
#617 = EDGE_CURVE ( 'NONE', #48, #1273, #895, .T. ) ;
#618 =( BOUNDED_CURVE ( )  B_SPLINE_CURVE ( 3, ( #1221, #667, #993, #882 ),
 .UNSPECIFIED., .F., .F. ) 
 B_SPLINE_CURVE_WITH_KNOTS ( ( 4, 4 ),
 ( 3.141592653589793116, 4.712388980384689674 ),
 .UNSPECIFIED. ) 
 CURVE ( )  GEOMETRIC_REPRESENTATION_ITEM ( )  RATIONAL_B_SPLINE_CURVE ( ( 1.000000000000000000, 0.8047378541243649375, 0.8047378541243649375, 1.000000000000000000 ) ) 
 REPRESENTATION_ITEM ( '' )  );
#619 = DIRECTION ( 'NONE',  ( 1.000000000000000000, -0.000000000000000000, -0.000000000000000000 ) ) ;
#620 = CARTESIAN_POINT ( 'NONE',  ( 19.35000000000000142, -1.383850883036509659E-15, 2.000000000000000000 ) ) ;
#621 = DIRECTION ( 'NONE',  ( -1.000000000000000000, 0.000000000000000000, 0.000000000000000000 ) ) ;
#622 = EDGE_LOOP ( 'NONE', ( #912, #713, #637, #411 ) ) ;
#623 =( REPRESENTATION_RELATIONSHIP ('NONE','NONE', #225, #419 ) REPRESENTATION_RELATIONSHIP_WITH_TRANSFORMATION ( #880 )SHAPE_REPRESENTATION_RELATIONSHIP( ) );
#624 = DIRECTION ( 'NONE',  ( 0.000000000000000000, -1.000000000000000000, 0.000000000000000000 ) ) ;
#625 = CARTESIAN_POINT ( 'NONE',  ( 15.00000000000000000, -34.56196909370040515, 30.03803090296624489 ) ) ;
#626 = EDGE_CURVE ( 'NONE', #418, #1082, #843, .T. ) ;
#627 = CARTESIAN_POINT ( 'NONE',  ( 15.00000000000000000, 5.938030906299591294, 30.03803090629958206 ) ) ;
#628 = ORIENTED_EDGE ( 'NONE', *, *, #1123, .T. ) ;
#629 = EDGE_CURVE ( 'NONE', #201, #1279, #776, .T. ) ;
#630 = AXIS2_PLACEMENT_3D ( 'NONE', #799, #1218, #1007 ) ;
#631 = AXIS2_PLACEMENT_3D ( 'NONE', #412, #292, #76 ) ;
#632 =( LENGTH_UNIT ( ) NAMED_UNIT ( * ) SI_UNIT ( .MILLI., .METRE. ) );
#633 = CARTESIAN_POINT ( 'NONE',  ( 0.000000000000000000, 0.000000000000000000, 2.000000000000000000 ) ) ;
#634 = ADVANCED_FACE ( 'NONE', ( #443 ), #28, .T. ) ;
#635 = DIRECTION ( 'NONE',  ( 1.000000000000000000, -0.000000000000000000, 0.000000000000000000 ) ) ;
#636 = EDGE_LOOP ( 'NONE', ( #711, #660, #1254, #670 ) ) ;
#637 = ORIENTED_EDGE ( 'NONE', *, *, #127, .F. ) ;
#638 = LINE ( 'NONE', #13, #246 ) ;
#639 = DIRECTION ( 'NONE',  ( 0.000000000000000000, 0.000000000000000000, -1.000000000000000000 ) ) ;
#640 = FACE_OUTER_BOUND ( 'NONE', #566, .T. ) ;
#641 = ORIENTED_EDGE ( 'NONE', *, *, #1223, .T. ) ;
#642 = DIRECTION ( 'NONE',  ( -0.000000000000000000, 1.000000000000000000, 1.222712582186295884E-16 ) ) ;
#643 = EDGE_LOOP ( 'NONE', ( #742, #122, #1169, #1341 ) ) ;
#644 = LINE ( 'NONE', #6, #21 ) ;
#645 = EDGE_CURVE ( 'NONE', #1371, #1206, #662, .T. ) ;
#646 = LINE ( 'NONE', #984, #947 ) ;
#647 = PLANE ( 'NONE',  #1179 ) ;
#648 = ORIENTED_EDGE ( 'NONE', *, *, #31, .F. ) ;
#649 = FACE_OUTER_BOUND ( 'NONE', #1343, .T. ) ;
#650 = EDGE_LOOP ( 'NONE', ( #54, #579, #282, #337 ) ) ;
#651 = VECTOR ( 'NONE', #928, 1000.000000000000000 ) ;
#652 = VECTOR ( 'NONE', #1224, 1000.000000000000000 ) ;
#653 = EDGE_CURVE ( 'NONE', #346, #611, #345, .T. ) ;
#654 = EDGE_LOOP ( 'NONE', ( #263, #378, #70, #865 ) ) ;
#655 = DIRECTION ( 'NONE',  ( 1.000000000000000000, 1.445602896647339163E-16, -0.000000000000000000 ) ) ;
#656 = PRODUCT ( 'BookshelfAssem', 'BookshelfAssem', '', ( #1212 ) ) ;
#657 = PLANE ( 'NONE',  #179 ) ;
#658 = ORIENTED_EDGE ( 'NONE', *, *, #1261, .F. ) ;
#659 = FACE_OUTER_BOUND ( 'NONE', #777, .T. ) ;
#660 = ORIENTED_EDGE ( 'NONE', *, *, #374, .F. ) ;
#661 = DIRECTION ( 'NONE',  ( -0.000000000000000000, 1.000000000000000000, 1.222712582186295884E-16 ) ) ;
#662 = LINE ( 'NONE', #554, #1137 ) ;
#663 = ORIENTED_EDGE ( 'NONE', *, *, #1178, .T. ) ;
#664 = ORIENTED_EDGE ( 'NONE', *, *, #879, .T. ) ;
#665 = EDGE_CURVE ( 'NONE', #1186, #1371, #889, .T. ) ;
#666 = LINE ( 'NONE', #684, #1198 ) ;
#667 = CARTESIAN_POINT ( 'NONE',  ( -7.173814858237199660E-17, 7.173814858237199660E-17, 2.585786437626905077 ) ) ;
#668 = CARTESIAN_POINT ( 'NONE',  ( 4.999999999999999112, 5.938030906299589518, 30.03803090629958561 ) ) ;
#669 = EDGE_CURVE ( 'NONE', #791, #322, #151, .T. ) ;
#670 = ORIENTED_EDGE ( 'NONE', *, *, #162, .T. ) ;
#671 = CARTESIAN_POINT ( 'NONE',  ( 4.999999999999999112, -16.06196909370040515, 30.03803090296624489 ) ) ;
#672 = AXIS2_PLACEMENT_3D ( 'NONE', #165, #834, #714 ) ;
#673 = PRODUCT_CONTEXT ( 'NONE', #298, 'mechanical' ) ;
#674 = VECTOR ( 'NONE', #14, 1000.000000000000000 ) ;
#675 = LINE ( 'NONE', #338, #674 ) ;
#676 = VECTOR ( 'NONE', #1246, 1000.000000000000000 ) ;
#677 = PLANE ( 'NONE',  #609 ) ;
#678 = EDGE_CURVE ( 'NONE', #551, #334, #589, .T. ) ;
#679 = COLOUR_RGB ( '',0.7921568627450980005, 0.8196078431372548767, 0.9333333333333333481 ) ;
#680 = DIRECTION ( 'NONE',  ( 0.000000000000000000, 0.000000000000000000, 1.000000000000000000 ) ) ;
#681 = EDGE_CURVE ( 'NONE', #836, #113, #1196, .T. ) ;
#682 = ORIENTED_EDGE ( 'NONE', *, *, #361, .T. ) ;
#683 = ORIENTED_EDGE ( 'NONE', *, *, #949, .T. ) ;
#684 = CARTESIAN_POINT ( 'NONE',  ( 4.999999999999999112, -34.56196909370040515, 30.03803090296624489 ) ) ;
#685 = LINE ( 'NONE', #150, #1292 ) ;
#686 = FACE_OUTER_BOUND ( 'NONE', #274, .T. ) ;
#687 = ORIENTED_EDGE ( 'NONE', *, *, #401, .F. ) ;
#688 = CONTEXT_DEPENDENT_SHAPE_REPRESENTATION ( #623, #25 ) ;
#689 = CARTESIAN_POINT ( 'NONE',  ( 4.999999999999999112, -12.56196909370040338, 30.03803090296624489 ) ) ;
#690 = DIRECTION ( 'NONE',  ( 0.000000000000000000, 1.000000000000000000, 0.000000000000000000 ) ) ;
#691 = CARTESIAN_POINT ( 'NONE',  ( 13.00000000000000000, -53.06196909370040515, 30.03803090629959627 ) ) ;
#692 = ORIENTED_EDGE ( 'NONE', *, *, #960, .F. ) ;
#693 = EDGE_CURVE ( 'NONE', #172, #346, #1025, .T. ) ;
#694 = DIRECTION ( 'NONE',  ( 0.000000000000000000, -0.000000000000000000, 1.000000000000000000 ) ) ;
#695 = ORIENTED_EDGE ( 'NONE', *, *, #177, .T. ) ;
#696 = CARTESIAN_POINT ( 'NONE',  ( 4.999999999999999112, 6.321057594998244156, 30.04176678458826188 ) ) ;
#697 = AXIS2_PLACEMENT_3D ( 'NONE', #214, #20, #4 ) ;
#698 = VECTOR ( 'NONE', #46, 1000.000000000000000 ) ;
#699 = CARTESIAN_POINT ( 'NONE',  ( 0.000000000000000000, -80.46196909370040373, 33.03803090629958916 ) ) ;
#700 = PRODUCT_DEFINITION_CONTEXT ( 'detailed design', #857, 'design' ) ;
#701 = ORIENTED_EDGE ( 'NONE', *, *, #162, .F. ) ;
#702 = CARTESIAN_POINT ( 'NONE',  ( 15.00000000000000000, 6.321057594998244156, 30.04176678458826188 ) ) ;
#703 = VECTOR ( 'NONE', #956, 1000.000000000000000 ) ;
#704 = DIRECTION ( 'NONE',  ( -1.000000000000000000, 0.000000000000000000, -0.000000000000000000 ) ) ;
#705 = LINE ( 'NONE', #833, #178 ) ;
#706 = ORIENTED_EDGE ( 'NONE', *, *, #941, .T. ) ;
#707 = FACE_OUTER_BOUND ( 'NONE', #587, .T. ) ;
#708 = DIRECTION ( 'NONE',  ( 0.000000000000000000, -8.835603443005813433E-17, 1.000000000000000000 ) ) ;
#709 = DIRECTION ( 'NONE',  ( -1.000000000000000000, 0.000000000000000000, 0.000000000000000000 ) ) ;
#710 = CARTESIAN_POINT ( 'NONE',  ( 4.999999999999999112, 6.321057594998241491, 10.40469757296626163 ) ) ;
#711 = ORIENTED_EDGE ( 'NONE', *, *, #249, .T. ) ;
#712 = EDGE_CURVE ( 'NONE', #1273, #533, #1118, .T. ) ;
#713 = ORIENTED_EDGE ( 'NONE', *, *, #1307, .T. ) ;
#714 = DIRECTION ( 'NONE',  ( 0.000000000000000000, -1.000000000000000000, -1.156482317317871725E-16 ) ) ;
#715 = EDGE_CURVE ( 'NONE', #562, #1371, #264, .T. ) ;
#716 = LINE ( 'NONE', #506, #1200 ) ;
#717 = FACE_OUTER_BOUND ( 'NONE', #1174, .T. ) ;
#718 = LINE ( 'NONE', #206, #218 ) ;
#719 = CARTESIAN_POINT ( 'NONE',  ( 4.999999999999999112, -16.06196909370040160, -9.228635763700403061 ) ) ;
#720 = VERTEX_POINT ( 'NONE', #1018 ) ;
#721 = ORIENTED_EDGE ( 'NONE', *, *, #881, .T. ) ;
#722 = DIRECTION ( 'NONE',  ( 1.000000000000000000, -0.000000000000000000, -0.000000000000000000 ) ) ;
#723 = VECTOR ( 'NONE', #786, 1000.000000000000000 ) ;
#724 = CYLINDRICAL_SURFACE ( 'NONE', #871, 1.000000000000000000 ) ;
#725 = ADVANCED_FACE ( 'NONE', ( #474 ), #1310, .F. ) ;
#726 = DIRECTION ( 'NONE',  ( 0.000000000000000000, -1.000000000000000000, -2.312964634635744929E-16 ) ) ;
#727 = AXIS2_PLACEMENT_3D ( 'NONE', #938, #1248, #190 ) ;
#728 = FACE_BOUND ( 'NONE', #884, .T. ) ;
#729 = EDGE_LOOP ( 'NONE', ( #541, #1095, #62, #840 ) ) ;
#730 = VECTOR ( 'NONE', #530, 1000.000000000000000 ) ;
#731 = CARTESIAN_POINT ( 'NONE',  ( 0.000000000000000000, 33.03803090629959627, 33.03803090629958916 ) ) ;
#732 = CARTESIAN_POINT ( 'NONE',  ( 1.000000000000000000, 1.224646799147353207E-16, 2.000000000000000000 ) ) ;
#733 = CARTESIAN_POINT ( 'NONE',  ( 13.00000000000000000, -53.06196909370040515, 30.03803090629959627 ) ) ;
#734 = ORIENTED_EDGE ( 'NONE', *, *, #549, .T. ) ;
#735 = LINE ( 'NONE', #1048, #1057 ) ;
#736 = LINE ( 'NONE', #284, #291 ) ;
#737 = PLANE ( 'NONE',  #354 ) ;
#738 = EDGE_CURVE ( 'NONE', #113, #854, #253, .T. ) ;
#739 = EDGE_CURVE ( 'NONE', #149, #65, #595, .T. ) ;
#740 = CARTESIAN_POINT ( 'NONE',  ( 2.939152317953647894E-15, -24.00000000000000000, 3.000000000000000000 ) ) ;
#741 = LINE ( 'NONE', #78, #1335 ) ;
#742 = ORIENTED_EDGE ( 'NONE', *, *, #188, .T. ) ;
#743 = STYLED_ITEM ( 'NONE', ( #557 ), #147 ) ;
#744 = VECTOR ( 'NONE', #621, 1000.000000000000000 ) ;
#745 = EDGE_LOOP ( 'NONE', ( #802, #918, #1182, #583 ) ) ;
#746 = DIRECTION ( 'NONE',  ( 0.000000000000000000, 0.000000000000000000, 1.000000000000000000 ) ) ;
#747 = CARTESIAN_POINT ( 'NONE',  ( -7.151684150059480926E-17, -1.000000000000000000, 2.000000000000000000 ) ) ;
#748 = ORIENTED_EDGE ( 'NONE', *, *, #476, .T. ) ;
#749 = EDGE_CURVE ( 'NONE', #287, #285, #460, .T. ) ;
#750 = VERTEX_POINT ( 'NONE', #1209 ) ;
#751 = ADVANCED_FACE ( 'NONE', ( #481 ), #568, .F. ) ;
#752 = EDGE_CURVE ( 'NONE', #501, #533, #1013, .T. ) ;
#753 = LINE ( 'NONE', #1063, #106 ) ;
#754 = CARTESIAN_POINT ( 'NONE',  ( 0.000000000000000000, 0.000000000000000000, 3.000000000000000000 ) ) ;
#755 = ORIENTED_EDGE ( 'NONE', *, *, #502, .T. ) ;
#756 = EDGE_CURVE ( 'NONE', #1186, #269, #1126, .T. ) ;
#757 = ORIENTED_EDGE ( 'NONE', *, *, #971, .F. ) ;
#758 = CARTESIAN_POINT ( 'NONE',  ( 15.00000000000000000, -53.06196909370040515, 30.03803090629959627 ) ) ;
#759 = DIRECTION ( 'NONE',  ( -1.000000000000000000, -0.000000000000000000, -0.000000000000000000 ) ) ;
#760 = CARTESIAN_POINT ( 'NONE',  ( 0.4142135623730978100, -23.58578643762690064, 2.999999999999999556 ) ) ;
#761 = EDGE_LOOP ( 'NONE', ( #599, #485, #110, #1210 ) ) ;
#762 = PLANE ( 'NONE',  #581 ) ;
#763 = VERTEX_POINT ( 'NONE', #1000 ) ;
#764 = VECTOR ( 'NONE', #1116, 1000.000000000000000 ) ;
#765 = VECTOR ( 'NONE', #1205, 1000.000000000000000 ) ;
#766 = VECTOR ( 'NONE', #1215, 1000.000000000000000 ) ;
#767 = EDGE_LOOP ( 'NONE', ( #954, #389, #986, #390 ) ) ;
#768 = CARTESIAN_POINT ( 'NONE',  ( 4.999999999999999112, -49.56196909370039094, 30.03803090296624489 ) ) ;
#769 = DIRECTION ( 'NONE',  ( 0.000000000000000000, 1.000000000000000000, 0.000000000000000000 ) ) ;
#770 = ORIENTED_EDGE ( 'NONE', *, *, #195, .T. ) ;
#771 = ORIENTED_EDGE ( 'NONE', *, *, #971, .T. ) ;
#772 = DIRECTION ( 'NONE',  ( 1.000000000000000000, 1.224646799147353207E-16, -0.000000000000000000 ) ) ;
#773 = EDGE_LOOP ( 'NONE', ( #222, #416, #1006, #983 ) ) ;
#774 = CARTESIAN_POINT ( 'NONE',  ( 19.35000000000000497, -24.00000000000000000, 2.000000000000000000 ) ) ;
#775 = ADVANCED_FACE ( 'NONE', ( #686 ), #1109, .F. ) ;
#776 = LINE ( 'NONE', #1185, #829 ) ;
#777 = EDGE_LOOP ( 'NONE', ( #926, #701, #663, #1112 ) ) ;
#778 = CARTESIAN_POINT ( 'NONE',  ( 4.999999999999999112, 6.321057594998241491, 10.40469757296626163 ) ) ;
#779 = PRODUCT ( 'NewBookshelf', 'NewBookshelf', '', ( #800 ) ) ;
#780 = SURFACE_STYLE_USAGE ( .BOTH. , #905 ) ;
#781 = LINE ( 'NONE', #283, #832 ) ;
#782 = CARTESIAN_POINT ( 'NONE',  ( 4.999999999999999112, 2.438030906299596179, 30.03803090296624489 ) ) ;
#783 = VERTEX_POINT ( 'NONE', #691 ) ;
#784 = VECTOR ( 'NONE', #379, 1000.000000000000000 ) ;
#785 = VECTOR ( 'NONE', #908, 1000.000000000000000 ) ;
#786 = DIRECTION ( 'NONE',  ( -0.000000000000000000, -0.000000000000000000, -1.000000000000000000 ) ) ;
#787 = VECTOR ( 'NONE', #639, 1000.000000000000000 ) ;
#788 = LINE ( 'NONE', #37, #516 ) ;
#789 = VECTOR ( 'NONE', #352, 1000.000000000000000 ) ;
#790 = CARTESIAN_POINT ( 'NONE',  ( 15.00000000000000000, -12.56196909370040338, 30.03803090296624489 ) ) ;
#791 = VERTEX_POINT ( 'NONE', #369 ) ;
#792 = PRODUCT_DEFINITION ( 'UNKNOWN', '', #1368, #414 ) ;
#793 = APPLICATION_PROTOCOL_DEFINITION ( 'draft international standard', 'automotive_design', 1998, #857 ) ;
#794 = LINE ( 'NONE', #689, #424 ) ;
#795 = ORIENTED_EDGE ( 'NONE', *, *, #870, .T. ) ;
#796 = DIRECTION ( 'NONE',  ( 0.000000000000000000, 0.000000000000000000, 1.000000000000000000 ) ) ;
#797 = DIRECTION ( 'NONE',  ( 0.000000000000000000, -0.000000000000000000, -1.000000000000000000 ) ) ;
#798 = ORIENTED_EDGE ( 'NONE', *, *, #669, .T. ) ;
#799 = CARTESIAN_POINT ( 'NONE',  ( 4.999999999999999112, 6.321057594998241491, 10.40469757296626163 ) ) ;
#800 = PRODUCT_CONTEXT ( 'NONE', #234, 'mechanical' ) ;
#801 =( LENGTH_UNIT ( ) NAMED_UNIT ( * ) SI_UNIT ( .MILLI., .METRE. ) );
#802 = ORIENTED_EDGE ( 'NONE', *, *, #542, .F. ) ;
#803 = CARTESIAN_POINT ( 'NONE',  ( 4.999999999999999112, 5.938030906299581524, -9.228635760367057017 ) ) ;
#804 = CARTESIAN_POINT ( 'NONE',  ( 4.999999999999999112, 6.321057594998241491, -9.232371638655738622 ) ) ;
#805 = CARTESIAN_POINT ( 'NONE',  ( 3.000000000000002665, -2.999999999999999556, 3.000000000000000000 ) ) ;
#806 = DIRECTION ( 'NONE',  ( 0.000000000000000000, 0.000000000000000000, -1.000000000000000000 ) ) ;
#807 = LINE ( 'NONE', #1302, #991 ) ;
#808 = VECTOR ( 'NONE', #1053, 1000.000000000000000 ) ;
#809 = CARTESIAN_POINT ( 'NONE',  ( 4.999999999999999112, -16.06196909370040160, -9.228635763700403061 ) ) ;
#810 = LINE ( 'NONE', #591, #493 ) ;
#811 = AXIS2_PLACEMENT_3D ( 'NONE', #219, #655, #1079 ) ;
#812 = VERTEX_POINT ( 'NONE', #804 ) ;
#813 = EDGE_CURVE ( 'NONE', #202, #1188, #1216, .T. ) ;
#814 = ADVANCED_FACE ( 'NONE', ( #1043 ), #724, .T. ) ;
#815 = EDGE_LOOP ( 'NONE', ( #308, #1363, #238, #628 ) ) ;
#816 = CARTESIAN_POINT ( 'NONE',  ( 16.35000000000000497, -20.99999999999999289, 3.000000000000000000 ) ) ;
#817 = FACE_OUTER_BOUND ( 'NONE', #767, .T. ) ;
#818 = CARTESIAN_POINT ( 'NONE',  ( 3.000000000000002665, -20.99999999999999289, 0.000000000000000000 ) ) ;
#819 = DIRECTION ( 'NONE',  ( -1.000000000000000000, 0.000000000000000000, 0.000000000000000000 ) ) ;
#820 = VERTEX_POINT ( 'NONE', #402 ) ;
#821 = EDGE_CURVE ( 'NONE', #847, #1304, #189, .T. ) ;
#822 = CARTESIAN_POINT ( 'NONE',  ( 4.999999999999999112, -12.56196909370040160, -9.228635763700403061 ) ) ;
#823 = LINE ( 'NONE', #299, #969 ) ;
#824 = CARTESIAN_POINT ( 'NONE',  ( 16.35000000000000497, -3.000000000000000000, 3.000000000000000000 ) ) ;
#825 = DIRECTION ( 'NONE',  ( 0.000000000000000000, 1.000000000000000000, -1.421904488505579408E-16 ) ) ;
#826 = CARTESIAN_POINT ( 'NONE',  ( 1.000000000000002887, -23.00000000000000000, 3.000000000000000000 ) ) ;
#827 =( GEOMETRIC_REPRESENTATION_CONTEXT ( 3 ) GLOBAL_UNCERTAINTY_ASSIGNED_CONTEXT ( ( #512 ) ) GLOBAL_UNIT_ASSIGNED_CONTEXT ( ( #801, #578, #156 ) ) REPRESENTATION_CONTEXT ( 'NONE', 'WORKASPACE' ) );
#828 = DIRECTION ( 'NONE',  ( -0.000000000000000000, -0.000000000000000000, -1.000000000000000000 ) ) ;
#829 = VECTOR ( 'NONE', #126, 1000.000000000000000 ) ;
#830 =( REPRESENTATION_RELATIONSHIP ('NONE','NONE', #225, #371 ) REPRESENTATION_RELATIONSHIP_WITH_TRANSFORMATION ( #1099 )SHAPE_REPRESENTATION_RELATIONSHIP( ) );
#831 = FACE_BOUND ( 'NONE', #445, .T. ) ;
#832 = VECTOR ( 'NONE', #1125, 1000.000000000000000 ) ;
#833 = CARTESIAN_POINT ( 'NONE',  ( 13.00000000000000000, -53.06196909370039805, -9.228635763700406613 ) ) ;
#834 = DIRECTION ( 'NONE',  ( 0.000000000000000000, -1.156482317317871725E-16, 1.000000000000000000 ) ) ;
#835 = DIRECTION ( 'NONE',  ( 1.000000000000000000, -0.000000000000000000, -0.000000000000000000 ) ) ;
#836 = VERTEX_POINT ( 'NONE', #613 ) ;
#837 = DIRECTION ( 'NONE',  ( -1.000000000000000000, 3.248545835162559716E-17, 0.000000000000000000 ) ) ;
#838 = CARTESIAN_POINT ( 'NONE',  ( 19.35000000000000142, -1.383850883036509659E-15, 3.000000000000000000 ) ) ;
#839 = CARTESIAN_POINT ( 'NONE',  ( 3.000000000000002665, -2.999999999999999556, 3.000000000000000000 ) ) ;
#840 = ORIENTED_EDGE ( 'NONE', *, *, #960, .T. ) ;
#841 = ORIENTED_EDGE ( 'NONE', *, *, #821, .F. ) ;
#842 = SURFACE_SIDE_STYLE ('',( #863 ) ) ;
#843 = LINE ( 'NONE', #547, #1372 ) ;
#844 = ORIENTED_EDGE ( 'NONE', *, *, #813, .T. ) ;
#845 = VECTOR ( 'NONE', #874, 1000.000000000000000 ) ;
#846 = VECTOR ( 'NONE', #1034, 1000.000000000000000 ) ;
#847 = VERTEX_POINT ( 'NONE', #277 ) ;
#848 = VECTOR ( 'NONE', #619, 1000.000000000000000 ) ;
#849 = EDGE_CURVE ( 'NONE', #363, #1324, #174, .T. ) ;
#850 = CARTESIAN_POINT ( 'NONE',  ( 15.00000000000000000, -31.06196909370040515, -9.228635763700403061 ) ) ;
#851 = FACE_OUTER_BOUND ( 'NONE', #967, .T. ) ;
#852 = EDGE_LOOP ( 'NONE', ( #441, #265, #159, #906 ) ) ;
#853 = CARTESIAN_POINT ( 'NONE',  ( 4.999999999999999112, 2.438030906299596179, -9.228635763700401284 ) ) ;
#854 = VERTEX_POINT ( 'NONE', #603 ) ;
#855 = EDGE_CURVE ( 'NONE', #720, #929, #716, .T. ) ;
#856 = DIRECTION ( 'NONE',  ( 1.000000000000000000, -0.000000000000000000, -0.000000000000000000 ) ) ;
#857 = APPLICATION_CONTEXT ( 'automotive_design' ) ;
#858 = CARTESIAN_POINT ( 'NONE',  ( 4.999999999999999112, 0.000000000000000000, 0.000000000000000000 ) ) ;
#859 = ORIENTED_EDGE ( 'NONE', *, *, #752, .F. ) ;
#860 = CARTESIAN_POINT ( 'NONE',  ( 0.000000000000000000, 0.000000000000000000, 3.000000000000000000 ) ) ;
#861 = ORIENTED_EDGE ( 'NONE', *, *, #931, .F. ) ;
#862 = PLANE ( 'NONE',  #873 ) ;
#863 = SURFACE_STYLE_FILL_AREA ( #7 ) ;
#864 = DIRECTION ( 'NONE',  ( 1.000000000000000000, -7.151684150059480926E-17, 0.000000000000000000 ) ) ;
#865 = ORIENTED_EDGE ( 'NONE', *, *, #756, .F. ) ;
#866 = ORIENTED_EDGE ( 'NONE', *, *, #681, .T. ) ;
#867 = LINE ( 'NONE', #1298, #216 ) ;
#868 = ORIENTED_EDGE ( 'NONE', *, *, #526, .T. ) ;
#869 = CLOSED_SHELL ( 'NONE', ( #228, #477, #427, #957, #170, #252, #775, #399, #349, #902, #1247, #605, #1256, #560, #1276, #398, #487, #383, #751, #405, #592, #1064, #309, #95, #1087, #60, #1299, #999, #1365, #725, #610 ) ) ;
#870 = EDGE_CURVE ( 'NONE', #201, #363, #409, .T. ) ;
#871 = AXIS2_PLACEMENT_3D ( 'NONE', #732, #304, #184 ) ;
#872 = EDGE_CURVE ( 'NONE', #1074, #820, #937, .T. ) ;
#873 = AXIS2_PLACEMENT_3D ( 'NONE', #977, #1069, #439 ) ;
#874 = DIRECTION ( 'NONE',  ( 0.000000000000000000, -1.767120688451151171E-16, 1.000000000000000000 ) ) ;
#875 = FACE_OUTER_BOUND ( 'NONE', #1023, .T. ) ;
#876 = DIRECTION ( 'NONE',  ( -1.000000000000000000, -0.000000000000000000, 0.000000000000000000 ) ) ;
#877 = EDGE_LOOP ( 'NONE', ( #692, #658, #706, #280 ) ) ;
#878 = CARTESIAN_POINT ( 'NONE',  ( 4.999999999999999112, -12.56196909370040338, 30.03803090296624489 ) ) ;
#879 = EDGE_CURVE ( 'NONE', #128, #334, #83, .T. ) ;
#880 = ITEM_DEFINED_TRANSFORMATION ( 'NONE', 'NONE', #293,  #1338 ) ;
#881 = EDGE_CURVE ( 'NONE', #959, #213, #294, .T. ) ;
#882 = CARTESIAN_POINT ( 'NONE',  ( 1.000000000000000222, -1.000000000000000000, 3.000000000000000000 ) ) ;
#883 = CARTESIAN_POINT ( 'NONE',  ( 4.999999999999999112, 2.438030906299596179, 30.03803090296624489 ) ) ;
#884 = EDGE_LOOP ( 'NONE', ( #495, #695, #1060, #798 ) ) ;
#885 = CARTESIAN_POINT ( 'NONE',  ( 18.35000000000000142, -1.000000000000001332, 3.000000000000000000 ) ) ;
#886 =( LENGTH_UNIT ( ) NAMED_UNIT ( * ) SI_UNIT ( .MILLI., .METRE. ) );
#887 = CARTESIAN_POINT ( 'NONE',  ( 19.35000000000000497, -24.00000000000000000, 2.000000000000000000 ) ) ;
#888 = FACE_OUTER_BOUND ( 'NONE', #260, .T. ) ;
#889 = LINE ( 'NONE', #782, #652 ) ;
#890 = ORIENTED_EDGE ( 'NONE', *, *, #1345, .T. ) ;
#891 = EDGE_CURVE ( 'NONE', #29, #51, #1139, .T. ) ;
#892 = DIRECTION ( 'NONE',  ( 0.000000000000000000, 1.000000000000000000, 1.156482317317871232E-16 ) ) ;
#893 = EDGE_CURVE ( 'NONE', #854, #791, #193, .T. ) ;
#894 = EDGE_CURVE ( 'NONE', #532, #120, #518, .T. ) ;
#895 = CIRCLE ( 'NONE', #494, 19.63706921162200203 ) ;
#896 = CARTESIAN_POINT ( 'NONE',  ( 4.999999999999999112, -34.56196909370040515, -9.228635763700403061 ) ) ;
#897 = VECTOR ( 'NONE', #511, 1000.000000000000000 ) ;
#898 = DIRECTION ( 'NONE',  ( -0.000000000000000000, -0.000000000000000000, -1.000000000000000000 ) ) ;
#899 = AXIS2_PLACEMENT_3D ( 'NONE', #211, #116, #553 ) ;
#900 = DIRECTION ( 'NONE',  ( 0.000000000000000000, -1.000000000000000000, 0.000000000000000000 ) ) ;
#901 = ORIENTED_EDGE ( 'NONE', *, *, #669, .F. ) ;
#902 = ADVANCED_FACE ( 'NONE', ( #817 ), #1252, .T. ) ;
#903 = FACE_OUTER_BOUND ( 'NONE', #982, .T. ) ;
#904 =( NAMED_UNIT ( * ) PLANE_ANGLE_UNIT ( ) SI_UNIT ( $, .RADIAN. ) );
#905 = SURFACE_SIDE_STYLE ('',( #26 ) ) ;
#906 = ORIENTED_EDGE ( 'NONE', *, *, #99, .T. ) ;
#907 = CARTESIAN_POINT ( 'NONE',  ( 13.00000000000000000, -77.46196909370040373, -9.228635763700403061 ) ) ;
#908 = DIRECTION ( 'NONE',  ( 0.000000000000000000, 1.000000000000000000, 0.000000000000000000 ) ) ;
#909 = DIRECTION ( 'NONE',  ( 0.000000000000000000, -8.835603443005813433E-17, 1.000000000000000000 ) ) ;
#910 = CARTESIAN_POINT ( 'NONE',  ( 19.35000000000000142, -1.383850883036509659E-15, 2.000000000000000000 ) ) ;
#911 = CARTESIAN_POINT ( 'NONE',  ( 15.00000000000000000, -12.56196909370040338, 30.03803090296624489 ) ) ;
#912 = ORIENTED_EDGE ( 'NONE', *, *, #1100, .F. ) ;
#913 = CARTESIAN_POINT ( 'NONE',  ( 0.000000000000000000, -80.46196909370040373, -12.22863576036707656 ) ) ;
#914 = CARTESIAN_POINT ( 'NONE',  ( 4.999999999999999112, 5.938030906299589518, 30.03803090629958561 ) ) ;
#915 = ORIENTED_EDGE ( 'NONE', *, *, #99, .F. ) ;
#916 = FACE_OUTER_BOUND ( 'NONE', #995, .T. ) ;
#917 = DIRECTION ( 'NONE',  ( 0.000000000000000000, 4.417801721502906717E-17, -1.000000000000000000 ) ) ;
#918 = ORIENTED_EDGE ( 'NONE', *, *, #290, .T. ) ;
#919 = DIRECTION ( 'NONE',  ( 1.000000000000000000, -0.000000000000000000, -0.000000000000000000 ) ) ;
#920 = AXIS2_PLACEMENT_3D ( 'NONE', #923, #68, #278 ) ;
#921 = DIRECTION ( 'NONE',  ( 0.000000000000000000, -1.000000000000000000, 0.000000000000000000 ) ) ;
#922 = UNCERTAINTY_MEASURE_WITH_UNIT (LENGTH_MEASURE( 1.000000000000000082E-05 ), #962, 'distance_accuracy_value', 'NONE');
#923 = CARTESIAN_POINT ( 'NONE',  ( 4.999999999999999112, 0.000000000000000000, 0.000000000000000000 ) ) ;
#924 =( GEOMETRIC_REPRESENTATION_CONTEXT ( 3 ) GLOBAL_UNCERTAINTY_ASSIGNED_CONTEXT ( ( #922 ) ) GLOBAL_UNIT_ASSIGNED_CONTEXT ( ( #962, #1166, #432 ) ) REPRESENTATION_CONTEXT ( 'NONE', 'WORKASPACE' ) );
#925 = PLANE ( 'NONE',  #630 ) ;
#926 = ORIENTED_EDGE ( 'NONE', *, *, #715, .F. ) ;
#927 = ADVANCED_FACE ( 'NONE', ( #1149 ), #1049, .F. ) ;
#928 = DIRECTION ( 'NONE',  ( 1.000000000000000000, -0.000000000000000000, -0.000000000000000000 ) ) ;
#929 = VERTEX_POINT ( 'NONE', #1355 ) ;
#930 = DIRECTION ( 'NONE',  ( 1.000000000000000000, -7.151684150059480926E-17, 0.000000000000000000 ) ) ;
#931 = EDGE_CURVE ( 'NONE', #720, #1082, #394, .T. ) ;
#932 = CARTESIAN_POINT ( 'NONE',  ( 4.999999999999999112, 2.438030906299596179, 30.03803090296624489 ) ) ;
#933 = LINE ( 'NONE', #475, #514 ) ;
#934 = LINE ( 'NONE', #69, #744 ) ;
#935 = ORIENTED_EDGE ( 'NONE', *, *, #307, .F. ) ;
#936 = DIRECTION ( 'NONE',  ( 0.000000000000000000, -1.000000000000000000, 0.000000000000000000 ) ) ;
#937 = LINE ( 'NONE', #1346, #846 ) ;
#938 = CARTESIAN_POINT ( 'NONE',  ( 4.999999999999999112, 6.321057594998241491, 10.40469757296626163 ) ) ;
#939 = EDGE_CURVE ( 'NONE', #160, #791, #823, .T. ) ;
#940 = CARTESIAN_POINT ( 'NONE',  ( 15.00000000000000000, -31.06196909370040515, 30.03803090296624489 ) ) ;
#941 = EDGE_CURVE ( 'NONE', #269, #1288, #736, .T. ) ;
#942 = PRESENTATION_LAYER_ASSIGNMENT (  '', '', ( #743 ) ) ;
#943 = CARTESIAN_POINT ( 'NONE',  ( 15.00000000000000000, -31.06196909370040515, -9.228635763700403061 ) ) ;
#944 = VECTOR ( 'NONE', #34, 1000.000000000000000 ) ;
#945 = LINE ( 'NONE', #410, #331 ) ;
#946 = ORIENTED_EDGE ( 'NONE', *, *, #1242, .F. ) ;
#947 = VECTOR ( 'NONE', #1070, 1000.000000000000000 ) ;
#948 = EDGE_CURVE ( 'NONE', #820, #201, #199, .T. ) ;
#949 = EDGE_CURVE ( 'NONE', #1020, #164, #1339, .T. ) ;
#950 = CARTESIAN_POINT ( 'NONE',  ( 3.000000000000002665, -2.999999999999999556, 3.000000000000000000 ) ) ;
#951 = DIRECTION ( 'NONE',  ( 0.000000000000000000, 1.000000000000000000, 0.000000000000000000 ) ) ;
#952 = DIRECTION ( 'NONE',  ( 1.000000000000000000, 0.000000000000000000, 0.000000000000000000 ) ) ;
#953 = ORIENTED_EDGE ( 'NONE', *, *, #1058, .F. ) ;
#954 = ORIENTED_EDGE ( 'NONE', *, *, #645, .F. ) ;
#955 = CARTESIAN_POINT ( 'NONE',  ( 0.000000000000000000, 0.000000000000000000, 0.000000000000000000 ) ) ;
#956 = DIRECTION ( 'NONE',  ( 0.000000000000000000, 0.000000000000000000, -1.000000000000000000 ) ) ;
#957 = ADVANCED_FACE ( 'NONE', ( #1 ), #979, .F. ) ;
#958 = FACE_BOUND ( 'NONE', #281, .T. ) ;
#959 = VERTEX_POINT ( 'NONE', #850 ) ;
#960 = EDGE_CURVE ( 'NONE', #1206, #1119, #972, .T. ) ;
#961 = EDGE_LOOP ( 'NONE', ( #755, #953, #351, #1270 ) ) ;
#962 =( LENGTH_UNIT ( ) NAMED_UNIT ( * ) SI_UNIT ( .MILLI., .METRE. ) );
#963 = EDGE_CURVE ( 'NONE', #1324, #1279, #1160, .T. ) ;
#964 = PLANE ( 'NONE',  #899 ) ;
#965 = CLOSED_SHELL ( 'NONE', ( #1067, #1237, #296, #927, #570, #273, #1263, #1306, #1320, #121, #814, #634, #1193, #521 ) ) ;
#966 = CARTESIAN_POINT ( 'NONE',  ( 15.00000000000000000, 5.938030906299581524, -9.228635760367057017 ) ) ;
#967 = EDGE_LOOP ( 'NONE', ( #12, #1019, #1017, #375 ) ) ;
#968 = VECTOR ( 'NONE', #507, 1000.000000000000000 ) ;
#969 = VECTOR ( 'NONE', #1238, 1000.000000000000000 ) ;
#970 = ORIENTED_EDGE ( 'NONE', *, *, #601, .F. ) ;
#971 = EDGE_CURVE ( 'NONE', #363, #285, #571, .T. ) ;
#972 = LINE ( 'NONE', #1367, #730 ) ;
#973 = DIRECTION ( 'NONE',  ( 0.000000000000000000, -2.208900860751453358E-17, -1.000000000000000000 ) ) ;
#974 = ORIENTED_EDGE ( 'NONE', *, *, #385, .F. ) ;
#975 = CARTESIAN_POINT ( 'NONE',  ( 18.35000000000000497, -23.00000000000000000, 3.000000000000000000 ) ) ;
#976 = ORIENTED_EDGE ( 'NONE', *, *, #141, .T. ) ;
#977 = CARTESIAN_POINT ( 'NONE',  ( 13.00000000000000000, -77.46196909370040373, 30.03803090629958916 ) ) ;
#978 = ORIENTED_EDGE ( 'NONE', *, *, #678, .T. ) ;
#979 = PLANE ( 'NONE',  #537 ) ;
#980 = DIRECTION ( 'NONE',  ( 0.000000000000000000, -1.000000000000000000, -4.417801721502906717E-17 ) ) ;
#981 = VERTEX_POINT ( 'NONE', #523 ) ;
#982 = EDGE_LOOP ( 'NONE', ( #527, #525, #186, #970 ) ) ;
#983 = ORIENTED_EDGE ( 'NONE', *, *, #307, .T. ) ;
#984 = CARTESIAN_POINT ( 'NONE',  ( -7.151684150059480926E-17, -1.000000000000000000, 3.000000000000000000 ) ) ;
#985 = CARTESIAN_POINT ( 'NONE',  ( 15.00000000000000000, -53.06196909370040515, 30.03803090629959627 ) ) ;
#986 = ORIENTED_EDGE ( 'NONE', *, *, #756, .T. ) ;
#987 = ORIENTED_EDGE ( 'NONE', *, *, #626, .T. ) ;
#988 = EDGE_CURVE ( 'NONE', #750, #590, #320, .T. ) ;
#989 = AXIS2_PLACEMENT_3D ( 'NONE', #1106, #138, #892 ) ;
#990 = CARTESIAN_POINT ( 'NONE',  ( 675.3711355849217171, 934.5865211404321826, 1315.957382378917146 ) ) ;
#991 = VECTOR ( 'NONE', #343, 1000.000000000000000 ) ;
#992 = CARTESIAN_POINT ( 'NONE',  ( 19.35000000000000497, -24.00000000000000000, 3.000000000000000000 ) ) ;
#993 = CARTESIAN_POINT ( 'NONE',  ( 0.4142135623730949234, -0.4142135623730948124, 3.000000000000000000 ) ) ;
#994 = DIRECTION ( 'NONE',  ( 0.000000000000000000, 0.000000000000000000, 1.000000000000000000 ) ) ;
#995 = EDGE_LOOP ( 'NONE', ( #721, #1177, #1147, #1068 ) ) ;
#996 = FACE_BOUND ( 'NONE', #488, .T. ) ;
#997 = CARTESIAN_POINT ( 'NONE',  ( 18.35000000000000497, -23.00000000000000000, 3.000000000000000000 ) ) ;
#998 = EDGE_CURVE ( 'NONE', #164, #418, #753, .T. ) ;
#999 = ADVANCED_FACE ( 'NONE', ( #1167 ), #964, .F. ) ;
#1000 = CARTESIAN_POINT ( 'NONE',  ( 13.00000000000000000, -53.06196909370039805, -9.228635763700406613 ) ) ;
#1001 = ORIENTED_EDGE ( 'NONE', *, *, #203, .T. ) ;
#1002 = DIRECTION ( 'NONE',  ( 1.000000000000000000, 0.000000000000000000, 0.000000000000000000 ) ) ;
#1003 = EDGE_CURVE ( 'NONE', #285, #847, #646, .T. ) ;
#1004 = CARTESIAN_POINT ( 'NONE',  ( 4.999999999999999112, -49.56196909370039094, -9.228635763700406613 ) ) ;
#1005 = DIRECTION ( 'NONE',  ( 0.000000000000000000, -1.000000000000000000, 0.000000000000000000 ) ) ;
#1006 = ORIENTED_EDGE ( 'NONE', *, *, #891, .T. ) ;
#1007 = DIRECTION ( 'NONE',  ( 0.000000000000000000, 0.000000000000000000, 1.000000000000000000 ) ) ;
#1008 = AXIS2_PLACEMENT_3D ( 'NONE', #1133, #709, #499 ) ;
#1009 = DIRECTION ( 'NONE',  ( 0.000000000000000000, 0.000000000000000000, 1.000000000000000000 ) ) ;
#1010 = VECTOR ( 'NONE', #769, 1000.000000000000000 ) ;
#1011 = ORIENTED_EDGE ( 'NONE', *, *, #145, .T. ) ;
#1012 = VECTOR ( 'NONE', #93, 1000.000000000000000 ) ;
#1013 = LINE ( 'NONE', #259, #698 ) ;
#1014 = CARTESIAN_POINT ( 'NONE',  ( 4.999999999999999112, 5.938030906299581524, -9.228635760367057017 ) ) ;
#1015 = LINE ( 'NONE', #483, #1135 ) ;
#1016 = LINE ( 'NONE', #911, #1032 ) ;
#1017 = ORIENTED_EDGE ( 'NONE', *, *, #739, .F. ) ;
#1018 = CARTESIAN_POINT ( 'NONE',  ( 15.00000000000000000, 33.03803090629959627, 33.03803090629958916 ) ) ;
#1019 = ORIENTED_EDGE ( 'NONE', *, *, #1164, .F. ) ;
#1020 = VERTEX_POINT ( 'NONE', #1184 ) ;
#1021 = LINE ( 'NONE', #154, #1052 ) ;
#1022 = VERTEX_POINT ( 'NONE', #433 ) ;
#1023 = EDGE_LOOP ( 'NONE', ( #1078, #550, #866, #1297 ) ) ;
#1024 = CYLINDRICAL_SURFACE ( 'NONE', #63, 19.63706921162200203 ) ;
#1025 = LINE ( 'NONE', #143, #944 ) ;
#1026 = ORIENTED_EDGE ( 'NONE', *, *, #542, .T. ) ;
#1027 = EDGE_LOOP ( 'NONE', ( #465, #9, #935, #1329 ) ) ;
#1028 = AXIS2_PLACEMENT_3D ( 'NONE', #878, #1083, #114 ) ;
#1029 = DIRECTION ( 'NONE',  ( 1.445602896647339163E-16, -1.000000000000000000, 0.000000000000000000 ) ) ;
#1030 = ORIENTED_EDGE ( 'NONE', *, *, #425, .F. ) ;
#1031 = LINE ( 'NONE', #393, #559 ) ;
#1032 = VECTOR ( 'NONE', #917, 1000.000000000000000 ) ;
#1033 = VECTOR ( 'NONE', #244, 1000.000000000000000 ) ;
#1034 = DIRECTION ( 'NONE',  ( -1.000000000000000000, 0.000000000000000000, -0.000000000000000000 ) ) ;
#1035 = PLANE ( 'NONE',  #920 ) ;
#1036 = AXIS2_PLACEMENT_3D ( 'NONE', #467, #1321, #577 ) ;
#1037 = CARTESIAN_POINT ( 'NONE',  ( 15.00000000000000000, 0.000000000000000000, 0.000000000000000000 ) ) ;
#1038 = ORIENTED_EDGE ( 'NONE', *, *, #204, .F. ) ;
#1039 = CARTESIAN_POINT ( 'NONE',  ( 15.00000000000000000, -16.06196909370040160, -9.228635763700403061 ) ) ;
#1040 = ORIENTED_EDGE ( 'NONE', *, *, #617, .F. ) ;
#1041 = FACE_OUTER_BOUND ( 'NONE', #1293, .T. ) ;
#1042 = PRODUCT_DEFINITION ( 'UNKNOWN', '', #1305, #700 ) ;
#1043 = FACE_OUTER_BOUND ( 'NONE', #404, .T. ) ;
#1044 = DIRECTION ( 'NONE',  ( 0.000000000000000000, 0.000000000000000000, -1.000000000000000000 ) ) ;
#1045 = ORIENTED_EDGE ( 'NONE', *, *, #949, .F. ) ;
#1046 = EDGE_CURVE ( 'NONE', #551, #520, #227, .T. ) ;
#1047 = CARTESIAN_POINT ( 'NONE',  ( 19.35000000000000142, -1.383850883036509659E-15, 0.000000000000000000 ) ) ;
#1048 = CARTESIAN_POINT ( 'NONE',  ( 4.999999999999999112, -49.56196909370039094, 30.03803090296624489 ) ) ;
#1049 = PLANE ( 'NONE',  #1375 ) ;
#1050 = DIRECTION ( 'NONE',  ( 0.000000000000000000, -1.000000000000000000, -2.843808977011159309E-16 ) ) ;
#1051 = DIRECTION ( 'NONE',  ( 0.000000000000000000, 1.000000000000000000, 0.000000000000000000 ) ) ;
#1052 = VECTOR ( 'NONE', #1111, 1000.000000000000000 ) ;
#1053 = DIRECTION ( 'NONE',  ( 1.000000000000000000, -7.151684150059480926E-17, -0.000000000000000000 ) ) ;
#1054 = VECTOR ( 'NONE', #825, 1000.000000000000000 ) ;
#1055 = FACE_OUTER_BOUND ( 'NONE', #569, .T. ) ;
#1056 = ORIENTED_EDGE ( 'NONE', *, *, #601, .T. ) ;
#1057 = VECTOR ( 'NONE', #919, 1000.000000000000000 ) ;
#1058 = EDGE_CURVE ( 'NONE', #783, #555, #15, .T. ) ;
#1059 = LINE ( 'NONE', #403, #1054 ) ;
#1060 = ORIENTED_EDGE ( 'NONE', *, *, #893, .T. ) ;
#1061 = ORIENTED_EDGE ( 'NONE', *, *, #1204, .F. ) ;
#1062 = CARTESIAN_POINT ( 'NONE',  ( 15.00000000000000000, 2.438030906299596179, 30.03803090296624489 ) ) ;
#1063 = CARTESIAN_POINT ( 'NONE',  ( 15.00000000000000000, 33.03803090629959627, -12.22863576036706235 ) ) ;
#1064 = ADVANCED_FACE ( 'NONE', ( #875 ), #1295, .T. ) ;
#1065 = CARTESIAN_POINT ( 'NONE',  ( 1.000000000000002887, -23.00000000000000000, 3.000000000000000000 ) ) ;
#1066 = ORIENTED_EDGE ( 'NONE', *, *, #653, .F. ) ;
#1067 = ADVANCED_FACE ( 'NONE', ( #1277 ), #339, .T. ) ;
#1068 = ORIENTED_EDGE ( 'NONE', *, *, #1103, .T. ) ;
#1069 = DIRECTION ( 'NONE',  ( 0.000000000000000000, -1.000000000000000000, -0.000000000000000000 ) ) ;
#1070 = DIRECTION ( 'NONE',  ( -1.000000000000000000, 7.151684150059480926E-17, -0.000000000000000000 ) ) ;
#1071 = DIRECTION ( 'NONE',  ( 0.000000000000000000, 4.417801721502906717E-17, -1.000000000000000000 ) ) ;
#1072 = EDGE_LOOP ( 'NONE', ( #79, #144, #1001, #217 ) ) ;
#1073 = VECTOR ( 'NONE', #1318, 1000.000000000000000 ) ;
#1074 = VERTEX_POINT ( 'NONE', #774 ) ;
#1075 = MANIFOLD_SOLID_BREP ( 'Cut-Extrude2', #869 ) ;
#1076 = APPLICATION_CONTEXT ( 'automotive_design' ) ;
#1077 = PRODUCT_DEFINITION_SHAPE ( 'NONE', 'NONE',  #792 ) ;
#1078 = ORIENTED_EDGE ( 'NONE', *, *, #177, .F. ) ;
#1079 = DIRECTION ( 'NONE',  ( -1.445602896647339163E-16, 1.000000000000000000, 0.000000000000000000 ) ) ;
#1080 = EDGE_CURVE ( 'NONE', #1020, #1188, #1189, .T. ) ;
#1081 = CARTESIAN_POINT ( 'NONE',  ( 16.35000000000000497, -20.99999999999999289, 0.000000000000000000 ) ) ;
#1082 = VERTEX_POINT ( 'NONE', #157 ) ;
#1083 = DIRECTION ( 'NONE',  ( 0.000000000000000000, 0.000000000000000000, -1.000000000000000000 ) ) ;
#1084 = ORIENTED_EDGE ( 'NONE', *, *, #1307, .F. ) ;
#1085 = DIRECTION ( 'NONE',  ( 0.000000000000000000, 0.000000000000000000, 1.000000000000000000 ) ) ;
#1086 = DIRECTION ( 'NONE',  ( -1.000000000000000000, 0.000000000000000000, -0.000000000000000000 ) ) ;
#1087 = ADVANCED_FACE ( 'NONE', ( #258 ), #677, .T. ) ;
#1088 = PLANE ( 'NONE',  #1353 ) ;
#1089 = EDGE_CURVE ( 'NONE', #501, #48, #1354, .T. ) ;
#1090 = ORIENTED_EDGE ( 'NONE', *, *, #1342, .F. ) ;
#1091 = DIRECTION ( 'NONE',  ( 0.000000000000000000, -1.000000000000000000, 0.000000000000000000 ) ) ;
#1092 = EDGE_LOOP ( 'NONE', ( #461, #1241, #257, #1038 ) ) ;
#1093 = DIRECTION ( 'NONE',  ( -1.000000000000000000, -0.000000000000000000, -0.000000000000000000 ) ) ;
#1094 = DIRECTION ( 'NONE',  ( -0.000000000000000000, 0.000000000000000000, 1.000000000000000000 ) ) ;
#1095 = ORIENTED_EDGE ( 'NONE', *, *, #715, .T. ) ;
#1096 = AXIS2_PLACEMENT_3D ( 'NONE', #990, #1009, #1315 ) ;
#1097 = MECHANICAL_DESIGN_GEOMETRIC_PRESENTATION_REPRESENTATION (  '', ( #743 ), #827 ) ;
#1098 = VECTOR ( 'NONE', #50, 1000.000000000000000 ) ;
#1099 = ITEM_DEFINED_TRANSFORMATION ( 'NONE', 'NONE', #1096,  #1338 ) ;
#1100 = EDGE_CURVE ( 'NONE', #1163, #959, #251, .T. ) ;
#1101 = CARTESIAN_POINT ( 'NONE',  ( 13.00000000000000000, -53.06196909370039805, -9.228635763700406613 ) ) ;
#1102 = DIRECTION ( 'NONE',  ( 0.000000000000000000, 0.000000000000000000, 1.000000000000000000 ) ) ;
#1103 = EDGE_CURVE ( 'NONE', #520, #959, #473, .T. ) ;
#1104 = DIRECTION ( 'NONE',  ( 0.000000000000000000, -2.843808977011159309E-16, 1.000000000000000000 ) ) ;
#1105 = ORIENTED_EDGE ( 'NONE', *, *, #1374, .T. ) ;
#1106 = CARTESIAN_POINT ( 'NONE',  ( 4.999999999999999112, -31.06196909370040515, -9.228635763700403061 ) ) ;
#1107 = DIRECTION ( 'NONE',  ( 0.000000000000000000, 0.000000000000000000, -1.000000000000000000 ) ) ;
#1108 = CARTESIAN_POINT ( 'NONE',  ( 15.00000000000000000, -31.06196909370040515, 30.03803090296624489 ) ) ;
#1109 = PLANE ( 'NONE',  #245 ) ;
#1110 = VERTEX_POINT ( 'NONE', #696 ) ;
#1111 = DIRECTION ( 'NONE',  ( 1.000000000000000000, -0.000000000000000000, -0.000000000000000000 ) ) ;
#1112 = ORIENTED_EDGE ( 'NONE', *, *, #665, .T. ) ;
#1113 = CARTESIAN_POINT ( 'NONE',  ( 15.00000000000000000, -12.56196909370040160, -9.228635763700403061 ) ) ;
#1114 = CARTESIAN_POINT ( 'NONE',  ( 16.35000000000000497, -3.000000000000000000, 0.000000000000000000 ) ) ;
#1115 = ORIENTED_EDGE ( 'NONE', *, *, #497, .F. ) ;
#1116 = DIRECTION ( 'NONE',  ( 1.000000000000000000, -0.000000000000000000, -0.000000000000000000 ) ) ;
#1117 = VECTOR ( 'NONE', #1231, 1000.000000000000000 ) ;
#1118 = CIRCLE ( 'NONE', #312, 19.63706921162200203 ) ;
#1119 = VERTEX_POINT ( 'NONE', #1113 ) ;
#1120 = CYLINDRICAL_SURFACE ( 'NONE', #454, 1.000000000000000000 ) ;
#1121 = VECTOR ( 'NONE', #33, 1000.000000000000000 ) ;
#1122 = ORIENTED_EDGE ( 'NONE', *, *, #894, .T. ) ;
#1123 = EDGE_CURVE ( 'NONE', #1143, #590, #685, .T. ) ;
#1124 = ORIENTED_EDGE ( 'NONE', *, *, #1280, .T. ) ;
#1125 = DIRECTION ( 'NONE',  ( -0.000000000000000000, -0.000000000000000000, 1.000000000000000000 ) ) ;
#1126 = LINE ( 'NONE', #883, #1266 ) ;
#1127 = PLANE ( 'NONE',  #103 ) ;
#1128 = EDGE_CURVE ( 'NONE', #51, #346, #788, .T. ) ;
#1129 = ORIENTED_EDGE ( 'NONE', *, *, #31, .T. ) ;
#1130 = ORIENTED_EDGE ( 'NONE', *, *, #480, .F. ) ;
#1131 = DIRECTION ( 'NONE',  ( -1.000000000000000000, 0.000000000000000000, 0.000000000000000000 ) ) ;
#1132 = CARTESIAN_POINT ( 'NONE',  ( 3.000000000000002665, -2.999999999999999556, 3.000000000000000000 ) ) ;
#1133 = CARTESIAN_POINT ( 'NONE',  ( 3.000000000000002665, -20.99999999999999289, 3.000000000000000000 ) ) ;
#1134 = FACE_OUTER_BOUND ( 'NONE', #191, .T. ) ;
#1135 = VECTOR ( 'NONE', #819, 1000.000000000000000 ) ;
#1136 = PLANE ( 'NONE',  #220 ) ;
#1137 = VECTOR ( 'NONE', #237, 1000.000000000000000 ) ;
#1138 = VECTOR ( 'NONE', #661, 1000.000000000000000 ) ;
#1139 = LINE ( 'NONE', #1132, #382 ) ;
#1140 = LINE ( 'NONE', #395, #784 ) ;
#1141 = AXIS2_PLACEMENT_3D ( 'NONE', #489, #1131, #173 ) ;
#1142 = LINE ( 'NONE', #305, #968 ) ;
#1143 = VERTEX_POINT ( 'NONE', #360 ) ;
#1144 = PLANE ( 'NONE',  #631 ) ;
#1145 = APPLICATION_CONTEXT ( 'automotive_design' ) ;
#1146 = DIRECTION ( 'NONE',  ( 0.000000000000000000, -1.000000000000000000, -0.000000000000000000 ) ) ;
#1147 = ORIENTED_EDGE ( 'NONE', *, *, #22, .F. ) ;
#1148 = FACE_OUTER_BOUND ( 'NONE', #877, .T. ) ;
#1149 = FACE_OUTER_BOUND ( 'NONE', #98, .T. ) ;
#1150 = DIRECTION ( 'NONE',  ( 1.000000000000000000, 0.000000000000000000, 0.000000000000000000 ) ) ;
#1151 = CARTESIAN_POINT ( 'NONE',  ( 15.00000000000000000, -80.46196909370040373, 33.03803090629958916 ) ) ;
#1152 = VECTOR ( 'NONE', #1225, 1000.000000000000000 ) ;
#1153 = DIRECTION ( 'NONE',  ( 0.000000000000000000, -1.000000000000000000, -1.156482317317871725E-16 ) ) ;
#1154 = VECTOR ( 'NONE', #1050, 1000.000000000000000 ) ;
#1155 = CARTESIAN_POINT ( 'NONE',  ( 19.35000000000000497, -23.00000000000000000, 3.000000000000000000 ) ) ;
#1156 = ORIENTED_EDGE ( 'NONE', *, *, #1123, .F. ) ;
#1157 = AXIS2_PLACEMENT_3D ( 'NONE', #182, #624, #1352 ) ;
#1158 = ORIENTED_EDGE ( 'NONE', *, *, #1283, .F. ) ;
#1159 = CARTESIAN_POINT ( 'NONE',  ( 688.3711355849217171, 881.3245520467318102, 1345.795413285216682 ) ) ;
#1160 = LINE ( 'NONE', #96, #1314 ) ;
#1161 = EDGE_CURVE ( 'NONE', #1143, #763, #463, .T. ) ;
#1162 = CARTESIAN_POINT ( 'NONE',  ( 3.000000000000002665, -20.99999999999999289, 3.000000000000000000 ) ) ;
#1163 = VERTEX_POINT ( 'NONE', #1325 ) ;
#1164 = EDGE_CURVE ( 'NONE', #65, #533, #142, .T. ) ;
#1165 = EDGE_LOOP ( 'NONE', ( #1214, #1239, #757, #44 ) ) ;
#1166 =( NAMED_UNIT ( * ) PLANE_ANGLE_UNIT ( ) SI_UNIT ( $, .RADIAN. ) );
#1167 = FACE_OUTER_BOUND ( 'NONE', #815, .T. ) ;
#1168 = DIRECTION ( 'NONE',  ( -1.000000000000000000, -0.000000000000000000, 0.000000000000000000 ) ) ;
#1169 = ORIENTED_EDGE ( 'NONE', *, *, #166, .T. ) ;
#1170 = AXIS2_PLACEMENT_3D ( 'NONE', #458, #255, #359 ) ;
#1171 = ORIENTED_EDGE ( 'NONE', *, *, #549, .F. ) ;
#1172 = DIRECTION ( 'NONE',  ( 1.000000000000000000, 0.000000000000000000, 0.000000000000000000 ) ) ;
#1173 = PRODUCT_DEFINITION ( 'UNKNOWN', '', #303, #1356 ) ;
#1174 = EDGE_LOOP ( 'NONE', ( #316, #397, #616, #1122 ) ) ;
#1175 = DIRECTION ( 'NONE',  ( 0.000000000000000000, 0.000000000000000000, -1.000000000000000000 ) ) ;
#1176 = DIRECTION ( 'NONE',  ( 0.000000000000000000, -1.000000000000000000, 2.208900860751453358E-17 ) ) ;
#1177 = ORIENTED_EDGE ( 'NONE', *, *, #417, .F. ) ;
#1178 = EDGE_CURVE ( 'NONE', #981, #1186, #580, .T. ) ;
#1179 = AXIS2_PLACEMENT_3D ( 'NONE', #455, #980, #1071 ) ;
#1180 = CARTESIAN_POINT ( 'NONE',  ( 15.00000000000000000, -49.56196909370039094, -9.228635763700406613 ) ) ;
#1181 = VECTOR ( 'NONE', #690, 1000.000000000000000 ) ;
#1182 = ORIENTED_EDGE ( 'NONE', *, *, #1164, .T. ) ;
#1183 = SHAPE_REPRESENTATION_RELATIONSHIP ( 'NONE' , 'NONE' ,  #419, #135 ) ;
#1184 = CARTESIAN_POINT ( 'NONE',  ( 15.00000000000000000, -80.46196909370040373, -12.22863576036707656 ) ) ;
#1185 = CARTESIAN_POINT ( 'NONE',  ( 0.000000000000000000, 0.000000000000000000, 3.000000000000000000 ) ) ;
#1186 = VERTEX_POINT ( 'NONE', #49 ) ;
#1187 = ORIENTED_EDGE ( 'NONE', *, *, #247, .F. ) ;
#1188 = VERTEX_POINT ( 'NONE', #913 ) ;
#1189 = LINE ( 'NONE', #45, #1264 ) ;
#1190 = DIRECTION ( 'NONE',  ( -0.000000000000000000, -0.000000000000000000, 1.000000000000000000 ) ) ;
#1191 = ORIENTED_EDGE ( 'NONE', *, *, #204, .T. ) ;
#1192 = APPLICATION_PROTOCOL_DEFINITION ( 'draft international standard', 'automotive_design', 1998, #504 ) ;
#1193 = ADVANCED_FACE ( 'NONE', ( #888 ), #1120, .T. ) ;
#1194 = CARTESIAN_POINT ( 'NONE',  ( 15.00000000000000000, 33.03803090629959627, -12.22863576036706235 ) ) ;
#1195 = CARTESIAN_POINT ( 'NONE',  ( 15.00000000000000000, 2.438030906299596179, -9.228635763700401284 ) ) ;
#1196 = LINE ( 'NONE', #582, #155 ) ;
#1197 = EDGE_LOOP ( 'NONE', ( #682, #1259, #1045, #47 ) ) ;
#1198 = VECTOR ( 'NONE', #1107, 1000.000000000000000 ) ;
#1199 = LINE ( 'NONE', #563, #450 ) ;
#1200 = VECTOR ( 'NONE', #921, 1000.000000000000000 ) ;
#1201 = VECTOR ( 'NONE', #835, 1000.000000000000000 ) ;
#1202 = SHAPE_DEFINITION_REPRESENTATION ( #1077, #371 ) ;
#1203 = CARTESIAN_POINT ( 'NONE',  ( 4.999999999999999112, -16.06196909370040515, 30.03803090296624489 ) ) ;
#1204 = EDGE_CURVE ( 'NONE', #201, #847, #618, .T. ) ;
#1205 = DIRECTION ( 'NONE',  ( 0.000000000000000000, -1.000000000000000000, -2.312964634635744929E-16 ) ) ;
#1206 = VERTEX_POINT ( 'NONE', #1195 ) ;
#1207 = ORIENTED_EDGE ( 'NONE', *, *, #602, .F. ) ;
#1208 =( NAMED_UNIT ( * ) SI_UNIT ( $, .STERADIAN. ) SOLID_ANGLE_UNIT ( ) );
#1209 = CARTESIAN_POINT ( 'NONE',  ( 15.00000000000000000, -77.46196909370040373, 30.03803090629958916 ) ) ;
#1210 = ORIENTED_EDGE ( 'NONE', *, *, #931, .T. ) ;
#1211 = CARTESIAN_POINT ( 'NONE',  ( 0.000000000000000000, 0.000000000000000000, 0.000000000000000000 ) ) ;
#1212 = PRODUCT_CONTEXT ( 'NONE', #504, 'mechanical' ) ;
#1213 = DIRECTION ( 'NONE',  ( 0.000000000000000000, 0.000000000000000000, -1.000000000000000000 ) ) ;
#1214 = ORIENTED_EDGE ( 'NONE', *, *, #1204, .T. ) ;
#1215 = DIRECTION ( 'NONE',  ( 1.000000000000000000, -0.000000000000000000, -0.000000000000000000 ) ) ;
#1216 = LINE ( 'NONE', #699, #428 ) ;
#1217 = LINE ( 'NONE', #52, #1117 ) ;
#1218 = DIRECTION ( 'NONE',  ( -1.000000000000000000, -0.000000000000000000, 0.000000000000000000 ) ) ;
#1219 = CIRCLE ( 'NONE', #1351, 19.63706921162200203 ) ;
#1220 = ORIENTED_EDGE ( 'NONE', *, *, #1283, .T. ) ;
#1221 = CARTESIAN_POINT ( 'NONE',  ( 0.000000000000000000, 0.000000000000000000, 2.000000000000000000 ) ) ;
#1222 = STYLED_ITEM ( 'NONE', ( #236 ), #1075 ) ;
#1223 = EDGE_CURVE ( 'NONE', #207, #836, #807, .T. ) ;
#1224 = DIRECTION ( 'NONE',  ( 1.000000000000000000, -0.000000000000000000, -0.000000000000000000 ) ) ;
#1225 = DIRECTION ( 'NONE',  ( -1.000000000000000000, -0.000000000000000000, -0.000000000000000000 ) ) ;
#1226 = ORIENTED_EDGE ( 'NONE', *, *, #855, .T. ) ;
#1227 = ORIENTED_EDGE ( 'NONE', *, *, #127, .T. ) ;
#1228 = CARTESIAN_POINT ( 'NONE',  ( 15.00000000000000000, -53.06196909370039805, -9.228635763700406613 ) ) ;
#1229 = CARTESIAN_POINT ( 'NONE',  ( 4.999999999999999112, -16.06196909370040160, -9.228635763700403061 ) ) ;
#1230 = UNCERTAINTY_MEASURE_WITH_UNIT (LENGTH_MEASURE( 1.000000000000000082E-05 ), #886, 'distance_accuracy_value', 'NONE');
#1231 = DIRECTION ( 'NONE',  ( 0.000000000000000000, 1.000000000000000000, 1.156482317317871232E-16 ) ) ;
#1232 = LINE ( 'NONE', #733, #1154 ) ;
#1233 = ORIENTED_EDGE ( 'NONE', *, *, #1046, .F. ) ;
#1234 = EDGE_CURVE ( 'NONE', #164, #720, #781, .T. ) ;
#1235 = ORIENTED_EDGE ( 'NONE', *, *, #119, .T. ) ;
#1236 = FACE_OUTER_BOUND ( 'NONE', #961, .T. ) ;
#1237 = ADVANCED_FACE ( 'NONE', ( #707 ), #400, .F. ) ;
#1238 = DIRECTION ( 'NONE',  ( 1.000000000000000000, -0.000000000000000000, -0.000000000000000000 ) ) ;
#1239 = ORIENTED_EDGE ( 'NONE', *, *, #1003, .F. ) ;
#1240 = CARTESIAN_POINT ( 'NONE',  ( 3.000000000000002665, -20.99999999999999289, 3.000000000000000000 ) ) ;
#1241 = ORIENTED_EDGE ( 'NONE', *, *, #1342, .T. ) ;
#1242 = EDGE_CURVE ( 'NONE', #1082, #202, #1251, .T. ) ;
#1243 = AXIS2_PLACEMENT_3D ( 'NONE', #509, #373, #806 ) ;
#1244 = FACE_OUTER_BOUND ( 'NONE', #1027, .T. ) ;
#1245 = AXIS2_PLACEMENT_3D ( 'NONE', #118, #1168, #994 ) ;
#1246 = DIRECTION ( 'NONE',  ( 0.000000000000000000, -8.835603443005813433E-17, 1.000000000000000000 ) ) ;
#1247 = ADVANCED_FACE ( 'NONE', ( #1148 ), #1344, .T. ) ;
#1248 = DIRECTION ( 'NONE',  ( 1.000000000000000000, -0.000000000000000000, -0.000000000000000000 ) ) ;
#1249 = VERTEX_POINT ( 'NONE', #816 ) ;
#1250 = LINE ( 'NONE', #317, #651 ) ;
#1251 = LINE ( 'NONE', #731, #384 ) ;
#1252 = PLANE ( 'NONE',  #180 ) ;
#1253 = PLANE ( 'NONE',  #469 ) ;
#1254 = ORIENTED_EDGE ( 'NONE', *, *, #357, .F. ) ;
#1255 = DIRECTION ( 'NONE',  ( 0.000000000000000000, -1.000000000000000000, -2.843808977011159309E-16 ) ) ;
#1256 = ADVANCED_FACE ( 'NONE', ( #386 ), #192, .F. ) ;
#1257 = DIRECTION ( 'NONE',  ( 0.000000000000000000, 0.000000000000000000, -1.000000000000000000 ) ) ;
#1258 = CYLINDRICAL_SURFACE ( 'NONE', #267, 1.000000000000000888 ) ;
#1259 = ORIENTED_EDGE ( 'NONE', *, *, #998, .F. ) ;
#1260 = ORIENTED_EDGE ( 'NONE', *, *, #1376, .F. ) ;
#1261 = EDGE_CURVE ( 'NONE', #269, #1206, #594, .T. ) ;
#1262 = CARTESIAN_POINT ( 'NONE',  ( 0.000000000000000000, 0.000000000000000000, 0.000000000000000000 ) ) ;
#1263 = ADVANCED_FACE ( 'NONE', ( #1041 ), #270, .F. ) ;
#1264 = VECTOR ( 'NONE', #1093, 1000.000000000000000 ) ;
#1265 = CARTESIAN_POINT ( 'NONE',  ( 4.999999999999999112, -31.06196909370040515, 30.03803090296624489 ) ) ;
#1266 = VECTOR ( 'NONE', #1326, 1000.000000000000000 ) ;
#1267 = FACE_OUTER_BOUND ( 'NONE', #643, .T. ) ;
#1268 = ORIENTED_EDGE ( 'NONE', *, *, #849, .T. ) ;
#1269 =( GEOMETRIC_REPRESENTATION_CONTEXT ( 3 ) GLOBAL_UNCERTAINTY_ASSIGNED_CONTEXT ( ( #388 ) ) GLOBAL_UNIT_ASSIGNED_CONTEXT ( ( #632, #319, #88 ) ) REPRESENTATION_CONTEXT ( 'NONE', 'WORKASPACE' ) );
#1270 = ORIENTED_EDGE ( 'NONE', *, *, #235, .T. ) ;
#1271 = CARTESIAN_POINT ( 'NONE',  ( 19.35000000000000142, -1.517883041479706208E-15, 2.585786437626905077 ) ) ;
#1272 = CARTESIAN_POINT ( 'NONE',  ( 15.00000000000000000, -77.46196909370040373, -9.228635763700403061 ) ) ;
#1273 = VERTEX_POINT ( 'NONE', #612 ) ;
#1274 = DIRECTION ( 'NONE',  ( -0.000000000000000000, 0.000000000000000000, 1.000000000000000000 ) ) ;
#1275 = EDGE_LOOP ( 'NONE', ( #392, #301, #664, #430 ) ) ;
#1276 = ADVANCED_FACE ( 'NONE', ( #1337 ), #1024, .F. ) ;
#1277 = FACE_OUTER_BOUND ( 'NONE', #1092, .T. ) ;
#1278 = DIRECTION ( 'NONE',  ( 1.000000000000000000, 0.000000000000000000, 0.000000000000000000 ) ) ;
#1279 = VERTEX_POINT ( 'NONE', #297 ) ;
#1280 = EDGE_CURVE ( 'NONE', #836, #1022, #735, .T. ) ;
#1281 = FACE_OUTER_BOUND ( 'NONE', #1072, .T. ) ;
#1282 = VERTEX_POINT ( 'NONE', #1228 ) ;
#1283 = EDGE_CURVE ( 'NONE', #209, #750, #1031, .T. ) ;
#1284 = LINE ( 'NONE', #529, #1316 ) ;
#1285 = SURFACE_STYLE_USAGE ( .BOTH. , #842 ) ;
#1286 = AXIS2_PLACEMENT_3D ( 'NONE', #262, #586, #694 ) ;
#1287 = DIRECTION ( 'NONE',  ( 1.000000000000000000, -0.000000000000000000, -0.000000000000000000 ) ) ;
#1288 = VERTEX_POINT ( 'NONE', #822 ) ;
#1289 = ORIENTED_EDGE ( 'NONE', *, *, #195, .F. ) ;
#1290 = AXIS2_PLACEMENT_3D ( 'NONE', #809, #1303, #708 ) ;
#1291 = PLANE ( 'NONE',  #266 ) ;
#1292 = VECTOR ( 'NONE', #468, 1000.000000000000000 ) ;
#1293 = EDGE_LOOP ( 'NONE', ( #431, #1309, #556, #1011 ) ) ;
#1294 = LINE ( 'NONE', #992, #243 ) ;
#1295 = PLANE ( 'NONE',  #490 ) ;
#1296 = CARTESIAN_POINT ( 'NONE',  ( 15.00000000000000000, -12.56196909370040338, 30.03803090296624489 ) ) ;
#1297 = ORIENTED_EDGE ( 'NONE', *, *, #738, .T. ) ;
#1298 = CARTESIAN_POINT ( 'NONE',  ( 4.999999999999999112, -12.56196909370040338, 30.03803090296624489 ) ) ;
#1299 = ADVANCED_FACE ( 'NONE', ( #1236 ), #1136, .F. ) ;
#1300 = CONTEXT_DEPENDENT_SHAPE_REPRESENTATION ( #830, #132 ) ;
#1301 = LINE ( 'NONE', #140, #723 ) ;
#1302 = CARTESIAN_POINT ( 'NONE',  ( 4.999999999999999112, -49.56196909370039094, -9.228635763700406613 ) ) ;
#1303 = DIRECTION ( 'NONE',  ( 0.000000000000000000, 1.000000000000000000, 8.835603443005813433E-17 ) ) ;
#1304 = VERTEX_POINT ( 'NONE', #826 ) ;
#1305 = PRODUCT_DEFINITION_FORMATION_WITH_SPECIFIED_SOURCE ( 'ANY', '', #656, .NOT_KNOWN. ) ;
#1306 = ADVANCED_FACE ( 'NONE', ( #1244 ), #1144, .F. ) ;
#1307 = EDGE_CURVE ( 'NONE', #1163, #328, #510, .T. ) ;
#1308 = CARTESIAN_POINT ( 'NONE',  ( 0.000000000000000000, -80.46196909370040373, 33.03803090629958916 ) ) ;
#1309 = ORIENTED_EDGE ( 'NONE', *, *, #894, .F. ) ;
#1310 = PLANE ( 'NONE',  #535 ) ;
#1311 = EDGE_LOOP ( 'NONE', ( #1105, #1158, #1115, #318 ) ) ;
#1312 = DIRECTION ( 'NONE',  ( 0.000000000000000000, 0.000000000000000000, 1.000000000000000000 ) ) ;
#1313 = VECTOR ( 'NONE', #635, 1000.000000000000000 ) ;
#1314 = VECTOR ( 'NONE', #442, 1000.000000000000000 ) ;
#1315 = DIRECTION ( 'NONE',  ( 1.000000000000000000, 0.000000000000000000, 0.000000000000000000 ) ) ;
#1316 = VECTOR ( 'NONE', #329, 1000.000000000000000 ) ;
#1317 = DIRECTION ( 'NONE',  ( 1.000000000000000000, -0.000000000000000000, -0.000000000000000000 ) ) ;
#1318 = DIRECTION ( 'NONE',  ( 1.000000000000000000, -0.000000000000000000, -0.000000000000000000 ) ) ;
#1319 = ORIENTED_EDGE ( 'NONE', *, *, #988, .F. ) ;
#1320 = ADVANCED_FACE ( 'NONE', ( #80 ), #517, .F. ) ;
#1321 = DIRECTION ( 'NONE',  ( 1.000000000000000000, 0.000000000000000000, -3.491481338843133355E-15 ) ) ;
#1322 =( REPRESENTATION_RELATIONSHIP ('NONE','NONE', #225, #419 ) REPRESENTATION_RELATIONSHIP_WITH_TRANSFORMATION ( #348 )SHAPE_REPRESENTATION_RELATIONSHIP( ) );
#1323 = PLANE ( 'NONE',  #1286 ) ;
#1324 = VERTEX_POINT ( 'NONE', #1366 ) ;
#1325 = CARTESIAN_POINT ( 'NONE',  ( 15.00000000000000000, -31.06196909370040515, 30.03803090296624489 ) ) ;
#1326 = DIRECTION ( 'NONE',  ( 0.000000000000000000, 0.000000000000000000, -1.000000000000000000 ) ) ;
#1327 = CARTESIAN_POINT ( 'NONE',  ( 4.999999999999999112, -16.06196909370040160, -9.228635763700403061 ) ) ;
#1328 = LINE ( 'NONE', #61, #764 ) ;
#1329 = ORIENTED_EDGE ( 'NONE', *, *, #1128, .T. ) ;
#1330 = CARTESIAN_POINT ( 'NONE',  ( 0.000000000000000000, -23.00000000000000000, 2.000000000000000000 ) ) ;
#1331 = DIRECTION ( 'NONE',  ( 0.000000000000000000, -1.000000000000000000, -2.843808977011159309E-16 ) ) ;
#1332 = ORIENTED_EDGE ( 'NONE', *, *, #821, .T. ) ;
#1333 = CARTESIAN_POINT ( 'NONE',  ( 2.939152317953647894E-15, -24.00000000000000000, 0.000000000000000000 ) ) ;
#1334 = ORIENTED_EDGE ( 'NONE', *, *, #891, .F. ) ;
#1335 = VECTOR ( 'NONE', #513, 1000.000000000000000 ) ;
#1336 = FACE_OUTER_BOUND ( 'NONE', #1197, .T. ) ;
#1337 = FACE_OUTER_BOUND ( 'NONE', #745, .T. ) ;
#1338 = AXIS2_PLACEMENT_3D ( 'NONE', #1262, #1085, #210 ) ;
#1339 = LINE ( 'NONE', #1373, #1138 ) ;
#1340 = CARTESIAN_POINT ( 'NONE',  ( 15.00000000000000000, -80.46196909370040373, 33.03803090629958916 ) ) ;
#1341 = ORIENTED_EDGE ( 'NONE', *, *, #1161, .T. ) ;
#1342 = EDGE_CURVE ( 'NONE', #363, #1074, #638, .T. ) ;
#1343 = EDGE_LOOP ( 'NONE', ( #1191, #471, #915, #224 ) ) ;
#1344 = PLANE ( 'NONE',  #672 ) ;
#1345 = EDGE_CURVE ( 'NONE', #160, #207, #644, .T. ) ;
#1346 = CARTESIAN_POINT ( 'NONE',  ( 2.939152317953647894E-15, -24.00000000000000000, 2.000000000000000000 ) ) ;
#1347 = CARTESIAN_POINT ( 'NONE',  ( 4.999999999999999112, -34.56196909370040515, -9.228635763700403061 ) ) ;
#1348 = DIRECTION ( 'NONE',  ( 0.000000000000000000, -1.767120688451151171E-16, 1.000000000000000000 ) ) ;
#1349 = DIRECTION ( 'NONE',  ( -0.000000000000000000, -0.000000000000000000, -1.000000000000000000 ) ) ;
#1350 = CARTESIAN_POINT ( 'NONE',  ( 0.000000000000000000, 33.03803090629959627, -12.22863576036706235 ) ) ;
#1351 = AXIS2_PLACEMENT_3D ( 'NONE', #710, #585, #1312 ) ;
#1352 = DIRECTION ( 'NONE',  ( 0.000000000000000000, -0.000000000000000000, -1.000000000000000000 ) ) ;
#1353 = AXIS2_PLACEMENT_3D ( 'NONE', #754, #1094, #221 ) ;
#1354 = CIRCLE ( 'NONE', #313, 19.63706921162200203 ) ;
#1355 = CARTESIAN_POINT ( 'NONE',  ( 15.00000000000000000, -80.46196909370040373, 33.03803090629958916 ) ) ;
#1356 = PRODUCT_DEFINITION_CONTEXT ( 'detailed design', #1145, 'design' ) ;
#1357 =( BOUNDED_CURVE ( )  B_SPLINE_CURVE ( 3, ( #997, #32, #462, #887 ),
 .UNSPECIFIED., .F., .F. ) 
 B_SPLINE_CURVE_WITH_KNOTS ( ( 4, 4 ),
 ( 1.570796326794896558, 3.141592653589793116 ),
 .UNSPECIFIED. ) 
 CURVE ( )  GEOMETRIC_REPRESENTATION_ITEM ( )  RATIONAL_B_SPLINE_CURVE ( ( 1.000000000000000000, 0.8047378541243649375, 0.8047378541243649375, 1.000000000000000000 ) ) 
 REPRESENTATION_ITEM ( '' )  );
#1358 = FACE_OUTER_BOUND ( 'NONE', #91, .T. ) ;
#1359 = DIRECTION ( 'NONE',  ( 3.248545835162559716E-17, 1.000000000000000000, -0.000000000000000000 ) ) ;
#1360 = DIRECTION ( 'NONE',  ( 0.000000000000000000, -0.000000000000000000, 1.000000000000000000 ) ) ;
#1361 = EDGE_CURVE ( 'NONE', #929, #1020, #536, .T. ) ;
#1362 = CYLINDRICAL_SURFACE ( 'NONE', #727, 19.63706921162200203 ) ;
#1363 = ORIENTED_EDGE ( 'NONE', *, *, #235, .F. ) ;
#1364 = ORIENTED_EDGE ( 'NONE', *, *, #480, .T. ) ;
#1365 = ADVANCED_FACE ( 'NONE', ( #552 ), #862, .F. ) ;
#1366 = CARTESIAN_POINT ( 'NONE',  ( 19.35000000000000142, -1.383850883036509659E-15, 0.000000000000000000 ) ) ;
#1367 = CARTESIAN_POINT ( 'NONE',  ( 15.00000000000000000, 2.438030906299596179, -9.228635763700401284 ) ) ;
#1368 = PRODUCT_DEFINITION_FORMATION_WITH_SPECIFIED_SOURCE ( 'ANY', '', #779, .NOT_KNOWN. ) ;
#1369 = LINE ( 'NONE', #719, #1201 ) ;
#1370 = ORIENTED_EDGE ( 'NONE', *, *, #1234, .F. ) ;
#1371 = VERTEX_POINT ( 'NONE', #1062 ) ;
#1372 = VECTOR ( 'NONE', #1190, 1000.000000000000000 ) ;
#1373 = CARTESIAN_POINT ( 'NONE',  ( 15.00000000000000000, 33.03803090629959627, -12.22863576036706235 ) ) ;
#1374 = EDGE_CURVE ( 'NONE', #555, #750, #102, .T. ) ;
#1375 = AXIS2_PLACEMENT_3D ( 'NONE', #740, #951, #1360 ) ;
#1376 = EDGE_CURVE ( 'NONE', #322, #1022, #1284, .T. ) ;
#1377 = NEXT_ASSEMBLY_USAGE_OCCURRENCE ( 'NAUO1', ' ', ' ', #1042, #1173, $ ) ;
#1378 = NEXT_ASSEMBLY_USAGE_OCCURRENCE ( 'NAUO2', ' ', ' ', #1042, #792, $ ) ;
#1379 = NEXT_ASSEMBLY_USAGE_OCCURRENCE ( 'NAUO3', ' ', ' ', #1042, #1173, $ ) ;
ENDSEC;
END-ISO-10303-21;
