ISO-10303-21;
HEADER;
FILE_DESCRIPTION (( 'STEP AP203' ),
    '1' );
FILE_NAME ('Ladder.step',
    '2026-09-07T17:35:25',
    ( '' ),
    ( '' ),
    'SwSTEP 2.0',
    'SolidWorks 2026',
    '' );
FILE_SCHEMA (( 'CONFIG_CONTROL_DESIGN' ));
ENDSEC;

DATA;
#1 = CARTESIAN_POINT ( 'NONE',  ( -15.00000000000000000, 0.000000000000000000, 0.000000000000000000 ) ) ;
#2 = FACE_OUTER_BOUND ( 'NONE', #1751, .T. ) ;
#3 = VECTOR ( 'NONE', #466, 1000.000000000000000 ) ;
#4 = EDGE_CURVE ( 'NONE', #111, #188, #706, .T. ) ;
#5 = AXIS2_PLACEMENT_3D ( 'NONE', #807, #1412, #1432 ) ;
#6 = CARTESIAN_POINT ( 'NONE',  ( 0.000000000000000000, -65.40677966134694543, -19.09981651339635889 ) ) ;
#7 = ORIENTED_EDGE ( 'NONE', *, *, #1409, .F. ) ;
#8 = CARTESIAN_POINT ( 'NONE',  ( -7.500000000000000000, -36.55084745781135780, -12.39401511042800763 ) ) ;
#9 = CARTESIAN_POINT ( 'NONE',  ( -7.500000000000000000, -72.13983050883859960, -24.01450350742227613 ) ) ;
#10 = ORIENTED_EDGE ( 'NONE', *, *, #953, .T. ) ;
#11 = DIRECTION ( 'NONE',  ( 1.000000000000000000, -0.000000000000000000, -0.000000000000000000 ) ) ;
#12 = DIRECTION ( 'NONE',  ( 0.000000000000000000, 0.9618644067845156798, 0.2735267134322926785 ) ) ;
#13 = VECTOR ( 'NONE', #1866, 1000.000000000000114 ) ;
#14 = DIRECTION ( 'NONE',  ( 0.000000000000000000, -0.2735267134322910687, 0.9618644067845162349 ) ) ;
#15 = EDGE_LOOP ( 'NONE', ( #1059, #365, #1993, #1332 ) ) ;
#16 = VECTOR ( 'NONE', #1078, 1000.000000000000114 ) ;
#17 = LINE ( 'NONE', #954, #175 ) ;
#18 = VECTOR ( 'NONE', #1277, 1000.000000000000000 ) ;
#19 = LINE ( 'NONE', #186, #1377 ) ;
#20 = ORIENTED_EDGE ( 'NONE', *, *, #1390, .T. ) ;
#21 = EDGE_CURVE ( 'NONE', #30, #590, #1657, .T. ) ;
#22 = DIRECTION ( 'NONE',  ( 0.000000000000000000, 0.2735267134322921234, -0.9618644067845160128 ) ) ;
#23 = DIRECTION ( 'NONE',  ( -0.000000000000000000, -0.9618644067845160128, -0.2735267134322915128 ) ) ;
#24 = CARTESIAN_POINT ( 'NONE',  ( 0.000000000000000000, -55.78813559350174955, -16.36454937907357632 ) ) ;
#25 = CARTESIAN_POINT ( 'NONE',  ( -15.00000000000000000, -65.40677966134694543, -19.09981651339635889 ) ) ;
#26 = ORIENTED_EDGE ( 'NONE', *, *, #299, .T. ) ;
#27 = SECURITY_CLASSIFICATION ( '', '', #1832 ) ;
#28 = DIRECTION ( 'NONE',  ( 0.000000000000000000, -0.9618644067845162349, -0.2735267134322910687 ) ) ;
#29 = LINE ( 'NONE', #1725, #516 ) ;
#30 = VERTEX_POINT ( 'NONE', #833 ) ;
#31 = ORIENTED_EDGE ( 'NONE', *, *, #274, .T. ) ;
#32 = EDGE_CURVE ( 'NONE', #1145, #1020, #79, .T. ) ;
#33 = DIRECTION ( 'NONE',  ( 0.000000000000000000, -0.9618644067845162349, -0.2735267134322910687 ) ) ;
#34 = LINE ( 'NONE', #820, #1599 ) ;
#35 = CARTESIAN_POINT ( 'NONE',  ( -7.500000000000000000, -94.26271186488253306, -30.30561791636471725 ) ) ;
#36 = DIRECTION ( 'NONE',  ( 0.000000000000000000, -0.9618644067845162349, -0.2735267134322910687 ) ) ;
#37 = VECTOR ( 'NONE', #1681, 1000.000000000000000 ) ;
#38 = DIRECTION ( 'NONE',  ( 0.000000000000000000, 0.000000000000000000, 1.000000000000000000 ) ) ;
#39 = CARTESIAN_POINT ( 'NONE',  ( 0.000000000000000000, -46.16949152565655368, -13.62928224475079197 ) ) ;
#40 = ORIENTED_EDGE ( 'NONE', *, *, #52, .F. ) ;
#41 = PLANE ( 'NONE',  #1102 ) ;
#42 = CARTESIAN_POINT ( 'NONE',  ( 0.000000000000000000, -4.809322033922216910, -1.867633567162775510 ) ) ;
#43 = CARTESIAN_POINT ( 'NONE',  ( -7.500000000000000000, -26.93220338996615837, -9.658747976105223287 ) ) ;
#44 = FACE_OUTER_BOUND ( 'NONE', #1897, .T. ) ;
#45 = CARTESIAN_POINT ( 'NONE',  ( 0.000000000000000000, -14.42796610176741368, -7.602900701485566515 ) ) ;
#46 = ORIENTED_EDGE ( 'NONE', *, *, #1504, .T. ) ;
#47 = VECTOR ( 'NONE', #38, 1000.000000000000000 ) ;
#48 = EDGE_CURVE ( 'NONE', #126, #63, #259, .T. ) ;
#49 = CARTESIAN_POINT ( 'NONE',  ( -7.500000000000000000, -75.02542372919214131, -23.33508364771914856 ) ) ;
#50 = ORIENTED_EDGE ( 'NONE', *, *, #1264, .F. ) ;
#51 = CARTESIAN_POINT ( 'NONE',  ( -15.00000000000000000, -72.13983050883859960, -21.01450350742226902 ) ) ;
#52 = EDGE_CURVE ( 'NONE', #741, #104, #1645, .T. ) ;
#53 = DIRECTION ( 'NONE',  ( 0.000000000000000000, -0.9618644067845162349, -0.2735267134322910687 ) ) ;
#54 = CARTESIAN_POINT ( 'NONE',  ( -15.00000000000000000, -26.93220338996615837, -11.15874797610522506 ) ) ;
#55 = ORIENTED_EDGE ( 'NONE', *, *, #1077, .T. ) ;
#56 = EDGE_LOOP ( 'NONE', ( #649, #106, #1197, #1292 ) ) ;
#57 = CARTESIAN_POINT ( 'NONE',  ( -15.00000000000000000, -36.55084745781135780, -13.89401511042800941 ) ) ;
#58 = DIRECTION ( 'NONE',  ( -1.000000000000000000, 0.000000000000000000, 0.000000000000000000 ) ) ;
#59 = DIRECTION ( 'NONE',  ( 0.000000000000000000, -0.9618644067845162349, -0.2735267134322910687 ) ) ;
#60 = ORIENTED_EDGE ( 'NONE', *, *, #1658, .T. ) ;
#61 = FACE_OUTER_BOUND ( 'NONE', #399, .T. ) ;
#62 = CARTESIAN_POINT ( 'NONE',  ( -7.500000000000000000, -81.75847457668379548, -23.74977064174505159 ) ) ;
#63 = VERTEX_POINT ( 'NONE', #1184 ) ;
#64 = ORIENTED_EDGE ( 'NONE', *, *, #1979, .F. ) ;
#65 = VECTOR ( 'NONE', #1067, 1000.000000000000000 ) ;
#66 = AXIS2_PLACEMENT_3D ( 'NONE', #576, #1520, #1827 ) ;
#67 = LINE ( 'NONE', #359, #1586 ) ;
#68 = DIRECTION ( 'NONE',  ( 1.000000000000000000, 0.000000000000000000, 0.000000000000000000 ) ) ;
#69 = ORIENTED_EDGE ( 'NONE', *, *, #1910, .F. ) ;
#70 = ORIENTED_EDGE ( 'NONE', *, *, #200, .F. ) ;
#71 = FACE_BOUND ( 'NONE', #681, .T. ) ;
#72 = ORIENTED_EDGE ( 'NONE', *, *, #674, .T. ) ;
#73 = AXIS2_PLACEMENT_3D ( 'NONE', #1557, #1109, #36 ) ;
#74 = LINE ( 'NONE', #877, #1296 ) ;
#75 = CARTESIAN_POINT ( 'NONE',  ( -7.500000000000000000, -84.64406779703733719, -24.57035078204192757 ) ) ;
#76 = LINE ( 'NONE', #1438, #791 ) ;
#77 = CARTESIAN_POINT ( 'NONE',  ( -15.00000000000000000, -17.31355932212096249, -5.423480841782437167 ) ) ;
#78 = DIRECTION ( 'NONE',  ( 1.000000000000000000, -0.000000000000000000, -0.000000000000000000 ) ) ;
#79 = LINE ( 'NONE', #1343, #849 ) ;
#80 = EDGE_CURVE ( 'NONE', #677, #845, #1163, .T. ) ;
#81 = ORIENTED_EDGE ( 'NONE', *, *, #549, .F. ) ;
#82 = FACE_BOUND ( 'NONE', #1860, .T. ) ;
#83 = ORIENTED_EDGE ( 'NONE', *, *, #1807, .F. ) ;
#84 = DIRECTION ( 'NONE',  ( 0.000000000000000000, 0.9618644067845160128, 0.2735267134322915683 ) ) ;
#85 = EDGE_CURVE ( 'NONE', #111, #1362, #524, .T. ) ;
#86 = ORIENTED_EDGE ( 'NONE', *, *, #1759, .F. ) ;
#87 = VECTOR ( 'NONE', #232, 1000.000000000000114 ) ;
#88 = ORIENTED_EDGE ( 'NONE', *, *, #1851, .F. ) ;
#89 = CARTESIAN_POINT ( 'NONE',  ( -18.00000000000000000, 1.355252715606880543E-17, -4.000000000000009770 ) ) ;
#90 = FACE_OUTER_BOUND ( 'NONE', #1466, .T. ) ;
#91 = ORIENTED_EDGE ( 'NONE', *, *, #1044, .T. ) ;
#92 = VERTEX_POINT ( 'NONE', #983 ) ;
#93 = CARTESIAN_POINT ( 'NONE',  ( -18.00000000000000000, 0.000000000000000000, 0.000000000000000000 ) ) ;
#94 = ORIENTED_EDGE ( 'NONE', *, *, #1843, .T. ) ;
#95 = VECTOR ( 'NONE', #1055, 1000.000000000000000 ) ;
#96 = ORIENTED_EDGE ( 'NONE', *, *, #1623, .T. ) ;
#97 = VECTOR ( 'NONE', #1087, 1000.000000000000000 ) ;
#98 = DIRECTION ( 'NONE',  ( 0.000000000000000000, -1.000000000000000000, -0.000000000000000000 ) ) ;
#99 =( NAMED_UNIT ( * ) PLANE_ANGLE_UNIT ( ) SI_UNIT ( $, .RADIAN. ) );
#100 = ORIENTED_EDGE ( 'NONE', *, *, #1724, .T. ) ;
#101 = DIRECTION ( 'NONE',  ( -0.000000000000000000, -0.9618644067845162349, -0.2735267134322910687 ) ) ;
#102 = FACE_BOUND ( 'NONE', #1666, .T. ) ;
#103 = FACE_OUTER_BOUND ( 'NONE', #213, .T. ) ;
#104 = VERTEX_POINT ( 'NONE', #179 ) ;
#105 = EDGE_CURVE ( 'NONE', #1722, #759, #819, .T. ) ;
#106 = ORIENTED_EDGE ( 'NONE', *, *, #292, .F. ) ;
#107 = VECTOR ( 'NONE', #1760, 1000.000000000000114 ) ;
#108 = CARTESIAN_POINT ( 'NONE',  ( 0.000000000000000000, -84.64406779703733719, -27.57035078204193113 ) ) ;
#109 = CARTESIAN_POINT ( 'NONE',  ( -15.00000000000000000, -65.40677966134694543, -19.09981651339635889 ) ) ;
#110 = APPROVAL_STATUS ( 'not_yet_approved' ) ;
#111 = VERTEX_POINT ( 'NONE', #210 ) ;
#112 = ADVANCED_FACE ( 'NONE', ( #1890 ), #1454, .F. ) ;
#113 = CARTESIAN_POINT ( 'NONE',  ( 0.000000000000000000, -84.64406779703733719, -27.57035078204193113 ) ) ;
#114 = PLANE ( 'NONE',  #66 ) ;
#115 = CARTESIAN_POINT ( 'NONE',  ( -15.00000000000000000, -26.93220338996615837, -9.658747976105223287 ) ) ;
#116 = ORIENTED_EDGE ( 'NONE', *, *, #1132, .F. ) ;
#117 = DIRECTION ( 'NONE',  ( 0.000000000000000000, 0.000000000000000000, 1.000000000000000000 ) ) ;
#118 = ORIENTED_EDGE ( 'NONE', *, *, #621, .T. ) ;
#119 = LOCAL_TIME ( 18, 35, 25.00000000000000000, #917 ) ;
#120 = DIRECTION ( 'NONE',  ( 1.000000000000000000, -0.000000000000000000, -0.000000000000000000 ) ) ;
#121 =( GEOMETRIC_REPRESENTATION_CONTEXT ( 3 ) GLOBAL_UNCERTAINTY_ASSIGNED_CONTEXT ( ( #1329 ) ) GLOBAL_UNIT_ASSIGNED_CONTEXT ( ( #1169, #99, #1482 ) ) REPRESENTATION_CONTEXT ( 'NONE', 'WORKASPACE' ) );
#122 = ORIENTED_EDGE ( 'NONE', *, *, #1598, .F. ) ;
#123 = DIRECTION ( 'NONE',  ( -0.000000000000000000, -0.9618644067845162349, -0.2735267134322910687 ) ) ;
#124 = FACE_BOUND ( 'NONE', #1411, .T. ) ;
#125 = CARTESIAN_POINT ( 'NONE',  ( -15.00000000000000000, -62.52118644099340372, -18.27923637309948646 ) ) ;
#126 = VERTEX_POINT ( 'NONE', #1116 ) ;
#127 = CARTESIAN_POINT ( 'NONE',  ( 3.000000000000000000, 4.000000000000000000, 0.000000000000000000 ) ) ;
#128 = EDGE_LOOP ( 'NONE', ( #72, #388, #1470, #518 ) ) ;
#129 = PERSON_AND_ORGANIZATION ( #666, #351 ) ;
#130 = VECTOR ( 'NONE', #489, 1000.000000000000227 ) ;
#131 = EDGE_CURVE ( 'NONE', #1795, #638, #1898, .T. ) ;
#132 = DIRECTION ( 'NONE',  ( 0.000000000000000000, -0.9618644067845162349, -0.2735267134322910687 ) ) ;
#133 = DIRECTION ( 'NONE',  ( 0.000000000000000000, 0.000000000000000000, 1.000000000000000000 ) ) ;
#134 = CARTESIAN_POINT ( 'NONE',  ( -7.500000000000000000, -94.26271186488253306, -27.30561791636471369 ) ) ;
#135 = ORIENTED_EDGE ( 'NONE', *, *, #1293, .T. ) ;
#136 = EDGE_CURVE ( 'NONE', #1322, #1959, #669, .T. ) ;
#137 = FACE_OUTER_BOUND ( 'NONE', #1433, .T. ) ;
#138 = VERTEX_POINT ( 'NONE', #519 ) ;
#139 = CARTESIAN_POINT ( 'NONE',  ( 0.000000000000000000, -26.93220338996615837, -11.15874797610522506 ) ) ;
#140 = EDGE_CURVE ( 'NONE', #1492, #1236, #1748, .T. ) ;
#141 = VECTOR ( 'NONE', #1256, 1000.000000000000114 ) ;
#142 = DIRECTION ( 'NONE',  ( 1.000000000000000000, -0.000000000000000000, -0.000000000000000000 ) ) ;
#143 = APPLICATION_CONTEXT ( 'configuration controlled 3d designs of mechanical parts and assemblies' ) ;
#144 = FACE_OUTER_BOUND ( 'NONE', #1614, .T. ) ;
#145 = ADVANCED_FACE ( 'NONE', ( #1148 ), #1906, .F. ) ;
#146 = VERTEX_POINT ( 'NONE', #510 ) ;
#147 = LINE ( 'NONE', #1571, #1678 ) ;
#148 = DIRECTION ( 'NONE',  ( 0.000000000000000000, 0.000000000000000000, 1.000000000000000000 ) ) ;
#149 = VERTEX_POINT ( 'NONE', #357 ) ;
#150 = EDGE_CURVE ( 'NONE', #353, #382, #1600, .T. ) ;
#151 = DIRECTION ( 'NONE',  ( 0.000000000000000000, -0.9618644067845162349, -0.2735267134322910687 ) ) ;
#152 = DIRECTION ( 'NONE',  ( 0.000000000000000000, 0.000000000000000000, -1.000000000000000000 ) ) ;
#153 = CARTESIAN_POINT ( 'NONE',  ( -15.00000000000000000, -113.5000000005728964, -32.27615218501041028 ) ) ;
#154 = PRODUCT ( 'Ladder', 'Ladder', '', ( #255 ) ) ;
#155 = VERTEX_POINT ( 'NONE', #660 ) ;
#156 = DIRECTION ( 'NONE',  ( 1.000000000000000000, 0.000000000000000000, -0.000000000000000000 ) ) ;
#157 = CARTESIAN_POINT ( 'NONE',  ( -15.00000000000000000, -103.8813559327277432, -30.04088505068749981 ) ) ;
#158 = ORIENTED_EDGE ( 'NONE', *, *, #1126, .F. ) ;
#159 = LINE ( 'NONE', #454, #141 ) ;
#160 = FACE_OUTER_BOUND ( 'NONE', #1056, .T. ) ;
#161 = VECTOR ( 'NONE', #315, 1000.000000000000000 ) ;
#162 = VECTOR ( 'NONE', #78, 1000.000000000000000 ) ;
#163 = PLANE ( 'NONE',  #73 ) ;
#164 = VERTEX_POINT ( 'NONE', #42 ) ;
#165 = CARTESIAN_POINT ( 'NONE',  ( -18.00000000000000000, 0.000000000000000000, 0.000000000000000000 ) ) ;
#166 = CC_DESIGN_DATE_AND_TIME_ASSIGNMENT ( #890, #1983, ( #885 ) ) ;
#167 = VERTEX_POINT ( 'NONE', #1255 ) ;
#168 = APPROVAL_STATUS ( 'not_yet_approved' ) ;
#169 = CARTESIAN_POINT ( 'NONE',  ( 0.000000000000000000, -91.37711864452899135, -26.48503777606783771 ) ) ;
#170 = PLANE ( 'NONE',  #1886 ) ;
#171 = AXIS2_PLACEMENT_3D ( 'NONE', #862, #2000, #1490 ) ;
#172 = LINE ( 'NONE', #25, #13 ) ;
#173 = ADVANCED_FACE ( 'NONE', ( #346 ), #629, .F. ) ;
#174 = VERTEX_POINT ( 'NONE', #966 ) ;
#175 = VECTOR ( 'NONE', #312, 1000.000000000000000 ) ;
#176 = FACE_OUTER_BOUND ( 'NONE', #536, .T. ) ;
#177 = ORIENTED_EDGE ( 'NONE', *, *, #1167, .F. ) ;
#178 = VERTEX_POINT ( 'NONE', #828 ) ;
#179 = CARTESIAN_POINT ( 'NONE',  ( 0.000000000000000000, -52.90254237314820074, -18.54396923877670744 ) ) ;
#180 = CARTESIAN_POINT ( 'NONE',  ( -18.00000000000000000, 4.000000000000000000, -4.000000000000009770 ) ) ;
#181 = PLANE ( 'NONE',  #1327 ) ;
#182 = LINE ( 'NONE', #784, #1704 ) ;
#183 = ORIENTED_EDGE ( 'NONE', *, *, #742, .T. ) ;
#184 = VECTOR ( 'NONE', #680, 1000.000000000000114 ) ;
#185 = DIRECTION ( 'NONE',  ( 0.000000000000000000, 0.9618644067845157908, 0.2735267134322921234 ) ) ;
#186 = CARTESIAN_POINT ( 'NONE',  ( 0.000000000000000000, -81.75847457668379548, -23.74977064174505159 ) ) ;
#187 = ORIENTED_EDGE ( 'NONE', *, *, #992, .T. ) ;
#188 = VERTEX_POINT ( 'NONE', #190 ) ;
#189 = MANIFOLD_SOLID_BREP ( 'Mirror1', #595 ) ;
#190 = CARTESIAN_POINT ( 'NONE',  ( 0.000000000000000000, -7.694915254275763949, -5.688213707459654600 ) ) ;
#191 = CARTESIAN_POINT ( 'NONE',  ( -15.00000000000000000, -100.9957627123741872, -29.22030491039062383 ) ) ;
#192 = DIRECTION ( 'NONE',  ( 0.000000000000000000, 0.2735267134322910687, -0.9618644067845162349 ) ) ;
#193 = EDGE_CURVE ( 'NONE', #30, #1322, #1878, .T. ) ;
#194 = LINE ( 'NONE', #233, #1313 ) ;
#195 = ORIENTED_EDGE ( 'NONE', *, *, #1044, .F. ) ;
#196 = VECTOR ( 'NONE', #618, 1000.000000000000000 ) ;
#197 = PLANE ( 'NONE',  #752 ) ;
#198 = DIRECTION ( 'NONE',  ( 0.000000000000000000, 0.000000000000000000, 1.000000000000000000 ) ) ;
#199 = ORIENTED_EDGE ( 'NONE', *, *, #1468, .T. ) ;
#200 = EDGE_CURVE ( 'NONE', #146, #63, #641, .T. ) ;
#201 = CARTESIAN_POINT ( 'NONE',  ( 0.000000000000000000, -36.55084745781135780, -12.39401511042800763 ) ) ;
#202 = DIRECTION ( 'NONE',  ( 0.000000000000000000, 0.000000000000000000, -1.000000000000000000 ) ) ;
#203 = EDGE_CURVE ( 'NONE', #235, #155, #1127, .T. ) ;
#204 = CARTESIAN_POINT ( 'NONE',  ( -7.500000000000000000, -26.93220338996615837, -8.158747976105221511 ) ) ;
#205 = ORIENTED_EDGE ( 'NONE', *, *, #1550, .F. ) ;
#206 = VECTOR ( 'NONE', #1919, 1000.000000000000000 ) ;
#207 = VECTOR ( 'NONE', #101, 1000.000000000000114 ) ;
#208 = ORIENTED_EDGE ( 'NONE', *, *, #647, .F. ) ;
#209 = EDGE_CURVE ( 'NONE', #1736, #486, #499, .T. ) ;
#210 = CARTESIAN_POINT ( 'NONE',  ( -15.00000000000000000, -7.694915254275763949, -5.688213707459654600 ) ) ;
#211 = CARTESIAN_POINT ( 'NONE',  ( -15.00000000000000000, -103.8813559327277432, -31.54088505068749981 ) ) ;
#212 = DIRECTION ( 'NONE',  ( -1.000000000000000000, 0.000000000000000000, 0.000000000000000000 ) ) ;
#213 = EDGE_LOOP ( 'NONE', ( #135, #379, #859, #1483 ) ) ;
#214 = DIRECTION ( 'NONE',  ( -0.000000000000000000, -0.9618644067845162349, -0.2735267134322910687 ) ) ;
#215 = VERTEX_POINT ( 'NONE', #1494 ) ;
#216 = DIRECTION ( 'NONE',  ( 0.000000000000000000, 0.000000000000000000, 1.000000000000000000 ) ) ;
#217 = CC_DESIGN_SECURITY_CLASSIFICATION ( #27, ( #1775 ) ) ;
#218 = ORIENTED_EDGE ( 'NONE', *, *, #1229, .F. ) ;
#219 = CARTESIAN_POINT ( 'NONE',  ( 3.000000000000000000, 0.000000000000000000, 0.000000000000000000 ) ) ;
#220 = DIRECTION ( 'NONE',  ( 0.000000000000000000, 0.9618644067845160128, 0.2735267134322921234 ) ) ;
#221 = FACE_OUTER_BOUND ( 'NONE', #423, .T. ) ;
#222 = EDGE_LOOP ( 'NONE', ( #1180, #1051, #628, #729 ) ) ;
#223 = ORIENTED_EDGE ( 'NONE', *, *, #1009, .T. ) ;
#224 = FACE_BOUND ( 'NONE', #294, .T. ) ;
#225 = EDGE_LOOP ( 'NONE', ( #1698, #824, #1262, #279 ) ) ;
#226 = VECTOR ( 'NONE', #967, 1000.000000000000114 ) ;
#227 = AXIS2_PLACEMENT_3D ( 'NONE', #1364, #902, #133 ) ;
#228 = LINE ( 'NONE', #837, #1173 ) ;
#229 = EDGE_LOOP ( 'NONE', ( #1584, #1016, #1946, #703 ) ) ;
#230 = DIRECTION ( 'NONE',  ( 0.000000000000000000, -1.000000000000000000, -0.000000000000000000 ) ) ;
#231 = CARTESIAN_POINT ( 'NONE',  ( -18.00000000000000000, 0.000000000000000000, 0.000000000000000000 ) ) ;
#232 = DIRECTION ( 'NONE',  ( 0.000000000000000000, -0.9618644067845162349, -0.2735267134322910687 ) ) ;
#233 = CARTESIAN_POINT ( 'NONE',  ( 0.000000000000000000, -103.8813559327277432, -31.54088505068749981 ) ) ;
#234 = LINE ( 'NONE', #1793, #514 ) ;
#235 = VERTEX_POINT ( 'NONE', #1199 ) ;
#236 = EDGE_CURVE ( 'NONE', #1959, #878, #1480, .T. ) ;
#237 = DIRECTION ( 'NONE',  ( 0.000000000000000000, 0.000000000000000000, 1.000000000000000000 ) ) ;
#238 = ORIENTED_EDGE ( 'NONE', *, *, #131, .T. ) ;
#239 = AXIS2_PLACEMENT_3D ( 'NONE', #349, #1144, #1282 ) ;
#240 = PLANE ( 'NONE',  #969 ) ;
#241 = VERTEX_POINT ( 'NONE', #727 ) ;
#242 = VECTOR ( 'NONE', #1323, 1000.000000000000000 ) ;
#243 = LINE ( 'NONE', #1939, #1642 ) ;
#244 = PERSON_AND_ORGANIZATION_ROLE ( 'creator' ) ;
#245 = VERTEX_POINT ( 'NONE', #1336 ) ;
#246 = LINE ( 'NONE', #1172, #1573 ) ;
#247 = DIRECTION ( 'NONE',  ( 0.000000000000000000, -0.2735267134322910687, 0.9618644067845162349 ) ) ;
#248 = DIRECTION ( 'NONE',  ( 1.000000000000000000, -0.000000000000000000, -0.000000000000000000 ) ) ;
#249 = ORIENTED_EDGE ( 'NONE', *, *, #1253, .T. ) ;
#250 = CARTESIAN_POINT ( 'NONE',  ( 0.000000000000000000, -36.55084745781135780, -10.89401511042800763 ) ) ;
#251 = ORIENTED_EDGE ( 'NONE', *, *, #366, .T. ) ;
#252 = ORIENTED_EDGE ( 'NONE', *, *, #1932, .T. ) ;
#253 = AXIS2_PLACEMENT_3D ( 'NONE', #348, #192, #1455 ) ;
#254 = LINE ( 'NONE', #1516, #479 ) ;
#255 = MECHANICAL_CONTEXT ( 'NONE', #143, 'mechanical' ) ;
#256 = ORIENTED_EDGE ( 'NONE', *, *, #200, .T. ) ;
#257 = CARTESIAN_POINT ( 'NONE',  ( -15.00000000000000000, -91.37711864452899135, -26.48503777606783771 ) ) ;
#258 = CARTESIAN_POINT ( 'NONE',  ( 0.000000000000000000, -36.55084745781135780, -13.89401511042800941 ) ) ;
#259 = LINE ( 'NONE', #1315, #1927 ) ;
#260 = EDGE_CURVE ( 'NONE', #1175, #1440, #1822, .T. ) ;
#261 = ORIENTED_EDGE ( 'NONE', *, *, #767, .T. ) ;
#262 = VECTOR ( 'NONE', #1544, 1000.000000000000114 ) ;
#263 = ORIENTED_EDGE ( 'NONE', *, *, #2001, .T. ) ;
#264 = EDGE_CURVE ( 'NONE', #164, #915, #304, .T. ) ;
#265 = AXIS2_PLACEMENT_3D ( 'NONE', #1373, #247, #270 ) ;
#266 = LINE ( 'NONE', #278, #1038 ) ;
#267 = FACE_OUTER_BOUND ( 'NONE', #1503, .T. ) ;
#268 = ORIENTED_EDGE ( 'NONE', *, *, #589, .T. ) ;
#269 = LINE ( 'NONE', #881, #338 ) ;
#270 = DIRECTION ( 'NONE',  ( 0.000000000000000000, -0.9618644067845162349, -0.2735267134322910687 ) ) ;
#271 = EDGE_CURVE ( 'NONE', #167, #1175, #243, .T. ) ;
#272 = LINE ( 'NONE', #422, #684 ) ;
#273 = VERTEX_POINT ( 'NONE', #679 ) ;
#274 = EDGE_CURVE ( 'NONE', #1175, #497, #1309, .T. ) ;
#275 = CARTESIAN_POINT ( 'NONE',  ( 0.000000000000000000, -33.66525423745780898, -10.07343497013113165 ) ) ;
#276 = EDGE_LOOP ( 'NONE', ( #1518, #525, #1422, #1388 ) ) ;
#277 = VECTOR ( 'NONE', #1039, 1000.000000000000114 ) ;
#278 = CARTESIAN_POINT ( 'NONE',  ( -15.00000000000000000, -65.40677966134694543, -20.59981651339635889 ) ) ;
#279 = ORIENTED_EDGE ( 'NONE', *, *, #460, .T. ) ;
#280 = CARTESIAN_POINT ( 'NONE',  ( -15.00000000000000000, -113.5000000005728964, -32.27615218501041028 ) ) ;
#281 = CARTESIAN_POINT ( 'NONE',  ( -15.00000000000000000, -24.04661016961261311, -10.33816783580835263 ) ) ;
#282 = FACE_OUTER_BOUND ( 'NONE', #321, .T. ) ;
#283 = ORIENTED_EDGE ( 'NONE', *, *, #140, .T. ) ;
#284 = CARTESIAN_POINT ( 'NONE',  ( 3.000000000000000000, 4.000000000000000000, 0.000000000000000000 ) ) ;
#285 = ORIENTED_EDGE ( 'NONE', *, *, #1189, .T. ) ;
#286 = EDGE_CURVE ( 'NONE', #1147, #164, #147, .T. ) ;
#287 = DATE_AND_TIME ( #1684, #2008 ) ;
#288 = APPROVAL_PERSON_ORGANIZATION ( #129, #1312, #1397 ) ;
#289 = EDGE_LOOP ( 'NONE', ( #1006, #1670, #1406, #1945 ) ) ;
#290 = PLANE ( 'NONE',  #1640 ) ;
#291 = FACE_BOUND ( 'NONE', #1366, .T. ) ;
#292 = EDGE_CURVE ( 'NONE', #1376, #502, #17, .T. ) ;
#293 = CARTESIAN_POINT ( 'NONE',  ( -7.500000000000000000, -43.28389830530300486, -15.80870210445392132 ) ) ;
#294 = EDGE_LOOP ( 'NONE', ( #1188, #1513, #692, #550 ) ) ;
#295 = CARTESIAN_POINT ( 'NONE',  ( -18.00000000000000000, -113.5000000005728964, -36.27615218501041738 ) ) ;
#296 = EDGE_LOOP ( 'NONE', ( #249, #745, #314, #1833 ) ) ;
#297 = ADVANCED_FACE ( 'NONE', ( #1403 ), #330, .F. ) ;
#298 = AXIS2_PLACEMENT_3D ( 'NONE', #1216, #914, #1841 ) ;
#299 = EDGE_CURVE ( 'NONE', #63, #1295, #1260, .T. ) ;
#300 = LINE ( 'NONE', #461, #782 ) ;
#301 = DIRECTION ( 'NONE',  ( 0.000000000000000000, 0.000000000000000000, 1.000000000000000000 ) ) ;
#302 = DIRECTION ( 'NONE',  ( 1.000000000000000000, -0.000000000000000000, -0.000000000000000000 ) ) ;
#303 = EDGE_CURVE ( 'NONE', #797, #111, #796, .T. ) ;
#304 = LINE ( 'NONE', #532, #242 ) ;
#305 = LINE ( 'NONE', #9, #196 ) ;
#306 = ORIENTED_EDGE ( 'NONE', *, *, #1279, .F. ) ;
#307 = AXIS2_PLACEMENT_3D ( 'NONE', #1090, #156, #472 ) ;
#308 = CARTESIAN_POINT ( 'NONE',  ( 0.000000000000000000, -52.90254237314820074, -15.54396923877669856 ) ) ;
#309 = FACE_OUTER_BOUND ( 'NONE', #419, .T. ) ;
#310 = VECTOR ( 'NONE', #367, 1000.000000000000000 ) ;
#311 = LINE ( 'NONE', #339, #1275 ) ;
#312 = DIRECTION ( 'NONE',  ( 0.000000000000000000, 0.000000000000000000, -1.000000000000000000 ) ) ;
#313 = FACE_OUTER_BOUND ( 'NONE', #1774, .T. ) ;
#314 = ORIENTED_EDGE ( 'NONE', *, *, #1321, .T. ) ;
#315 = DIRECTION ( 'NONE',  ( 0.000000000000000000, 0.000000000000000000, -1.000000000000000000 ) ) ;
#316 = PRODUCT_RELATED_PRODUCT_CATEGORY ( 'detail', '', ( #154 ) ) ;
#317 = CARTESIAN_POINT ( 'NONE',  ( -7.500000000000000000, -103.8813559327277432, -30.04088505068749981 ) ) ;
#318 = EDGE_CURVE ( 'NONE', #382, #804, #636, .T. ) ;
#319 = CARTESIAN_POINT ( 'NONE',  ( 0.000000000000000000, -17.31355932212096249, -5.423480841782437167 ) ) ;
#320 = DIRECTION ( 'NONE',  ( -0.000000000000000000, -0.9618644067845162349, -0.2735267134322910687 ) ) ;
#321 = EDGE_LOOP ( 'NONE', ( #482, #733, #1812, #1536 ) ) ;
#322 = ADVANCED_FACE ( 'NONE', ( #341 ), #484, .F. ) ;
#323 = EDGE_CURVE ( 'NONE', #1002, #241, #627, .T. ) ;
#324 = CARTESIAN_POINT ( 'NONE',  ( 0.000000000000000000, -94.26271186488253306, -30.30561791636471725 ) ) ;
#325 = FACE_OUTER_BOUND ( 'NONE', #1874, .T. ) ;
#326 = VECTOR ( 'NONE', #1552, 1000.000000000000000 ) ;
#327 = VECTOR ( 'NONE', #12, 1000.000000000000114 ) ;
#328 = CARTESIAN_POINT ( 'NONE',  ( 0.000000000000000000, -91.37711864452899135, -26.48503777606783771 ) ) ;
#329 = ORIENTED_EDGE ( 'NONE', *, *, #1598, .T. ) ;
#330 = PLANE ( 'NONE',  #1318 ) ;
#331 = DIRECTION ( 'NONE',  ( 0.000000000000000000, 0.9618644067845157908, 0.2735267134322921234 ) ) ;
#332 = ORIENTED_EDGE ( 'NONE', *, *, #1955, .F. ) ;
#333 = LINE ( 'NONE', #818, #644 ) ;
#334 = CARTESIAN_POINT ( 'NONE',  ( -15.00000000000000000, -81.75847457668379548, -23.74977064174505159 ) ) ;
#335 = LINE ( 'NONE', #445, #832 ) ;
#336 = DIRECTION ( 'NONE',  ( 0.000000000000000000, 0.9618644067845155687, 0.2735267134322931226 ) ) ;
#337 = VECTOR ( 'NONE', #671, 1000.000000000000000 ) ;
#338 = VECTOR ( 'NONE', #1048, 1000.000000000000000 ) ;
#339 = CARTESIAN_POINT ( 'NONE',  ( -15.00000000000000000, -52.90254237314820074, -15.54396923877669856 ) ) ;
#340 = ORIENTED_EDGE ( 'NONE', *, *, #506, .F. ) ;
#341 = FACE_OUTER_BOUND ( 'NONE', #1585, .T. ) ;
#342 = CARTESIAN_POINT ( 'NONE',  ( -15.00000000000000000, 0.000000000000000000, 0.000000000000000000 ) ) ;
#343 = ORIENTED_EDGE ( 'NONE', *, *, #735, .T. ) ;
#344 = ORIENTED_EDGE ( 'NONE', *, *, #1488, .F. ) ;
#345 = ADVANCED_FACE ( 'NONE', ( #768 ), #617, .F. ) ;
#346 = FACE_OUTER_BOUND ( 'NONE', #1887, .T. ) ;
#347 = CARTESIAN_POINT ( 'NONE',  ( -15.00000000000000000, -103.8813559327277432, -30.04088505068749981 ) ) ;
#348 = CARTESIAN_POINT ( 'NONE',  ( -7.500000000000000000, -65.40677966134694543, -19.09981651339635889 ) ) ;
#349 = CARTESIAN_POINT ( 'NONE',  ( -7.500000000000000000, -52.90254237314820074, -15.54396923877669856 ) ) ;
#350 = EDGE_CURVE ( 'NONE', #515, #880, #465, .T. ) ;
#351 = ORGANIZATION ( 'UNSPECIFIED', 'UNSPECIFIED', '' ) ;
#352 = DIRECTION ( 'NONE',  ( 0.000000000000000000, -0.9618644067845160128, -0.2735267134322915683 ) ) ;
#353 = VERTEX_POINT ( 'NONE', #319 ) ;
#354 = APPLICATION_CONTEXT ( 'configuration controlled 3d designs of mechanical parts and assemblies' ) ;
#355 = EDGE_CURVE ( 'NONE', #497, #1524, #1561, .T. ) ;
#356 = EDGE_CURVE ( 'NONE', #750, #382, #1875, .T. ) ;
#357 = CARTESIAN_POINT ( 'NONE',  ( -18.00000000000000000, -113.5000000005728964, -32.27615218501041028 ) ) ;
#358 = LINE ( 'NONE', #1601, #1696 ) ;
#359 = CARTESIAN_POINT ( 'NONE',  ( -7.500000000000000000, -103.8813559327277432, -33.04088505068749981 ) ) ;
#360 = ADVANCED_FACE ( 'NONE', ( #990, #82, #224, #1304, #1469, #1605, #1284, #372, #1595, #71, #1294, #1176 ), #197, .T. ) ;
#361 = DIRECTION ( 'NONE',  ( 0.000000000000000000, 0.000000000000000000, -1.000000000000000000 ) ) ;
#362 = VECTOR ( 'NONE', #1626, 1000.000000000000000 ) ;
#363 = AXIS2_PLACEMENT_3D ( 'NONE', #1251, #1876, #1133 ) ;
#364 = PLANE ( 'NONE',  #5 ) ;
#365 = ORIENTED_EDGE ( 'NONE', *, *, #4, .F. ) ;
#366 = EDGE_CURVE ( 'NONE', #1545, #493, #1441, .T. ) ;
#367 = DIRECTION ( 'NONE',  ( 0.000000000000000000, 0.000000000000000000, 1.000000000000000000 ) ) ;
#368 = DIRECTION ( 'NONE',  ( 0.000000000000000000, 0.9618644067845157908, 0.2735267134322921234 ) ) ;
#369 = PLANE ( 'NONE',  #1383 ) ;
#370 = EDGE_LOOP ( 'NONE', ( #785, #957, #467, #1679 ) ) ;
#371 = AXIS2_PLACEMENT_3D ( 'NONE', #1976, #1195, #1838 ) ;
#372 = FACE_BOUND ( 'NONE', #56, .T. ) ;
#373 = EDGE_LOOP ( 'NONE', ( #1001, #1815, #964, #2013 ) ) ;
#374 = VECTOR ( 'NONE', #958, 1000.000000000000227 ) ;
#375 = DIRECTION ( 'NONE',  ( -0.000000000000000000, -1.000000000000000000, -0.000000000000000000 ) ) ;
#376 = CARTESIAN_POINT ( 'NONE',  ( 0.000000000000000000, -81.75847457668379548, -26.74977064174505870 ) ) ;
#377 = PLANE ( 'NONE',  #1638 ) ;
#378 = ORIENTED_EDGE ( 'NONE', *, *, #1409, .T. ) ;
#379 = ORIENTED_EDGE ( 'NONE', *, *, #953, .F. ) ;
#380 = CC_DESIGN_PERSON_AND_ORGANIZATION_ASSIGNMENT ( #417, #1665, ( #1775 ) ) ;
#381 = LOCAL_TIME ( 18, 35, 25.00000000000000000, #583 ) ;
#382 = VERTEX_POINT ( 'NONE', #1319 ) ;
#383 = CARTESIAN_POINT ( 'NONE',  ( -7.500000000000000000, -55.78813559350174955, -16.36454937907357632 ) ) ;
#384 = DIRECTION ( 'NONE',  ( 0.000000000000000000, 0.2735267134322921234, -0.9618644067845160128 ) ) ;
#385 = CARTESIAN_POINT ( 'NONE',  ( -15.00000000000000000, -91.37711864452899135, -26.48503777606783771 ) ) ;
#386 = EDGE_CURVE ( 'NONE', #878, #426, #1333, .T. ) ;
#387 = DIRECTION ( 'NONE',  ( 0.000000000000000000, -1.000000000000000000, 0.000000000000000000 ) ) ;
#388 = ORIENTED_EDGE ( 'NONE', *, *, #1407, .F. ) ;
#389 = ORIENTED_EDGE ( 'NONE', *, *, #650, .T. ) ;
#390 = ORIENTED_EDGE ( 'NONE', *, *, #856, .F. ) ;
#391 = VECTOR ( 'NONE', #1298, 1000.000000000000227 ) ;
#392 = CARTESIAN_POINT ( 'NONE',  ( -7.500000000000000000, -75.02542372919214131, -24.83508364771914856 ) ) ;
#393 = ORIENTED_EDGE ( 'NONE', *, *, #865, .F. ) ;
#394 = CARTESIAN_POINT ( 'NONE',  ( 0.000000000000000000, -103.8813559327277432, -33.04088505068749981 ) ) ;
#395 = DIRECTION ( 'NONE',  ( 0.000000000000000000, 0.000000000000000000, 1.000000000000000000 ) ) ;
#396 = ORIENTED_EDGE ( 'NONE', *, *, #1550, .T. ) ;
#397 = DIRECTION ( 'NONE',  ( 0.000000000000000000, 0.000000000000000000, -1.000000000000000000 ) ) ;
#398 = FACE_OUTER_BOUND ( 'NONE', #415, .T. ) ;
#399 = EDGE_LOOP ( 'NONE', ( #256, #1904, #1345, #699 ) ) ;
#400 = VERTEX_POINT ( 'NONE', #1452 ) ;
#401 = LINE ( 'NONE', #709, #1995 ) ;
#402 = ORIENTED_EDGE ( 'NONE', *, *, #271, .F. ) ;
#403 = VECTOR ( 'NONE', #302, 1000.000000000000000 ) ;
#404 = ORIENTED_EDGE ( 'NONE', *, *, #1979, .T. ) ;
#405 = ADVANCED_FACE ( 'NONE', ( #1903 ), #517, .F. ) ;
#406 = DIRECTION ( 'NONE',  ( 0.000000000000000000, 1.000000000000000000, -0.000000000000000000 ) ) ;
#407 = ORIENTED_EDGE ( 'NONE', *, *, #696, .T. ) ;
#408 = CARTESIAN_POINT ( 'NONE',  ( 0.000000000000000000, -103.8813559327277432, -33.04088505068749981 ) ) ;
#409 = DIRECTION ( 'NONE',  ( 0.000000000000000000, 0.000000000000000000, 1.000000000000000000 ) ) ;
#410 = ORIENTED_EDGE ( 'NONE', *, *, #1840, .T. ) ;
#411 = DIRECTION ( 'NONE',  ( 1.000000000000000000, -0.000000000000000000, -0.000000000000000000 ) ) ;
#412 = EDGE_CURVE ( 'NONE', #505, #845, #825, .T. ) ;
#413 = ORIENTED_EDGE ( 'NONE', *, *, #1488, .T. ) ;
#414 = FACE_OUTER_BOUND ( 'NONE', #1763, .T. ) ;
#415 = EDGE_LOOP ( 'NONE', ( #471, #1553, #776, #599 ) ) ;
#416 = CARTESIAN_POINT ( 'NONE',  ( -15.00000000000000000, -33.66525423745780898, -10.07343497013113165 ) ) ;
#417 = PERSON_AND_ORGANIZATION ( #666, #351 ) ;
#418 = EDGE_CURVE ( 'NONE', #1019, #1440, #1677, .T. ) ;
#419 = EDGE_LOOP ( 'NONE', ( #1110, #912, #1270, #1633 ) ) ;
#420 = LINE ( 'NONE', #870, #207 ) ;
#421 = DIRECTION ( 'NONE',  ( 1.000000000000000000, 0.000000000000000000, -0.000000000000000000 ) ) ;
#422 = CARTESIAN_POINT ( 'NONE',  ( -7.500000000000000000, -91.37711864452899135, -29.48503777606784482 ) ) ;
#423 = EDGE_LOOP ( 'NONE', ( #1761, #40, #980, #1134 ) ) ;
#424 = DIRECTION ( 'NONE',  ( 0.000000000000000000, 0.9618644067845155687, 0.2735267134322931781 ) ) ;
#425 = VECTOR ( 'NONE', #932, 1000.000000000000227 ) ;
#426 = VERTEX_POINT ( 'NONE', #1185 ) ;
#427 = VECTOR ( 'NONE', #1837, 1000.000000000000000 ) ;
#428 = ORIENTED_EDGE ( 'NONE', *, *, #531, .F. ) ;
#429 = LINE ( 'NONE', #892, #1608 ) ;
#430 = LINE ( 'NONE', #858, #936 ) ;
#431 = CARTESIAN_POINT ( 'NONE',  ( -18.00000000000000000, 4.000000000000000000, -4.000000000000009770 ) ) ;
#432 = DIRECTION ( 'NONE',  ( 0.000000000000000000, 1.000000000000000000, -0.000000000000000000 ) ) ;
#433 = AXIS2_PLACEMENT_3D ( 'NONE', #456, #911, #1541 ) ;
#434 = VERTEX_POINT ( 'NONE', #883 ) ;
#435 = VECTOR ( 'NONE', #1301, 1000.000000000000000 ) ;
#436 = APPROVAL_STATUS ( 'not_yet_approved' ) ;
#437 = ORIENTED_EDGE ( 'NONE', *, *, #286, .F. ) ;
#438 = CARTESIAN_POINT ( 'NONE',  ( -15.00000000000000000, -14.42796610176741368, -7.602900701485566515 ) ) ;
#439 = FACE_BOUND ( 'NONE', #933, .T. ) ;
#440 = CARTESIAN_POINT ( 'NONE',  ( 0.000000000000000000, -91.37711864452899135, -29.48503777606784482 ) ) ;
#441 = ORIENTED_EDGE ( 'NONE', *, *, #1076, .T. ) ;
#442 = LINE ( 'NONE', #1980, #1912 ) ;
#443 = ORIENTED_EDGE ( 'NONE', *, *, #131, .F. ) ;
#444 = ADVANCED_FACE ( 'NONE', ( #1647 ), #1796, .F. ) ;
#445 = CARTESIAN_POINT ( 'NONE',  ( -18.00000000000000000, 1.355252715606880543E-17, -4.000000000000009770 ) ) ;
#446 = LINE ( 'NONE', #774, #746 ) ;
#447 = EDGE_CURVE ( 'NONE', #759, #178, #1808, .T. ) ;
#448 = DIRECTION ( 'NONE',  ( 0.000000000000000000, 0.9618644067845157908, 0.2735267134322921234 ) ) ;
#449 = CARTESIAN_POINT ( 'NONE',  ( -18.00000000000000000, 4.000000000000000000, 0.000000000000000000 ) ) ;
#450 = LINE ( 'NONE', #1379, #3 ) ;
#451 = ORIENTED_EDGE ( 'NONE', *, *, #620, .F. ) ;
#452 = CALENDAR_DATE ( 2026, 7, 9 ) ;
#453 = VECTOR ( 'NONE', #320, 1000.000000000000114 ) ;
#454 = CARTESIAN_POINT ( 'NONE',  ( 0.000000000000000000, -46.16949152565655368, -16.62928224475079375 ) ) ;
#455 = DIRECTION ( 'NONE',  ( 0.000000000000000000, 0.000000000000000000, -1.000000000000000000 ) ) ;
#456 = CARTESIAN_POINT ( 'NONE',  ( 3.000000000000000000, -113.5000000005728964, -32.27615218501041028 ) ) ;
#457 = ORIENTED_EDGE ( 'NONE', *, *, #1054, .F. ) ;
#458 = FACE_OUTER_BOUND ( 'NONE', #1444, .T. ) ;
#459 = ORIENTED_EDGE ( 'NONE', *, *, #620, .T. ) ;
#460 = EDGE_CURVE ( 'NONE', #1710, #509, #272, .T. ) ;
#461 = CARTESIAN_POINT ( 'NONE',  ( -15.00000000000000000, -113.5000000005728964, -36.27615218501041738 ) ) ;
#462 = CARTESIAN_POINT ( 'NONE',  ( -15.00000000000000000, -55.78813559350174955, -17.86454937907357987 ) ) ;
#463 = EDGE_LOOP ( 'NONE', ( #1527, #827, #560, #1830 ) ) ;
#464 = EDGE_CURVE ( 'NONE', #1786, #639, #401, .T. ) ;
#465 = LINE ( 'NONE', #1716, #977 ) ;
#466 = DIRECTION ( 'NONE',  ( 1.000000000000000000, -0.000000000000000000, -0.000000000000000000 ) ) ;
#467 = ORIENTED_EDGE ( 'NONE', *, *, #1918, .F. ) ;
#468 = CARTESIAN_POINT ( 'NONE',  ( -18.00000000000000000, -113.5000000005728964, -36.27615218501041738 ) ) ;
#469 = LINE ( 'NONE', #1419, #1726 ) ;
#470 = DIRECTION ( 'NONE',  ( 0.000000000000000000, 0.000000000000000000, 1.000000000000000000 ) ) ;
#471 = ORIENTED_EDGE ( 'NONE', *, *, #264, .T. ) ;
#472 = DIRECTION ( 'NONE',  ( 0.000000000000000000, 0.000000000000000000, 1.000000000000000000 ) ) ;
#473 = LINE ( 'NONE', #1000, #772 ) ;
#474 = ORIENTED_EDGE ( 'NONE', *, *, #621, .F. ) ;
#475 = VERTEX_POINT ( 'NONE', #874 ) ;
#476 = CARTESIAN_POINT ( 'NONE',  ( 3.000000000000000000, 0.000000000000000000, 0.000000000000000000 ) ) ;
#477 = LINE ( 'NONE', #1107, #1402 ) ;
#478 = CARTESIAN_POINT ( 'NONE',  ( -7.500000000000000000, -72.13983050883859960, -21.01450350742226902 ) ) ;
#479 = VECTOR ( 'NONE', #120, 1000.000000000000000 ) ;
#480 = VECTOR ( 'NONE', #658, 1000.000000000000000 ) ;
#481 = CARTESIAN_POINT ( 'NONE',  ( 0.000000000000000000, -46.16949152565655368, -15.12928224475079375 ) ) ;
#482 = ORIENTED_EDGE ( 'NONE', *, *, #1587, .T. ) ;
#483 = ADVANCED_FACE ( 'NONE', ( #282 ), #1027, .F. ) ;
#484 = PLANE ( 'NONE',  #307 ) ;
#485 = DIRECTION ( 'NONE',  ( 0.000000000000000000, 0.9618644067845160128, 0.2735267134322915128 ) ) ;
#486 = VERTEX_POINT ( 'NONE', #250 ) ;
#487 = ORIENTED_EDGE ( 'NONE', *, *, #1264, .T. ) ;
#488 = CARTESIAN_POINT ( 'NONE',  ( -7.500000000000000000, -94.26271186488253306, -27.30561791636471369 ) ) ;
#489 = DIRECTION ( 'NONE',  ( 0.000000000000000000, 0.9618644067845157908, 0.2735267134322921234 ) ) ;
#490 = EDGE_CURVE ( 'NONE', #656, #400, #1659, .T. ) ;
#491 = LINE ( 'NONE', #1750, #1654 ) ;
#492 = VECTOR ( 'NONE', #214, 1000.000000000000114 ) ;
#493 = VERTEX_POINT ( 'NONE', #1213 ) ;
#494 = LINE ( 'NONE', #655, #107 ) ;
#495 = VERTEX_POINT ( 'NONE', #1522 ) ;
#496 = CARTESIAN_POINT ( 'NONE',  ( 0.000000000000000000, 4.000000000000000000, 0.000000000000000000 ) ) ;
#497 = VERTEX_POINT ( 'NONE', #93 ) ;
#498 = APPROVAL ( #110, 'UNSPECIFIED' ) ;
#499 = LINE ( 'NONE', #201, #1577 ) ;
#500 = CARTESIAN_POINT ( 'NONE',  ( -18.00000000000000000, 4.000000000000000000, 0.000000000000000000 ) ) ;
#501 = CARTESIAN_POINT ( 'NONE',  ( -7.500000000000000000, -94.26271186488253306, -30.30561791636471725 ) ) ;
#502 = VERTEX_POINT ( 'NONE', #1990 ) ;
#503 = LINE ( 'NONE', #1131, #492 ) ;
#504 = ADVANCED_FACE ( 'NONE', ( #103 ), #588, .F. ) ;
#505 = VERTEX_POINT ( 'NONE', #125 ) ;
#506 = EDGE_CURVE ( 'NONE', #1653, #1842, #1967, .T. ) ;
#507 = VECTOR ( 'NONE', #368, 1000.000000000000227 ) ;
#508 = LINE ( 'NONE', #1896, #1041 ) ;
#509 = VERTEX_POINT ( 'NONE', #440 ) ;
#510 = CARTESIAN_POINT ( 'NONE',  ( 0.000000000000000000, 1.355252715606880543E-17, -4.000000000000009770 ) ) ;
#511 = LINE ( 'NONE', #1916, #1628 ) ;
#512 = LINE ( 'NONE', #1611, #960 ) ;
#513 = DIRECTION ( 'NONE',  ( -0.000000000000000000, -0.000000000000000000, -1.000000000000000000 ) ) ;
#514 = VECTOR ( 'NONE', #1583, 1000.000000000000000 ) ;
#515 = VERTEX_POINT ( 'NONE', #577 ) ;
#516 = VECTOR ( 'NONE', #1943, 1000.000000000000227 ) ;
#517 = PLANE ( 'NONE',  #886 ) ;
#518 = ORIENTED_EDGE ( 'NONE', *, *, #1734, .T. ) ;
#519 = CARTESIAN_POINT ( 'NONE',  ( -15.00000000000000000, 1.355252715606880543E-17, -4.000000000000009770 ) ) ;
#520 = FACE_OUTER_BOUND ( 'NONE', #225, .T. ) ;
#521 = EDGE_CURVE ( 'NONE', #1685, #1551, #1062, .T. ) ;
#522 = ORIENTED_EDGE ( 'NONE', *, *, #1937, .T. ) ;
#523 = CARTESIAN_POINT ( 'NONE',  ( 3.000000000000000000, 4.000000000000000000, -4.000000000000009770 ) ) ;
#524 = LINE ( 'NONE', #1153, #310 ) ;
#525 = ORIENTED_EDGE ( 'NONE', *, *, #350, .F. ) ;
#526 = VECTOR ( 'NONE', #1088, 1000.000000000000000 ) ;
#527 = VECTOR ( 'NONE', #397, 1000.000000000000000 ) ;
#528 = ORIENTED_EDGE ( 'NONE', *, *, #1658, .F. ) ;
#529 = VECTOR ( 'NONE', #230, 1000.000000000000000 ) ;
#530 = DIRECTION ( 'NONE',  ( 0.000000000000000000, 0.9618644067845160128, 0.2735267134322921234 ) ) ;
#531 = EDGE_CURVE ( 'NONE', #787, #1092, #1690, .T. ) ;
#532 = CARTESIAN_POINT ( 'NONE',  ( 0.000000000000000000, -4.809322033922216910, -1.867633567162775510 ) ) ;
#533 = LINE ( 'NONE', #1267, #1435 ) ;
#534 = CARTESIAN_POINT ( 'NONE',  ( -7.500000000000000000, -62.52118644099340372, -18.27923637309948646 ) ) ;
#535 = ORIENTED_EDGE ( 'NONE', *, *, #209, .T. ) ;
#536 = EDGE_LOOP ( 'NONE', ( #46, #451, #1023, #753 ) ) ;
#537 = AXIS2_PLACEMENT_3D ( 'NONE', #1496, #1338, #395 ) ;
#538 = ORIENTED_EDGE ( 'NONE', *, *, #1918, .T. ) ;
#539 = EDGE_CURVE ( 'NONE', #797, #915, #1018, .T. ) ;
#540 = LINE ( 'NONE', #1820, #1787 ) ;
#541 = EDGE_LOOP ( 'NONE', ( #1047, #834, #1706, #396 ) ) ;
#542 = PERSON_AND_ORGANIZATION_ROLE ( 'classification_officer' ) ;
#543 = EDGE_LOOP ( 'NONE', ( #1239, #205, #1839, #1396 ) ) ;
#544 = FACE_OUTER_BOUND ( 'NONE', #1991, .T. ) ;
#545 = ORIENTED_EDGE ( 'NONE', *, *, #1378, .T. ) ;
#546 = EDGE_LOOP ( 'NONE', ( #1458, #898, #1430, #218 ) ) ;
#547 = VERTEX_POINT ( 'NONE', #1828 ) ;
#548 = VECTOR ( 'NONE', #1765, 1000.000000000000114 ) ;
#549 = EDGE_CURVE ( 'NONE', #167, #1019, #903, .T. ) ;
#550 = ORIENTED_EDGE ( 'NONE', *, *, #386, .F. ) ;
#551 = DIRECTION ( 'NONE',  ( 1.000000000000000000, -0.000000000000000000, -0.000000000000000000 ) ) ;
#552 = DIRECTION ( 'NONE',  ( 0.000000000000000000, -1.000000000000000000, -0.000000000000000000 ) ) ;
#553 = APPROVAL_ROLE ( '' ) ;
#554 = ORIENTED_EDGE ( 'NONE', *, *, #1077, .F. ) ;
#555 = EDGE_CURVE ( 'NONE', #493, #1786, #1532, .T. ) ;
#556 = LINE ( 'NONE', #730, #1867 ) ;
#557 = CARTESIAN_POINT ( 'NONE',  ( -7.500000000000000000, -17.31355932212096249, -8.423480841782438944 ) ) ;
#558 = ORIENTED_EDGE ( 'NONE', *, *, #1069, .F. ) ;
#559 = DIRECTION ( 'NONE',  ( 0.000000000000000000, 0.000000000000000000, 1.000000000000000000 ) ) ;
#560 = ORIENTED_EDGE ( 'NONE', *, *, #974, .T. ) ;
#561 = AXIS2_PLACEMENT_3D ( 'NONE', #1365, #1502, #722 ) ;
#562 = ADVANCED_FACE ( 'NONE', ( #1384 ), #1713, .F. ) ;
#563 = CARTESIAN_POINT ( 'NONE',  ( -15.00000000000000000, -7.694915254275763949, -2.688213707459651491 ) ) ;
#564 = ORIENTED_EDGE ( 'NONE', *, *, #1007, .T. ) ;
#565 = APPROVAL_DATE_TIME ( #868, #1035 ) ;
#566 = VERTEX_POINT ( 'NONE', #634 ) ;
#567 = PLANE ( 'NONE',  #1997 ) ;
#568 = DIRECTION ( 'NONE',  ( 1.000000000000000000, -0.000000000000000000, -0.000000000000000000 ) ) ;
#569 = EDGE_CURVE ( 'NONE', #770, #30, #182, .T. ) ;
#570 = CARTESIAN_POINT ( 'NONE',  ( -15.00000000000000000, -75.02542372919214131, -24.83508364771914856 ) ) ;
#571 = ORIENTED_EDGE ( 'NONE', *, *, #1831, .T. ) ;
#572 = DIRECTION ( 'NONE',  ( 0.000000000000000000, 0.9618644067845157908, 0.2735267134322921234 ) ) ;
#573 = APPROVAL_DATE_TIME ( #1022, #498 ) ;
#574 = ORIENTED_EDGE ( 'NONE', *, *, #292, .T. ) ;
#575 = FACE_OUTER_BOUND ( 'NONE', #289, .T. ) ;
#576 = CARTESIAN_POINT ( 'NONE',  ( -7.500000000000000000, -17.31355932212096249, -5.423480841782437167 ) ) ;
#577 = CARTESIAN_POINT ( 'NONE',  ( 3.000000000000000000, -113.5000000005728964, -36.27615218501041738 ) ) ;
#578 = PLANE ( 'NONE',  #1205 ) ;
#579 = VECTOR ( 'NONE', #851, 1000.000000000000000 ) ;
#580 = ORIENTED_EDGE ( 'NONE', *, *, #412, .F. ) ;
#581 = VECTOR ( 'NONE', #301, 1000.000000000000000 ) ;
#582 = PLANE ( 'NONE',  #1950 ) ;
#583 = COORDINATED_UNIVERSAL_TIME_OFFSET ( 0, 0, .AHEAD. ) ;
#584 = EDGE_LOOP ( 'NONE', ( #522, #717, #689, #1848 ) ) ;
#585 = DIRECTION ( 'NONE',  ( 0.000000000000000000, 0.9618644067845157908, 0.2735267134322921234 ) ) ;
#586 = DIRECTION ( 'NONE',  ( 0.000000000000000000, -1.000000000000000000, -0.000000000000000000 ) ) ;
#587 = ADVANCED_FACE ( 'NONE', ( #144 ), #1410, .F. ) ;
#588 = PLANE ( 'NONE',  #371 ) ;
#589 = EDGE_CURVE ( 'NONE', #1637, #741, #311, .T. ) ;
#590 = VERTEX_POINT ( 'NONE', #1096 ) ;
#591 = LINE ( 'NONE', #1208, #453 ) ;
#592 = VECTOR ( 'NONE', #979, 1000.000000000000000 ) ;
#593 = ORIENTED_EDGE ( 'NONE', *, *, #274, .F. ) ;
#594 = ADVANCED_FACE ( 'NONE', ( #757 ), #163, .F. ) ;
#595 = CLOSED_SHELL ( 'NONE', ( #1539, #173, #633, #483, #821, #854, #1889, #360, #145, #1559, #1621, #1639, #1708, #2011, #1738, #1226, #587, #1214, #1764, #1742, #594, #297, #1576, #1854, #1714, #405, #1385, #799, #504, #1971, #1316, #793, #970, #1442, #1914, #700, #1358, #1648, #1778, #1791, #444, #562, #1223, #926, #1947, #1862, #112, #1271, #719, #1662, #1564, #1989, #1218, #1350, #1701, #1082, #1095, #345, #322, #1688 ) ) ;
#596 = CARTESIAN_POINT ( 'NONE',  ( -15.00000000000000000, -46.16949152565655368, -16.62928224475079375 ) ) ;
#597 = LINE ( 'NONE', #1220, #676 ) ;
#598 = DIRECTION ( 'NONE',  ( 1.000000000000000000, -0.000000000000000000, -0.000000000000000000 ) ) ;
#599 = ORIENTED_EDGE ( 'NONE', *, *, #1279, .T. ) ;
#600 = LINE ( 'NONE', #284, #95 ) ;
#601 = ORIENTED_EDGE ( 'NONE', *, *, #848, .F. ) ;
#602 = LOCAL_TIME ( 18, 35, 25.00000000000000000, #1010 ) ;
#603 = DIRECTION ( 'NONE',  ( 0.000000000000000000, 0.000000000000000000, -1.000000000000000000 ) ) ;
#604 = DIRECTION ( 'NONE',  ( 1.000000000000000000, -0.000000000000000000, -0.000000000000000000 ) ) ;
#605 = DIRECTION ( 'NONE',  ( 0.000000000000000000, 0.9618644067845157908, 0.2735267134322921234 ) ) ;
#606 = ORIENTED_EDGE ( 'NONE', *, *, #271, .T. ) ;
#607 = DIRECTION ( 'NONE',  ( 1.000000000000000000, -0.000000000000000000, -0.000000000000000000 ) ) ;
#608 = ORIENTED_EDGE ( 'NONE', *, *, #947, .T. ) ;
#609 = EDGE_CURVE ( 'NONE', #566, #1984, #1238, .T. ) ;
#610 = VECTOR ( 'NONE', #11, 1000.000000000000000 ) ;
#611 = AXIS2_PLACEMENT_3D ( 'NONE', #613, #1730, #1864 ) ;
#612 = LINE ( 'NONE', #169, #161 ) ;
#613 = CARTESIAN_POINT ( 'NONE',  ( -7.500000000000000000, -26.93220338996615837, -8.158747976105221511 ) ) ;
#614 = EDGE_CURVE ( 'NONE', #1198, #1594, #1221, .T. ) ;
#615 = LINE ( 'NONE', #462, #526 ) ;
#616 = ORIENTED_EDGE ( 'NONE', *, *, #1407, .T. ) ;
#617 = PLANE ( 'NONE',  #1733 ) ;
#618 = DIRECTION ( 'NONE',  ( 1.000000000000000000, -0.000000000000000000, -0.000000000000000000 ) ) ;
#619 = EDGE_LOOP ( 'NONE', ( #55, #1471, #1339, #1248 ) ) ;
#620 = EDGE_CURVE ( 'NONE', #1252, #1376, #1697, .T. ) ;
#621 = EDGE_CURVE ( 'NONE', #1252, #1795, #1847, .T. ) ;
#622 = LINE ( 'NONE', #1, #16 ) ;
#623 = LINE ( 'NONE', #1108, #1464 ) ;
#624 = VECTOR ( 'NONE', #1106, 1000.000000000000000 ) ;
#625 = CARTESIAN_POINT ( 'NONE',  ( -7.500000000000000000, -33.66525423745780898, -10.07343497013113165 ) ) ;
#626 = EDGE_LOOP ( 'NONE', ( #558, #1558, #855, #1682 ) ) ;
#627 = LINE ( 'NONE', #1431, #47 ) ;
#628 = ORIENTED_EDGE ( 'NONE', *, *, #712, .T. ) ;
#629 = PLANE ( 'NONE',  #1512 ) ;
#630 = LINE ( 'NONE', #1391, #754 ) ;
#631 = AXIS2_PLACEMENT_3D ( 'NONE', #501, #1449, #53 ) ;
#632 = CARTESIAN_POINT ( 'NONE',  ( -7.500000000000000000, -33.66525423745780898, -10.07343497013113165 ) ) ;
#633 = ADVANCED_FACE ( 'NONE', ( #1873 ), #1420, .F. ) ;
#634 = CARTESIAN_POINT ( 'NONE',  ( -15.00000000000000000, -65.40677966134694543, -22.09981651339636244 ) ) ;
#635 = VERTEX_POINT ( 'NONE', #1721 ) ;
#636 = LINE ( 'NONE', #1884, #1121 ) ;
#637 = DIRECTION ( 'NONE',  ( 0.000000000000000000, 1.000000000000000000, -0.000000000000000000 ) ) ;
#638 = VERTEX_POINT ( 'NONE', #1393 ) ;
#639 = VERTEX_POINT ( 'NONE', #328 ) ;
#640 = EDGE_CURVE ( 'NONE', #904, #1515, #1549, .T. ) ;
#641 = LINE ( 'NONE', #1266, #889 ) ;
#642 = DIRECTION ( 'NONE',  ( 0.000000000000000000, 0.000000000000000000, 1.000000000000000000 ) ) ;
#643 = CARTESIAN_POINT ( 'NONE',  ( 0.000000000000000000, -94.26271186488253306, -27.30561791636471369 ) ) ;
#644 = VECTOR ( 'NONE', #945, 1000.000000000000114 ) ;
#645 = CARTESIAN_POINT ( 'NONE',  ( -15.00000000000000000, -84.64406779703733719, -24.57035078204192757 ) ) ;
#646 = ORIENTED_EDGE ( 'NONE', *, *, #922, .T. ) ;
#647 = EDGE_CURVE ( 'NONE', #1551, #850, #2009, .T. ) ;
#648 = PLANE ( 'NONE',  #1104 ) ;
#649 = ORIENTED_EDGE ( 'NONE', *, *, #1291, .F. ) ;
#650 = EDGE_CURVE ( 'NONE', #1286, #505, #172, .T. ) ;
#651 = DIRECTION ( 'NONE',  ( 0.000000000000000000, 0.9618644067845160128, 0.2735267134322915683 ) ) ;
#652 = CARTESIAN_POINT ( 'NONE',  ( -15.00000000000000000, -62.52118644099340372, -21.27923637309949001 ) ) ;
#653 = CARTESIAN_POINT ( 'NONE',  ( 0.000000000000000000, 0.000000000000000000, 0.000000000000000000 ) ) ;
#654 = VECTOR ( 'NONE', #740, 1000.000000000000000 ) ;
#655 = CARTESIAN_POINT ( 'NONE',  ( -18.00000000000000000, 0.000000000000000000, 0.000000000000000000 ) ) ;
#656 = VERTEX_POINT ( 'NONE', #1258 ) ;
#657 = CARTESIAN_POINT ( 'NONE',  ( 0.000000000000000000, -84.64406779703733719, -26.07035078204193113 ) ) ;
#658 = DIRECTION ( 'NONE',  ( 0.000000000000000000, -1.000000000000000000, -0.000000000000000000 ) ) ;
#659 = ORIENTED_EDGE ( 'NONE', *, *, #299, .F. ) ;
#660 = CARTESIAN_POINT ( 'NONE',  ( 0.000000000000000000, -100.9957627123741872, -32.22030491039063094 ) ) ;
#661 = CARTESIAN_POINT ( 'NONE',  ( 0.000000000000000000, -55.78813559350174955, -19.36454937907357987 ) ) ;
#662 = DIRECTION ( 'NONE',  ( 0.000000000000000000, 1.000000000000000000, -0.000000000000000000 ) ) ;
#663 = LINE ( 'NONE', #1631, #592 ) ;
#664 = EDGE_LOOP ( 'NONE', ( #1113, #1651, #1624, #1755 ) ) ;
#665 = ORIENTED_EDGE ( 'NONE', *, *, #85, .F. ) ;
#666 = PERSON ( 'UNSPECIFIED', 'UNSPECIFIED', 'UNSPECIFIED', ('UNSPECIFIED'), ('UNSPECIFIED'), ('UNSPECIFIED') ) ;
#667 = CC_DESIGN_DATE_AND_TIME_ASSIGNMENT ( #287, #899, ( #27 ) ) ;
#668 = EDGE_CURVE ( 'NONE', #426, #590, #1881, .T. ) ;
#669 = LINE ( 'NONE', #1915, #1155 ) ;
#670 = LINE ( 'NONE', #968, #986 ) ;
#671 = DIRECTION ( 'NONE',  ( 0.000000000000000000, 0.000000000000000000, -1.000000000000000000 ) ) ;
#672 = VECTOR ( 'NONE', #1128, 1000.000000000000000 ) ;
#673 = CARTESIAN_POINT ( 'NONE',  ( 0.000000000000000000, -65.40677966134694543, -19.09981651339635889 ) ) ;
#674 = EDGE_CURVE ( 'NONE', #174, #1100, #1080, .T. ) ;
#675 = VERTEX_POINT ( 'NONE', #1731 ) ;
#676 = VECTOR ( 'NONE', #568, 1000.000000000000000 ) ;
#677 = VERTEX_POINT ( 'NONE', #6 ) ;
#678 = CARTESIAN_POINT ( 'NONE',  ( -7.500000000000000000, -46.16949152565655368, -13.62928224475079197 ) ) ;
#679 = CARTESIAN_POINT ( 'NONE',  ( 0.000000000000000000, -72.13983050883859960, -21.01450350742226902 ) ) ;
#680 = DIRECTION ( 'NONE',  ( 0.000000000000000000, -0.9618644067845162349, -0.2735267134322910687 ) ) ;
#681 = EDGE_LOOP ( 'NONE', ( #1964, #925, #1505, #344 ) ) ;
#682 = EDGE_CURVE ( 'NONE', #956, #495, #615, .T. ) ;
#683 = DIRECTION ( 'NONE',  ( 0.000000000000000000, 0.000000000000000000, -1.000000000000000000 ) ) ;
#684 = VECTOR ( 'NONE', #411, 1000.000000000000000 ) ;
#685 = ORIENTED_EDGE ( 'NONE', *, *, #913, .T. ) ;
#686 = DIRECTION ( 'NONE',  ( -1.000000000000000000, 0.000000000000000000, 0.000000000000000000 ) ) ;
#687 = ORIENTED_EDGE ( 'NONE', *, *, #264, .F. ) ;
#688 = VECTOR ( 'NONE', #1858, 1000.000000000000000 ) ;
#689 = ORIENTED_EDGE ( 'NONE', *, *, #1434, .F. ) ;
#690 = LINE ( 'NONE', #394, #873 ) ;
#691 = CARTESIAN_POINT ( 'NONE',  ( -7.500000000000000000, -103.8813559327277432, -30.04088505068749981 ) ) ;
#692 = ORIENTED_EDGE ( 'NONE', *, *, #668, .F. ) ;
#693 = CARTESIAN_POINT ( 'NONE',  ( 3.000000000000000000, 4.000000000000000000, 0.000000000000000000 ) ) ;
#694 = LINE ( 'NONE', #39, #1630 ) ;
#695 = ORIENTED_EDGE ( 'NONE', *, *, #1809, .F. ) ;
#696 = EDGE_CURVE ( 'NONE', #178, #991, #794, .T. ) ;
#697 = ORIENTED_EDGE ( 'NONE', *, *, #569, .T. ) ;
#698 = ORIENTED_EDGE ( 'NONE', *, *, #1054, .T. ) ;
#699 = ORIENTED_EDGE ( 'NONE', *, *, #1196, .T. ) ;
#700 = ADVANCED_FACE ( 'NONE', ( #1909 ), #1780, .F. ) ;
#701 = DIRECTION ( 'NONE',  ( 1.000000000000000000, 0.000000000000000000, 0.000000000000000000 ) ) ;
#702 = APPLICATION_PROTOCOL_DEFINITION ( 'international standard', 'config_control_design', 1994, #354 ) ;
#703 = ORIENTED_EDGE ( 'NONE', *, *, #1724, .F. ) ;
#704 = CARTESIAN_POINT ( 'NONE',  ( -7.500000000000000000, -81.75847457668379548, -23.74977064174505159 ) ) ;
#705 = FACE_BOUND ( 'NONE', #1217, .T. ) ;
#706 = LINE ( 'NONE', #1331, #1186 ) ;
#707 = VERTEX_POINT ( 'NONE', #1752 ) ;
#708 = EDGE_CURVE ( 'NONE', #1870, #434, #987, .T. ) ;
#709 = CARTESIAN_POINT ( 'NONE',  ( 0.000000000000000000, -94.26271186488253306, -27.30561791636471369 ) ) ;
#710 = ORIENTED_EDGE ( 'NONE', *, *, #1954, .T. ) ;
#711 = VECTOR ( 'NONE', #1609, 1000.000000000000000 ) ;
#712 = EDGE_CURVE ( 'NONE', #497, #149, #494, .T. ) ;
#713 = DIRECTION ( 'NONE',  ( 0.000000000000000000, 0.9618644067845156798, 0.2735267134322926230 ) ) ;
#714 = ORIENTED_EDGE ( 'NONE', *, *, #356, .T. ) ;
#715 = DIRECTION ( 'NONE',  ( -0.000000000000000000, -0.9618644067845162349, -0.2735267134322910687 ) ) ;
#716 = DIRECTION ( 'NONE',  ( 0.000000000000000000, 0.000000000000000000, 1.000000000000000000 ) ) ;
#717 = ORIENTED_EDGE ( 'NONE', *, *, #1977, .F. ) ;
#718 = EDGE_CURVE ( 'NONE', #1842, #880, #1893, .T. ) ;
#719 = ADVANCED_FACE ( 'NONE', ( #1314 ), #971, .F. ) ;
#720 = DIRECTION ( 'NONE',  ( 1.000000000000000000, -0.000000000000000000, -0.000000000000000000 ) ) ;
#721 = DIRECTION ( 'NONE',  ( 0.000000000000000000, 0.000000000000000000, 1.000000000000000000 ) ) ;
#722 = DIRECTION ( 'NONE',  ( 0.000000000000000000, -0.9618644067845162349, -0.2735267134322910687 ) ) ;
#723 = ORIENTED_EDGE ( 'NONE', *, *, #1346, .T. ) ;
#724 = VECTOR ( 'NONE', #598, 1000.000000000000000 ) ;
#725 = FACE_OUTER_BOUND ( 'NONE', #222, .T. ) ;
#726 = AXIS2_PLACEMENT_3D ( 'NONE', #975, #1766, #33 ) ;
#727 = CARTESIAN_POINT ( 'NONE',  ( -15.00000000000000000, -46.16949152565655368, -13.62928224475079197 ) ) ;
#728 = PERSON_AND_ORGANIZATION_ROLE ( 'design_supplier' ) ;
#729 = ORIENTED_EDGE ( 'NONE', *, *, #860, .T. ) ;
#730 = CARTESIAN_POINT ( 'NONE',  ( -15.00000000000000000, -100.9957627123741872, -32.22030491039063094 ) ) ;
#731 = FACE_OUTER_BOUND ( 'NONE', #1931, .T. ) ;
#732 = DIRECTION ( 'NONE',  ( 1.000000000000000000, -0.000000000000000000, -0.000000000000000000 ) ) ;
#733 = ORIENTED_EDGE ( 'NONE', *, *, #1196, .F. ) ;
#734 = PLANE ( 'NONE',  #803 ) ;
#735 = EDGE_CURVE ( 'NONE', #891, #1594, #194, .T. ) ;
#736 = PLANE ( 'NONE',  #537 ) ;
#737 = ORIENTED_EDGE ( 'NONE', *, *, #839, .F. ) ;
#738 = DIRECTION ( 'NONE',  ( 0.000000000000000000, -0.000000000000000000, -1.000000000000000000 ) ) ;
#739 = PLANE ( 'NONE',  #1987 ) ;
#740 = DIRECTION ( 'NONE',  ( -1.000000000000000000, -0.000000000000000000, -0.000000000000000000 ) ) ;
#741 = VERTEX_POINT ( 'NONE', #1122 ) ;
#742 = EDGE_CURVE ( 'NONE', #138, #1019, #1741, .T. ) ;
#743 = CARTESIAN_POINT ( 'NONE',  ( -7.500000000000000000, -65.40677966134694543, -20.59981651339635889 ) ) ;
#744 = VECTOR ( 'NONE', #1506, 1000.000000000000114 ) ;
#745 = ORIENTED_EDGE ( 'NONE', *, *, #323, .T. ) ;
#746 = VECTOR ( 'NONE', #152, 1000.000000000000000 ) ;
#747 = DIRECTION ( 'NONE',  ( 0.000000000000000000, 0.9618644067845160128, 0.2735267134322915128 ) ) ;
#748 = FACE_BOUND ( 'NONE', #296, .T. ) ;
#749 = DIRECTION ( 'NONE',  ( 1.000000000000000000, -0.000000000000000000, -0.000000000000000000 ) ) ;
#750 = VERTEX_POINT ( 'NONE', #813 ) ;
#751 = CARTESIAN_POINT ( 'NONE',  ( -15.00000000000000000, 0.000000000000000000, 0.000000000000000000 ) ) ;
#752 = AXIS2_PLACEMENT_3D ( 'NONE', #1003, #686, #1617 ) ;
#753 = ORIENTED_EDGE ( 'NONE', *, *, #1371, .T. ) ;
#754 = VECTOR ( 'NONE', #1863, 1000.000000000000227 ) ;
#755 = DIRECTION ( 'NONE',  ( 1.000000000000000000, -0.000000000000000000, -0.000000000000000000 ) ) ;
#756 = DIRECTION ( 'NONE',  ( 0.000000000000000000, 0.9618644067845155687, 0.2735267134322931781 ) ) ;
#757 = FACE_OUTER_BOUND ( 'NONE', #1263, .T. ) ;
#758 = EDGE_CURVE ( 'NONE', #1551, #475, #1162, .T. ) ;
#759 = VERTEX_POINT ( 'NONE', #54 ) ;
#760 = LINE ( 'NONE', #157, #1498 ) ;
#761 = VERTEX_POINT ( 'NONE', #998 ) ;
#762 = EDGE_CURVE ( 'NONE', #988, #155, #1456, .T. ) ;
#763 = LINE ( 'NONE', #1844, #1461 ) ;
#764 = PLANE ( 'NONE',  #611 ) ;
#765 = CARTESIAN_POINT ( 'NONE',  ( -7.500000000000000000, -84.64406779703733719, -26.07035078204193113 ) ) ;
#766 = ORIENTED_EDGE ( 'NONE', *, *, #1378, .F. ) ;
#767 = EDGE_CURVE ( 'NONE', #215, #991, #663, .T. ) ;
#768 = FACE_OUTER_BOUND ( 'NONE', #1857, .T. ) ;
#769 = LINE ( 'NONE', #924, #37 ) ;
#770 = VERTEX_POINT ( 'NONE', #645 ) ;
#771 = AXIS2_PLACEMENT_3D ( 'NONE', #678, #1925, #530 ) ;
#772 = VECTOR ( 'NONE', #485, 1000.000000000000114 ) ;
#773 = LINE ( 'NONE', #1711, #1341 ) ;
#774 = CARTESIAN_POINT ( 'NONE',  ( -15.00000000000000000, -43.28389830530300486, -12.80870210445391599 ) ) ;
#775 = CARTESIAN_POINT ( 'NONE',  ( -7.500000000000000000, -65.40677966134694543, -22.09981651339636244 ) ) ;
#776 = ORIENTED_EDGE ( 'NONE', *, *, #1567, .F. ) ;
#777 = CARTESIAN_POINT ( 'NONE',  ( -15.00000000000000000, -84.64406779703733719, -26.07035078204193113 ) ) ;
#778 = PRODUCT_DEFINITION_SHAPE ( 'NONE', 'NONE',  #885 ) ;
#779 = ORIENTED_EDGE ( 'NONE', *, *, #856, .T. ) ;
#780 = VECTOR ( 'NONE', #559, 1000.000000000000000 ) ;
#781 = LINE ( 'NONE', #1547, #1243 ) ;
#782 = VECTOR ( 'NONE', #747, 1000.000000000000114 ) ;
#783 = LINE ( 'NONE', #35, #1207 ) ;
#784 = CARTESIAN_POINT ( 'NONE',  ( -15.00000000000000000, -84.64406779703733719, -24.57035078204192757 ) ) ;
#785 = ORIENTED_EDGE ( 'NONE', *, *, #1229, .T. ) ;
#786 = DIRECTION ( 'NONE',  ( 0.000000000000000000, 0.000000000000000000, -1.000000000000000000 ) ) ;
#787 = VERTEX_POINT ( 'NONE', #1269 ) ;
#788 = ORIENTED_EDGE ( 'NONE', *, *, #260, .F. ) ;
#789 = FACE_OUTER_BOUND ( 'NONE', #373, .T. ) ;
#790 = CARTESIAN_POINT ( 'NONE',  ( -15.00000000000000000, -26.93220338996615837, -11.15874797610522506 ) ) ;
#791 = VECTOR ( 'NONE', #1768, 1000.000000000000114 ) ;
#792 = DIRECTION ( 'NONE',  ( 0.000000000000000000, 1.000000000000000000, -0.000000000000000000 ) ) ;
#793 = ADVANCED_FACE ( 'NONE', ( #221 ), #1930, .F. ) ;
#794 = LINE ( 'NONE', #204, #1115 ) ;
#795 = ORIENTED_EDGE ( 'NONE', *, *, #758, .F. ) ;
#796 = LINE ( 'NONE', #1744, #1389 ) ;
#797 = VERTEX_POINT ( 'NONE', #805 ) ;
#798 = ORIENTED_EDGE ( 'NONE', *, *, #1905, .T. ) ;
#799 = ADVANCED_FACE ( 'NONE', ( #1439 ), #369, .F. ) ;
#800 = DIRECTION ( 'NONE',  ( -0.000000000000000000, 1.000000000000000000, -0.000000000000000000 ) ) ;
#801 = CARTESIAN_POINT ( 'NONE',  ( 0.000000000000000000, -46.16949152565655368, -13.62928224475079197 ) ) ;
#802 = CARTESIAN_POINT ( 'NONE',  ( -15.00000000000000000, -55.78813559350174955, -19.36454937907357987 ) ) ;
#803 = AXIS2_PLACEMENT_3D ( 'NONE', #1367, #1632, #198 ) ;
#804 = VERTEX_POINT ( 'NONE', #45 ) ;
#805 = CARTESIAN_POINT ( 'NONE',  ( -15.00000000000000000, -4.809322033922216910, -4.867633567162781283 ) ) ;
#806 = EDGE_LOOP ( 'NONE', ( #1660, #580, #1222, #329 ) ) ;
#807 = CARTESIAN_POINT ( 'NONE',  ( -7.500000000000000000, -36.55084745781135780, -10.89401511042800763 ) ) ;
#808 = EDGE_LOOP ( 'NONE', ( #378, #208, #1164, #1074 ) ) ;
#809 = DIRECTION ( 'NONE',  ( 0.000000000000000000, 0.000000000000000000, 1.000000000000000000 ) ) ;
#810 = CARTESIAN_POINT ( 'NONE',  ( -15.00000000000000000, -7.694915254275763949, -2.688213707459651491 ) ) ;
#811 = PLANE ( 'NONE',  #631 ) ;
#812 = AXIS2_PLACEMENT_3D ( 'NONE', #929, #14, #1580 ) ;
#813 = CARTESIAN_POINT ( 'NONE',  ( -15.00000000000000000, -14.42796610176741368, -4.602900701485560297 ) ) ;
#814 = ORIENTED_EDGE ( 'NONE', *, *, #815, .T. ) ;
#815 = EDGE_CURVE ( 'NONE', #1020, #1984, #503, .T. ) ;
#816 = CARTESIAN_POINT ( 'NONE',  ( -15.00000000000000000, -94.26271186488253306, -28.80561791636471369 ) ) ;
#817 = ORIENTED_EDGE ( 'NONE', *, *, #908, .T. ) ;
#818 = CARTESIAN_POINT ( 'NONE',  ( 0.000000000000000000, -55.78813559350174955, -19.36454937907357987 ) ) ;
#819 = LINE ( 'NONE', #790, #1448 ) ;
#820 = CARTESIAN_POINT ( 'NONE',  ( -7.500000000000000000, -55.78813559350174955, -16.36454937907357632 ) ) ;
#821 = ADVANCED_FACE ( 'NONE', ( #61 ), #377, .F. ) ;
#822 = FACE_OUTER_BOUND ( 'NONE', #806, .T. ) ;
#823 = CARTESIAN_POINT ( 'NONE',  ( -15.00000000000000000, 4.000000000000000000, -4.000000000000009770 ) ) ;
#824 = ORIENTED_EDGE ( 'NONE', *, *, #1784, .F. ) ;
#825 = LINE ( 'NONE', #1459, #1013 ) ;
#826 = EDGE_CURVE ( 'NONE', #1901, #1710, #1942, .T. ) ;
#827 = ORIENTED_EDGE ( 'NONE', *, *, #1428, .T. ) ;
#828 = CARTESIAN_POINT ( 'NONE',  ( -15.00000000000000000, -26.93220338996615837, -8.158747976105221511 ) ) ;
#829 = LINE ( 'NONE', #1926, #130 ) ;
#830 = LINE ( 'NONE', #996, #87 ) ;
#831 = DIRECTION ( 'NONE',  ( 0.000000000000000000, -1.000000000000000000, -0.000000000000000000 ) ) ;
#832 = VECTOR ( 'NONE', #755, 1000.000000000000000 ) ;
#833 = CARTESIAN_POINT ( 'NONE',  ( -15.00000000000000000, -81.75847457668379548, -23.74977064174505159 ) ) ;
#834 = ORIENTED_EDGE ( 'NONE', *, *, #21, .F. ) ;
#835 = VECTOR ( 'NONE', #1703, 1000.000000000000114 ) ;
#836 = ORIENTED_EDGE ( 'NONE', *, *, #490, .T. ) ;
#837 = CARTESIAN_POINT ( 'NONE',  ( -7.500000000000000000, -46.16949152565655368, -13.62928224475079197 ) ) ;
#838 = EDGE_LOOP ( 'NONE', ( #1850, #1477, #1911, #1944 ) ) ;
#839 = EDGE_CURVE ( 'NONE', #915, #188, #420, .T. ) ;
#840 = CARTESIAN_POINT ( 'NONE',  ( 0.000000000000000000, -72.13983050883859960, -24.01450350742227613 ) ) ;
#841 = LINE ( 'NONE', #961, #1521 ) ;
#842 = DIRECTION ( 'NONE',  ( 0.000000000000000000, 0.000000000000000000, 1.000000000000000000 ) ) ;
#843 = VECTOR ( 'NONE', #847, 1000.000000000000000 ) ;
#844 = LINE ( 'NONE', #777, #1826 ) ;
#845 = VERTEX_POINT ( 'NONE', #1673 ) ;
#846 = EDGE_LOOP ( 'NONE', ( #261, #1772, #994, #1797 ) ) ;
#847 = DIRECTION ( 'NONE',  ( 0.000000000000000000, 0.000000000000000000, 1.000000000000000000 ) ) ;
#848 = EDGE_CURVE ( 'NONE', #505, #1145, #1034, .T. ) ;
#849 = VECTOR ( 'NONE', #1015, 1000.000000000000000 ) ;
#850 = VERTEX_POINT ( 'NONE', #1825 ) ;
#851 = DIRECTION ( 'NONE',  ( 1.000000000000000000, -0.000000000000000000, -0.000000000000000000 ) ) ;
#852 = ORIENTED_EDGE ( 'NONE', *, *, #464, .T. ) ;
#853 = COORDINATED_UNIVERSAL_TIME_OFFSET ( 0, 0, .AHEAD. ) ;
#854 = ADVANCED_FACE ( 'NONE', ( #544 ), #1956, .F. ) ;
#855 = ORIENTED_EDGE ( 'NONE', *, *, #1592, .F. ) ;
#856 = EDGE_CURVE ( 'NONE', #850, #1370, #1340, .T. ) ;
#857 = DIRECTION ( 'NONE',  ( 0.000000000000000000, -0.000000000000000000, -1.000000000000000000 ) ) ;
#858 = CARTESIAN_POINT ( 'NONE',  ( 0.000000000000000000, -55.78813559350174955, -17.86454937907357987 ) ) ;
#859 = ORIENTED_EDGE ( 'NONE', *, *, #1954, .F. ) ;
#860 = EDGE_CURVE ( 'NONE', #149, #904, #1655, .T. ) ;
#861 = EDGE_LOOP ( 'NONE', ( #1380, #1597, #1581, #608 ) ) ;
#862 = CARTESIAN_POINT ( 'NONE',  ( 3.000000000000000000, -113.5000000005728964, -36.27615218501041738 ) ) ;
#863 = VECTOR ( 'NONE', #1280, 1000.000000000000000 ) ;
#864 = ORIENTED_EDGE ( 'NONE', *, *, #865, .T. ) ;
#865 = EDGE_CURVE ( 'NONE', #188, #1147, #246, .T. ) ;
#866 = ORIENTED_EDGE ( 'NONE', *, *, #682, .T. ) ;
#867 = LINE ( 'NONE', #1045, #934 ) ;
#868 = DATE_AND_TIME ( #1952, #381 ) ;
#869 = ORIENTED_EDGE ( 'NONE', *, *, #1712, .T. ) ;
#870 = CARTESIAN_POINT ( 'NONE',  ( 0.000000000000000000, -7.694915254275763949, -5.688213707459654600 ) ) ;
#871 = FACE_BOUND ( 'NONE', #1753, .T. ) ;
#872 = CARTESIAN_POINT ( 'NONE',  ( -7.500000000000000000, -52.90254237314820074, -18.54396923877670744 ) ) ;
#873 = VECTOR ( 'NONE', #715, 1000.000000000000114 ) ;
#874 = CARTESIAN_POINT ( 'NONE',  ( -15.00000000000000000, -75.02542372919214131, -21.83508364771914856 ) ) ;
#875 = VERTEX_POINT ( 'NONE', #77 ) ;
#876 = VECTOR ( 'NONE', #756, 1000.000000000000114 ) ;
#877 = CARTESIAN_POINT ( 'NONE',  ( -15.00000000000000000, -46.16949152565655368, -13.62928224475079197 ) ) ;
#878 = VERTEX_POINT ( 'NONE', #113 ) ;
#879 = CARTESIAN_POINT ( 'NONE',  ( -7.500000000000000000, -91.37711864452899135, -26.48503777606783771 ) ) ;
#880 = VERTEX_POINT ( 'NONE', #1351 ) ;
#881 = CARTESIAN_POINT ( 'NONE',  ( -7.500000000000000000, -55.78813559350174955, -19.36454937907357987 ) ) ;
#882 = FACE_OUTER_BOUND ( 'NONE', #1401, .T. ) ;
#883 = CARTESIAN_POINT ( 'NONE',  ( 0.000000000000000000, -24.04661016961261311, -10.33816783580835263 ) ) ;
#884 = EDGE_LOOP ( 'NONE', ( #852, #1803, #1693, #1453 ) ) ;
#885 = PRODUCT_DEFINITION ( 'UNKNOWN', '', #1775, #1352 ) ;
#886 = AXIS2_PLACEMENT_3D ( 'NONE', #1146, #1762, #216 ) ;
#887 = DIRECTION ( 'NONE',  ( 0.000000000000000000, 0.2735267134322926785, -0.9618644067845157908 ) ) ;
#888 = ORIENTED_EDGE ( 'NONE', *, *, #4, .T. ) ;
#889 = VECTOR ( 'NONE', #800, 1000.000000000000000 ) ;
#890 = DATE_AND_TIME ( #1963, #1747 ) ;
#891 = VERTEX_POINT ( 'NONE', #408 ) ;
#892 = CARTESIAN_POINT ( 'NONE',  ( 0.000000000000000000, -62.52118644099340372, -18.27923637309948646 ) ) ;
#893 = FACE_BOUND ( 'NONE', #463, .T. ) ;
#894 = EDGE_CURVE ( 'NONE', #178, #547, #1012, .T. ) ;
#895 = DIRECTION ( 'NONE',  ( 1.000000000000000000, -0.000000000000000000, -0.000000000000000000 ) ) ;
#896 = APPROVAL_PERSON_ORGANIZATION ( #1046, #1035, #1517 ) ;
#897 = LINE ( 'NONE', #905, #425 ) ;
#898 = ORIENTED_EDGE ( 'NONE', *, *, #1937, .F. ) ;
#899 = DATE_TIME_ROLE ( 'classification_date' ) ;
#900 = ORIENTED_EDGE ( 'NONE', *, *, #1851, .T. ) ;
#901 = CARTESIAN_POINT ( 'NONE',  ( -7.500000000000000000, -65.40677966134694543, -22.09981651339636244 ) ) ;
#902 = DIRECTION ( 'NONE',  ( 0.000000000000000000, 1.000000000000000000, 0.000000000000000000 ) ) ;
#903 = LINE ( 'NONE', #431, #1834 ) ;
#904 = VERTEX_POINT ( 'NONE', #280 ) ;
#905 = CARTESIAN_POINT ( 'NONE',  ( 0.000000000000000000, -36.55084745781135780, -10.89401511042800763 ) ) ;
#906 = AXIS2_PLACEMENT_3D ( 'NONE', #392, #1969, #1042 ) ;
#907 = ORIENTED_EDGE ( 'NONE', *, *, #1534, .F. ) ;
#908 = EDGE_CURVE ( 'NONE', #845, #1020, #429, .T. ) ;
#909 = CARTESIAN_POINT ( 'NONE',  ( 0.000000000000000000, -62.52118644099340372, -21.27923637309949001 ) ) ;
#910 = CARTESIAN_POINT ( 'NONE',  ( -15.00000000000000000, -33.66525423745780898, -13.07343497013113698 ) ) ;
#911 = DIRECTION ( 'NONE',  ( -0.000000000000000000, 1.000000000000000000, 0.000000000000000000 ) ) ;
#912 = ORIENTED_EDGE ( 'NONE', *, *, #555, .F. ) ;
#913 = EDGE_CURVE ( 'NONE', #515, #635, #1519, .T. ) ;
#914 = DIRECTION ( 'NONE',  ( 0.000000000000000000, 0.000000000000000000, -1.000000000000000000 ) ) ;
#915 = VERTEX_POINT ( 'NONE', #1965 ) ;
#916 = VECTOR ( 'NONE', #1372, 1000.000000000000000 ) ;
#917 = COORDINATED_UNIVERSAL_TIME_OFFSET ( 0, 0, .AHEAD. ) ;
#918 = DIRECTION ( 'NONE',  ( -0.000000000000000000, -0.9618644067845162349, -0.2735267134322910687 ) ) ;
#919 = EDGE_CURVE ( 'NONE', #1209, #235, #556, .T. ) ;
#920 = CARTESIAN_POINT ( 'NONE',  ( -15.00000000000000000, -14.42796610176741368, -4.602900701485560297 ) ) ;
#921 = DIRECTION ( 'NONE',  ( 0.000000000000000000, 0.000000000000000000, -1.000000000000000000 ) ) ;
#922 = EDGE_CURVE ( 'NONE', #804, #400, #1835, .T. ) ;
#923 = DIRECTION ( 'NONE',  ( 0.000000000000000000, 0.000000000000000000, -1.000000000000000000 ) ) ;
#924 = CARTESIAN_POINT ( 'NONE',  ( 0.000000000000000000, -17.31355932212096249, -6.923480841782438056 ) ) ;
#925 = ORIENTED_EDGE ( 'NONE', *, *, #318, .F. ) ;
#926 = ADVANCED_FACE ( 'NONE', ( #575 ), #567, .F. ) ;
#927 = DIRECTION ( 'NONE',  ( -0.000000000000000000, -0.9618644067845162349, -0.2735267134322910687 ) ) ;
#928 = LINE ( 'NONE', #2007, #876 ) ;
#929 = CARTESIAN_POINT ( 'NONE',  ( -7.500000000000000000, -26.93220338996615837, -11.15874797610522506 ) ) ;
#930 = EDGE_LOOP ( 'NONE', ( #1727, #2004, #64, #1081 ) ) ;
#931 = DIRECTION ( 'NONE',  ( -1.000000000000000000, -0.000000000000000000, -0.000000000000000000 ) ) ;
#932 = DIRECTION ( 'NONE',  ( 0.000000000000000000, 0.9618644067845157908, 0.2735267134322921234 ) ) ;
#933 = EDGE_LOOP ( 'NONE', ( #1283, #1028, #723, #1071 ) ) ;
#934 = VECTOR ( 'NONE', #1671, 1000.000000000000000 ) ;
#935 = LINE ( 'NONE', #1416, #548 ) ;
#936 = VECTOR ( 'NONE', #409, 1000.000000000000000 ) ;
#937 = LINE ( 'NONE', #324, #1676 ) ;
#938 = PLANE ( 'NONE',  #1913 ) ;
#939 = DIRECTION ( 'NONE',  ( 1.000000000000000000, -0.000000000000000000, -0.000000000000000000 ) ) ;
#940 = VERTEX_POINT ( 'NONE', #438 ) ;
#941 = DIRECTION ( 'NONE',  ( 0.000000000000000000, -1.000000000000000000, -0.000000000000000000 ) ) ;
#942 = ORIENTED_EDGE ( 'NONE', *, *, #742, .F. ) ;
#943 = VERTEX_POINT ( 'NONE', #89 ) ;
#944 = VECTOR ( 'NONE', #237, 1000.000000000000000 ) ;
#945 = DIRECTION ( 'NONE',  ( -0.000000000000000000, -0.9618644067845162349, -0.2735267134322910687 ) ) ;
#946 = SHAPE_DEFINITION_REPRESENTATION ( #778, #1306 ) ;
#947 = EDGE_CURVE ( 'NONE', #1451, #1515, #1181, .T. ) ;
#948 = DIRECTION ( 'NONE',  ( 0.000000000000000000, -0.9618644067845162349, -0.2735267134322910687 ) ) ;
#949 = FACE_OUTER_BOUND ( 'NONE', #1326, .T. ) ;
#950 = DIRECTION ( 'NONE',  ( 0.000000000000000000, 0.000000000000000000, -1.000000000000000000 ) ) ;
#951 = VECTOR ( 'NONE', #375, 1000.000000000000000 ) ;
#952 = CARTESIAN_POINT ( 'NONE',  ( 0.000000000000000000, -84.64406779703733719, -24.57035078204192757 ) ) ;
#953 = EDGE_CURVE ( 'NONE', #956, #1192, #269, .T. ) ;
#954 = CARTESIAN_POINT ( 'NONE',  ( 0.000000000000000000, -33.66525423745780898, -10.07343497013113165 ) ) ;
#955 = CARTESIAN_POINT ( 'NONE',  ( 0.000000000000000000, -103.8813559327277432, -30.04088505068749981 ) ) ;
#956 = VERTEX_POINT ( 'NONE', #1508 ) ;
#957 = ORIENTED_EDGE ( 'NONE', *, *, #2005, .F. ) ;
#958 = DIRECTION ( 'NONE',  ( 0.000000000000000000, 0.9618644067845157908, 0.2735267134322921234 ) ) ;
#959 = LINE ( 'NONE', #1899, #672 ) ;
#960 = VECTOR ( 'NONE', #59, 1000.000000000000114 ) ;
#961 = CARTESIAN_POINT ( 'NONE',  ( 3.000000000000000000, -113.5000000005728964, -32.27615218501041028 ) ) ;
#962 = CARTESIAN_POINT ( 'NONE',  ( -7.500000000000000000, -43.28389830530300486, -12.80870210445391599 ) ) ;
#963 = DIRECTION ( 'NONE',  ( 0.000000000000000000, 0.000000000000000000, -1.000000000000000000 ) ) ;
#964 = ORIENTED_EDGE ( 'NONE', *, *, #1554, .F. ) ;
#965 = VECTOR ( 'NONE', #2012, 1000.000000000000227 ) ;
#966 = CARTESIAN_POINT ( 'NONE',  ( 0.000000000000000000, -46.16949152565655368, -16.62928224475079375 ) ) ;
#967 = DIRECTION ( 'NONE',  ( 0.000000000000000000, -0.9618644067845162349, -0.2735267134322910687 ) ) ;
#968 = CARTESIAN_POINT ( 'NONE',  ( -7.500000000000000000, -100.9957627123741872, -29.22030491039062383 ) ) ;
#969 = AXIS2_PLACEMENT_3D ( 'NONE', #1359, #1650, #84 ) ;
#970 = ADVANCED_FACE ( 'NONE', ( #1686 ), #290, .F. ) ;
#971 = PLANE ( 'NONE',  #1052 ) ;
#972 = ORIENTED_EDGE ( 'NONE', *, *, #1955, .T. ) ;
#973 = ORIENTED_EDGE ( 'NONE', *, *, #150, .T. ) ;
#974 = EDGE_CURVE ( 'NONE', #875, #750, #630, .T. ) ;
#975 = CARTESIAN_POINT ( 'NONE',  ( -7.500000000000000000, -7.694915254275763949, -5.688213707459654600 ) ) ;
#976 = PLANE ( 'NONE',  #1689 ) ;
#977 = VECTOR ( 'NONE', #931, 1000.000000000000000 ) ;
#978 = CC_DESIGN_PERSON_AND_ORGANIZATION_ASSIGNMENT ( #1191, #1369, ( #154 ) ) ;
#979 = DIRECTION ( 'NONE',  ( 0.000000000000000000, 0.000000000000000000, 1.000000000000000000 ) ) ;
#980 = ORIENTED_EDGE ( 'NONE', *, *, #589, .F. ) ;
#981 = EDGE_CURVE ( 'NONE', #509, #1715, #937, .T. ) ;
#982 = ORIENTED_EDGE ( 'NONE', *, *, #1069, .T. ) ;
#983 = CARTESIAN_POINT ( 'NONE',  ( 0.000000000000000000, -43.28389830530300486, -12.80870210445391599 ) ) ;
#984 = PLANE ( 'NONE',  #1938 ) ;
#985 = CC_DESIGN_APPROVAL ( #1312, ( #27 ) ) ;
#986 = VECTOR ( 'NONE', #1289, 1000.000000000000000 ) ;
#987 = LINE ( 'NONE', #1465, #1353 ) ;
#988 = VERTEX_POINT ( 'NONE', #1694 ) ;
#989 = ORIENTED_EDGE ( 'NONE', *, *, #992, .F. ) ;
#990 = FACE_BOUND ( 'NONE', #546, .T. ) ;
#991 = VERTEX_POINT ( 'NONE', #2006 ) ;
#992 = EDGE_CURVE ( 'NONE', #1322, #675, #781, .T. ) ;
#993 = LINE ( 'NONE', #1005, #362 ) ;
#994 = ORIENTED_EDGE ( 'NONE', *, *, #447, .F. ) ;
#995 = DIRECTION ( 'NONE',  ( -0.000000000000000000, -0.9618644067845162349, -0.2735267134322910687 ) ) ;
#996 = CARTESIAN_POINT ( 'NONE',  ( -15.00000000000000000, -103.8813559327277432, -33.04088505068749981 ) ) ;
#997 = EDGE_CURVE ( 'NONE', #1092, #174, #159, .T. ) ;
#998 = CARTESIAN_POINT ( 'NONE',  ( -15.00000000000000000, -103.8813559327277432, -33.04088505068749981 ) ) ;
#999 = AXIS2_PLACEMENT_3D ( 'NONE', #1972, #98, #1200 ) ;
#1000 = CARTESIAN_POINT ( 'NONE',  ( 0.000000000000000000, -113.5000000005728964, -36.27615218501041738 ) ) ;
#1001 = ORIENTED_EDGE ( 'NONE', *, *, #1801, .T. ) ;
#1002 = VERTEX_POINT ( 'NONE', #596 ) ;
#1003 = CARTESIAN_POINT ( 'NONE',  ( 0.000000000000000000, 0.000000000000000000, 0.000000000000000000 ) ) ;
#1004 = ORIENTED_EDGE ( 'NONE', *, *, #1189, .F. ) ;
#1005 = CARTESIAN_POINT ( 'NONE',  ( -7.500000000000000000, -43.28389830530300486, -12.80870210445391599 ) ) ;
#1006 = ORIENTED_EDGE ( 'NONE', *, *, #1615, .T. ) ;
#1007 = EDGE_CURVE ( 'NONE', #1515, #138, #300, .T. ) ;
#1008 = PLANE ( 'NONE',  #1883 ) ;
#1009 = EDGE_CURVE ( 'NONE', #1524, #904, #622, .T. ) ;
#1010 = COORDINATED_UNIVERSAL_TIME_OFFSET ( 0, 0, .AHEAD. ) ;
#1011 = ORIENTED_EDGE ( 'NONE', *, *, #609, .F. ) ;
#1012 = LINE ( 'NONE', #1974, #1053 ) ;
#1013 = VECTOR ( 'NONE', #1922, 1000.000000000000000 ) ;
#1014 = DIRECTION ( 'NONE',  ( 1.000000000000000000, -0.000000000000000000, -0.000000000000000000 ) ) ;
#1015 = DIRECTION ( 'NONE',  ( 1.000000000000000000, -0.000000000000000000, -0.000000000000000000 ) ) ;
#1016 = ORIENTED_EDGE ( 'NONE', *, *, #1037, .F. ) ;
#1017 = EDGE_CURVE ( 'NONE', #475, #1370, #1565, .T. ) ;
#1018 = LINE ( 'NONE', #1818, #1182 ) ;
#1019 = VERTEX_POINT ( 'NONE', #1702 ) ;
#1020 = VERTEX_POINT ( 'NONE', #909 ) ;
#1021 = DIRECTION ( 'NONE',  ( 0.000000000000000000, 0.000000000000000000, 1.000000000000000000 ) ) ;
#1022 = DATE_AND_TIME ( #1814, #602 ) ;
#1023 = ORIENTED_EDGE ( 'NONE', *, *, #1143, .F. ) ;
#1024 = CARTESIAN_POINT ( 'NONE',  ( -18.00000000000000000, -113.5000000005728964, -32.27615218501041028 ) ) ;
#1025 = CARTESIAN_POINT ( 'NONE',  ( -7.500000000000000000, -46.16949152565655368, -16.62928224475079375 ) ) ;
#1026 = ORIENTED_EDGE ( 'NONE', *, *, #1831, .F. ) ;
#1027 = PLANE ( 'NONE',  #171 ) ;
#1028 = ORIENTED_EDGE ( 'NONE', *, *, #758, .T. ) ;
#1029 = PLANE ( 'NONE',  #771 ) ;
#1030 = ORIENTED_EDGE ( 'NONE', *, *, #1017, .T. ) ;
#1031 = CARTESIAN_POINT ( 'NONE',  ( -15.00000000000000000, -46.16949152565655368, -16.62928224475079375 ) ) ;
#1032 = PERSON_AND_ORGANIZATION ( #666, #351 ) ;
#1033 = ORIENTED_EDGE ( 'NONE', *, *, #418, .T. ) ;
#1034 = LINE ( 'NONE', #1792, #1355 ) ;
#1035 = APPROVAL ( #436, 'UNSPECIFIED' ) ;
#1036 = LINE ( 'NONE', #1957, #427 ) ;
#1037 = EDGE_CURVE ( 'NONE', #1317, #104, #1871, .T. ) ;
#1038 = VECTOR ( 'NONE', #1337, 1000.000000000000000 ) ;
#1039 = DIRECTION ( 'NONE',  ( 0.000000000000000000, -0.9618644067845162349, -0.2735267134322910687 ) ) ;
#1040 = ORIENTED_EDGE ( 'NONE', *, *, #1371, .F. ) ;
#1041 = VECTOR ( 'NONE', #352, 1000.000000000000114 ) ;
#1042 = DIRECTION ( 'NONE',  ( 0.000000000000000000, -0.9618644067845162349, -0.2735267134322910687 ) ) ;
#1043 = ORIENTED_EDGE ( 'NONE', *, *, #1346, .F. ) ;
#1044 = EDGE_CURVE ( 'NONE', #273, #1215, #1219, .T. ) ;
#1045 = CARTESIAN_POINT ( 'NONE',  ( -7.500000000000000000, -24.04661016961261311, -10.33816783580835263 ) ) ;
#1046 = PERSON_AND_ORGANIZATION ( #666, #351 ) ;
#1047 = ORIENTED_EDGE ( 'NONE', *, *, #668, .T. ) ;
#1048 = DIRECTION ( 'NONE',  ( 1.000000000000000000, -0.000000000000000000, -0.000000000000000000 ) ) ;
#1049 = CARTESIAN_POINT ( 'NONE',  ( -7.500000000000000000, -103.8813559327277432, -33.04088505068749981 ) ) ;
#1050 = CARTESIAN_POINT ( 'NONE',  ( -15.00000000000000000, 4.000000000000000000, 0.000000000000000000 ) ) ;
#1051 = ORIENTED_EDGE ( 'NONE', *, *, #355, .F. ) ;
#1052 = AXIS2_PLACEMENT_3D ( 'NONE', #1474, #387, #1450 ) ;
#1053 = VECTOR ( 'NONE', #585, 1000.000000000000227 ) ;
#1054 = EDGE_CURVE ( 'NONE', #638, #245, #763, .T. ) ;
#1055 = DIRECTION ( 'NONE',  ( -0.000000000000000000, -0.000000000000000000, 1.000000000000000000 ) ) ;
#1056 = EDGE_LOOP ( 'NONE', ( #1414, #907, #1467, #407 ) ) ;
#1057 = EDGE_CURVE ( 'NONE', #943, #138, #335, .T. ) ;
#1058 = COORDINATED_UNIVERSAL_TIME_OFFSET ( 0, 0, .AHEAD. ) ;
#1059 = ORIENTED_EDGE ( 'NONE', *, *, #839, .T. ) ;
#1060 = DIRECTION ( 'NONE',  ( 1.000000000000000000, -0.000000000000000000, -0.000000000000000000 ) ) ;
#1061 = FACE_BOUND ( 'NONE', #1491, .T. ) ;
#1062 = LINE ( 'NONE', #570, #277 ) ;
#1063 = VECTOR ( 'NONE', #1463, 1000.000000000000000 ) ;
#1064 = DIRECTION ( 'NONE',  ( 0.000000000000000000, 0.9618644067845157908, 0.2735267134322921234 ) ) ;
#1065 = ORIENTED_EDGE ( 'NONE', *, *, #32, .T. ) ;
#1066 = EDGE_CURVE ( 'NONE', #1236, #707, #1381, .T. ) ;
#1067 = DIRECTION ( 'NONE',  ( -1.000000000000000000, -0.000000000000000000, -0.000000000000000000 ) ) ;
#1068 = CARTESIAN_POINT ( 'NONE',  ( 0.000000000000000000, -113.5000000005728964, -32.27615218501041028 ) ) ;
#1069 = EDGE_CURVE ( 'NONE', #434, #215, #1852, .T. ) ;
#1070 = DIRECTION ( 'NONE',  ( 0.000000000000000000, 0.000000000000000000, -1.000000000000000000 ) ) ;
#1071 = ORIENTED_EDGE ( 'NONE', *, *, #1083, .T. ) ;
#1072 = FACE_OUTER_BOUND ( 'NONE', #1634, .T. ) ;
#1073 = VECTOR ( 'NONE', #1537, 1000.000000000000000 ) ;
#1074 = ORIENTED_EDGE ( 'NONE', *, *, #1525, .T. ) ;
#1075 = EDGE_CURVE ( 'NONE', #1637, #1317, #1418, .T. ) ;
#1076 = EDGE_CURVE ( 'NONE', #92, #1092, #773, .T. ) ;
#1077 = EDGE_CURVE ( 'NONE', #639, #509, #612, .T. ) ;
#1078 = DIRECTION ( 'NONE',  ( -0.000000000000000000, -0.9618644067845160128, -0.2735267134322915683 ) ) ;
#1079 = LINE ( 'NONE', #1695, #581 ) ;
#1080 = LINE ( 'NONE', #481, #1150 ) ;
#1081 = ORIENTED_EDGE ( 'NONE', *, *, #1534, .T. ) ;
#1082 = ADVANCED_FACE ( 'NONE', ( #1245 ), #1555, .F. ) ;
#1083 = EDGE_CURVE ( 'NONE', #1187, #1685, #477, .T. ) ;
#1084 = PLANE ( 'NONE',  #1985 ) ;
#1085 = VECTOR ( 'NONE', #605, 1000.000000000000227 ) ;
#1086 = ORIENTED_EDGE ( 'NONE', *, *, #1434, .T. ) ;
#1087 = DIRECTION ( 'NONE',  ( 0.000000000000000000, 0.000000000000000000, -1.000000000000000000 ) ) ;
#1088 = DIRECTION ( 'NONE',  ( 0.000000000000000000, 0.000000000000000000, 1.000000000000000000 ) ) ;
#1089 = ORIENTED_EDGE ( 'NONE', *, *, #412, .T. ) ;
#1090 = CARTESIAN_POINT ( 'NONE',  ( -18.00000000000000000, 0.000000000000000000, 0.000000000000000000 ) ) ;
#1091 = CARTESIAN_POINT ( 'NONE',  ( -15.00000000000000000, -75.02542372919214131, -24.83508364771914856 ) ) ;
#1092 = VERTEX_POINT ( 'NONE', #1426 ) ;
#1093 = DIRECTION ( 'NONE',  ( 0.000000000000000000, -0.2735267134322915683, 0.9618644067845161238 ) ) ;
#1094 = DIRECTION ( 'NONE',  ( 0.000000000000000000, 0.000000000000000000, -1.000000000000000000 ) ) ;
#1095 = ADVANCED_FACE ( 'NONE', ( #949 ), #1578, .F. ) ;
#1096 = CARTESIAN_POINT ( 'NONE',  ( 0.000000000000000000, -81.75847457668379548, -23.74977064174505159 ) ) ;
#1097 = ORIENTED_EDGE ( 'NONE', *, *, #1809, .T. ) ;
#1098 = CARTESIAN_POINT ( 'NONE',  ( -7.500000000000000000, -14.42796610176741368, -4.602900701485560297 ) ) ;
#1099 = CARTESIAN_POINT ( 'NONE',  ( -7.500000000000000000, -4.809322033922216910, -1.867633567162775510 ) ) ;
#1100 = VERTEX_POINT ( 'NONE', #801 ) ;
#1101 = ORIENTED_EDGE ( 'NONE', *, *, #549, .T. ) ;
#1102 = AXIS2_PLACEMENT_3D ( 'NONE', #383, #887, #713 ) ;
#1103 = DATE_AND_TIME ( #452, #119 ) ;
#1104 = AXIS2_PLACEMENT_3D ( 'NONE', #1099, #941, #963 ) ;
#1105 = EDGE_CURVE ( 'NONE', #1710, #1545, #1288, .T. ) ;
#1106 = DIRECTION ( 'NONE',  ( 0.000000000000000000, 0.000000000000000000, -1.000000000000000000 ) ) ;
#1107 = CARTESIAN_POINT ( 'NONE',  ( -15.00000000000000000, -72.13983050883859960, -21.01450350742226902 ) ) ;
#1108 = CARTESIAN_POINT ( 'NONE',  ( -7.500000000000000000, -7.694915254275763949, -2.688213707459651491 ) ) ;
#1109 = DIRECTION ( 'NONE',  ( 0.000000000000000000, -0.2735267134322910687, 0.9618644067845162349 ) ) ;
#1110 = ORIENTED_EDGE ( 'NONE', *, *, #1126, .T. ) ;
#1111 = CARTESIAN_POINT ( 'NONE',  ( -18.00000000000000000, 4.000000000000000000, 0.000000000000000000 ) ) ;
#1112 = FACE_OUTER_BOUND ( 'NONE', #1114, .T. ) ;
#1113 = ORIENTED_EDGE ( 'NONE', *, *, #762, .T. ) ;
#1114 = EDGE_LOOP ( 'NONE', ( #1478, #306, #1004, #571 ) ) ;
#1115 = VECTOR ( 'NONE', #1902, 1000.000000000000000 ) ;
#1116 = CARTESIAN_POINT ( 'NONE',  ( 3.000000000000000000, 4.000000000000000000, -4.000000000000009770 ) ) ;
#1117 = DIRECTION ( 'NONE',  ( -1.000000000000000000, -0.000000000000000000, -0.000000000000000000 ) ) ;
#1118 = VECTOR ( 'NONE', #551, 1000.000000000000000 ) ;
#1119 = LINE ( 'NONE', #1740, #1063 ) ;
#1120 = ORIENTED_EDGE ( 'NONE', *, *, #140, .F. ) ;
#1121 = VECTOR ( 'NONE', #923, 1000.000000000000000 ) ;
#1122 = CARTESIAN_POINT ( 'NONE',  ( -15.00000000000000000, -52.90254237314820074, -18.54396923877670744 ) ) ;
#1123 = ORIENTED_EDGE ( 'NONE', *, *, #48, .T. ) ;
#1124 = CARTESIAN_POINT ( 'NONE',  ( 0.000000000000000000, -55.78813559350174955, -16.36454937907357632 ) ) ;
#1125 = ORIENTED_EDGE ( 'NONE', *, *, #682, .F. ) ;
#1126 = EDGE_CURVE ( 'NONE', #1715, #1786, #358, .T. ) ;
#1127 = LINE ( 'NONE', #1436, #18 ) ;
#1128 = DIRECTION ( 'NONE',  ( 1.000000000000000000, -0.000000000000000000, -0.000000000000000000 ) ) ;
#1129 = CC_DESIGN_APPROVAL ( #1035, ( #1775 ) ) ;
#1130 = DIRECTION ( 'NONE',  ( 0.000000000000000000, 0.000000000000000000, 1.000000000000000000 ) ) ;
#1131 = CARTESIAN_POINT ( 'NONE',  ( 0.000000000000000000, -65.40677966134694543, -22.09981651339636244 ) ) ;
#1132 = EDGE_CURVE ( 'NONE', #495, #1635, #34, .T. ) ;
#1133 = DIRECTION ( 'NONE',  ( 0.000000000000000000, 0.9618644067845160128, 0.2735267134322921234 ) ) ;
#1134 = ORIENTED_EDGE ( 'NONE', *, *, #1075, .T. ) ;
#1135 = CARTESIAN_POINT ( 'NONE',  ( 0.000000000000000000, 4.000000000000000000, 0.000000000000000000 ) ) ;
#1136 = CC_DESIGN_PERSON_AND_ORGANIZATION_ASSIGNMENT ( #1940, #244, ( #885 ) ) ;
#1137 = VECTOR ( 'NONE', #927, 1000.000000000000114 ) ;
#1138 = DIRECTION ( 'NONE',  ( 0.000000000000000000, 0.2735267134322916238, -0.9618644067845161238 ) ) ;
#1139 = CARTESIAN_POINT ( 'NONE',  ( -7.500000000000000000, -33.66525423745780898, -13.07343497013113698 ) ) ;
#1140 = CARTESIAN_POINT ( 'NONE',  ( -15.00000000000000000, -24.04661016961261311, -7.338167835808345529 ) ) ;
#1141 = VECTOR ( 'NONE', #1656, 1000.000000000000000 ) ;
#1142 = ORIENTED_EDGE ( 'NONE', *, *, #80, .F. ) ;
#1143 = EDGE_CURVE ( 'NONE', #245, #1252, #829, .T. ) ;
#1144 = DIRECTION ( 'NONE',  ( 0.000000000000000000, -1.000000000000000000, -0.000000000000000000 ) ) ;
#1145 = VERTEX_POINT ( 'NONE', #652 ) ;
#1146 = CARTESIAN_POINT ( 'NONE',  ( -7.500000000000000000, -46.16949152565655368, -15.12928224475079375 ) ) ;
#1147 = VERTEX_POINT ( 'NONE', #1907 ) ;
#1148 = FACE_OUTER_BOUND ( 'NONE', #15, .T. ) ;
#1149 = DIRECTION ( 'NONE',  ( 1.000000000000000000, -0.000000000000000000, -0.000000000000000000 ) ) ;
#1150 = VECTOR ( 'NONE', #1400, 1000.000000000000000 ) ;
#1151 = VECTOR ( 'NONE', #123, 1000.000000000000114 ) ;
#1152 = DIRECTION ( 'NONE',  ( -0.000000000000000000, 0.000000000000000000, 1.000000000000000000 ) ) ;
#1153 = CARTESIAN_POINT ( 'NONE',  ( -15.00000000000000000, -7.694915254275763949, -4.188213707459652824 ) ) ;
#1154 = ORIENTED_EDGE ( 'NONE', *, *, #1493, .T. ) ;
#1155 = VECTOR ( 'NONE', #1297, 1000.000000000000000 ) ;
#1156 = ORIENTED_EDGE ( 'NONE', *, *, #2005, .T. ) ;
#1157 = CARTESIAN_POINT ( 'NONE',  ( -18.00000000000000000, 0.000000000000000000, 0.000000000000000000 ) ) ;
#1158 = DIRECTION ( 'NONE',  ( 0.000000000000000000, 0.000000000000000000, 1.000000000000000000 ) ) ;
#1159 = CARTESIAN_POINT ( 'NONE',  ( 3.000000000000000000, 0.000000000000000000, 0.000000000000000000 ) ) ;
#1160 = EDGE_LOOP ( 'NONE', ( #1170, #1497, #989, #1203 ) ) ;
#1161 = VECTOR ( 'NONE', #1928, 1000.000000000000000 ) ;
#1162 = LINE ( 'NONE', #1290, #206 ) ;
#1163 = LINE ( 'NONE', #673, #1543 ) ;
#1164 = ORIENTED_EDGE ( 'NONE', *, *, #521, .F. ) ;
#1165 = EDGE_CURVE ( 'NONE', #635, #126, #533, .T. ) ;
#1166 = EDGE_LOOP ( 'NONE', ( #1097, #1641, #1043, #1030 ) ) ;
#1167 = EDGE_CURVE ( 'NONE', #1795, #502, #1891, .T. ) ;
#1168 = CARTESIAN_POINT ( 'NONE',  ( -15.00000000000000000, -81.75847457668379548, -26.74977064174505870 ) ) ;
#1169 =( LENGTH_UNIT ( ) NAMED_UNIT ( * ) SI_UNIT ( .MILLI., .METRE. ) );
#1170 = ORIENTED_EDGE ( 'NONE', *, *, #236, .T. ) ;
#1171 = EDGE_CURVE ( 'NONE', #761, #1198, #1278, .T. ) ;
#1172 = CARTESIAN_POINT ( 'NONE',  ( 0.000000000000000000, -7.694915254275763949, -4.188213707459652824 ) ) ;
#1173 = VECTOR ( 'NONE', #1935, 1000.000000000000000 ) ;
#1174 = DIRECTION ( 'NONE',  ( 1.000000000000000000, -0.000000000000000000, -0.000000000000000000 ) ) ;
#1175 = VERTEX_POINT ( 'NONE', #500 ) ;
#1176 = FACE_OUTER_BOUND ( 'NONE', #1177, .T. ) ;
#1177 = EDGE_LOOP ( 'NONE', ( #1563, #659, #70, #1779, #1507, #1305 ) ) ;
#1178 = ORIENTED_EDGE ( 'NONE', *, *, #1007, .F. ) ;
#1179 = CARTESIAN_POINT ( 'NONE',  ( -18.00000000000000000, -113.5000000005728964, -32.27615218501041028 ) ) ;
#1180 = ORIENTED_EDGE ( 'NONE', *, *, #1009, .F. ) ;
#1181 = LINE ( 'NONE', #1667, #1836 ) ;
#1182 = VECTOR ( 'NONE', #1206, 1000.000000000000000 ) ;
#1183 = CARTESIAN_POINT ( 'NONE',  ( -15.00000000000000000, -91.37711864452899135, -29.48503777606784482 ) ) ;
#1184 = CARTESIAN_POINT ( 'NONE',  ( 0.000000000000000000, 4.000000000000000000, -4.000000000000009770 ) ) ;
#1185 = CARTESIAN_POINT ( 'NONE',  ( 0.000000000000000000, -84.64406779703733719, -24.57035078204192757 ) ) ;
#1186 = VECTOR ( 'NONE', #1174, 1000.000000000000000 ) ;
#1187 = VERTEX_POINT ( 'NONE', #51 ) ;
#1188 = ORIENTED_EDGE ( 'NONE', *, *, #236, .F. ) ;
#1189 = EDGE_CURVE ( 'NONE', #1362, #1877, #1776, .T. ) ;
#1190 = DIRECTION ( 'NONE',  ( 0.000000000000000000, 0.000000000000000000, -1.000000000000000000 ) ) ;
#1191 = PERSON_AND_ORGANIZATION ( #666, #351 ) ;
#1192 = VERTEX_POINT ( 'NONE', #661 ) ;
#1193 = DIRECTION ( 'NONE',  ( 0.000000000000000000, -1.000000000000000000, -0.000000000000000000 ) ) ;
#1194 = DIRECTION ( 'NONE',  ( 0.000000000000000000, -0.2735267134322910687, 0.9618644067845162349 ) ) ;
#1195 = DIRECTION ( 'NONE',  ( 0.000000000000000000, -0.2735267134322910687, 0.9618644067845162349 ) ) ;
#1196 = EDGE_CURVE ( 'NONE', #635, #146, #511, .T. ) ;
#1197 = ORIENTED_EDGE ( 'NONE', *, *, #1504, .F. ) ;
#1198 = VERTEX_POINT ( 'NONE', #347 ) ;
#1199 = CARTESIAN_POINT ( 'NONE',  ( -15.00000000000000000, -100.9957627123741872, -32.22030491039063094 ) ) ;
#1200 = DIRECTION ( 'NONE',  ( 0.000000000000000000, 0.000000000000000000, -1.000000000000000000 ) ) ;
#1201 = CARTESIAN_POINT ( 'NONE',  ( 0.000000000000000000, 0.000000000000000000, 0.000000000000000000 ) ) ;
#1202 = EDGE_CURVE ( 'NONE', #675, #878, #959, .T. ) ;
#1203 = ORIENTED_EDGE ( 'NONE', *, *, #136, .T. ) ;
#1204 = CARTESIAN_POINT ( 'NONE',  ( 0.000000000000000000, -94.26271186488253306, -30.30561791636471725 ) ) ;
#1205 = AXIS2_PLACEMENT_3D ( 'NONE', #743, #432, #148 ) ;
#1206 = DIRECTION ( 'NONE',  ( 1.000000000000000000, -0.000000000000000000, -0.000000000000000000 ) ) ;
#1207 = VECTOR ( 'NONE', #142, 1000.000000000000000 ) ;
#1208 = CARTESIAN_POINT ( 'NONE',  ( 0.000000000000000000, -75.02542372919214131, -24.83508364771914856 ) ) ;
#1209 = VERTEX_POINT ( 'NONE', #191 ) ;
#1210 = EDGE_LOOP ( 'NONE', ( #1178, #1953, #972, #1627 ) ) ;
#1211 = CARTESIAN_POINT ( 'NONE',  ( 3.000000000000000000, -113.5000000005728964, -36.27615218501041738 ) ) ;
#1212 = LINE ( 'NONE', #1486, #1405 ) ;
#1213 = CARTESIAN_POINT ( 'NONE',  ( -15.00000000000000000, -94.26271186488253306, -27.30561791636471369 ) ) ;
#1214 = ADVANCED_FACE ( 'NONE', ( #1589 ), #1437, .F. ) ;
#1215 = VERTEX_POINT ( 'NONE', #840 ) ;
#1216 = CARTESIAN_POINT ( 'NONE',  ( 3.000000000000000000, 0.000000000000000000, 0.000000000000000000 ) ) ;
#1217 = EDGE_LOOP ( 'NONE', ( #710, #866, #1806, #268 ) ) ;
#1218 = ADVANCED_FACE ( 'NONE', ( #1481 ), #1361, .F. ) ;
#1219 = LINE ( 'NONE', #1879, #1073 ) ;
#1220 = CARTESIAN_POINT ( 'NONE',  ( -7.500000000000000000, -14.42796610176741368, -7.602900701485566515 ) ) ;
#1221 = LINE ( 'NONE', #317, #1865 ) ;
#1222 = ORIENTED_EDGE ( 'NONE', *, *, #650, .F. ) ;
#1223 = ADVANCED_FACE ( 'NONE', ( #1788 ), #582, .F. ) ;
#1224 = LINE ( 'NONE', #1387, #1723 ) ;
#1225 = VERTEX_POINT ( 'NONE', #1813 ) ;
#1226 = ADVANCED_FACE ( 'NONE', ( #1368 ), #1800, .F. ) ;
#1227 = CARTESIAN_POINT ( 'NONE',  ( 3.000000000000000000, 0.000000000000000000, 0.000000000000000000 ) ) ;
#1228 = LINE ( 'NONE', #24, #327 ) ;
#1229 = EDGE_CURVE ( 'NONE', #155, #891, #690, .T. ) ;
#1230 = DIRECTION ( 'NONE',  ( 0.000000000000000000, 1.000000000000000000, -0.000000000000000000 ) ) ;
#1231 = ORIENTED_EDGE ( 'NONE', *, *, #1017, .F. ) ;
#1232 = VECTOR ( 'NONE', #1798, 1000.000000000000000 ) ;
#1233 = DIRECTION ( 'NONE',  ( 0.000000000000000000, 1.000000000000000000, -0.000000000000000000 ) ) ;
#1234 = CARTESIAN_POINT ( 'NONE',  ( -7.500000000000000000, -26.93220338996615837, -11.15874797610522506 ) ) ;
#1235 = VECTOR ( 'NONE', #1094, 1000.000000000000000 ) ;
#1236 = VERTEX_POINT ( 'NONE', #1348 ) ;
#1237 = DIRECTION ( 'NONE',  ( 0.000000000000000000, -1.000000000000000000, -0.000000000000000000 ) ) ;
#1238 = LINE ( 'NONE', #775, #1962 ) ;
#1239 = ORIENTED_EDGE ( 'NONE', *, *, #386, .T. ) ;
#1240 = DIRECTION ( 'NONE',  ( 0.000000000000000000, -1.000000000000000000, -0.000000000000000000 ) ) ;
#1241 = DIRECTION ( 'NONE',  ( 1.000000000000000000, -0.000000000000000000, -0.000000000000000000 ) ) ;
#1242 = ORIENTED_EDGE ( 'NONE', *, *, #826, .T. ) ;
#1243 = VECTOR ( 'NONE', #151, 1000.000000000000114 ) ;
#1244 = CC_DESIGN_PERSON_AND_ORGANIZATION_ASSIGNMENT ( #1526, #728, ( #1775 ) ) ;
#1245 = FACE_OUTER_BOUND ( 'NONE', #1210, .T. ) ;
#1246 = LINE ( 'NONE', #1872, #835 ) ;
#1247 = CARTESIAN_POINT ( 'NONE',  ( -15.00000000000000000, -33.66525423745780898, -10.07343497013113165 ) ) ;
#1248 = ORIENTED_EDGE ( 'NONE', *, *, #1680, .T. ) ;
#1249 = EDGE_CURVE ( 'NONE', #149, #1451, #1324, .T. ) ;
#1250 = DIRECTION ( 'NONE',  ( 1.000000000000000000, -0.000000000000000000, -0.000000000000000000 ) ) ;
#1251 = CARTESIAN_POINT ( 'NONE',  ( -7.500000000000000000, -7.694915254275763949, -2.688213707459651491 ) ) ;
#1252 = VERTEX_POINT ( 'NONE', #416 ) ;
#1253 = EDGE_CURVE ( 'NONE', #787, #1002, #1495, .T. ) ;
#1254 = APPROVAL_PERSON_ORGANIZATION ( #1032, #498, #553 ) ;
#1255 = CARTESIAN_POINT ( 'NONE',  ( -18.00000000000000000, 4.000000000000000000, -4.000000000000009770 ) ) ;
#1256 = DIRECTION ( 'NONE',  ( -0.000000000000000000, -0.9618644067845162349, -0.2735267134322910687 ) ) ;
#1257 = PLANE ( 'NONE',  #1757 ) ;
#1258 = CARTESIAN_POINT ( 'NONE',  ( -15.00000000000000000, -17.31355932212096249, -8.423480841782438944 ) ) ;
#1259 = ORIENTED_EDGE ( 'NONE', *, *, #1493, .F. ) ;
#1260 = LINE ( 'NONE', #496, #688 ) ;
#1261 = CARTESIAN_POINT ( 'NONE',  ( 3.000000000000000000, -113.5000000005728964, -32.27615218501041028 ) ) ;
#1262 = ORIENTED_EDGE ( 'NONE', *, *, #1105, .F. ) ;
#1263 = EDGE_LOOP ( 'NONE', ( #1386, #766, #443, #1970 ) ) ;
#1264 = EDGE_CURVE ( 'NONE', #566, #1286, #266, .T. ) ;
#1265 = AXIS2_PLACEMENT_3D ( 'NONE', #43, #406, #1021 ) ;
#1266 = CARTESIAN_POINT ( 'NONE',  ( 0.000000000000000000, 4.000000000000000000, -4.000000000000009770 ) ) ;
#1267 = CARTESIAN_POINT ( 'NONE',  ( 3.000000000000000000, 4.000000000000000000, -4.000000000000009770 ) ) ;
#1268 = CARTESIAN_POINT ( 'NONE',  ( 0.000000000000000000, -24.04661016961261311, -7.338167835808345529 ) ) ;
#1269 = CARTESIAN_POINT ( 'NONE',  ( -15.00000000000000000, -43.28389830530300486, -15.80870210445392132 ) ) ;
#1270 = ORIENTED_EDGE ( 'NONE', *, *, #366, .F. ) ;
#1271 = ADVANCED_FACE ( 'NONE', ( #1951 ), #1008, .F. ) ;
#1272 = DIRECTION ( 'NONE',  ( 0.000000000000000000, 0.000000000000000000, 1.000000000000000000 ) ) ;
#1273 = FACE_OUTER_BOUND ( 'NONE', #1782, .T. ) ;
#1274 = ORIENTED_EDGE ( 'NONE', *, *, #2001, .F. ) ;
#1275 = VECTOR ( 'NONE', #1070, 1000.000000000000000 ) ;
#1276 = VECTOR ( 'NONE', #1408, 1000.000000000000000 ) ;
#1277 = DIRECTION ( 'NONE',  ( 1.000000000000000000, -0.000000000000000000, -0.000000000000000000 ) ) ;
#1278 = LINE ( 'NONE', #211, #1855 ) ;
#1279 = EDGE_CURVE ( 'NONE', #1877, #164, #254, .T. ) ;
#1280 = DIRECTION ( 'NONE',  ( 0.000000000000000000, 0.000000000000000000, -1.000000000000000000 ) ) ;
#1281 = ORIENTED_EDGE ( 'NONE', *, *, #260, .T. ) ;
#1282 = DIRECTION ( 'NONE',  ( 0.000000000000000000, 0.000000000000000000, -1.000000000000000000 ) ) ;
#1283 = ORIENTED_EDGE ( 'NONE', *, *, #521, .T. ) ;
#1284 = FACE_BOUND ( 'NONE', #838, .T. ) ;
#1285 = FACE_OUTER_BOUND ( 'NONE', #370, .T. ) ;
#1286 = VERTEX_POINT ( 'NONE', #109 ) ;
#1287 = EDGE_CURVE ( 'NONE', #1722, #434, #867, .T. ) ;
#1288 = LINE ( 'NONE', #1749, #226 ) ;
#1289 = DIRECTION ( 'NONE',  ( 1.000000000000000000, -0.000000000000000000, -0.000000000000000000 ) ) ;
#1290 = CARTESIAN_POINT ( 'NONE',  ( -15.00000000000000000, -75.02542372919214131, -23.33508364771914856 ) ) ;
#1291 = EDGE_CURVE ( 'NONE', #502, #1736, #935, .T. ) ;
#1292 = ORIENTED_EDGE ( 'NONE', *, *, #209, .F. ) ;
#1293 = EDGE_CURVE ( 'NONE', #104, #1192, #333, .T. ) ;
#1294 = FACE_BOUND ( 'NONE', #1649, .T. ) ;
#1295 = VERTEX_POINT ( 'NONE', #1135 ) ;
#1296 = VECTOR ( 'NONE', #572, 1000.000000000000227 ) ;
#1297 = DIRECTION ( 'NONE',  ( 1.000000000000000000, -0.000000000000000000, -0.000000000000000000 ) ) ;
#1298 = DIRECTION ( 'NONE',  ( 0.000000000000000000, 0.9618644067845157908, 0.2735267134322921234 ) ) ;
#1299 = PLANE ( 'NONE',  #253 ) ;
#1300 = AXIS2_PLACEMENT_3D ( 'NONE', #1049, #1194, #1805 ) ;
#1301 = DIRECTION ( 'NONE',  ( 0.000000000000000000, 1.000000000000000000, 0.000000000000000000 ) ) ;
#1302 = DIRECTION ( 'NONE',  ( 0.000000000000000000, 0.9618644067845162349, 0.2735267134322910687 ) ) ;
#1303 = ORIENTED_EDGE ( 'NONE', *, *, #997, .T. ) ;
#1304 = FACE_BOUND ( 'NONE', #1334, .T. ) ;
#1305 = ORIENTED_EDGE ( 'NONE', *, *, #1843, .F. ) ;
#1306 = ADVANCED_BREP_SHAPE_REPRESENTATION ( 'Ladder', ( #189, #1424 ), #121 ) ;
#1307 = CARTESIAN_POINT ( 'NONE',  ( 0.000000000000000000, -52.90254237314820074, -15.54396923877669856 ) ) ;
#1308 = VECTOR ( 'NONE', #1511, 1000.000000000000000 ) ;
#1309 = LINE ( 'NONE', #1157, #529 ) ;
#1310 = DIRECTION ( 'NONE',  ( 1.000000000000000000, -0.000000000000000000, -0.000000000000000000 ) ) ;
#1311 = CARTESIAN_POINT ( 'NONE',  ( -7.500000000000000000, -55.78813559350174955, -17.86454937907357987 ) ) ;
#1312 = APPROVAL ( #168, 'UNSPECIFIED' ) ;
#1313 = VECTOR ( 'NONE', #842, 1000.000000000000000 ) ;
#1314 = FACE_OUTER_BOUND ( 'NONE', #664, .T. ) ;
#1315 = CARTESIAN_POINT ( 'NONE',  ( 3.000000000000000000, 4.000000000000000000, -4.000000000000009770 ) ) ;
#1316 = ADVANCED_FACE ( 'NONE', ( #789 ), #41, .F. ) ;
#1317 = VERTEX_POINT ( 'NONE', #1307 ) ;
#1318 = AXIS2_PLACEMENT_3D ( 'NONE', #8, #1233, #1272 ) ;
#1319 = CARTESIAN_POINT ( 'NONE',  ( 0.000000000000000000, -14.42796610176741368, -4.602900701485560297 ) ) ;
#1320 = ORIENTED_EDGE ( 'NONE', *, *, #919, .T. ) ;
#1321 = EDGE_CURVE ( 'NONE', #241, #1225, #74, .T. ) ;
#1322 = VERTEX_POINT ( 'NONE', #1168 ) ;
#1323 = DIRECTION ( 'NONE',  ( 0.000000000000000000, 0.000000000000000000, -1.000000000000000000 ) ) ;
#1324 = LINE ( 'NONE', #1179, #1531 ) ;
#1325 = DIRECTION ( 'NONE',  ( 1.000000000000000000, 0.000000000000000000, 0.000000000000000000 ) ) ;
#1326 = EDGE_LOOP ( 'NONE', ( #942, #1421, #1575, #1101 ) ) ;
#1327 = AXIS2_PLACEMENT_3D ( 'NONE', #1548, #792, #1427 ) ;
#1328 = DIRECTION ( 'NONE',  ( 0.000000000000000000, -1.000000000000000000, 0.000000000000000000 ) ) ;
#1329 = UNCERTAINTY_MEASURE_WITH_UNIT (LENGTH_MEASURE( 1.000000000000000082E-05 ), #1169, 'distance_accuracy_value', 'NONE');
#1330 = CARTESIAN_POINT ( 'NONE',  ( -15.00000000000000000, -52.90254237314820074, -15.54396923877669856 ) ) ;
#1331 = CARTESIAN_POINT ( 'NONE',  ( -7.500000000000000000, -7.694915254275763949, -5.688213707459654600 ) ) ;
#1332 = ORIENTED_EDGE ( 'NONE', *, *, #539, .T. ) ;
#1333 = LINE ( 'NONE', #657, #843 ) ;
#1334 = EDGE_LOOP ( 'NONE', ( #7, #195, #695, #390 ) ) ;
#1335 = ORIENTED_EDGE ( 'NONE', *, *, #1165, .T. ) ;
#1336 = CARTESIAN_POINT ( 'NONE',  ( -15.00000000000000000, -36.55084745781135780, -10.89401511042800763 ) ) ;
#1337 = DIRECTION ( 'NONE',  ( 0.000000000000000000, 0.000000000000000000, 1.000000000000000000 ) ) ;
#1338 = DIRECTION ( 'NONE',  ( 0.000000000000000000, 1.000000000000000000, -0.000000000000000000 ) ) ;
#1339 = ORIENTED_EDGE ( 'NONE', *, *, #826, .F. ) ;
#1340 = LINE ( 'NONE', #1363, #916 ) ;
#1341 = VECTOR ( 'NONE', #603, 1000.000000000000000 ) ;
#1342 = PLANE ( 'NONE',  #1300 ) ;
#1343 = CARTESIAN_POINT ( 'NONE',  ( -7.500000000000000000, -62.52118644099340372, -21.27923637309949001 ) ) ;
#1344 = CARTESIAN_POINT ( 'NONE',  ( 3.000000000000000000, -113.5000000005728964, -32.27615218501041028 ) ) ;
#1345 = ORIENTED_EDGE ( 'NONE', *, *, #1165, .F. ) ;
#1346 = EDGE_CURVE ( 'NONE', #475, #1187, #540, .T. ) ;
#1347 = ORIENTED_EDGE ( 'NONE', *, *, #614, .F. ) ;
#1348 = CARTESIAN_POINT ( 'NONE',  ( 3.000000000000000000, 0.000000000000000000, 0.000000000000000000 ) ) ;
#1349 = ORIENTED_EDGE ( 'NONE', *, *, #1712, .F. ) ;
#1350 = ADVANCED_FACE ( 'NONE', ( #725 ), #240, .F. ) ;
#1351 = CARTESIAN_POINT ( 'NONE',  ( 0.000000000000000000, -113.5000000005728964, -36.27615218501041738 ) ) ;
#1352 = DESIGN_CONTEXT ( 'detailed design', #354, 'design' ) ;
#1353 = VECTOR ( 'NONE', #361, 1000.000000000000000 ) ;
#1354 = FACE_OUTER_BOUND ( 'NONE', #1783, .T. ) ;
#1355 = VECTOR ( 'NONE', #1986, 1000.000000000000000 ) ;
#1356 = DIRECTION ( 'NONE',  ( 0.000000000000000000, 0.9618644067845157908, 0.2735267134322921234 ) ) ;
#1357 = ORIENTED_EDGE ( 'NONE', *, *, #303, .T. ) ;
#1358 = ADVANCED_FACE ( 'NONE', ( #1960 ), #1636, .F. ) ;
#1359 = CARTESIAN_POINT ( 'NONE',  ( -18.00000000000000000, 0.000000000000000000, 0.000000000000000000 ) ) ;
#1360 = ORIENTED_EDGE ( 'NONE', *, *, #1525, .F. ) ;
#1361 = PLANE ( 'NONE',  #1374 ) ;
#1362 = VERTEX_POINT ( 'NONE', #563 ) ;
#1363 = CARTESIAN_POINT ( 'NONE',  ( 0.000000000000000000, -75.02542372919214131, -23.33508364771914856 ) ) ;
#1364 = CARTESIAN_POINT ( 'NONE',  ( -18.00000000000000000, -113.5000000005728964, -32.27615218501041028 ) ) ;
#1365 = CARTESIAN_POINT ( 'NONE',  ( -7.500000000000000000, -84.64406779703733719, -27.57035078204193113 ) ) ;
#1366 = EDGE_LOOP ( 'NONE', ( #900, #487, #389, #1769 ) ) ;
#1367 = CARTESIAN_POINT ( 'NONE',  ( -7.500000000000000000, -103.8813559327277432, -31.54088505068749981 ) ) ;
#1368 = FACE_OUTER_BOUND ( 'NONE', #1663, .T. ) ;
#1369 = PERSON_AND_ORGANIZATION_ROLE ( 'design_owner' ) ;
#1370 = VERTEX_POINT ( 'NONE', #1785 ) ;
#1371 = EDGE_CURVE ( 'NONE', #245, #486, #1811, .T. ) ;
#1372 = DIRECTION ( 'NONE',  ( 0.000000000000000000, 0.000000000000000000, 1.000000000000000000 ) ) ;
#1373 = CARTESIAN_POINT ( 'NONE',  ( -7.500000000000000000, -46.16949152565655368, -16.62928224475079375 ) ) ;
#1374 = AXIS2_PLACEMENT_3D ( 'NONE', #231, #1190, #701 ) ;
#1375 = CARTESIAN_POINT ( 'NONE',  ( -7.500000000000000000, -17.31355932212096249, -8.423480841782438944 ) ) ;
#1376 = VERTEX_POINT ( 'NONE', #275 ) ;
#1377 = VECTOR ( 'NONE', #786, 1000.000000000000000 ) ;
#1378 = EDGE_CURVE ( 'NONE', #638, #1736, #1514, .T. ) ;
#1379 = CARTESIAN_POINT ( 'NONE',  ( -7.500000000000000000, -24.04661016961261311, -7.338167835808345529 ) ) ;
#1380 = ORIENTED_EDGE ( 'NONE', *, *, #640, .F. ) ;
#1381 = LINE ( 'NONE', #1227, #65 ) ;
#1382 = FACE_BOUND ( 'NONE', #1771, .T. ) ;
#1383 = AXIS2_PLACEMENT_3D ( 'NONE', #962, #1613, #1593 ) ;
#1384 = FACE_OUTER_BOUND ( 'NONE', #543, .T. ) ;
#1385 = ADVANCED_FACE ( 'NONE', ( #414 ), #1029, .F. ) ;
#1386 = ORIENTED_EDGE ( 'NONE', *, *, #1291, .T. ) ;
#1387 = CARTESIAN_POINT ( 'NONE',  ( -7.500000000000000000, -84.64406779703733719, -24.57035078204192757 ) ) ;
#1388 = ORIENTED_EDGE ( 'NONE', *, *, #506, .T. ) ;
#1389 = VECTOR ( 'NONE', #28, 1000.000000000000114 ) ;
#1390 = EDGE_CURVE ( 'NONE', #1225, #92, #993, .T. ) ;
#1391 = CARTESIAN_POINT ( 'NONE',  ( -15.00000000000000000, -17.31355932212096249, -5.423480841782437167 ) ) ;
#1392 = DIRECTION ( 'NONE',  ( 0.000000000000000000, -1.000000000000000000, -0.000000000000000000 ) ) ;
#1393 = CARTESIAN_POINT ( 'NONE',  ( -15.00000000000000000, -36.55084745781135780, -13.89401511042800941 ) ) ;
#1394 = ORIENTED_EDGE ( 'NONE', *, *, #1734, .F. ) ;
#1395 = LINE ( 'NONE', #1692, #326 ) ;
#1396 = ORIENTED_EDGE ( 'NONE', *, *, #1202, .T. ) ;
#1397 = APPROVAL_ROLE ( '' ) ;
#1398 = DIRECTION ( 'NONE',  ( 0.000000000000000000, 0.000000000000000000, 1.000000000000000000 ) ) ;
#1399 = CARTESIAN_POINT ( 'NONE',  ( -15.00000000000000000, -4.809322033922216910, -1.867633567162775510 ) ) ;
#1400 = DIRECTION ( 'NONE',  ( 0.000000000000000000, 0.000000000000000000, 1.000000000000000000 ) ) ;
#1401 = EDGE_LOOP ( 'NONE', ( #973, #1604, #1978, #263 ) ) ;
#1402 = VECTOR ( 'NONE', #1529, 1000.000000000000000 ) ;
#1403 = FACE_OUTER_BOUND ( 'NONE', #1479, .T. ) ;
#1404 = DIRECTION ( 'NONE',  ( 0.000000000000000000, 0.000000000000000000, 1.000000000000000000 ) ) ;
#1405 = VECTOR ( 'NONE', #1014, 1000.000000000000000 ) ;
#1406 = ORIENTED_EDGE ( 'NONE', *, *, #193, .F. ) ;
#1407 = EDGE_CURVE ( 'NONE', #241, #1100, #228, .T. ) ;
#1408 = DIRECTION ( 'NONE',  ( 1.000000000000000000, -0.000000000000000000, -0.000000000000000000 ) ) ;
#1409 = EDGE_CURVE ( 'NONE', #1215, #850, #591, .T. ) ;
#1410 = PLANE ( 'NONE',  #812 ) ;
#1411 = EDGE_LOOP ( 'NONE', ( #187, #2002, #697, #1542 ) ) ;
#1412 = DIRECTION ( 'NONE',  ( 0.000000000000000000, 0.2735267134322921234, -0.9618644067845160128 ) ) ;
#1413 = VECTOR ( 'NONE', #921, 1000.000000000000000 ) ;
#1414 = ORIENTED_EDGE ( 'NONE', *, *, #1592, .T. ) ;
#1415 = AXIS2_PLACEMENT_3D ( 'NONE', #693, #1328, #738 ) ;
#1416 = CARTESIAN_POINT ( 'NONE',  ( 0.000000000000000000, -36.55084745781135780, -13.89401511042800941 ) ) ;
#1417 = VECTOR ( 'NONE', #995, 1000.000000000000114 ) ;
#1418 = LINE ( 'NONE', #1729, #610 ) ;
#1419 = CARTESIAN_POINT ( 'NONE',  ( 0.000000000000000000, 0.000000000000000000, 0.000000000000000000 ) ) ;
#1420 = PLANE ( 'NONE',  #433 ) ;
#1421 = ORIENTED_EDGE ( 'NONE', *, *, #1057, .F. ) ;
#1422 = ORIENTED_EDGE ( 'NONE', *, *, #1932, .F. ) ;
#1423 = EDGE_LOOP ( 'NONE', ( #1823, #1646, #1142, #1700 ) ) ;
#1424 = AXIS2_PLACEMENT_3D ( 'NONE', #1201, #716, #1325 ) ;
#1425 = DIRECTION ( 'NONE',  ( 0.000000000000000000, -0.9618644067845162349, -0.2735267134322910687 ) ) ;
#1426 = CARTESIAN_POINT ( 'NONE',  ( 0.000000000000000000, -43.28389830530300486, -15.80870210445392132 ) ) ;
#1427 = DIRECTION ( 'NONE',  ( 0.000000000000000000, 0.000000000000000000, 1.000000000000000000 ) ) ;
#1428 = EDGE_CURVE ( 'NONE', #656, #875, #442, .T. ) ;
#1429 = DIRECTION ( 'NONE',  ( 1.000000000000000000, -0.000000000000000000, -0.000000000000000000 ) ) ;
#1430 = ORIENTED_EDGE ( 'NONE', *, *, #735, .F. ) ;
#1431 = CARTESIAN_POINT ( 'NONE',  ( -15.00000000000000000, -46.16949152565655368, -15.12928224475079375 ) ) ;
#1432 = DIRECTION ( 'NONE',  ( 0.000000000000000000, 0.9618644067845160128, 0.2735267134322921234 ) ) ;
#1433 = EDGE_LOOP ( 'NONE', ( #410, #122, #50, #1718 ) ) ;
#1434 = EDGE_CURVE ( 'NONE', #1198, #1209, #760, .T. ) ;
#1435 = VECTOR ( 'NONE', #1739, 1000.000000000000000 ) ;
#1436 = CARTESIAN_POINT ( 'NONE',  ( -7.500000000000000000, -100.9957627123741872, -32.22030491039063094 ) ) ;
#1437 = PLANE ( 'NONE',  #1265 ) ;
#1438 = CARTESIAN_POINT ( 'NONE',  ( -18.00000000000000000, -113.5000000005728964, -36.27615218501041738 ) ) ;
#1439 = FACE_OUTER_BOUND ( 'NONE', #1934, .T. ) ;
#1440 = VERTEX_POINT ( 'NONE', #1869 ) ;
#1441 = LINE ( 'NONE', #816, #944 ) ;
#1442 = ADVANCED_FACE ( 'NONE', ( #137 ), #578, .F. ) ;
#1443 = LINE ( 'NONE', #1745, #162 ) ;
#1444 = EDGE_LOOP ( 'NONE', ( #864, #1026, #665, #888 ) ) ;
#1445 = AXIS2_PLACEMENT_3D ( 'NONE', #765, #1230, #470 ) ;
#1446 = VECTOR ( 'NONE', #720, 1000.000000000000000 ) ;
#1447 = EDGE_CURVE ( 'NONE', #1492, #1295, #1395, .T. ) ;
#1448 = VECTOR ( 'NONE', #948, 1000.000000000000114 ) ;
#1449 = DIRECTION ( 'NONE',  ( 0.000000000000000000, -0.2735267134322910687, 0.9618644067845162349 ) ) ;
#1450 = DIRECTION ( 'NONE',  ( 0.000000000000000000, -0.000000000000000000, -1.000000000000000000 ) ) ;
#1451 = VERTEX_POINT ( 'NONE', #295 ) ;
#1452 = CARTESIAN_POINT ( 'NONE',  ( 0.000000000000000000, -17.31355932212096249, -8.423480841782438944 ) ) ;
#1453 = ORIENTED_EDGE ( 'NONE', *, *, #555, .T. ) ;
#1454 = PLANE ( 'NONE',  #1999 ) ;
#1455 = DIRECTION ( 'NONE',  ( 0.000000000000000000, 0.9618644067845162349, 0.2735267134322910687 ) ) ;
#1456 = LINE ( 'NONE', #1770, #1472 ) ;
#1457 = EDGE_LOOP ( 'NONE', ( #817, #1781, #601, #1089 ) ) ;
#1458 = ORIENTED_EDGE ( 'NONE', *, *, #762, .F. ) ;
#1459 = CARTESIAN_POINT ( 'NONE',  ( -7.500000000000000000, -62.52118644099340372, -18.27923637309948646 ) ) ;
#1460 = ORIENTED_EDGE ( 'NONE', *, *, #318, .T. ) ;
#1461 = VECTOR ( 'NONE', #1398, 1000.000000000000000 ) ;
#1462 = DIRECTION ( 'NONE',  ( 0.000000000000000000, 0.000000000000000000, 1.000000000000000000 ) ) ;
#1463 = DIRECTION ( 'NONE',  ( 1.000000000000000000, -0.000000000000000000, -0.000000000000000000 ) ) ;
#1464 = VECTOR ( 'NONE', #604, 1000.000000000000000 ) ;
#1465 = CARTESIAN_POINT ( 'NONE',  ( 0.000000000000000000, -24.04661016961261311, -7.338167835808345529 ) ) ;
#1466 = EDGE_LOOP ( 'NONE', ( #60, #223, #1961, #564, #183, #1033 ) ) ;
#1467 = ORIENTED_EDGE ( 'NONE', *, *, #894, .F. ) ;
#1468 = EDGE_CURVE ( 'NONE', #493, #1901, #1829, .T. ) ;
#1469 = FACE_BOUND ( 'NONE', #1423, .T. ) ;
#1470 = ORIENTED_EDGE ( 'NONE', *, *, #323, .F. ) ;
#1471 = ORIENTED_EDGE ( 'NONE', *, *, #460, .F. ) ;
#1472 = VECTOR ( 'NONE', #513, 1000.000000000000000 ) ;
#1473 = LINE ( 'NONE', #1590, #507 ) ;
#1474 = CARTESIAN_POINT ( 'NONE',  ( -7.500000000000000000, -100.9957627123741872, -32.22030491039063094 ) ) ;
#1475 = DIRECTION ( 'NONE',  ( 0.000000000000000000, 0.000000000000000000, 1.000000000000000000 ) ) ;
#1476 = ORIENTED_EDGE ( 'NONE', *, *, #1428, .F. ) ;
#1477 = ORIENTED_EDGE ( 'NONE', *, *, #1076, .F. ) ;
#1478 = ORIENTED_EDGE ( 'NONE', *, *, #286, .T. ) ;
#1479 = EDGE_LOOP ( 'NONE', ( #535, #1040, #457, #545 ) ) ;
#1480 = LINE ( 'NONE', #108, #1417 ) ;
#1481 = FACE_OUTER_BOUND ( 'NONE', #1958, .T. ) ;
#1482 =( NAMED_UNIT ( * ) SI_UNIT ( $, .STERADIAN. ) SOLID_ANGLE_UNIT ( ) );
#1483 = ORIENTED_EDGE ( 'NONE', *, *, #52, .T. ) ;
#1484 = CC_DESIGN_APPROVAL ( #498, ( #885 ) ) ;
#1485 = CARTESIAN_POINT ( 'NONE',  ( 0.000000000000000000, -17.31355932212096249, -8.423480841782438944 ) ) ;
#1486 = CARTESIAN_POINT ( 'NONE',  ( -7.500000000000000000, -91.37711864452899135, -26.48503777606783771 ) ) ;
#1487 = DIRECTION ( 'NONE',  ( 1.000000000000000000, -0.000000000000000000, -0.000000000000000000 ) ) ;
#1488 = EDGE_CURVE ( 'NONE', #400, #353, #769, .T. ) ;
#1489 = ORIENTED_EDGE ( 'NONE', *, *, #1287, .T. ) ;
#1490 = DIRECTION ( 'NONE',  ( 0.000000000000000000, -0.9618644067845160128, -0.2735267134322915128 ) ) ;
#1491 = EDGE_LOOP ( 'NONE', ( #1320, #538, #1591, #1086 ) ) ;
#1492 = VERTEX_POINT ( 'NONE', #127 ) ;
#1493 = EDGE_CURVE ( 'NONE', #126, #1492, #600, .T. ) ;
#1494 = CARTESIAN_POINT ( 'NONE',  ( 0.000000000000000000, -26.93220338996615837, -11.15874797610522506 ) ) ;
#1495 = LINE ( 'NONE', #1031, #744 ) ;
#1496 = CARTESIAN_POINT ( 'NONE',  ( -7.500000000000000000, -17.31355932212096249, -6.923480841782438056 ) ) ;
#1497 = ORIENTED_EDGE ( 'NONE', *, *, #1202, .F. ) ;
#1498 = VECTOR ( 'NONE', #1064, 1000.000000000000227 ) ;
#1499 = DIRECTION ( 'NONE',  ( 0.000000000000000000, 0.000000000000000000, 1.000000000000000000 ) ) ;
#1500 = AXIS2_PLACEMENT_3D ( 'NONE', #49, #637, #1754 ) ;
#1501 = FACE_BOUND ( 'NONE', #1888, .T. ) ;
#1502 = DIRECTION ( 'NONE',  ( 0.000000000000000000, -0.2735267134322910687, 0.9618644067845162349 ) ) ;
#1503 = EDGE_LOOP ( 'NONE', ( #413, #1274, #1476, #836 ) ) ;
#1504 = EDGE_CURVE ( 'NONE', #486, #1376, #897, .T. ) ;
#1505 = ORIENTED_EDGE ( 'NONE', *, *, #150, .F. ) ;
#1506 = DIRECTION ( 'NONE',  ( 0.000000000000000000, -0.9618644067845162349, -0.2735267134322910687 ) ) ;
#1507 = ORIENTED_EDGE ( 'NONE', *, *, #718, .F. ) ;
#1508 = CARTESIAN_POINT ( 'NONE',  ( -15.00000000000000000, -55.78813559350174955, -19.36454937907357987 ) ) ;
#1509 = VECTOR ( 'NONE', #1250, 1000.000000000000000 ) ;
#1510 = LINE ( 'NONE', #1025, #1141 ) ;
#1511 = DIRECTION ( 'NONE',  ( 0.000000000000000000, 0.000000000000000000, 1.000000000000000000 ) ) ;
#1512 = AXIS2_PLACEMENT_3D ( 'NONE', #219, #1138, #651 ) ;
#1513 = ORIENTED_EDGE ( 'NONE', *, *, #1615, .F. ) ;
#1514 = LINE ( 'NONE', #1661, #1232 ) ;
#1515 = VERTEX_POINT ( 'NONE', #1859 ) ;
#1516 = CARTESIAN_POINT ( 'NONE',  ( -7.500000000000000000, -4.809322033922216910, -1.867633567162775510 ) ) ;
#1517 = APPROVAL_ROLE ( '' ) ;
#1518 = ORIENTED_EDGE ( 'NONE', *, *, #718, .T. ) ;
#1519 = LINE ( 'NONE', #1211, #1707 ) ;
#1520 = DIRECTION ( 'NONE',  ( 0.000000000000000000, 0.2735267134322921234, -0.9618644067845160128 ) ) ;
#1521 = VECTOR ( 'NONE', #202, 1000.000000000000000 ) ;
#1522 = CARTESIAN_POINT ( 'NONE',  ( -15.00000000000000000, -55.78813559350174955, -16.36454937907357632 ) ) ;
#1523 = LINE ( 'NONE', #1234, #1560 ) ;
#1524 = VERTEX_POINT ( 'NONE', #751 ) ;
#1525 = EDGE_CURVE ( 'NONE', #1685, #1215, #305, .T. ) ;
#1526 = PERSON_AND_ORGANIZATION ( #666, #351 ) ;
#1527 = ORIENTED_EDGE ( 'NONE', *, *, #1910, .T. ) ;
#1528 = EDGE_CURVE ( 'NONE', #759, #215, #1523, .T. ) ;
#1529 = DIRECTION ( 'NONE',  ( 0.000000000000000000, 0.000000000000000000, -1.000000000000000000 ) ) ;
#1530 = DIRECTION ( 'NONE',  ( 0.000000000000000000, -0.9618644067845162349, -0.2735267134322910687 ) ) ;
#1531 = VECTOR ( 'NONE', #1664, 1000.000000000000000 ) ;
#1532 = LINE ( 'NONE', #134, #1895 ) ;
#1533 = ORIENTED_EDGE ( 'NONE', *, *, #464, .F. ) ;
#1534 = EDGE_CURVE ( 'NONE', #547, #1870, #450, .T. ) ;
#1535 = CARTESIAN_POINT ( 'NONE',  ( -15.00000000000000000, -94.26271186488253306, -30.30561791636471725 ) ) ;
#1536 = ORIENTED_EDGE ( 'NONE', *, *, #350, .T. ) ;
#1537 = DIRECTION ( 'NONE',  ( 0.000000000000000000, 0.000000000000000000, -1.000000000000000000 ) ) ;
#1538 = LINE ( 'NONE', #920, #1235 ) ;
#1539 = ADVANCED_FACE ( 'NONE', ( #1072 ), #1992, .F. ) ;
#1540 = VECTOR ( 'NONE', #1856, 1000.000000000000000 ) ;
#1541 = DIRECTION ( 'NONE',  ( 0.000000000000000000, -0.000000000000000000, 1.000000000000000000 ) ) ;
#1542 = ORIENTED_EDGE ( 'NONE', *, *, #193, .T. ) ;
#1543 = VECTOR ( 'NONE', #1302, 1000.000000000000114 ) ;
#1544 = DIRECTION ( 'NONE',  ( 0.000000000000000000, 0.9618644067845156798, 0.2735267134322926785 ) ) ;
#1545 = VERTEX_POINT ( 'NONE', #1535 ) ;
#1546 = APPROVAL_DATE_TIME ( #1103, #1312 ) ;
#1547 = CARTESIAN_POINT ( 'NONE',  ( -15.00000000000000000, -84.64406779703733719, -27.57035078204193113 ) ) ;
#1548 = CARTESIAN_POINT ( 'NONE',  ( -7.500000000000000000, -94.26271186488253306, -28.80561791636471369 ) ) ;
#1549 = LINE ( 'NONE', #153, #1540 ) ;
#1550 = EDGE_CURVE ( 'NONE', #770, #426, #1224, .T. ) ;
#1551 = VERTEX_POINT ( 'NONE', #1091 ) ;
#1552 = DIRECTION ( 'NONE',  ( -1.000000000000000000, -0.000000000000000000, -0.000000000000000000 ) ) ;
#1553 = ORIENTED_EDGE ( 'NONE', *, *, #539, .F. ) ;
#1554 = EDGE_CURVE ( 'NONE', #495, #1637, #1699, .T. ) ;
#1555 = PLANE ( 'NONE',  #1824 ) ;
#1556 = FACE_OUTER_BOUND ( 'NONE', #1166, .T. ) ;
#1557 = CARTESIAN_POINT ( 'NONE',  ( -7.500000000000000000, -36.55084745781135780, -13.89401511042800941 ) ) ;
#1558 = ORIENTED_EDGE ( 'NONE', *, *, #708, .F. ) ;
#1559 = ADVANCED_FACE ( 'NONE', ( #458 ), #1084, .F. ) ;
#1560 = VECTOR ( 'NONE', #607, 1000.000000000000000 ) ;
#1561 = LINE ( 'NONE', #165, #1509 ) ;
#1562 = AXIS2_PLACEMENT_3D ( 'NONE', #557, #1644, #1530 ) ;
#1563 = ORIENTED_EDGE ( 'NONE', *, *, #1905, .F. ) ;
#1564 = ADVANCED_FACE ( 'NONE', ( #313 ), #734, .F. ) ;
#1565 = LINE ( 'NONE', #1996, #1276 ) ;
#1566 = FACE_OUTER_BOUND ( 'NONE', #1672, .T. ) ;
#1567 = EDGE_CURVE ( 'NONE', #1877, #797, #234, .T. ) ;
#1568 = DIRECTION ( 'NONE',  ( 1.000000000000000000, -0.000000000000000000, -0.000000000000000000 ) ) ;
#1569 = ORIENTED_EDGE ( 'NONE', *, *, #1171, .F. ) ;
#1570 = VECTOR ( 'NONE', #939, 1000.000000000000000 ) ;
#1571 = CARTESIAN_POINT ( 'NONE',  ( 0.000000000000000000, -7.694915254275763949, -2.688213707459651491 ) ) ;
#1572 = PLANE ( 'NONE',  #363 ) ;
#1573 = VECTOR ( 'NONE', #1499, 1000.000000000000000 ) ;
#1574 = ORIENTED_EDGE ( 'NONE', *, *, #1994, .T. ) ;
#1575 = ORIENTED_EDGE ( 'NONE', *, *, #1683, .T. ) ;
#1576 = ADVANCED_FACE ( 'NONE', ( #176 ), #364, .F. ) ;
#1577 = VECTOR ( 'NONE', #809, 1000.000000000000000 ) ;
#1578 = PLANE ( 'NONE',  #1756 ) ;
#1579 = CARTESIAN_POINT ( 'NONE',  ( -7.500000000000000000, -75.02542372919214131, -21.83508364771914856 ) ) ;
#1580 = DIRECTION ( 'NONE',  ( 0.000000000000000000, -0.9618644067845162349, -0.2735267134322910687 ) ) ;
#1581 = ORIENTED_EDGE ( 'NONE', *, *, #1249, .T. ) ;
#1582 = EDGE_CURVE ( 'NONE', #675, #770, #844, .T. ) ;
#1583 = DIRECTION ( 'NONE',  ( 0.000000000000000000, 0.000000000000000000, -1.000000000000000000 ) ) ;
#1584 = ORIENTED_EDGE ( 'NONE', *, *, #1293, .F. ) ;
#1585 = EDGE_LOOP ( 'NONE', ( #593, #402, #1973, #332, #1894, #1949 ) ) ;
#1586 = VECTOR ( 'NONE', #1602, 1000.000000000000000 ) ;
#1587 = EDGE_CURVE ( 'NONE', #880, #146, #473, .T. ) ;
#1588 = DIRECTION ( 'NONE',  ( 0.000000000000000000, 0.9618644067845160128, 0.2735267134322921234 ) ) ;
#1589 = FACE_OUTER_BOUND ( 'NONE', #846, .T. ) ;
#1590 = CARTESIAN_POINT ( 'NONE',  ( 0.000000000000000000, -103.8813559327277432, -30.04088505068749981 ) ) ;
#1591 = ORIENTED_EDGE ( 'NONE', *, *, #1171, .T. ) ;
#1592 = EDGE_CURVE ( 'NONE', #991, #1870, #29, .T. ) ;
#1593 = DIRECTION ( 'NONE',  ( 0.000000000000000000, 0.000000000000000000, -1.000000000000000000 ) ) ;
#1594 = VERTEX_POINT ( 'NONE', #955 ) ;
#1595 = FACE_BOUND ( 'NONE', #626, .T. ) ;
#1596 = PLANE ( 'NONE',  #1500 ) ;
#1597 = ORIENTED_EDGE ( 'NONE', *, *, #860, .F. ) ;
#1598 = EDGE_CURVE ( 'NONE', #1286, #677, #1443, .T. ) ;
#1599 = VECTOR ( 'NONE', #1310, 1000.000000000000000 ) ;
#1600 = LINE ( 'NONE', #1619, #374 ) ;
#1601 = CARTESIAN_POINT ( 'NONE',  ( 0.000000000000000000, -94.26271186488253306, -28.80561791636471369 ) ) ;
#1602 = DIRECTION ( 'NONE',  ( 1.000000000000000000, -0.000000000000000000, -0.000000000000000000 ) ) ;
#1603 = CARTESIAN_POINT ( 'NONE',  ( 0.000000000000000000, -113.5000000005728964, -32.27615218501041028 ) ) ;
#1604 = ORIENTED_EDGE ( 'NONE', *, *, #356, .F. ) ;
#1605 = FACE_BOUND ( 'NONE', #229, .T. ) ;
#1606 = ORIENTED_EDGE ( 'NONE', *, *, #1083, .F. ) ;
#1607 = VECTOR ( 'NONE', #732, 1000.000000000000000 ) ;
#1608 = VECTOR ( 'NONE', #1804, 1000.000000000000000 ) ;
#1609 = DIRECTION ( 'NONE',  ( 1.000000000000000000, -0.000000000000000000, -0.000000000000000000 ) ) ;
#1610 = VECTOR ( 'NONE', #1425, 1000.000000000000114 ) ;
#1611 = CARTESIAN_POINT ( 'NONE',  ( -15.00000000000000000, -17.31355932212096249, -8.423480841782438944 ) ) ;
#1612 = ORIENTED_EDGE ( 'NONE', *, *, #1616, .T. ) ;
#1613 = DIRECTION ( 'NONE',  ( 0.000000000000000000, -1.000000000000000000, -0.000000000000000000 ) ) ;
#1614 = EDGE_LOOP ( 'NONE', ( #982, #1821, #2010, #1489 ) ) ;
#1615 = EDGE_CURVE ( 'NONE', #590, #1959, #19, .T. ) ;
#1616 = EDGE_CURVE ( 'NONE', #1236, #1653, #508, .T. ) ;
#1617 = DIRECTION ( 'NONE',  ( 0.000000000000000000, 0.000000000000000000, 1.000000000000000000 ) ) ;
#1618 = ORIENTED_EDGE ( 'NONE', *, *, #894, .T. ) ;
#1619 = CARTESIAN_POINT ( 'NONE',  ( 0.000000000000000000, -17.31355932212096249, -5.423480841782437167 ) ) ;
#1620 = DIRECTION ( 'NONE',  ( 0.000000000000000000, 0.000000000000000000, 1.000000000000000000 ) ) ;
#1621 = ADVANCED_FACE ( 'NONE', ( #1112 ), #1572, .F. ) ;
#1622 = LINE ( 'NONE', #1140, #863 ) ;
#1623 = EDGE_CURVE ( 'NONE', #1100, #92, #694, .T. ) ;
#1624 = ORIENTED_EDGE ( 'NONE', *, *, #919, .F. ) ;
#1625 = EDGE_LOOP ( 'NONE', ( #814, #1011, #88, #1065 ) ) ;
#1626 = DIRECTION ( 'NONE',  ( 1.000000000000000000, -0.000000000000000000, -0.000000000000000000 ) ) ;
#1627 = ORIENTED_EDGE ( 'NONE', *, *, #1057, .T. ) ;
#1628 = VECTOR ( 'NONE', #1117, 1000.000000000000000 ) ;
#1629 = LINE ( 'NONE', #653, #1161 ) ;
#1630 = VECTOR ( 'NONE', #331, 1000.000000000000227 ) ;
#1631 = CARTESIAN_POINT ( 'NONE',  ( 0.000000000000000000, -26.93220338996615837, -9.658747976105223287 ) ) ;
#1632 = DIRECTION ( 'NONE',  ( 0.000000000000000000, 1.000000000000000000, -0.000000000000000000 ) ) ;
#1633 = ORIENTED_EDGE ( 'NONE', *, *, #1784, .T. ) ;
#1634 = EDGE_LOOP ( 'NONE', ( #798, #1799, #1120, #1968 ) ) ;
#1635 = VERTEX_POINT ( 'NONE', #1124 ) ;
#1636 = PLANE ( 'NONE',  #906 ) ;
#1637 = VERTEX_POINT ( 'NONE', #1330 ) ;
#1638 = AXIS2_PLACEMENT_3D ( 'NONE', #523, #1152, #68 ) ;
#1639 = ADVANCED_FACE ( 'NONE', ( #398 ), #648, .F. ) ;
#1640 = AXIS2_PLACEMENT_3D ( 'NONE', #901, #1719, #132 ) ;
#1641 = ORIENTED_EDGE ( 'NONE', *, *, #1994, .F. ) ;
#1642 = VECTOR ( 'NONE', #1462, 1000.000000000000000 ) ;
#1643 = DIRECTION ( 'NONE',  ( 0.000000000000000000, 0.9618644067845160128, 0.2735267134322915128 ) ) ;
#1644 = DIRECTION ( 'NONE',  ( 0.000000000000000000, -0.2735267134322910687, 0.9618644067845162349 ) ) ;
#1645 = LINE ( 'NONE', #872, #1767 ) ;
#1646 = ORIENTED_EDGE ( 'NONE', *, *, #908, .F. ) ;
#1647 = FACE_OUTER_BOUND ( 'NONE', #1160, .T. ) ;
#1648 = ADVANCED_FACE ( 'NONE', ( #1273 ), #1596, .F. ) ;
#1649 = EDGE_LOOP ( 'NONE', ( #737, #687, #437, #393 ) ) ;
#1650 = DIRECTION ( 'NONE',  ( 0.000000000000000000, 0.2735267134322916238, -0.9618644067845161238 ) ) ;
#1651 = ORIENTED_EDGE ( 'NONE', *, *, #203, .F. ) ;
#1652 = DIRECTION ( 'NONE',  ( 0.000000000000000000, 0.000000000000000000, -1.000000000000000000 ) ) ;
#1653 = VERTEX_POINT ( 'NONE', #1261 ) ;
#1654 = VECTOR ( 'NONE', #1149, 1000.000000000000000 ) ;
#1655 = LINE ( 'NONE', #1024, #1446 ) ;
#1656 = DIRECTION ( 'NONE',  ( 1.000000000000000000, -0.000000000000000000, -0.000000000000000000 ) ) ;
#1657 = LINE ( 'NONE', #62, #1737 ) ;
#1658 = EDGE_CURVE ( 'NONE', #1440, #1524, #1885, .T. ) ;
#1659 = LINE ( 'NONE', #1375, #1607 ) ;
#1660 = ORIENTED_EDGE ( 'NONE', *, *, #80, .T. ) ;
#1661 = CARTESIAN_POINT ( 'NONE',  ( -7.500000000000000000, -36.55084745781135780, -13.89401511042800941 ) ) ;
#1662 = ADVANCED_FACE ( 'NONE', ( #1285 ), #1342, .F. ) ;
#1663 = EDGE_LOOP ( 'NONE', ( #1460, #1349, #83, #714 ) ) ;
#1664 = DIRECTION ( 'NONE',  ( 0.000000000000000000, 0.000000000000000000, -1.000000000000000000 ) ) ;
#1665 = PERSON_AND_ORGANIZATION_ROLE ( 'creator' ) ;
#1666 = EDGE_LOOP ( 'NONE', ( #1746, #1923, #1618, #404 ) ) ;
#1667 = CARTESIAN_POINT ( 'NONE',  ( -18.00000000000000000, -113.5000000005728964, -36.27615218501041738 ) ) ;
#1668 = AXIS2_PLACEMENT_3D ( 'NONE', #1687, #421, #721 ) ;
#1669 = CARTESIAN_POINT ( 'NONE',  ( -15.00000000000000000, -72.13983050883859960, -24.01450350742227613 ) ) ;
#1670 = ORIENTED_EDGE ( 'NONE', *, *, #136, .F. ) ;
#1671 = DIRECTION ( 'NONE',  ( 1.000000000000000000, -0.000000000000000000, -0.000000000000000000 ) ) ;
#1672 = EDGE_LOOP ( 'NONE', ( #574, #177, #474, #459 ) ) ;
#1673 = CARTESIAN_POINT ( 'NONE',  ( 0.000000000000000000, -62.52118644099340372, -18.27923637309948646 ) ) ;
#1674 = VECTOR ( 'NONE', #1773, 1000.000000000000000 ) ;
#1675 = FACE_OUTER_BOUND ( 'NONE', #930, .T. ) ;
#1676 = VECTOR ( 'NONE', #918, 1000.000000000000114 ) ;
#1677 = LINE ( 'NONE', #1050, #780 ) ;
#1678 = VECTOR ( 'NONE', #185, 1000.000000000000227 ) ;
#1679 = ORIENTED_EDGE ( 'NONE', *, *, #203, .T. ) ;
#1680 = EDGE_CURVE ( 'NONE', #1901, #639, #1212, .T. ) ;
#1681 = DIRECTION ( 'NONE',  ( 0.000000000000000000, 0.000000000000000000, 1.000000000000000000 ) ) ;
#1682 = ORIENTED_EDGE ( 'NONE', *, *, #767, .F. ) ;
#1683 = EDGE_CURVE ( 'NONE', #943, #167, #1036, .T. ) ;
#1684 = CALENDAR_DATE ( 2026, 7, 9 ) ;
#1685 = VERTEX_POINT ( 'NONE', #1669 ) ;
#1686 = FACE_OUTER_BOUND ( 'NONE', #1625, .T. ) ;
#1687 = CARTESIAN_POINT ( 'NONE',  ( -15.00000000000000000, 0.000000000000000000, 0.000000000000000000 ) ) ;
#1688 = ADVANCED_FACE ( 'NONE', ( #1061, #1501, #124, #439, #291, #705, #748, #1382, #102, #893, #871, #90 ), #1975, .T. ) ;
#1689 = AXIS2_PLACEMENT_3D ( 'NONE', #1159, #212, #1777 ) ;
#1690 = LINE ( 'NONE', #293, #724 ) ;
#1691 = ORIENTED_EDGE ( 'NONE', *, *, #1616, .F. ) ;
#1692 = CARTESIAN_POINT ( 'NONE',  ( 3.000000000000000000, 4.000000000000000000, 0.000000000000000000 ) ) ;
#1693 = ORIENTED_EDGE ( 'NONE', *, *, #1468, .F. ) ;
#1694 = CARTESIAN_POINT ( 'NONE',  ( 0.000000000000000000, -100.9957627123741872, -29.22030491039062383 ) ) ;
#1695 = CARTESIAN_POINT ( 'NONE',  ( 0.000000000000000000, -65.40677966134694543, -20.59981651339635889 ) ) ;
#1696 = VECTOR ( 'NONE', #642, 1000.000000000000000 ) ;
#1697 = LINE ( 'NONE', #625, #403 ) ;
#1698 = ORIENTED_EDGE ( 'NONE', *, *, #981, .T. ) ;
#1699 = LINE ( 'NONE', #2003, #262 ) ;
#1700 = ORIENTED_EDGE ( 'NONE', *, *, #1840, .F. ) ;
#1701 = ADVANCED_FACE ( 'NONE', ( #1998 ), #1817, .F. ) ;
#1702 = CARTESIAN_POINT ( 'NONE',  ( -15.00000000000000000, 4.000000000000000000, -4.000000000000009770 ) ) ;
#1703 = DIRECTION ( 'NONE',  ( 0.000000000000000000, -0.9618644067845162349, -0.2735267134322910687 ) ) ;
#1704 = VECTOR ( 'NONE', #448, 1000.000000000000227 ) ;
#1705 = CARTESIAN_POINT ( 'NONE',  ( -7.500000000000000000, -75.02542372919214131, -24.83508364771914856 ) ) ;
#1706 = ORIENTED_EDGE ( 'NONE', *, *, #569, .F. ) ;
#1707 = VECTOR ( 'NONE', #1643, 1000.000000000000114 ) ;
#1708 = ADVANCED_FACE ( 'NONE', ( #1354 ), #1966, .F. ) ;
#1709 = DIRECTION ( 'NONE',  ( 0.000000000000000000, 1.000000000000000000, -0.000000000000000000 ) ) ;
#1710 = VERTEX_POINT ( 'NONE', #1183 ) ;
#1711 = CARTESIAN_POINT ( 'NONE',  ( 0.000000000000000000, -43.28389830530300486, -12.80870210445391599 ) ) ;
#1712 = EDGE_CURVE ( 'NONE', #940, #804, #597, .T. ) ;
#1713 = PLANE ( 'NONE',  #1445 ) ;
#1714 = ADVANCED_FACE ( 'NONE', ( #731 ), #1845, .F. ) ;
#1715 = VERTEX_POINT ( 'NONE', #1204 ) ;
#1716 = CARTESIAN_POINT ( 'NONE',  ( 3.000000000000000000, -113.5000000005728964, -36.27615218501041738 ) ) ;
#1717 = CARTESIAN_POINT ( 'NONE',  ( -7.500000000000000000, -7.694915254275763949, -4.188213707459652824 ) ) ;
#1718 = ORIENTED_EDGE ( 'NONE', *, *, #609, .T. ) ;
#1719 = DIRECTION ( 'NONE',  ( 0.000000000000000000, -0.2735267134322910687, 0.9618644067845162349 ) ) ;
#1720 = DIRECTION ( 'NONE',  ( 0.000000000000000000, 0.000000000000000000, -1.000000000000000000 ) ) ;
#1721 = CARTESIAN_POINT ( 'NONE',  ( 3.000000000000000000, 1.355252715606880543E-17, -4.000000000000009770 ) ) ;
#1722 = VERTEX_POINT ( 'NONE', #281 ) ;
#1723 = VECTOR ( 'NONE', #1241, 1000.000000000000000 ) ;
#1724 = EDGE_CURVE ( 'NONE', #1192, #1635, #430, .T. ) ;
#1725 = CARTESIAN_POINT ( 'NONE',  ( 0.000000000000000000, -26.93220338996615837, -8.158747976105221511 ) ) ;
#1726 = VECTOR ( 'NONE', #1853, 1000.000000000000114 ) ;
#1727 = ORIENTED_EDGE ( 'NONE', *, *, #708, .T. ) ;
#1728 = ORIENTED_EDGE ( 'NONE', *, *, #981, .F. ) ;
#1729 = CARTESIAN_POINT ( 'NONE',  ( -7.500000000000000000, -52.90254237314820074, -15.54396923877669856 ) ) ;
#1730 = DIRECTION ( 'NONE',  ( 0.000000000000000000, 0.2735267134322921234, -0.9618644067845160128 ) ) ;
#1731 = CARTESIAN_POINT ( 'NONE',  ( -15.00000000000000000, -84.64406779703733719, -27.57035078204193113 ) ) ;
#1732 = ORIENTED_EDGE ( 'NONE', *, *, #85, .T. ) ;
#1733 = AXIS2_PLACEMENT_3D ( 'NONE', #1111, #1240, #1868 ) ;
#1734 = EDGE_CURVE ( 'NONE', #1002, #174, #1510, .T. ) ;
#1735 = ORIENTED_EDGE ( 'NONE', *, *, #1066, .T. ) ;
#1736 = VERTEX_POINT ( 'NONE', #258 ) ;
#1737 = VECTOR ( 'NONE', #248, 1000.000000000000000 ) ;
#1738 = ADVANCED_FACE ( 'NONE', ( #882 ), #114, .F. ) ;
#1739 = DIRECTION ( 'NONE',  ( -0.000000000000000000, 1.000000000000000000, -0.000000000000000000 ) ) ;
#1740 = CARTESIAN_POINT ( 'NONE',  ( -7.500000000000000000, -17.31355932212096249, -5.423480841782437167 ) ) ;
#1741 = LINE ( 'NONE', #823, #435 ) ;
#1742 = ADVANCED_FACE ( 'NONE', ( #1675 ), #739, .F. ) ;
#1743 = ORIENTED_EDGE ( 'NONE', *, *, #1447, .F. ) ;
#1744 = CARTESIAN_POINT ( 'NONE',  ( -15.00000000000000000, -7.694915254275763949, -5.688213707459654600 ) ) ;
#1745 = CARTESIAN_POINT ( 'NONE',  ( -7.500000000000000000, -65.40677966134694543, -19.09981651339635889 ) ) ;
#1746 = ORIENTED_EDGE ( 'NONE', *, *, #105, .T. ) ;
#1747 = LOCAL_TIME ( 18, 35, 25.00000000000000000, #853 ) ;
#1748 = LINE ( 'NONE', #476, #951 ) ;
#1749 = CARTESIAN_POINT ( 'NONE',  ( -15.00000000000000000, -94.26271186488253306, -30.30561791636471725 ) ) ;
#1750 = CARTESIAN_POINT ( 'NONE',  ( -7.500000000000000000, -72.13983050883859960, -21.01450350742226902 ) ) ;
#1751 = EDGE_LOOP ( 'NONE', ( #283, #1612, #252, #685, #1335, #1154 ) ) ;
#1752 = CARTESIAN_POINT ( 'NONE',  ( 0.000000000000000000, 0.000000000000000000, 0.000000000000000000 ) ) ;
#1753 = EDGE_LOOP ( 'NONE', ( #1357, #1732, #285, #1920 ) ) ;
#1754 = DIRECTION ( 'NONE',  ( 0.000000000000000000, 0.000000000000000000, 1.000000000000000000 ) ) ;
#1755 = ORIENTED_EDGE ( 'NONE', *, *, #1977, .T. ) ;
#1756 = AXIS2_PLACEMENT_3D ( 'NONE', #180, #1620, #58 ) ;
#1757 = AXIS2_PLACEMENT_3D ( 'NONE', #1579, #1880, #336 ) ;
#1758 = CARTESIAN_POINT ( 'NONE',  ( 0.000000000000000000, -65.40677966134694543, -22.09981651339636244 ) ) ;
#1759 = EDGE_CURVE ( 'NONE', #1225, #787, #446, .T. ) ;
#1760 = DIRECTION ( 'NONE',  ( -0.000000000000000000, -0.9618644067845160128, -0.2735267134322915683 ) ) ;
#1761 = ORIENTED_EDGE ( 'NONE', *, *, #1037, .T. ) ;
#1762 = DIRECTION ( 'NONE',  ( 0.000000000000000000, 1.000000000000000000, -0.000000000000000000 ) ) ;
#1763 = EDGE_LOOP ( 'NONE', ( #96, #1941, #1981, #616 ) ) ;
#1764 = ADVANCED_FACE ( 'NONE', ( #160 ), #764, .F. ) ;
#1765 = DIRECTION ( 'NONE',  ( -0.000000000000000000, -0.9618644067845162349, -0.2735267134322910687 ) ) ;
#1766 = DIRECTION ( 'NONE',  ( 0.000000000000000000, -0.2735267134322910687, 0.9618644067845162349 ) ) ;
#1767 = VECTOR ( 'NONE', #1487, 1000.000000000000000 ) ;
#1768 = DIRECTION ( 'NONE',  ( 0.000000000000000000, 0.9618644067845160128, 0.2735267134322915128 ) ) ;
#1769 = ORIENTED_EDGE ( 'NONE', *, *, #848, .T. ) ;
#1770 = CARTESIAN_POINT ( 'NONE',  ( 0.000000000000000000, -100.9957627123741872, -32.22030491039063094 ) ) ;
#1771 = EDGE_LOOP ( 'NONE', ( #238, #698, #1933, #118 ) ) ;
#1772 = ORIENTED_EDGE ( 'NONE', *, *, #696, .F. ) ;
#1773 = DIRECTION ( 'NONE',  ( 1.000000000000000000, -0.000000000000000000, -0.000000000000000000 ) ) ;
#1774 = EDGE_LOOP ( 'NONE', ( #343, #1347, #1569, #1156 ) ) ;
#1775 = PRODUCT_DEFINITION_FORMATION_WITH_SPECIFIED_SOURCE ( 'ANY', '', #154, .NOT_KNOWN. ) ;
#1776 = LINE ( 'NONE', #810, #391 ) ;
#1777 = DIRECTION ( 'NONE',  ( 0.000000000000000000, 0.000000000000000000, 1.000000000000000000 ) ) ;
#1778 = ADVANCED_FACE ( 'NONE', ( #1556 ), #1257, .F. ) ;
#1779 = ORIENTED_EDGE ( 'NONE', *, *, #1587, .F. ) ;
#1780 = PLANE ( 'NONE',  #1924 ) ;
#1781 = ORIENTED_EDGE ( 'NONE', *, *, #32, .F. ) ;
#1782 = EDGE_LOOP ( 'NONE', ( #779, #1231, #795, #1819 ) ) ;
#1783 = EDGE_LOOP ( 'NONE', ( #646, #1936, #69, #869 ) ) ;
#1784 = EDGE_CURVE ( 'NONE', #1545, #1715, #783, .T. ) ;
#1785 = CARTESIAN_POINT ( 'NONE',  ( 0.000000000000000000, -75.02542372919214131, -21.83508364771914856 ) ) ;
#1786 = VERTEX_POINT ( 'NONE', #643 ) ;
#1787 = VECTOR ( 'NONE', #424, 1000.000000000000114 ) ;
#1788 = FACE_OUTER_BOUND ( 'NONE', #541, .T. ) ;
#1789 = PERSON_AND_ORGANIZATION ( #666, #351 ) ;
#1790 = ORIENTED_EDGE ( 'NONE', *, *, #531, .T. ) ;
#1791 = ADVANCED_FACE ( 'NONE', ( #325 ), #938, .F. ) ;
#1792 = CARTESIAN_POINT ( 'NONE',  ( -15.00000000000000000, -62.52118644099340372, -18.27923637309948646 ) ) ;
#1793 = CARTESIAN_POINT ( 'NONE',  ( -15.00000000000000000, -4.809322033922216910, -1.867633567162775510 ) ) ;
#1794 = DIRECTION ( 'NONE',  ( -1.000000000000000000, -0.000000000000000000, -0.000000000000000000 ) ) ;
#1795 = VERTEX_POINT ( 'NONE', #910 ) ;
#1796 = PLANE ( 'NONE',  #561 ) ;
#1797 = ORIENTED_EDGE ( 'NONE', *, *, #1528, .T. ) ;
#1798 = DIRECTION ( 'NONE',  ( 1.000000000000000000, -0.000000000000000000, -0.000000000000000000 ) ) ;
#1799 = ORIENTED_EDGE ( 'NONE', *, *, #1066, .F. ) ;
#1800 = PLANE ( 'NONE',  #999 ) ;
#1801 = EDGE_CURVE ( 'NONE', #1635, #1317, #1228, .T. ) ;
#1802 = APPLICATION_PROTOCOL_DEFINITION ( 'international standard', 'config_control_design', 1994, #143 ) ;
#1803 = ORIENTED_EDGE ( 'NONE', *, *, #1680, .F. ) ;
#1804 = DIRECTION ( 'NONE',  ( 0.000000000000000000, 0.000000000000000000, -1.000000000000000000 ) ) ;
#1805 = DIRECTION ( 'NONE',  ( 0.000000000000000000, -0.9618644067845162349, -0.2735267134322910687 ) ) ;
#1806 = ORIENTED_EDGE ( 'NONE', *, *, #1554, .T. ) ;
#1807 = EDGE_CURVE ( 'NONE', #750, #940, #1538, .T. ) ;
#1808 = LINE ( 'NONE', #115, #1308 ) ;
#1809 = EDGE_CURVE ( 'NONE', #1370, #273, #928, .T. ) ;
#1810 = ORIENTED_EDGE ( 'NONE', *, *, #1105, .T. ) ;
#1811 = LINE ( 'NONE', #1948, #579 ) ;
#1812 = ORIENTED_EDGE ( 'NONE', *, *, #913, .F. ) ;
#1813 = CARTESIAN_POINT ( 'NONE',  ( -15.00000000000000000, -43.28389830530300486, -12.80870210445391599 ) ) ;
#1814 = CALENDAR_DATE ( 2026, 7, 9 ) ;
#1815 = ORIENTED_EDGE ( 'NONE', *, *, #1075, .F. ) ;
#1816 = DIRECTION ( 'NONE',  ( 0.000000000000000000, 0.000000000000000000, -1.000000000000000000 ) ) ;
#1817 = PLANE ( 'NONE',  #227 ) ;
#1818 = CARTESIAN_POINT ( 'NONE',  ( -7.500000000000000000, -4.809322033922216910, -4.867633567162781283 ) ) ;
#1819 = ORIENTED_EDGE ( 'NONE', *, *, #647, .T. ) ;
#1820 = CARTESIAN_POINT ( 'NONE',  ( -15.00000000000000000, -75.02542372919214131, -21.83508364771914856 ) ) ;
#1821 = ORIENTED_EDGE ( 'NONE', *, *, #1528, .F. ) ;
#1822 = LINE ( 'NONE', #449, #1118 ) ;
#1823 = ORIENTED_EDGE ( 'NONE', *, *, #815, .F. ) ;
#1824 = AXIS2_PLACEMENT_3D ( 'NONE', #468, #1093, #23 ) ;
#1825 = CARTESIAN_POINT ( 'NONE',  ( 0.000000000000000000, -75.02542372919214131, -24.83508364771914856 ) ) ;
#1826 = VECTOR ( 'NONE', #1475, 1000.000000000000000 ) ;
#1827 = DIRECTION ( 'NONE',  ( 0.000000000000000000, 0.9618644067845160128, 0.2735267134322921234 ) ) ;
#1828 = CARTESIAN_POINT ( 'NONE',  ( -15.00000000000000000, -24.04661016961261311, -7.338167835808345529 ) ) ;
#1829 = LINE ( 'NONE', #1849, #965 ) ;
#1830 = ORIENTED_EDGE ( 'NONE', *, *, #1807, .T. ) ;
#1831 = EDGE_CURVE ( 'NONE', #1362, #1147, #623, .T. ) ;
#1832 = SECURITY_CLASSIFICATION_LEVEL ( 'unclassified' ) ;
#1833 = ORIENTED_EDGE ( 'NONE', *, *, #1759, .T. ) ;
#1834 = VECTOR ( 'NONE', #895, 1000.000000000000000 ) ;
#1835 = LINE ( 'NONE', #1485, #1151 ) ;
#1836 = VECTOR ( 'NONE', #1060, 1000.000000000000000 ) ;
#1837 = DIRECTION ( 'NONE',  ( 0.000000000000000000, 1.000000000000000000, 0.000000000000000000 ) ) ;
#1838 = DIRECTION ( 'NONE',  ( 0.000000000000000000, -0.9618644067845162349, -0.2735267134322910687 ) ) ;
#1839 = ORIENTED_EDGE ( 'NONE', *, *, #1582, .F. ) ;
#1840 = EDGE_CURVE ( 'NONE', #1984, #677, #1079, .T. ) ;
#1841 = DIRECTION ( 'NONE',  ( -1.000000000000000000, 0.000000000000000000, -0.000000000000000000 ) ) ;
#1842 = VERTEX_POINT ( 'NONE', #1068 ) ;
#1843 = EDGE_CURVE ( 'NONE', #707, #1842, #469, .T. ) ;
#1844 = CARTESIAN_POINT ( 'NONE',  ( -15.00000000000000000, -36.55084745781135780, -12.39401511042800763 ) ) ;
#1845 = PLANE ( 'NONE',  #265 ) ;
#1846 = AXIS2_PLACEMENT_3D ( 'NONE', #691, #1892, #220 ) ;
#1847 = LINE ( 'NONE', #1247, #1413 ) ;
#1848 = ORIENTED_EDGE ( 'NONE', *, *, #614, .T. ) ;
#1849 = CARTESIAN_POINT ( 'NONE',  ( -15.00000000000000000, -94.26271186488253306, -27.30561791636471369 ) ) ;
#1850 = ORIENTED_EDGE ( 'NONE', *, *, #997, .F. ) ;
#1851 = EDGE_CURVE ( 'NONE', #1145, #566, #1246, .T. ) ;
#1852 = LINE ( 'NONE', #139, #1137 ) ;
#1853 = DIRECTION ( 'NONE',  ( 0.000000000000000000, -0.9618644067845160128, -0.2735267134322915683 ) ) ;
#1854 = ADVANCED_FACE ( 'NONE', ( #1566 ), #170, .F. ) ;
#1855 = VECTOR ( 'NONE', #1158, 1000.000000000000000 ) ;
#1856 = DIRECTION ( 'NONE',  ( 0.000000000000000000, 0.000000000000000000, -1.000000000000000000 ) ) ;
#1857 = EDGE_LOOP ( 'NONE', ( #1921, #81, #606, #1281 ) ) ;
#1858 = DIRECTION ( 'NONE',  ( -0.000000000000000000, -0.000000000000000000, 1.000000000000000000 ) ) ;
#1859 = CARTESIAN_POINT ( 'NONE',  ( -15.00000000000000000, -113.5000000005728964, -36.27615218501041738 ) ) ;
#1860 = EDGE_LOOP ( 'NONE', ( #1728, #554, #1533, #158 ) ) ;
#1861 = CC_DESIGN_PERSON_AND_ORGANIZATION_ASSIGNMENT ( #1789, #542, ( #27 ) ) ;
#1862 = ADVANCED_FACE ( 'NONE', ( #309 ), #181, .F. ) ;
#1863 = DIRECTION ( 'NONE',  ( 0.000000000000000000, 0.9618644067845157908, 0.2735267134322921234 ) ) ;
#1864 = DIRECTION ( 'NONE',  ( 0.000000000000000000, 0.9618644067845160128, 0.2735267134322921234 ) ) ;
#1865 = VECTOR ( 'NONE', #1568, 1000.000000000000000 ) ;
#1866 = DIRECTION ( 'NONE',  ( 0.000000000000000000, 0.9618644067845162349, 0.2735267134322910687 ) ) ;
#1867 = VECTOR ( 'NONE', #857, 1000.000000000000000 ) ;
#1868 = DIRECTION ( 'NONE',  ( -0.000000000000000000, 0.000000000000000000, -1.000000000000000000 ) ) ;
#1869 = CARTESIAN_POINT ( 'NONE',  ( -15.00000000000000000, 4.000000000000000000, 0.000000000000000000 ) ) ;
#1870 = VERTEX_POINT ( 'NONE', #1268 ) ;
#1871 = LINE ( 'NONE', #308, #97 ) ;
#1872 = CARTESIAN_POINT ( 'NONE',  ( -15.00000000000000000, -65.40677966134694543, -22.09981651339636244 ) ) ;
#1873 = FACE_OUTER_BOUND ( 'NONE', #276, .T. ) ;
#1874 = EDGE_LOOP ( 'NONE', ( #91, #1360, #1606, #1574 ) ) ;
#1875 = LINE ( 'NONE', #1098, #1674 ) ;
#1876 = DIRECTION ( 'NONE',  ( 0.000000000000000000, 0.2735267134322921234, -0.9618644067845160128 ) ) ;
#1877 = VERTEX_POINT ( 'NONE', #1399 ) ;
#1878 = LINE ( 'NONE', #334, #624 ) ;
#1879 = CARTESIAN_POINT ( 'NONE',  ( 0.000000000000000000, -72.13983050883859960, -21.01450350742226902 ) ) ;
#1880 = DIRECTION ( 'NONE',  ( 0.000000000000000000, 0.2735267134322931781, -0.9618644067845156798 ) ) ;
#1881 = LINE ( 'NONE', #952, #1085 ) ;
#1882 = ORIENTED_EDGE ( 'NONE', *, *, #1253, .F. ) ;
#1883 = AXIS2_PLACEMENT_3D ( 'NONE', #879, #552, #1652 ) ;
#1884 = CARTESIAN_POINT ( 'NONE',  ( 0.000000000000000000, -14.42796610176741368, -4.602900701485560297 ) ) ;
#1885 = LINE ( 'NONE', #342, #480 ) ;
#1886 = AXIS2_PLACEMENT_3D ( 'NONE', #632, #1392, #950 ) ;
#1887 = EDGE_LOOP ( 'NONE', ( #94, #340, #1691, #1735 ) ) ;
#1888 = EDGE_LOOP ( 'NONE', ( #1810, #251, #199, #1242 ) ) ;
#1889 = ADVANCED_FACE ( 'NONE', ( #2 ), #976, .F. ) ;
#1890 = FACE_OUTER_BOUND ( 'NONE', #884, .T. ) ;
#1891 = LINE ( 'NONE', #1139, #711 ) ;
#1892 = DIRECTION ( 'NONE',  ( 0.000000000000000000, 0.2735267134322921234, -0.9618644067845160128 ) ) ;
#1893 = LINE ( 'NONE', #1603, #337 ) ;
#1894 = ORIENTED_EDGE ( 'NONE', *, *, #1249, .F. ) ;
#1895 = VECTOR ( 'NONE', #749, 1000.000000000000000 ) ;
#1896 = CARTESIAN_POINT ( 'NONE',  ( 3.000000000000000000, 0.000000000000000000, 0.000000000000000000 ) ) ;
#1897 = EDGE_LOOP ( 'NONE', ( #100, #116, #1125, #10 ) ) ;
#1898 = LINE ( 'NONE', #57, #1610 ) ;
#1899 = CARTESIAN_POINT ( 'NONE',  ( -7.500000000000000000, -84.64406779703733719, -27.57035078204193113 ) ) ;
#1900 = FACE_OUTER_BOUND ( 'NONE', #584, .T. ) ;
#1901 = VERTEX_POINT ( 'NONE', #385 ) ;
#1902 = DIRECTION ( 'NONE',  ( 1.000000000000000000, -0.000000000000000000, -0.000000000000000000 ) ) ;
#1903 = FACE_OUTER_BOUND ( 'NONE', #128, .T. ) ;
#1904 = ORIENTED_EDGE ( 'NONE', *, *, #48, .F. ) ;
#1905 = EDGE_CURVE ( 'NONE', #1295, #707, #1629, .T. ) ;
#1906 = PLANE ( 'NONE',  #726 ) ;
#1907 = CARTESIAN_POINT ( 'NONE',  ( 0.000000000000000000, -7.694915254275763949, -2.688213707459651491 ) ) ;
#1908 = LINE ( 'NONE', #802, #184 ) ;
#1909 = FACE_OUTER_BOUND ( 'NONE', #1457, .T. ) ;
#1910 = EDGE_CURVE ( 'NONE', #940, #656, #512, .T. ) ;
#1911 = ORIENTED_EDGE ( 'NONE', *, *, #1623, .F. ) ;
#1912 = VECTOR ( 'NONE', #1404, 1000.000000000000000 ) ;
#1913 = AXIS2_PLACEMENT_3D ( 'NONE', #478, #1237, #455 ) ;
#1914 = ADVANCED_FACE ( 'NONE', ( #822 ), #1299, .F. ) ;
#1915 = CARTESIAN_POINT ( 'NONE',  ( -7.500000000000000000, -81.75847457668379548, -26.74977064174505870 ) ) ;
#1916 = CARTESIAN_POINT ( 'NONE',  ( 3.000000000000000000, 1.355252715606880543E-17, -4.000000000000009770 ) ) ;
#1917 = PLANE ( 'NONE',  #1846 ) ;
#1918 = EDGE_CURVE ( 'NONE', #235, #761, #830, .T. ) ;
#1919 = DIRECTION ( 'NONE',  ( 0.000000000000000000, 0.000000000000000000, 1.000000000000000000 ) ) ;
#1920 = ORIENTED_EDGE ( 'NONE', *, *, #1567, .T. ) ;
#1921 = ORIENTED_EDGE ( 'NONE', *, *, #418, .F. ) ;
#1922 = DIRECTION ( 'NONE',  ( 1.000000000000000000, -0.000000000000000000, -0.000000000000000000 ) ) ;
#1923 = ORIENTED_EDGE ( 'NONE', *, *, #447, .T. ) ;
#1924 = AXIS2_PLACEMENT_3D ( 'NONE', #534, #831, #683 ) ;
#1925 = DIRECTION ( 'NONE',  ( 0.000000000000000000, 0.2735267134322921234, -0.9618644067845160128 ) ) ;
#1926 = CARTESIAN_POINT ( 'NONE',  ( -15.00000000000000000, -36.55084745781135780, -10.89401511042800763 ) ) ;
#1927 = VECTOR ( 'NONE', #1794, 1000.000000000000000 ) ;
#1928 = DIRECTION ( 'NONE',  ( -0.000000000000000000, -1.000000000000000000, -0.000000000000000000 ) ) ;
#1929 = ORIENTED_EDGE ( 'NONE', *, *, #355, .T. ) ;
#1930 = PLANE ( 'NONE',  #239 ) ;
#1931 = EDGE_LOOP ( 'NONE', ( #1303, #1394, #1882, #1790 ) ) ;
#1932 = EDGE_CURVE ( 'NONE', #1653, #515, #841, .T. ) ;
#1933 = ORIENTED_EDGE ( 'NONE', *, *, #1143, .T. ) ;
#1934 = EDGE_LOOP ( 'NONE', ( #441, #428, #86, #20 ) ) ;
#1935 = DIRECTION ( 'NONE',  ( 1.000000000000000000, -0.000000000000000000, -0.000000000000000000 ) ) ;
#1936 = ORIENTED_EDGE ( 'NONE', *, *, #490, .F. ) ;
#1937 = EDGE_CURVE ( 'NONE', #1594, #988, #1473, .T. ) ;
#1938 = AXIS2_PLACEMENT_3D ( 'NONE', #1311, #662, #1130 ) ;
#1939 = CARTESIAN_POINT ( 'NONE',  ( -18.00000000000000000, 4.000000000000000000, 0.000000000000000000 ) ) ;
#1940 = PERSON_AND_ORGANIZATION ( #666, #351 ) ;
#1941 = ORIENTED_EDGE ( 'NONE', *, *, #1390, .F. ) ;
#1942 = LINE ( 'NONE', #257, #527 ) ;
#1943 = DIRECTION ( 'NONE',  ( 0.000000000000000000, 0.9618644067845157908, 0.2735267134322921234 ) ) ;
#1944 = ORIENTED_EDGE ( 'NONE', *, *, #674, .F. ) ;
#1945 = ORIENTED_EDGE ( 'NONE', *, *, #21, .T. ) ;
#1946 = ORIENTED_EDGE ( 'NONE', *, *, #1801, .F. ) ;
#1947 = ADVANCED_FACE ( 'NONE', ( #520 ), #811, .F. ) ;
#1948 = CARTESIAN_POINT ( 'NONE',  ( -7.500000000000000000, -36.55084745781135780, -10.89401511042800763 ) ) ;
#1949 = ORIENTED_EDGE ( 'NONE', *, *, #712, .F. ) ;
#1950 = AXIS2_PLACEMENT_3D ( 'NONE', #75, #384, #1982 ) ;
#1951 = FACE_OUTER_BOUND ( 'NONE', #619, .T. ) ;
#1952 = CALENDAR_DATE ( 2026, 7, 9 ) ;
#1953 = ORIENTED_EDGE ( 'NONE', *, *, #947, .F. ) ;
#1954 = EDGE_CURVE ( 'NONE', #741, #956, #1908, .T. ) ;
#1955 = EDGE_CURVE ( 'NONE', #1451, #943, #76, .T. ) ;
#1956 = PLANE ( 'NONE',  #1415 ) ;
#1957 = CARTESIAN_POINT ( 'NONE',  ( -18.00000000000000000, 4.000000000000000000, -4.000000000000009770 ) ) ;
#1958 = EDGE_LOOP ( 'NONE', ( #528, #788, #31, #1929 ) ) ;
#1959 = VERTEX_POINT ( 'NONE', #376 ) ;
#1960 = FACE_OUTER_BOUND ( 'NONE', #808, .T. ) ;
#1961 = ORIENTED_EDGE ( 'NONE', *, *, #640, .T. ) ;
#1962 = VECTOR ( 'NONE', #1429, 1000.000000000000000 ) ;
#1963 = CALENDAR_DATE ( 2026, 7, 9 ) ;
#1964 = ORIENTED_EDGE ( 'NONE', *, *, #922, .F. ) ;
#1965 = CARTESIAN_POINT ( 'NONE',  ( 0.000000000000000000, -4.809322033922216910, -4.867633567162781283 ) ) ;
#1966 = PLANE ( 'NONE',  #1562 ) ;
#1967 = LINE ( 'NONE', #1344, #654 ) ;
#1968 = ORIENTED_EDGE ( 'NONE', *, *, #1447, .T. ) ;
#1969 = DIRECTION ( 'NONE',  ( 0.000000000000000000, -0.2735267134322910687, 0.9618644067845162349 ) ) ;
#1970 = ORIENTED_EDGE ( 'NONE', *, *, #1167, .T. ) ;
#1971 = ADVANCED_FACE ( 'NONE', ( #44 ), #984, .F. ) ;
#1972 = CARTESIAN_POINT ( 'NONE',  ( -7.500000000000000000, -14.42796610176741368, -4.602900701485560297 ) ) ;
#1973 = ORIENTED_EDGE ( 'NONE', *, *, #1683, .F. ) ;
#1974 = CARTESIAN_POINT ( 'NONE',  ( -15.00000000000000000, -26.93220338996615837, -8.158747976105221511 ) ) ;
#1975 = PLANE ( 'NONE',  #1668 ) ;
#1976 = CARTESIAN_POINT ( 'NONE',  ( -7.500000000000000000, -55.78813559350174955, -19.36454937907357987 ) ) ;
#1977 = EDGE_CURVE ( 'NONE', #1209, #988, #670, .T. ) ;
#1978 = ORIENTED_EDGE ( 'NONE', *, *, #974, .F. ) ;
#1979 = EDGE_CURVE ( 'NONE', #547, #1722, #1622, .T. ) ;
#1980 = CARTESIAN_POINT ( 'NONE',  ( -15.00000000000000000, -17.31355932212096249, -6.923480841782438056 ) ) ;
#1981 = ORIENTED_EDGE ( 'NONE', *, *, #1321, .F. ) ;
#1982 = DIRECTION ( 'NONE',  ( 0.000000000000000000, 0.9618644067845160128, 0.2735267134322921234 ) ) ;
#1983 = DATE_TIME_ROLE ( 'creation_date' ) ;
#1984 = VERTEX_POINT ( 'NONE', #1758 ) ;
#1985 = AXIS2_PLACEMENT_3D ( 'NONE', #1717, #1709, #117 ) ;
#1986 = DIRECTION ( 'NONE',  ( 0.000000000000000000, 0.000000000000000000, -1.000000000000000000 ) ) ;
#1987 = AXIS2_PLACEMENT_3D ( 'NONE', #1988, #586, #1720 ) ;
#1988 = CARTESIAN_POINT ( 'NONE',  ( -7.500000000000000000, -24.04661016961261311, -7.338167835808345529 ) ) ;
#1989 = ADVANCED_FACE ( 'NONE', ( #1900 ), #1917, .F. ) ;
#1990 = CARTESIAN_POINT ( 'NONE',  ( 0.000000000000000000, -33.66525423745780898, -13.07343497013113698 ) ) ;
#1991 = EDGE_LOOP ( 'NONE', ( #26, #1743, #1259, #1123 ) ) ;
#1992 = PLANE ( 'NONE',  #298 ) ;
#1993 = ORIENTED_EDGE ( 'NONE', *, *, #303, .F. ) ;
#1994 = EDGE_CURVE ( 'NONE', #1187, #273, #491, .T. ) ;
#1995 = VECTOR ( 'NONE', #1356, 1000.000000000000227 ) ;
#1996 = CARTESIAN_POINT ( 'NONE',  ( -7.500000000000000000, -75.02542372919214131, -21.83508364771914856 ) ) ;
#1997 = AXIS2_PLACEMENT_3D ( 'NONE', #704, #1193, #1816 ) ;
#1998 = FACE_OUTER_BOUND ( 'NONE', #861, .T. ) ;
#1999 = AXIS2_PLACEMENT_3D ( 'NONE', #488, #22, #1588 ) ;
#2000 = DIRECTION ( 'NONE',  ( 0.000000000000000000, -0.2735267134322915683, 0.9618644067845161238 ) ) ;
#2001 = EDGE_CURVE ( 'NONE', #875, #353, #1119, .T. ) ;
#2002 = ORIENTED_EDGE ( 'NONE', *, *, #1582, .T. ) ;
#2003 = CARTESIAN_POINT ( 'NONE',  ( -15.00000000000000000, -55.78813559350174955, -16.36454937907357632 ) ) ;
#2004 = ORIENTED_EDGE ( 'NONE', *, *, #1287, .F. ) ;
#2005 = EDGE_CURVE ( 'NONE', #761, #891, #67, .T. ) ;
#2006 = CARTESIAN_POINT ( 'NONE',  ( 0.000000000000000000, -26.93220338996615837, -8.158747976105221511 ) ) ;
#2007 = CARTESIAN_POINT ( 'NONE',  ( 0.000000000000000000, -75.02542372919214131, -21.83508364771914856 ) ) ;
#2008 = LOCAL_TIME ( 18, 35, 25.00000000000000000, #1058 ) ;
#2009 = LINE ( 'NONE', #1705, #1570 ) ;
#2010 = ORIENTED_EDGE ( 'NONE', *, *, #105, .F. ) ;
#2011 = ADVANCED_FACE ( 'NONE', ( #267 ), #736, .F. ) ;
#2012 = DIRECTION ( 'NONE',  ( 0.000000000000000000, 0.9618644067845157908, 0.2735267134322921234 ) ) ;
#2013 = ORIENTED_EDGE ( 'NONE', *, *, #1132, .T. ) ;
ENDSEC;
END-ISO-10303-21;
