ISO-10303-21;
HEADER;
FILE_DESCRIPTION (( 'STEP AP203' ),
    '1' );
FILE_NAME ('SideCushion.step',
    '2026-09-07T17:35:27',
    ( '' ),
    ( '' ),
    'SwSTEP 2.0',
    'SolidWorks 2026',
    '' );
FILE_SCHEMA (( 'CONFIG_CONTROL_DESIGN' ));
ENDSEC;

DATA;
#1 = PERSON_AND_ORGANIZATION_ROLE ( 'creator' ) ;
#2 = CARTESIAN_POINT ( 'NONE',  ( -79.16509727888374925, 28.99999999999999645, -43.95448756962437642 ) ) ;
#3 = CARTESIAN_POINT ( 'NONE',  ( -85.11037650456765391, 28.26170325355565893, -35.23306284045091985 ) ) ;
#4 = DIRECTION ( 'NONE',  ( -0.000000000000000000, -0.000000000000000000, 1.000000000000000000 ) ) ;
#5 = CARTESIAN_POINT ( 'NONE',  ( -78.76098593500667278, 1.000000000000001332, -43.36525122059955351 ) ) ;
#6 = VERTEX_POINT ( 'NONE', #31 ) ;
#7 = MECHANICAL_CONTEXT ( 'NONE', #58, 'mechanical' ) ;
#8 = CARTESIAN_POINT ( 'NONE',  ( -81.73302466515157505, 27.99999999999907274, -45.19694225131122778 ) ) ;
#9 = CARTESIAN_POINT ( 'NONE',  ( -81.51214832290870049, -1.396359512672273328E-12, -45.17136982582216120 ) ) ;
#10 = CARTESIAN_POINT ( 'NONE',  ( -79.13638076412492239, 0.000000000000000000, -40.52634502005975747 ) ) ;
#11 = VECTOR ( 'NONE', #904, 1000.000000000000000 ) ;
#12 = CARTESIAN_POINT ( 'NONE',  ( -81.04872599944771139, 0.9999999999999913403, -45.09472419202304394 ) ) ;
#13 = ORIENTED_EDGE ( 'NONE', *, *, #422, .T. ) ;
#14 = CARTESIAN_POINT ( 'NONE',  ( -85.42435659491606259, 0.9999999999981581400, -37.36319768541740416 ) ) ;
#15 = COORDINATED_UNIVERSAL_TIME_OFFSET ( 0, 0, .AHEAD. ) ;
#16 = CARTESIAN_POINT ( 'NONE',  ( -83.68167206294204163, 27.99999999999968736, -45.05018857105872598 ) ) ;
#17 = CARTESIAN_POINT ( 'NONE',  ( -78.39204389096894943, 1.000000000000000888, -42.47735434418343203 ) ) ;
#18 = CARTESIAN_POINT ( 'NONE',  ( -84.72215876940752821, 9.765949496119465562E-16, -30.63095566767139744 ) ) ;
#19 = CARTESIAN_POINT ( 'NONE',  ( -79.13637233178062047, 0.000000000000000000, -31.21674210529830518 ) ) ;
#20 = CARTESIAN_POINT ( 'NONE',  ( -86.39665171857616599, 0.9999999999996940225, -39.52511547805951864 ) ) ;
#21 = CARTESIAN_POINT ( 'NONE',  ( -85.88132945773804749, 28.00000000000031619, -43.64896164502248155 ) ) ;
#22 = CARTESIAN_POINT ( 'NONE',  ( -79.13637233178062047, 1.000000000000000888, -40.52634505667347042 ) ) ;
#23 = DIRECTION ( 'NONE',  ( -0.000000000000000000, -0.000000000000000000, -1.000000000000000000 ) ) ;
#24 = VERTEX_POINT ( 'NONE', #929 ) ;
#25 = CARTESIAN_POINT ( 'NONE',  ( -86.53806954783753724, 0.9999999999999940048, -39.82267731363921115 ) ) ;
#26 = CARTESIAN_POINT ( 'NONE',  ( -85.24958653438675071, 29.00000000000000355, -39.54179928346319883 ) ) ;
#27 = CARTESIAN_POINT ( 'NONE',  ( -79.16509727888373504, -4.615551101145383511E-13, -43.95448756962437642 ) ) ;
#28 = CC_DESIGN_APPROVAL ( #381, ( #166 ) ) ;
#29 = CARTESIAN_POINT ( 'NONE',  ( -85.13637233178063468, 29.00000000000000000, -30.21674210529830162 ) ) ;
#30 = AXIS2_PLACEMENT_3D ( 'NONE', #543, #142, #370 ) ;
#31 = CARTESIAN_POINT ( 'NONE',  ( -85.13637233178063468, 1.000000000000007772, -30.21674210529830162 ) ) ;
#32 = COORDINATED_UNIVERSAL_TIME_OFFSET ( 0, 0, .AHEAD. ) ;
#33 = CARTESIAN_POINT ( 'NONE',  ( -85.17869450021667888, 29.00000000000000355, -42.90220867695229856 ) ) ;
#34 = CARTESIAN_POINT ( 'NONE',  ( -79.54210202091653059, 6.722053469410127491E-15, -42.69651851864259129 ) ) ;
#35 = CARTESIAN_POINT ( 'NONE',  ( -86.74354347033875001, 1.000000000000006439, -40.95725755785200306 ) ) ;
#36 = ORIENTED_EDGE ( 'NONE', *, *, #1046, .T. ) ;
#37 = ADVANCED_FACE ( 'NONE', ( #629 ), #380, .T. ) ;
#38 = CARTESIAN_POINT ( 'NONE',  ( -85.69996983864255924, 1.000000000000007772, -38.22748524759209943 ) ) ;
#39 = CARTESIAN_POINT ( 'NONE',  ( -86.51080595837514409, 29.00000000000091660, -42.40157001957852856 ) ) ;
#40 = CARTESIAN_POINT ( 'NONE',  ( -85.88132945773804749, 1.000000000000316858, -43.64896164502248155 ) ) ;
#41 = CARTESIAN_POINT ( 'NONE',  ( -85.13637233178063468, 28.00000000000000000, -30.21674210529830162 ) ) ;
#42 = ORIENTED_EDGE ( 'NONE', *, *, #522, .F. ) ;
#43 = CARTESIAN_POINT ( 'NONE',  ( -86.57535420410260940, 28.99999999999874944, -42.18583452958239377 ) ) ;
#44 = CARTESIAN_POINT ( 'NONE',  ( -86.67517152442495387, 1.084707592922877098E-12, -41.74113318152687668 ) ) ;
#45 = CARTESIAN_POINT ( 'NONE',  ( -83.45107618150714757, -8.890457814381111115E-15, -44.07562746513989538 ) ) ;
#46 = CARTESIAN_POINT ( 'NONE',  ( -85.10507195747462106, 29.00000000000000000, -31.21674210529830518 ) ) ;
#47 = B_SPLINE_CURVE_WITH_KNOTS ( 'NONE', 3,
 ( #405, #83, #568, #901, #1049, #94, #485, #978, #5, #821, #1058, #328, #480, #665, #660, #984, #12, #250, #583, #324, #558, #497, #245, #78, #892, #315, #646, #577, #972, #400, #563, #896, #191, #1013, #518, #839, #928, #266, #117, #35, #101, #933, #419, #186, #600, #1001, #112, #850, #1005, #923, #755, #861, #513, #760 ),
 .UNSPECIFIED., .F., .F.,
 ( 4, 2, 2, 2, 2, 2, 2, 2, 2, 2, 2, 2, 2, 2, 2, 2, 2, 2, 2, 2, 2, 2, 2, 2, 2, 2, 4 ),
 ( -6.000000001037764378E-08, 0.0006264881899512269713, 0.001253036379902464212, 0.002506132759804911153, 0.003132680949756126276, 0.003759229139707342265, 0.004385777329658556954, 0.005012325519609772510, 0.006265421899512165459, 0.006891970089463341116, 0.007518518279414515906, 0.008771614659316867221, 0.009398162849268023797, 0.01002471103921917864, 0.01065125922917033521, 0.01127780741912148832, 0.01190435560907264489, 0.01253090379902379800, 0.01315745198897495458, 0.01378400017892610942, 0.01441054836887726252, 0.01503709655882841910, 0.01566364474877957394, 0.01629019293873072705, 0.01754328931863299856, 0.01879638569853527355, 0.02004948207843754507 ),
 .UNSPECIFIED. ) ;
#48 = SECURITY_CLASSIFICATION ( '', '', #488 ) ;
#49 = CARTESIAN_POINT ( 'NONE',  ( -79.43426471039740022, 29.00000000000000711, -42.44096622333073299 ) ) ;
#50 = CARTESIAN_POINT ( 'NONE',  ( -85.13637233178063468, 0.000000000000000000, -31.21674210529830518 ) ) ;
#51 = CARTESIAN_POINT ( 'NONE',  ( -86.70936829409734514, -1.263871436969640475E-12, -41.51744760464187323 ) ) ;
#52 = EDGE_CURVE ( 'NONE', #238, #684, #65, .T. ) ;
#53 = CARTESIAN_POINT ( 'NONE',  ( -85.17476519835742010, -1.409462824231156080E-14, -42.90803020090541509 ) ) ;
#54 = CARTESIAN_POINT ( 'NONE',  ( -86.50731269226561437, 28.00000000000000000, -39.73053774593660847 ) ) ;
#55 = CARTESIAN_POINT ( 'NONE',  ( -80.83758448211003156, 29.00000000000001066, -43.96070543084103122 ) ) ;
#56 = CARTESIAN_POINT ( 'NONE',  ( -79.13637233178062047, 28.00000000000000000, -44.39541070858673066 ) ) ;
#57 = CARTESIAN_POINT ( 'NONE',  ( -84.96388707974556098, 1.000000000000004441, -44.50169694278896060 ) ) ;
#58 = APPLICATION_CONTEXT ( 'configuration controlled 3d designs of mechanical parts and assemblies' ) ;
#59 = CARTESIAN_POINT ( 'NONE',  ( -79.22879576781906508, 29.00000000000000000, -41.66771501209986184 ) ) ;
#60 = CARTESIAN_POINT ( 'NONE',  ( -84.72370586979825191, 28.00000000000001066, -44.64158192286552662 ) ) ;
#61 = CARTESIAN_POINT ( 'NONE',  ( -85.69779995841420828, 28.99999999999998934, -41.59329828555678432 ) ) ;
#62 = LINE ( 'NONE', #661, #734 ) ;
#63 = CARTESIAN_POINT ( 'NONE',  ( -78.46098775896793143, 28.99999999999907274, -42.69418837892040131 ) ) ;
#64 = DIRECTION ( 'NONE',  ( 0.000000000000000000, 0.000000000000000000, -1.000000000000000000 ) ) ;
#65 = LINE ( 'NONE', #635, #204 ) ;
#66 = LOCAL_TIME ( 18, 35, 27.00000000000000000, #482 ) ;
#67 = CARTESIAN_POINT ( 'NONE',  ( -84.25615874908632463, 1.517883041479706208E-15, -36.55996535193215635 ) ) ;
#68 = CARTESIAN_POINT ( 'NONE',  ( -84.25615874908632463, 29.00000000000000000, -36.55996535193215635 ) ) ;
#69 = CARTESIAN_POINT ( 'NONE',  ( -78.74245456938031396, 27.99999999999969091, -43.33626775821144150 ) ) ;
#70 = CARTESIAN_POINT ( 'NONE',  ( -79.88981169827755480, 28.00000000000001421, -44.58695574734971245 ) ) ;
#71 = CARTESIAN_POINT ( 'NONE',  ( -85.18674907873915458, 28.99999999999999645, -39.43538159944056076 ) ) ;
#72 = CARTESIAN_POINT ( 'NONE',  ( -85.15559525997134926, 27.99999999999953815, -35.52457725571532166 ) ) ;
#73 = DESIGN_CONTEXT ( 'detailed design', #269, 'design' ) ;
#74 = CARTESIAN_POINT ( 'NONE',  ( -78.14143382041369534, 28.99999999999844391, -40.81485063599600238 ) ) ;
#75 = CARTESIAN_POINT ( 'NONE',  ( -79.13761016720758334, 1.517883041479706208E-15, -40.64483608519076085 ) ) ;
#76 = CARTESIAN_POINT ( 'NONE',  ( -78.13614911270535401, 28.00000000000000000, -40.46887682034547140 ) ) ;
#77 = CARTESIAN_POINT ( 'NONE',  ( -79.13596708368805821, 1.517883041479706208E-15, -40.42007095305794451 ) ) ;
#78 = CARTESIAN_POINT ( 'NONE',  ( -84.14997148139360661, 0.9999999999999908962, -44.90273603102064470 ) ) ;
#79 = CALENDAR_DATE ( 2026, 7, 9 ) ;
#80 = CARTESIAN_POINT ( 'NONE',  ( -84.33339454039246164, 27.99999999999968736, -44.83188030965938253 ) ) ;
#81 = CARTESIAN_POINT ( 'NONE',  ( -84.75143367024729457, 0.2008094687472826712, -35.24349068215480685 ) ) ;
#82 = CARTESIAN_POINT ( 'NONE',  ( -85.12888761211804933, 1.517883041479706405E-15, -35.10359838783101338 ) ) ;
#83 = CARTESIAN_POINT ( 'NONE',  ( -78.13718420213037064, 1.000000000000000666, -40.73519287530648114 ) ) ;
#84 = CARTESIAN_POINT ( 'NONE',  ( -78.13637233178062047, 28.00000000000000000, -30.21674210529830162 ) ) ;
#85 = CARTESIAN_POINT ( 'NONE',  ( -81.06373425359552698, 29.00000000000124700, -45.08512630222536188 ) ) ;
#86 = CARTESIAN_POINT ( 'NONE',  ( -84.39952096210852517, 0.02650283112573113137, -35.25371428787451578 ) ) ;
#87 = CARTESIAN_POINT ( 'NONE',  ( -85.13637233178063468, 1.000000000000007772, -30.21674210529830162 ) ) ;
#88 =( BOUNDED_CURVE ( )  B_SPLINE_CURVE ( 3, ( #258, #922, #507, #249 ),
 .UNSPECIFIED., .F., .F. ) 
 B_SPLINE_CURVE_WITH_KNOTS ( ( 4, 4 ),
 ( 4.712388980384689674, 6.283185307179586232 ),
 .UNSPECIFIED. ) 
 CURVE ( )  GEOMETRIC_REPRESENTATION_ITEM ( )  RATIONAL_B_SPLINE_CURVE ( ( 1.000000000000000000, 0.8047378541243649375, 0.8047378541243649375, 1.000000000000000000 ) ) 
 REPRESENTATION_ITEM ( '' )  );
#89 = CARTESIAN_POINT ( 'NONE',  ( -85.13637233178063468, 28.00000000000000000, -35.23230762166618746 ) ) ;
#90 =( NAMED_UNIT ( * ) SI_UNIT ( $, .STERADIAN. ) SOLID_ANGLE_UNIT ( ) );
#91 = CARTESIAN_POINT ( 'NONE',  ( -80.83390902567158776, 27.99999999999999645, -45.02360142037279900 ) ) ;
#92 = CARTESIAN_POINT ( 'NONE',  ( -84.75143367024729457, 28.79919053125271944, -35.24349068215479974 ) ) ;
#93 = CARTESIAN_POINT ( 'NONE',  ( -84.13637233178063468, 0.000000000000000000, -31.21674210529830518 ) ) ;
#94 = CARTESIAN_POINT ( 'NONE',  ( -78.30466245088054222, 0.9999999999999958922, -42.18955868888083671 ) ) ;
#95 = ORIENTED_EDGE ( 'NONE', *, *, #766, .F. ) ;
#96 = PERSON_AND_ORGANIZATION ( #421, #787 ) ;
#97 = AXIS2_PLACEMENT_3D ( 'NONE', #412, #331, #980 ) ;
#98 = CARTESIAN_POINT ( 'NONE',  ( -80.78786605297062806, 28.99999999999999645, -43.93931846519363660 ) ) ;
#99 = CARTESIAN_POINT ( 'NONE',  ( -79.62253694243985080, 6.722053469410127491E-15, -42.85675764677446864 ) ) ;
#100 = CLOSED_SHELL ( 'NONE', ( #237, #346, #312, #194, #365, #290, #952, #571, #310, #458, #37, #575, #906, #1031 ) ) ;
#101 = CARTESIAN_POINT ( 'NONE',  ( -86.73840630289402043, 0.9999999999999958922, -40.74871249855161182 ) ) ;
#102 = CARTESIAN_POINT ( 'NONE',  ( -84.30887867289506232, 1.517883041479706208E-15, -36.90803451638136323 ) ) ;
#103 = CARTESIAN_POINT ( 'NONE',  ( -80.15714812160686620, 29.00000000000000711, -44.74769228240082697 ) ) ;
#104 = CARTESIAN_POINT ( 'NONE',  ( -80.62622206830873495, 6.722053469410127491E-15, -43.86142423874085949 ) ) ;
#105 = DIRECTION ( 'NONE',  ( 0.000000000000000000, 0.000000000000000000, -1.000000000000000000 ) ) ;
#106 = DIRECTION ( 'NONE',  ( 0.000000000000000000, 0.000000000000000000, 1.000000000000000000 ) ) ;
#107 = ORIENTED_EDGE ( 'NONE', *, *, #560, .T. ) ;
#108 = CARTESIAN_POINT ( 'NONE',  ( -86.70392507851494202, 0.9999999999998445688, -40.44538348239191095 ) ) ;
#109 = CARTESIAN_POINT ( 'NONE',  ( -85.38492539438639994, 29.00000000000000355, -39.77059777557096965 ) ) ;
#110 = CARTESIAN_POINT ( 'NONE',  ( -80.31983377396046819, 6.722053469410127491E-15, -43.66898261610251097 ) ) ;
#111 = CARTESIAN_POINT ( 'NONE',  ( -83.79046634519440317, -8.890457814381126893E-15, -43.96898421629609999 ) ) ;
#112 = CARTESIAN_POINT ( 'NONE',  ( -86.09350658011013024, 1.000000000000001776, -39.00818909928798206 ) ) ;
#113 = EDGE_LOOP ( 'NONE', ( #107, #187, #159, #578 ) ) ;
#114 = CARTESIAN_POINT ( 'NONE',  ( -85.69996983961837600, 2.493664996716666825E-14, -38.22748524725397345 ) ) ;
#115 = CARTESIAN_POINT ( 'NONE',  ( -85.16028253012898119, 29.00000000000000355, -39.38883675608613544 ) ) ;
#116 = CARTESIAN_POINT ( 'NONE',  ( -80.78786605297062806, -3.686287386450715076E-15, -43.93931846519363660 ) ) ;
#117 = CARTESIAN_POINT ( 'NONE',  ( -86.72429958089863078, 1.000000000000006661, -41.37310181258941810 ) ) ;
#118 = AXIS2_PLACEMENT_3D ( 'NONE', #347, #278, #443 ) ;
#119 = ORIENTED_EDGE ( 'NONE', *, *, #161, .F. ) ;
#120 = CARTESIAN_POINT ( 'NONE',  ( -86.61440387986293388, 6.722053469410132224E-15, -40.03994320765340120 ) ) ;
#121 = CARTESIAN_POINT ( 'NONE',  ( -85.68913170847595495, 29.00000000000000355, -41.56808788580813996 ) ) ;
#122 = CARTESIAN_POINT ( 'NONE',  ( -84.33339454039246164, 0.9999999999996901368, -44.83188030965938253 ) ) ;
#123 = CARTESIAN_POINT ( 'NONE',  ( -85.42652710247915593, 1.192622389734057875E-14, -42.43899006145213804 ) ) ;
#124 = FACE_OUTER_BOUND ( 'NONE', #113, .T. ) ;
#125 = CARTESIAN_POINT ( 'NONE',  ( -84.77143851083496884, 1.192622389734054877E-14, -38.60208284499391596 ) ) ;
#126 = CARTESIAN_POINT ( 'NONE',  ( -85.60994876675516707, 29.00000000000000355, -41.92085993604177929 ) ) ;
#127 = CARTESIAN_POINT ( 'NONE',  ( -86.25439648572530871, 1.000000000000317080, -43.03400036712709920 ) ) ;
#128 = CARTESIAN_POINT ( 'NONE',  ( -81.34712630421515200, -3.686287386450728486E-15, -44.12322663613396401 ) ) ;
#129 = CARTESIAN_POINT ( 'NONE',  ( -81.66856348267840815, 28.00000000000000000, -45.19014910024562681 ) ) ;
#130 = CARTESIAN_POINT ( 'NONE',  ( -85.07310984967659806, 28.99999999999999289, -43.05502921796639981 ) ) ;
#131 = CARTESIAN_POINT ( 'NONE',  ( -84.13566768815545061, 1.517883041479706208E-15, -35.24924192098310272 ) ) ;
#132 = CARTESIAN_POINT ( 'NONE',  ( -86.53806954783753724, 27.99999999999998934, -39.82267731363921115 ) ) ;
#133 = CARTESIAN_POINT ( 'NONE',  ( -85.45387672392290312, 1.192622389734054089E-14, -39.88733712801423081 ) ) ;
#134 = CARTESIAN_POINT ( 'NONE',  ( -85.13637233178063468, 0.8679101544009386604, -35.23230762166619456 ) ) ;
#135 = DIRECTION ( 'NONE',  ( -1.000000000000000000, 0.000000000000000000, 0.000000000000000000 ) ) ;
#136 = AXIS2_PLACEMENT_3D ( 'NONE', #371, #706, #1028 ) ;
#137 = CARTESIAN_POINT ( 'NONE',  ( -85.15559525973836230, -6.885644383925582572E-13, -35.52457725573402314 ) ) ;
#138 = DIRECTION ( 'NONE',  ( 1.000000000000000000, 0.000000000000000000, 0.000000000000000000 ) ) ;
#139 = CARTESIAN_POINT ( 'NONE',  ( -84.33339454306137384, -1.008621925319479224E-12, -44.83188031511984661 ) ) ;
#140 = CARTESIAN_POINT ( 'NONE',  ( -79.28155151545490753, -3.686287386450701665E-15, -41.92901185272049247 ) ) ;
#141 = CARTESIAN_POINT ( 'NONE',  ( -82.50811244074611750, 28.00000000000000000, -45.21769675395246679 ) ) ;
#142 = DIRECTION ( 'NONE',  ( 0.000000000000000000, 0.000000000000000000, 1.000000000000000000 ) ) ;
#143 = CARTESIAN_POINT ( 'NONE',  ( -78.13637233178062047, 28.00000000000000000, -40.52634505667347042 ) ) ;
#144 = CARTESIAN_POINT ( 'NONE',  ( -83.68167206454060647, -4.736660551959747834E-13, -45.05018857623174711 ) ) ;
#145 = CYLINDRICAL_SURFACE ( 'NONE', #559, 1.000000000000000888 ) ;
#146 = CARTESIAN_POINT ( 'NONE',  ( -84.84265717114746508, 29.00000000000000000, -43.32093517113485603 ) ) ;
#147 = CARTESIAN_POINT ( 'NONE',  ( -85.24684754739347170, 28.99999999999756284, -36.42159240860499381 ) ) ;
#148 = CARTESIAN_POINT ( 'NONE',  ( -79.13620581965662382, 29.00000000000000000, -40.51003225689107268 ) ) ;
#149 = CARTESIAN_POINT ( 'NONE',  ( -86.62306844322728239, 27.99999999999999289, -41.99381429207499394 ) ) ;
#150 = CARTESIAN_POINT ( 'NONE',  ( -79.28155151545470858, 28.99999999999999645, -41.92901185271957587 ) ) ;
#151 = VECTOR ( 'NONE', #4, 1000.000000000000000 ) ;
#152 = CARTESIAN_POINT ( 'NONE',  ( -85.13879563732901090, 28.99999999999924327, -35.27641936258870459 ) ) ;
#153 = CARTESIAN_POINT ( 'NONE',  ( -79.13792334377717452, 3.562970397116373016E-30, -40.88160982326516546 ) ) ;
#154 = CARTESIAN_POINT ( 'NONE',  ( -78.14143381951912204, 0.9999999999990669686, -40.81485063601766683 ) ) ;
#155 = CARTESIAN_POINT ( 'NONE',  ( -78.13637233178062047, 1.000000000000000888, -30.21674210529830162 ) ) ;
#156 = CARTESIAN_POINT ( 'NONE',  ( -78.13697288746271852, 28.00000000000000000, -40.61302964182564779 ) ) ;
#157 = CARTESIAN_POINT ( 'NONE',  ( -85.13637233178063468, 29.00000000000000000, -30.21674210529830162 ) ) ;
#158 = CARTESIAN_POINT ( 'NONE',  ( -86.37275299969616071, 1.000000000000007772, -44.25624206745668232 ) ) ;
#159 = ORIENTED_EDGE ( 'NONE', *, *, #455, .F. ) ;
#160 = EDGE_CURVE ( 'NONE', #24, #651, #877, .T. ) ;
#161 = EDGE_CURVE ( 'NONE', #684, #745, #726, .T. ) ;
#162 = PERSON_AND_ORGANIZATION_ROLE ( 'classification_officer' ) ;
#163 = CARTESIAN_POINT ( 'NONE',  ( -79.00803302893638147, 29.00000000000031619, -43.75457943828111951 ) ) ;
#164 = CARTESIAN_POINT ( 'NONE',  ( -85.19110552038500828, 1.000000000000000888, -35.93498357145166011 ) ) ;
#165 = ORIENTED_EDGE ( 'NONE', *, *, #490, .T. ) ;
#166 = PRODUCT_DEFINITION_FORMATION_WITH_SPECIFIED_SOURCE ( 'ANY', '', #280, .NOT_KNOWN. ) ;
#167 = DATE_TIME_ROLE ( 'creation_date' ) ;
#168 = CARTESIAN_POINT ( 'NONE',  ( -83.25735157830276023, 28.99999999999999645, -44.12143900269503405 ) ) ;
#169 = DIRECTION ( 'NONE',  ( 1.000000000000000000, 0.000000000000000000, 0.000000000000000000 ) ) ;
#170 = APPLICATION_PROTOCOL_DEFINITION ( 'international standard', 'config_control_design', 1994, #58 ) ;
#171 = B_SPLINE_CURVE_WITH_KNOTS ( 'NONE', 3,
 ( #289, #134, #1057, #556, #244, #81, #907, #86, #825, #479 ),
 .UNSPECIFIED., .F., .F.,
 ( 4, 2, 2, 2, 4 ),
 ( 0.000000000000000000, 0.0003906441197043858306, 0.0007812882394087716613, 0.001171932359113157492, 0.001562576478817543323 ),
 .UNSPECIFIED. ) ;
#172 = CARTESIAN_POINT ( 'NONE',  ( -79.52244965266635290, 28.99999999999999645, -44.31440511451903319 ) ) ;
#173 = DIRECTION ( 'NONE',  ( -1.000000000000000000, 0.000000000000000000, 0.000000000000000000 ) ) ;
#174 = CARTESIAN_POINT ( 'NONE',  ( -85.32467953577243236, 28.00000000000000000, -38.47048848134693344 ) ) ;
#175 = CARTESIAN_POINT ( 'NONE',  ( -84.42051406927643598, 29.00000000000000355, -43.65942730761726409 ) ) ;
#176 = CARTESIAN_POINT ( 'NONE',  ( -79.00803302893636726, 4.773173305268720887E-13, -43.75457943828111240 ) ) ;
#177 = CARTESIAN_POINT ( 'NONE',  ( -84.13637233178063468, 29.00000000000000000, -31.21674210529830518 ) ) ;
#178 = ORIENTED_EDGE ( 'NONE', *, *, #569, .F. ) ;
#179 = CC_DESIGN_DATE_AND_TIME_ASSIGNMENT ( #817, #402, ( #48 ) ) ;
#180 = CARTESIAN_POINT ( 'NONE',  ( -85.74249998012253116, 1.517883041479706208E-15, -40.85763138012690376 ) ) ;
#181 = CALENDAR_DATE ( 2026, 7, 9 ) ;
#182 = LOCAL_TIME ( 18, 35, 27.00000000000000000, #242 ) ;
#183 = CARTESIAN_POINT ( 'NONE',  ( -81.30096130137459909, 29.00000000000000355, -44.11242472028359884 ) ) ;
#184 = CARTESIAN_POINT ( 'NONE',  ( -79.92801705154431602, 1.517883041479706208E-15, -43.30358534312962604 ) ) ;
#185 = CARTESIAN_POINT ( 'NONE',  ( -85.13637233178063468, 28.00000000000000000, -30.21674210529830162 ) ) ;
#186 = CARTESIAN_POINT ( 'NONE',  ( -86.50731255724321045, 0.9999999999999956701, -39.73053745082966515 ) ) ;
#187 = ORIENTED_EDGE ( 'NONE', *, *, #956, .T. ) ;
#188 = CARTESIAN_POINT ( 'NONE',  ( -86.70392506425893941, -2.467708358247941632E-13, -40.44538348392535454 ) ) ;
#189 = APPROVAL_DATE_TIME ( #686, #511 ) ;
#190 = CARTESIAN_POINT ( 'NONE',  ( -85.74252161250883830, 28.99999999999998579, -41.03586994769859331 ) ) ;
#191 = CARTESIAN_POINT ( 'NONE',  ( -86.18244701512386996, 1.000000000000011768, -43.16877153308142567 ) ) ;
#192 = ORIENTED_EDGE ( 'NONE', *, *, #522, .T. ) ;
#193 = CARTESIAN_POINT ( 'NONE',  ( -85.24958653438675071, 1.517883041479706208E-15, -39.54179928346319883 ) ) ;
#194 = ADVANCED_FACE ( 'NONE', ( #871 ), #386, .F. ) ;
#195 = CARTESIAN_POINT ( 'NONE',  ( -86.29337468797422162, 29.00000000000092015, -39.34161864437507461 ) ) ;
#196 = CARTESIAN_POINT ( 'NONE',  ( -84.13637233178063468, 0.000000000000000000, -35.23230762166618746 ) ) ;
#197 = EDGE_LOOP ( 'NONE', ( #273, #656, #411, #42 ) ) ;
#198 = CARTESIAN_POINT ( 'NONE',  ( -85.61149987519326032, -8.890457814381136359E-15, -40.19974035191241057 ) ) ;
#199 =( BOUNDED_SURFACE ( )  B_SPLINE_SURFACE ( 3, 2, ( 
 ( #949, #641, #217 ),
 ( #76, #644, #728 ),
 ( #813, #398, #148 ),
 ( #156, #968, #469 ),
 ( #318, #1047, #459 ),
 ( #234, #74, #965 ),
 ( #723, #230, #555 ),
 ( #890, #714, #541 ),
 ( #806, #801, #390 ),
 ( #637, #796, #59 ),
 ( #377, #299, #633 ),
 ( #955, #222, #546 ),
 ( #718, #63, #384 ),
 ( #1038, #303, #960 ),
 ( #69, #226, #1042 ),
 ( #757, #163, #911 ),
 ( #417, #2, #905 ),
 ( #746, #172, #981 ),
 ( #741, #403, #494 ),
 ( #828, #103, #322 ),
 ( #903, #899, #98 ),
 ( #91, #998, #489 ),
 ( #824, #85, #183 ),
 ( #753, #413, #256 ),
 ( #8, #408, #333 ),
 ( #243, #653, #325 ),
 ( #662, #591, #992 ),
 ( #573, #483, #168 ),
 ( #16, #818, #657 ),
 ( #251, #976, #988 ),
 ( #80, #736, #580 ),
 ( #916, #668, #247 ),
 ( #1056, #586, #175 ),
 ( #339, #500, #836 ),
 ( #506, #842, #423 ),
 ( #21, #648, #240 ),
 ( #566, #782, #33 ),
 ( #776, #287, #1003 ),
 ( #693, #433, #858 ),
 ( #344, #39, #674 ),
 ( #531, #43, #126 ),
 ( #1012, #207, #121 ),
 ( #1023, #263, #943 ),
 ( #282, #1008, #190 ),
 ( #275, #366, #614 ),
 ( #698, #526, #446 ),
 ( #771, #268, #360 ),
 ( #867, #439, #210 ),
 ( #608, #1016, #603 ),
 ( #937, #620, #516 ),
 ( #132, #687, #926 ),
 ( #450, #930, #200 ),
 ( #598, #788, #920 ),
 ( #512, #195, #428 ),
 ( #763, #847, #109 ),
 ( #680, #520, #26 ),
 ( #350, #853, #115 ),
 ( #355, #215, #959 ),
 ( #468, #302, #717 ),
 ( #549, #630, #727 ),
 ( #643, #885, #1041 ),
 ( #1036, #474, #306 ),
 ( #964, #147, #68 ),
 ( #947, #389, #873 ),
 ( #229, #636, #953 ),
 ( #72, #225, #804 ),
 ( #538, #722, #554 ),
 ( #888, #152, #383 ),
 ( #1032, #810, #393 ),
 ( #1045, #309, #292 ) ),
 .UNSPECIFIED., .F., .F., .T. ) 
 B_SPLINE_SURFACE_WITH_KNOTS ( ( 4, 2, 2, 2, 2, 2, 2, 2, 2, 2, 2, 2, 2, 2, 2, 2, 2, 2, 2, 2, 2, 2, 2, 2, 2, 2, 2, 2, 2, 2, 2, 2, 2, 2, 4 ),
 ( 3, 3 ),
 ( -0.0001015611465465029453, 3.226682260071187761E-05, 0.0001660947917479267005, 0.0004337507300423563191, 0.0009690626066312155564, 0.001504374483220074794, 0.002039686359808934139, 0.002574998236397793485, 0.003110310112986652831, 0.003645621989575512176, 0.004180933866164371522, 0.004716245742753231301, 0.005251557619342090213, 0.006322181372519808037, 0.006857493249108666949, 0.007392805125697526729, 0.007928117002286386508, 0.008463428878875245420, 0.008998740755464104332, 0.009534052632052963244, 0.01006936450864182389, 0.01060467638523068280, 0.01113998826181954171, 0.01140764420011397204, 0.01154147216926118720, 0.01167530013840840236, 0.01194295607670283269, 0.01221061201499726127, 0.01274592389158612019, 0.01381654764476383801, 0.01488717139794155757, 0.01595779515111927713, 0.01649310702770813430, 0.01676076296600256463, 0.01702841890429699495 ),
 ( 0.000000000000000000, 1.000000000000000000 ),
 .UNSPECIFIED. ) 
 GEOMETRIC_REPRESENTATION_ITEM ( )  RATIONAL_B_SPLINE_SURFACE ( (
 ( 1.000000000000000000, 0.7071067811865475727, 1.000000000000000000),
 ( 1.000000000000000000, 0.7071067811865475727, 1.000000000000000000),
 ( 1.000000000000000000, 0.7071067811865475727, 1.000000000000000000),
 ( 1.000000000000000000, 0.7071067811865475727, 1.000000000000000000),
 ( 1.000000000000000000, 0.7071067811865475727, 1.000000000000000000),
 ( 1.000000000000000000, 0.7071067811865475727, 1.000000000000000000),
 ( 1.000000000000000000, 0.7071067811865500152, 1.000000000000000000),
 ( 1.000000000000000000, 0.7071067811865500152, 1.000000000000000000),
 ( 1.000000000000000000, 0.7071067811865475727, 1.000000000000000000),
 ( 1.000000000000000000, 0.7071067811865475727, 1.000000000000000000),
 ( 1.000000000000000000, 0.7071067811865475727, 1.000000000000000000),
 ( 1.000000000000000000, 0.7071067811865475727, 1.000000000000000000),
 ( 1.000000000000000000, 0.7071067811865463515, 1.000000000000000000),
 ( 1.000000000000000000, 0.7071067811865463515, 1.000000000000000000),
 ( 1.000000000000000000, 0.7071067811865463515, 1.000000000000000000),
 ( 1.000000000000000000, 0.7071067811865463515, 1.000000000000000000),
 ( 1.000000000000000000, 0.7071067811865475727, 1.000000000000000000),
 ( 1.000000000000000000, 0.7071067811865475727, 1.000000000000000000),
 ( 1.000000000000000000, 0.7071067811865463515, 1.000000000000000000),
 ( 1.000000000000000000, 0.7071067811865463515, 1.000000000000000000),
 ( 1.000000000000000000, 0.7071067811865475727, 1.000000000000000000),
 ( 1.000000000000000000, 0.7071067811865475727, 1.000000000000000000),
 ( 1.000000000000000000, 0.7071067811865463515, 1.000000000000000000),
 ( 1.000000000000000000, 0.7071067811865463515, 1.000000000000000000),
 ( 1.000000000000000000, 0.7071067811865463515, 1.000000000000000000),
 ( 1.000000000000000000, 0.7071067811865463515, 1.000000000000000000),
 ( 1.000000000000000000, 0.7071067811865475727, 1.000000000000000000),
 ( 1.000000000000000000, 0.7071067811865475727, 1.000000000000000000),
 ( 1.000000000000000000, 0.7071067811865452413, 1.000000000000000000),
 ( 1.000000000000000000, 0.7071067811865452413, 1.000000000000000000),
 ( 1.000000000000000000, 0.7071067811865474617, 1.000000000000000000),
 ( 1.000000000000000000, 0.7071067811865474617, 1.000000000000000000),
 ( 1.000000000000000000, 0.7071067811865463515, 1.000000000000000000),
 ( 1.000000000000000000, 0.7071067811865463515, 1.000000000000000000),
 ( 1.000000000000000000, 0.7071067811865463515, 1.000000000000000000),
 ( 1.000000000000000000, 0.7071067811865463515, 1.000000000000000000),
 ( 1.000000000000000000, 0.7071067811865432429, 1.000000000000000000),
 ( 1.000000000000000000, 0.7071067811865432429, 1.000000000000000000),
 ( 1.000000000000000000, 0.7071067811865517916, 1.000000000000000000),
 ( 1.000000000000000000, 0.7071067811865517916, 1.000000000000000000),
 ( 1.000000000000000000, 0.7071067811865463515, 1.000000000000000000),
 ( 1.000000000000000000, 0.7071067811865463515, 1.000000000000000000),
 ( 1.000000000000000000, 0.7071067811865451302, 1.000000000000000000),
 ( 1.000000000000000000, 0.7071067811865451302, 1.000000000000000000),
 ( 1.000000000000000000, 0.7071067811865426878, 1.000000000000000000),
 ( 1.000000000000000000, 0.7071067811865426878, 1.000000000000000000),
 ( 1.000000000000000000, 0.7071067811865475727, 1.000000000000000000),
 ( 1.000000000000000000, 0.7071067811865475727, 1.000000000000000000),
 ( 1.000000000000000000, 0.7071067811865463515, 1.000000000000000000),
 ( 1.000000000000000000, 0.7071067811865463515, 1.000000000000000000),
 ( 1.000000000000000000, 0.7071067811865500152, 1.000000000000000000),
 ( 1.000000000000000000, 0.7071067811865500152, 1.000000000000000000),
 ( 1.000000000000000000, 0.7071067811865475727, 1.000000000000000000),
 ( 1.000000000000000000, 0.7071067811865475727, 1.000000000000000000),
 ( 1.000000000000000000, 0.7071067811865420216, 1.000000000000000000),
 ( 1.000000000000000000, 0.7071067811865420216, 1.000000000000000000),
 ( 1.000000000000000000, 0.7071067811865463515, 1.000000000000000000),
 ( 1.000000000000000000, 0.7071067811865463515, 1.000000000000000000),
 ( 1.000000000000000000, 0.7071067811865509034, 1.000000000000000000),
 ( 1.000000000000000000, 0.7071067811865509034, 1.000000000000000000),
 ( 1.000000000000000000, 0.7071067811865475727, 1.000000000000000000),
 ( 1.000000000000000000, 0.7071067811865475727, 1.000000000000000000),
 ( 1.000000000000000000, 0.7071067811865475727, 1.000000000000000000),
 ( 1.000000000000000000, 0.7071067811865475727, 1.000000000000000000),
 ( 1.000000000000000000, 0.7071067811865475727, 1.000000000000000000),
 ( 1.000000000000000000, 0.7071067811865475727, 1.000000000000000000),
 ( 1.000000000000000000, 0.7071067811865475727, 1.000000000000000000),
 ( 1.000000000000000000, 0.7071067811865475727, 1.000000000000000000),
 ( 1.000000000000000000, 0.7071067811865475727, 1.000000000000000000),
 ( 1.000000000000000000, 0.7071067811865475727, 1.000000000000000000) ) ) 
 REPRESENTATION_ITEM ( '' )  SURFACE ( )  );
#200 = CARTESIAN_POINT ( 'NONE',  ( -85.55847577700215822, 28.99999999999998579, -40.07876251225212627 ) ) ;
#201 = CARTESIAN_POINT ( 'NONE',  ( -79.17783559371919466, 1.517883041479706208E-15, -41.31447160050905865 ) ) ;
#202 = CARTESIAN_POINT ( 'NONE',  ( -80.67645862925243705, 6.722053469410128280E-15, -43.88708324398335492 ) ) ;
#203 = DIRECTION ( 'NONE',  ( -1.000000000000000000, 0.000000000000000000, -0.000000000000000000 ) ) ;
#204 = VECTOR ( 'NONE', #305, 1000.000000000000000 ) ;
#205 = ORIENTED_EDGE ( 'NONE', *, *, #1046, .F. ) ;
#206 = CARTESIAN_POINT ( 'NONE',  ( -84.45248280316710066, 1.517883041479706208E-15, -37.60147200809592505 ) ) ;
#207 = CARTESIAN_POINT ( 'NONE',  ( -86.67517152442495387, 29.00000000000126121, -41.74113318152687668 ) ) ;
#208 = CARTESIAN_POINT ( 'NONE',  ( -84.11593693517997394, 1.000000000000313083, -44.91599312016649748 ) ) ;
#209 = CARTESIAN_POINT ( 'NONE',  ( -85.25033944085562609, 28.00000000000001421, -44.29358177006839981 ) ) ;
#210 = CARTESIAN_POINT ( 'NONE',  ( -85.66737375396947130, 28.99999999999999645, -40.36770340114083666 ) ) ;
#211 = CARTESIAN_POINT ( 'NONE',  ( -86.67517152425163829, 1.000000000000631495, -41.74113318148734919 ) ) ;
#212 = B_SPLINE_CURVE_WITH_KNOTS ( 'NONE', 3,
 ( #253, #830, #664, #588, #708, #689, #765, #436, #702, #133, #352, #773, #860, #855, #695, #778, #932, #123, #682, #53, #442, #1018, #784, #849, #627, #277, #111, #45, #1009, #610, #939, #452, #528, #128, #367, #533, #202, #465, #562, #875, #478, #732, #394, #140, #551, #311, #153, #307 ),
 .UNSPECIFIED., .F., .F.,
 ( 4, 2, 2, 2, 2, 2, 2, 2, 2, 2, 2, 2, 2, 2, 2, 2, 2, 2, 2, 2, 2, 2, 2, 4 ),
 ( 0.000000000000000000, 0.002090635307609172051, 0.003135952961413762414, 0.004181270615218352776, 0.004703929442120657715, 0.005226588269022960920, 0.005749247095925265859, 0.006271905922827569063, 0.007317223576632178074, 0.007839882403534484748, 0.008362541230436792289, 0.008885200057339096361, 0.009407858884241403902, 0.009930517711143709708, 0.01045317653804601551, 0.01149849419185062886, 0.01202115301875293467, 0.01254381184565524048, 0.01306647067255754802, 0.01358912949945985382, 0.01463444715326446717, 0.01515710598016676604, 0.01567976480706906317, 0.01672508246087365397 ),
 .UNSPECIFIED. ) ;
#213 = CARTESIAN_POINT ( 'NONE',  ( -79.11550360636917389, 28.00000000000000711, -43.89009494466242245 ) ) ;
#214 = CARTESIAN_POINT ( 'NONE',  ( -85.61591722323549902, 28.99999999999999645, -41.94514510864289036 ) ) ;
#215 = CARTESIAN_POINT ( 'NONE',  ( -85.81611161033764290, 29.00000000000000711, -38.49338245144787152 ) ) ;
#216 = CARTESIAN_POINT ( 'NONE',  ( -83.68167206294204163, 0.9999999999996886935, -45.05018857105872598 ) ) ;
#217 = CARTESIAN_POINT ( 'NONE',  ( -79.13596708368805821, 29.00000000000000000, -40.42007095305794451 ) ) ;
#218 = CARTESIAN_POINT ( 'NONE',  ( -86.18244681090091319, 27.99999999999999289, -43.16877191083032272 ) ) ;
#219 = CARTESIAN_POINT ( 'NONE',  ( -83.45107618150480278, 29.00000000000000000, -44.07562746514051355 ) ) ;
#220 = DIRECTION ( 'NONE',  ( 0.000000000000000000, 0.000000000000000000, -1.000000000000000000 ) ) ;
#221 = CARTESIAN_POINT ( 'NONE',  ( -86.51080595597098011, 1.000000000001239897, -42.40157001866941044 ) ) ;
#222 = CARTESIAN_POINT ( 'NONE',  ( -78.39204389681336238, 29.00000000000000000, -42.47735434269581134 ) ) ;
#223 = CARTESIAN_POINT ( 'NONE',  ( -81.87679853477277447, 28.00000000000000000, -45.20860808907224282 ) ) ;
#224 = CARTESIAN_POINT ( 'NONE',  ( -81.34712630421225299, 28.99999999999999289, -44.12322663613330320 ) ) ;
#225 = CARTESIAN_POINT ( 'NONE',  ( -85.15559525973775123, 28.99999999999923617, -35.52457725573403025 ) ) ;
#226 = CARTESIAN_POINT ( 'NONE',  ( -78.74245455983526654, 28.99999999999969447, -43.33626776427143312 ) ) ;
#227 = CARTESIAN_POINT ( 'NONE',  ( -80.07223972571176773, 28.00000000000000000, -44.69743259605154861 ) ) ;
#228 = CARTESIAN_POINT ( 'NONE',  ( -82.40004050653141121, 29.00000000000000355, -44.23022779359899204 ) ) ;
#229 = CARTESIAN_POINT ( 'NONE',  ( -85.17541337132496437, 28.00000000000090949, -35.77145810493150435 ) ) ;
#230 = CARTESIAN_POINT ( 'NONE',  ( -78.14558783400568132, 29.00000000000014566, -40.91615528823845693 ) ) ;
#231 = CARTESIAN_POINT ( 'NONE',  ( -80.22701219481255919, 29.00000000000000000, -43.59655471736120091 ) ) ;
#232 = VECTOR ( 'NONE', #368, 1000.000000000000000 ) ;
#233 = CARTESIAN_POINT ( 'NONE',  ( -79.13637233178062047, 1.000000000000000888, -30.21674210529830162 ) ) ;
#234 = CARTESIAN_POINT ( 'NONE',  ( -78.14143381951912204, 27.99999999999906564, -40.81485063601766683 ) ) ;
#235 = LINE ( 'NONE', #733, #841 ) ;
#236 = CARTESIAN_POINT ( 'NONE',  ( -78.15077137810678209, 28.00000000000000000, -44.23341084469850415 ) ) ;
#237 = ADVANCED_FACE ( 'NONE', ( #336 ), #440, .F. ) ;
#238 = VERTEX_POINT ( 'NONE', #491 ) ;
#239 = PERSON_AND_ORGANIZATION ( #421, #787 ) ;
#240 = CARTESIAN_POINT ( 'NONE',  ( -85.07599268282432092, 29.00000000000001066, -43.05143099952432095 ) ) ;
#241 = CARTESIAN_POINT ( 'NONE',  ( -84.17944820272364836, -3.686287386450715076E-15, -35.86179388738583640 ) ) ;
#242 = COORDINATED_UNIVERSAL_TIME_OFFSET ( 0, 0, .AHEAD. ) ;
#243 = CARTESIAN_POINT ( 'NONE',  ( -82.38907014849172583, 28.00000000000186873, -45.23440444368754498 ) ) ;
#244 = CARTESIAN_POINT ( 'NONE',  ( -84.93581851193629007, 0.3852709862427798337, -35.23813401875917606 ) ) ;
#245 = CARTESIAN_POINT ( 'NONE',  ( -83.54758902724911707, 0.9999999999999911182, -45.09618895917489567 ) ) ;
#246 = ORIENTED_EDGE ( 'NONE', *, *, #973, .F. ) ;
#247 = CARTESIAN_POINT ( 'NONE',  ( -84.26654790979431198, 29.00000000000000000, -43.75139004959364541 ) ) ;
#248 = CARTESIAN_POINT ( 'NONE',  ( -84.93581851193629007, 28.61472901375723055, -35.23813401875916185 ) ) ;
#249 = CARTESIAN_POINT ( 'NONE',  ( -78.13637233178062047, 28.00000000000000000, -30.21674210529830162 ) ) ;
#250 = CARTESIAN_POINT ( 'NONE',  ( -81.66856405131676411, 0.9999999999999906741, -45.19014916255993342 ) ) ;
#251 = CARTESIAN_POINT ( 'NONE',  ( -84.11593693517997394, 28.00000000000031264, -44.91599312016649748 ) ) ;
#252 = CARTESIAN_POINT ( 'NONE',  ( -78.63604780847114739, 9.400223652498858299E-13, -43.12288700969673982 ) ) ;
#253 = CARTESIAN_POINT ( 'NONE',  ( -84.13637233178063468, 0.000000000000000000, -35.26135916053755892 ) ) ;
#254 = DIRECTION ( 'NONE',  ( -0.000000000000000000, -1.000000000000000000, -0.000000000000000000 ) ) ;
#255 = CARTESIAN_POINT ( 'NONE',  ( -86.74463677090989222, 1.000000000000313305, -40.82386897531933556 ) ) ;
#256 = CARTESIAN_POINT ( 'NONE',  ( -81.65265844705132281, 29.00000000000000355, -44.18006666516438941 ) ) ;
#257 = CARTESIAN_POINT ( 'NONE',  ( -80.83390902567158776, 0.9999999999999974465, -45.02360142037279900 ) ) ;
#258 = CARTESIAN_POINT ( 'NONE',  ( -79.13637233178062047, 29.00000000000000000, -31.21674210529830518 ) ) ;
#259 = CARTESIAN_POINT ( 'NONE',  ( -78.13637233178062047, 0.4142135623730960892, -30.21674210529830518 ) ) ;
#260 = VERTEX_POINT ( 'NONE', #89 ) ;
#261 = CARTESIAN_POINT ( 'NONE',  ( -86.74463679942189742, 4.564619573505825601E-13, -40.82386897225244837 ) ) ;
#262 =( GEOMETRIC_REPRESENTATION_CONTEXT ( 3 ) GLOBAL_UNCERTAINTY_ASSIGNED_CONTEXT ( ( #550 ) ) GLOBAL_UNIT_ASSIGNED_CONTEXT ( ( #740, #499, #90 ) ) REPRESENTATION_CONTEXT ( 'NONE', 'WORKASPACE' ) );
#263 = CARTESIAN_POINT ( 'NONE',  ( -86.70936829409733093, 29.00000000000123279, -41.51744760464187323 ) ) ;
#264 = CARTESIAN_POINT ( 'NONE',  ( -78.74245455983526654, -4.638732235880518337E-13, -43.33626776427143312 ) ) ;
#265 = CARTESIAN_POINT ( 'NONE',  ( -78.13637233178062047, 1.000000000000007772, -40.52634505667347042 ) ) ;
#266 = CARTESIAN_POINT ( 'NONE',  ( -86.69974832075470772, 0.9999999999999958922, -41.58039382432544784 ) ) ;
#267 = CARTESIAN_POINT ( 'NONE',  ( -86.74362443093343700, 1.207926604869388447E-12, -41.05834593048796677 ) ) ;
#268 = CARTESIAN_POINT ( 'NONE',  ( -86.68285654524238737, 28.99999999999999645, -40.31344970494932767 ) ) ;
#269 = APPLICATION_CONTEXT ( 'configuration controlled 3d designs of mechanical parts and assemblies' ) ;
#270 = CARTESIAN_POINT ( 'NONE',  ( -79.35116537355168020, 1.517883041479706208E-15, -42.19151643341092495 ) ) ;
#271 = EDGE_CURVE ( 'NONE', #651, #691, #47, .T. ) ;
#272 = FACE_OUTER_BOUND ( 'NONE', #851, .T. ) ;
#273 = ORIENTED_EDGE ( 'NONE', *, *, #672, .T. ) ;
#274 = CARTESIAN_POINT ( 'NONE',  ( -85.50369194180639454, 2.493664996716666825E-14, -37.66104528003901919 ) ) ;
#275 = CARTESIAN_POINT ( 'NONE',  ( -86.74463677090989222, 27.99999999999999645, -40.82386897531933556 ) ) ;
#276 = CARTESIAN_POINT ( 'NONE',  ( -79.00803301939133405, 1.000000000000318190, -43.75457944434109692 ) ) ;
#277 = CARTESIAN_POINT ( 'NONE',  ( -83.95704275082863433, 1.517883041479693389E-15, -43.90342590121453270 ) ) ;
#278 = DIRECTION ( 'NONE',  ( 0.000000000000000000, -1.000000000000000000, 0.000000000000000000 ) ) ;
#279 = VERTEX_POINT ( 'NONE', #856 ) ;
#280 = PRODUCT ( 'SideCushion', 'SideCushion', '', ( #7 ) ) ;
#281 = CARTESIAN_POINT ( 'NONE',  ( -86.56688205551857607, 6.722053469410132224E-15, -39.89655161676833472 ) ) ;
#282 = CARTESIAN_POINT ( 'NONE',  ( -86.74362443690375812, 27.99999999999998934, -41.05834593093344154 ) ) ;
#283 = CARTESIAN_POINT ( 'NONE',  ( -86.51080595837389353, 2.824116838554776933E-12, -42.40157001957791039 ) ) ;
#284 = CARTESIAN_POINT ( 'NONE',  ( -78.13637233178062047, 28.00000000000000000, -40.52634505667347042 ) ) ;
#285 = VECTOR ( 'NONE', #814, 1000.000000000000000 ) ;
#286 = CARTESIAN_POINT ( 'NONE',  ( -85.29545043260988280, 1.000000000001843636, -36.74073391139337730 ) ) ;
#287 = CARTESIAN_POINT ( 'NONE',  ( -86.25439649386881058, 29.00000000000094857, -43.03400037176274395 ) ) ;
#288 = CARTESIAN_POINT ( 'NONE',  ( -84.84286391811484407, 1.192622389734054877E-14, -43.32096492416178535 ) ) ;
#289 = CARTESIAN_POINT ( 'NONE',  ( -85.13637233178063468, 1.000000000000007772, -35.23230762166618746 ) ) ;
#290 = ADVANCED_FACE ( 'NONE', ( #683 ), #430, .T. ) ;
#291 = CARTESIAN_POINT ( 'NONE',  ( -85.42652710247843117, 29.00000000000000000, -42.43899006145375807 ) ) ;
#292 = CARTESIAN_POINT ( 'NONE',  ( -84.13057417249632408, 29.00000000000000000, -35.16165246839931058 ) ) ;
#293 = CARTESIAN_POINT ( 'NONE',  ( -82.81826489409699832, -3.135062842560790240E-13, -45.21100747420535981 ) ) ;
#294 = CARTESIAN_POINT ( 'NONE',  ( -85.40095460582378450, 28.00000000000001066, -37.29264893586946528 ) ) ;
#295 = CARTESIAN_POINT ( 'NONE',  ( -83.27922464453433804, 29.00000000000001421, -44.11663313454555180 ) ) ;
#296 = CARTESIAN_POINT ( 'NONE',  ( -85.14961052329972802, 1.000000000000457634, -35.44201728491538006 ) ) ;
#297 = FACE_OUTER_BOUND ( 'NONE', #990, .T. ) ;
#298 = CARTESIAN_POINT ( 'NONE',  ( -85.43207901362086432, 1.517883041479706208E-15, -42.42655498919116752 ) ) ;
#299 = CARTESIAN_POINT ( 'NONE',  ( -78.28346863820976864, 29.00000000000000000, -42.05115350220452086 ) ) ;
#300 = CARTESIAN_POINT ( 'NONE',  ( -86.41095273578241631, 28.00000000000000355, -39.54695180954047373 ) ) ;
#301 = CARTESIAN_POINT ( 'NONE',  ( -79.13792334377721716, 29.00000000000000711, -40.88160982326493809 ) ) ;
#302 = CARTESIAN_POINT ( 'NONE',  ( -85.69996983961837600, 29.00000000000000000, -38.22748524725396635 ) ) ;
#303 = CARTESIAN_POINT ( 'NONE',  ( -78.63604780847113318, 29.00000000000093436, -43.12288700969674693 ) ) ;
#304 = CARTESIAN_POINT ( 'NONE',  ( -81.04872542260260104, 28.00000000000000355, -45.09472405276007834 ) ) ;
#305 = DIRECTION ( 'NONE',  ( 0.000000000000000000, 0.000000000000000000, -1.000000000000000000 ) ) ;
#306 = CARTESIAN_POINT ( 'NONE',  ( -84.30887867289506232, 29.00000000000000000, -36.90803451638136323 ) ) ;
#307 = CARTESIAN_POINT ( 'NONE',  ( -79.13638076412492239, 0.000000000000000000, -40.52634502005975747 ) ) ;
#308 = CARTESIAN_POINT ( 'NONE',  ( -84.56342590779009072, 28.99999999999998934, -38.01112689509808718 ) ) ;
#309 = CARTESIAN_POINT ( 'NONE',  ( -85.12888761211804933, 29.00000000000000000, -35.10359838783101338 ) ) ;
#310 = ADVANCED_FACE ( 'NONE', ( #589 ), #523, .T. ) ;
#311 = CARTESIAN_POINT ( 'NONE',  ( -79.16114364795809877, 1.517883041479707785E-15, -41.23400625446086565 ) ) ;
#312 = ADVANCED_FACE ( 'NONE', ( #124 ), #437, .F. ) ;
#313 = CARTESIAN_POINT ( 'NONE',  ( -85.01005699379850000, 28.50383313992109890, -35.23597727661757517 ) ) ;
#314 = APPROVAL_PERSON_ORGANIZATION ( #572, #511, #822 ) ;
#315 = CARTESIAN_POINT ( 'NONE',  ( -84.72370629556426991, 0.9999999999999856781, -44.64158168863148290 ) ) ;
#316 = ORIENTED_EDGE ( 'NONE', *, *, #560, .F. ) ;
#317 = VECTOR ( 'NONE', #254, 1000.000000000000000 ) ;
#318 = CARTESIAN_POINT ( 'NONE',  ( -78.13776701857530327, 28.00000000000046896, -40.66341906867195632 ) ) ;
#319 = FACE_OUTER_BOUND ( 'NONE', #749, .T. ) ;
#320 = CARTESIAN_POINT ( 'NONE',  ( -87.25198995061526830, 28.00000000000000000, -39.49132813789562846 ) ) ;
#321 = ORIENTED_EDGE ( 'NONE', *, *, #422, .F. ) ;
#322 = CARTESIAN_POINT ( 'NONE',  ( -80.62622206830873495, 29.00000000000000355, -43.86142423874085949 ) ) ;
#323 = CARTESIAN_POINT ( 'NONE',  ( -78.14143382041369534, -1.399429335627655930E-12, -40.81485063599600238 ) ) ;
#324 = CARTESIAN_POINT ( 'NONE',  ( -82.29608719916458881, 1.000000000000006217, -45.22233861582126480 ) ) ;
#325 = CARTESIAN_POINT ( 'NONE',  ( -82.36603437641086600, 29.00000000000000355, -44.23145998339533946 ) ) ;
#326 = CARTESIAN_POINT ( 'NONE',  ( -78.14558783400568132, 2.238594150610635925E-13, -40.91615528823845693 ) ) ;
#327 = CARTESIAN_POINT ( 'NONE',  ( -85.12888761211804933, 1.000000000000000888, -35.10359838783102049 ) ) ;
#328 = CARTESIAN_POINT ( 'NONE',  ( -79.39754645415082734, 0.9999999999999963363, -44.19631903329676703 ) ) ;
#329 = ORIENTED_EDGE ( 'NONE', *, *, #557, .F. ) ;
#330 = EDGE_CURVE ( 'NONE', #481, #780, #844, .T. ) ;
#331 = DIRECTION ( 'NONE',  ( 0.000000000000000000, 0.000000000000000000, 1.000000000000000000 ) ) ;
#332 = PRODUCT_DEFINITION ( 'UNKNOWN', '', #166, #73 ) ;
#333 = CARTESIAN_POINT ( 'NONE',  ( -81.83005780447420818, 29.00000000000000355, -44.20085408486022516 ) ) ;
#334 = CARTESIAN_POINT ( 'NONE',  ( -81.51214832418216361, 0.9999999999990688559, -45.17136981920033634 ) ) ;
#335 = CARTESIAN_POINT ( 'NONE',  ( -79.13637233178062047, 0.000000000000000000, -30.21674210529830162 ) ) ;
#336 = FACE_OUTER_BOUND ( 'NONE', #666, .T. ) ;
#337 = CARTESIAN_POINT ( 'NONE',  ( -85.69881323264792172, -3.686287386450715076E-15, -40.49837692008814827 ) ) ;
#338 = APPROVAL_DATE_TIME ( #986, #381 ) ;
#339 = CARTESIAN_POINT ( 'NONE',  ( -85.36407625184367021, 28.00000000000000355, -44.20299623062732763 ) ) ;
#340 = CARTESIAN_POINT ( 'NONE',  ( -78.63604780156980212, 1.000000000000626388, -43.12288701251491574 ) ) ;
#341 = LINE ( 'NONE', #335, #151 ) ;
#342 = CARTESIAN_POINT ( 'NONE',  ( -85.13637233178063468, 29.00000000000000000, -35.23230762166618746 ) ) ;
#343 = CARTESIAN_POINT ( 'NONE',  ( -86.11053563171627445, 1.000000000000000888, -39.03310795212747308 ) ) ;
#344 = CARTESIAN_POINT ( 'NONE',  ( -86.51080595597098011, 28.00000000000124345, -42.40157001866941044 ) ) ;
#345 = CARTESIAN_POINT ( 'NONE',  ( -82.36603437641086600, 6.722053469410127491E-15, -44.23145998339533946 ) ) ;
#346 = ADVANCED_FACE ( 'NONE', ( #272 ), #605, .F. ) ;
#347 = CARTESIAN_POINT ( 'NONE',  ( -85.10507195747462106, 29.00000000000000000, -44.39541070858673066 ) ) ;
#348 = ORIENTED_EDGE ( 'NONE', *, *, #160, .F. ) ;
#349 = CARTESIAN_POINT ( 'NONE',  ( -86.39665169715743787, 7.820685584883991227E-14, -39.52511549011486380 ) ) ;
#350 = CARTESIAN_POINT ( 'NONE',  ( -86.03170527681662350, 28.00000000000000355, -38.89774792597946629 ) ) ;
#351 = CARTESIAN_POINT ( 'NONE',  ( -80.83390902315332482, -3.686287386450696932E-15, -45.02360142713291680 ) ) ;
#352 = CARTESIAN_POINT ( 'NONE',  ( -85.54478796259934370, 1.517883041479711927E-15, -40.03713040387867750 ) ) ;
#353 = DIRECTION ( 'NONE',  ( 0.000000000000000000, 0.000000000000000000, -1.000000000000000000 ) ) ;
#354 = CARTESIAN_POINT ( 'NONE',  ( -86.03170527681662350, 1.000000000000004441, -38.89774792597946629 ) ) ;
#355 = CARTESIAN_POINT ( 'NONE',  ( -85.81611160746724920, 28.00000000000000355, -38.49338245297826688 ) ) ;
#356 = CARTESIAN_POINT ( 'NONE',  ( -80.38085865678878861, -3.686287386450730064E-15, -44.85483244797738678 ) ) ;
#357 = DIRECTION ( 'NONE',  ( 1.000000000000000000, -0.000000000000000000, 0.000000000000000000 ) ) ;
#358 = ORIENTED_EDGE ( 'NONE', *, *, #52, .T. ) ;
#359 = CARTESIAN_POINT ( 'NONE',  ( -84.54246007577704347, 1.192622389734054877E-14, -37.94127213780681984 ) ) ;
#360 = CARTESIAN_POINT ( 'NONE',  ( -85.69881323264792172, 28.99999999999999645, -40.49837692008814827 ) ) ;
#361 = CARTESIAN_POINT ( 'NONE',  ( -84.26654790979431198, 1.517883041479706208E-15, -43.75139004959364541 ) ) ;
#362 = DIRECTION ( 'NONE',  ( -0.000000000000000000, -0.000000000000000000, -1.000000000000000000 ) ) ;
#363 = ORIENTED_EDGE ( 'NONE', *, *, #490, .F. ) ;
#364 = CARTESIAN_POINT ( 'NONE',  ( -85.14961052350874127, 6.863755618545006552E-13, -35.44201728490172343 ) ) ;
#365 = ADVANCED_FACE ( 'NONE', ( #913 ), #426, .F. ) ;
#366 = CARTESIAN_POINT ( 'NONE',  ( -86.74463679942188321, 29.00000000000001066, -40.82386897225244837 ) ) ;
#367 = CARTESIAN_POINT ( 'NONE',  ( -81.17318239336250940, 1.517883041479718632E-15, -44.07900364217977796 ) ) ;
#368 = DIRECTION ( 'NONE',  ( 1.000000000000000000, 0.000000000000000000, 0.000000000000000000 ) ) ;
#369 = AXIS2_PLACEMENT_3D ( 'NONE', #803, #135, #989 ) ;
#370 = DIRECTION ( 'NONE',  ( 1.000000000000000000, 0.000000000000000000, 0.000000000000000000 ) ) ;
#371 = CARTESIAN_POINT ( 'NONE',  ( -79.13637233178062047, 28.00000000000000000, -40.52634505667347042 ) ) ;
#372 = CARTESIAN_POINT ( 'NONE',  ( -86.70936828812702402, 0.9999999999999904521, -41.51744760419639135 ) ) ;
#373 = CARTESIAN_POINT ( 'NONE',  ( -78.76098560668053494, 28.00000000000001066, -43.36525063116206979 ) ) ;
#374 = CARTESIAN_POINT ( 'NONE',  ( -85.74154825424028559, 29.00000000000000711, -41.06736415368470006 ) ) ;
#375 = DIRECTION ( 'NONE',  ( -1.000000000000000000, 0.000000000000000000, 0.000000000000000000 ) ) ;
#376 = CARTESIAN_POINT ( 'NONE',  ( -85.55020260637566309, 0.9999999999996987965, -44.03179697421470706 ) ) ;
#377 = CARTESIAN_POINT ( 'NONE',  ( -78.28346864405418160, 28.00000000000000000, -42.05115350071690017 ) ) ;
#378 = CARTESIAN_POINT ( 'NONE',  ( -86.69974826820826763, 27.99999999999999289, -41.58039420126354457 ) ) ;
#379 = EDGE_CURVE ( 'NONE', #739, #260, #779, .T. ) ;
#380 = CYLINDRICAL_SURFACE ( 'NONE', #30, 1.000000000000000888 ) ;
#381 = APPROVAL ( #1051, 'UNSPECIFIED' ) ;
#382 = EDGE_CURVE ( 'NONE', #260, #691, #696, .T. ) ;
#383 = CARTESIAN_POINT ( 'NONE',  ( -84.14061143229697848, 29.00000000000000000, -35.33684218724251025 ) ) ;
#384 = CARTESIAN_POINT ( 'NONE',  ( -79.40650640749362310, 29.00000000000000355, -42.36446299980016761 ) ) ;
#385 = CARTESIAN_POINT ( 'NONE',  ( -86.57075400912768259, 27.99999999999998934, -42.19943855807733257 ) ) ;
#386 = PLANE ( 'NONE',  #369 ) ;
#387 = VECTOR ( 'NONE', #138, 1000.000000000000000 ) ;
#388 = CARTESIAN_POINT ( 'NONE',  ( -85.24684754739347170, 2.438826903330425689E-12, -36.42159240860499381 ) ) ;
#389 = CARTESIAN_POINT ( 'NONE',  ( -85.19110551981231083, 29.00000000000122213, -35.93498357151725742 ) ) ;
#390 = CARTESIAN_POINT ( 'NONE',  ( -79.17783559371919466, 29.00000000000000000, -41.31447160050905865 ) ) ;
#391 = CARTESIAN_POINT ( 'NONE',  ( -78.98744554411796059, 28.00000000000000355, -43.72235562792469921 ) ) ;
#392 = CARTESIAN_POINT ( 'NONE',  ( -79.13638076412492239, 29.00000000000000000, -40.52634502005975747 ) ) ;
#393 = CARTESIAN_POINT ( 'NONE',  ( -84.13566768815545061, 29.00000000000000000, -35.24924192098310272 ) ) ;
#394 = CARTESIAN_POINT ( 'NONE',  ( -79.37613135233327455, -3.686287386450727697E-15, -42.27196607119945782 ) ) ;
#395 = CARTESIAN_POINT ( 'NONE',  ( -85.13637233178063468, 28.13208984559906867, -35.23230762166619456 ) ) ;
#396 = CARTESIAN_POINT ( 'NONE',  ( -87.25198995061526830, 1.000000000000007772, -39.49132813789562846 ) ) ;
#397 = COORDINATED_UNIVERSAL_TIME_OFFSET ( 0, 0, .AHEAD. ) ;
#398 = CARTESIAN_POINT ( 'NONE',  ( -78.13619429261740379, 29.00000000000000000, -40.51241163168647574 ) ) ;
#399 = CARTESIAN_POINT ( 'NONE',  ( -78.13614911270580876, 1.517883041479706405E-15, -40.46887682034427058 ) ) ;
#400 = CARTESIAN_POINT ( 'NONE',  ( -85.70628339948339658, 1.000000000000001332, -43.86098789652301377 ) ) ;
#401 = ORIENTED_EDGE ( 'NONE', *, *, #52, .F. ) ;
#402 = DATE_TIME_ROLE ( 'classification_date' ) ;
#403 = CARTESIAN_POINT ( 'NONE',  ( -79.72514047172599305, 29.00000000000000711, -44.47634949180692843 ) ) ;
#404 = CARTESIAN_POINT ( 'NONE',  ( -78.13697288746271852, 1.000000000000000888, -40.61302964182564779 ) ) ;
#405 = CARTESIAN_POINT ( 'NONE',  ( -78.13637233178062047, 1.000000000000007772, -40.52634505667347042 ) ) ;
#406 = EDGE_LOOP ( 'NONE', ( #13, #601, #1006, #246 ) ) ;
#407 = PERSON_AND_ORGANIZATION ( #421, #787 ) ;
#408 = CARTESIAN_POINT ( 'NONE',  ( -81.73302466535442079, 28.99999999999938893, -45.19694224775813751 ) ) ;
#409 = CARTESIAN_POINT ( 'NONE',  ( -85.13637233178063468, 28.00000000000000000, -35.23230762166618746 ) ) ;
#410 = CARTESIAN_POINT ( 'NONE',  ( -85.13637233178063468, 28.58578643762690419, -30.21674210529830518 ) ) ;
#411 = ORIENTED_EDGE ( 'NONE', *, *, #700, .F. ) ;
#412 = CARTESIAN_POINT ( 'NONE',  ( 0.000000000000000000, 0.000000000000000000, 0.000000000000000000 ) ) ;
#413 = CARTESIAN_POINT ( 'NONE',  ( -81.51214832290868628, 28.99999999999876366, -45.17136982582092486 ) ) ;
#414 = CARTESIAN_POINT ( 'NONE',  ( -79.52244965266635290, 4.645908761974976625E-13, -44.31440511451904030 ) ) ;
#415 = ORIENTED_EDGE ( 'NONE', *, *, #880, .T. ) ;
#416 = PERSON_AND_ORGANIZATION ( #421, #787 ) ;
#417 = CARTESIAN_POINT ( 'NONE',  ( -79.16509728105921795, 27.99999999999999645, -43.95448756746439756 ) ) ;
#418 = CARTESIAN_POINT ( 'NONE',  ( -80.17879203272981670, 1.517883041479706208E-15, -43.55616045660281088 ) ) ;
#419 = CARTESIAN_POINT ( 'NONE',  ( -86.64499597801778918, 0.9999999999999958922, -40.12118889522178478 ) ) ;
#420 = CARTESIAN_POINT ( 'NONE',  ( -85.29545043093798995, 3.470183189976409405E-13, -36.74073391173961056 ) ) ;
#421 = PERSON ( 'UNSPECIFIED', 'UNSPECIFIED', 'UNSPECIFIED', ('UNSPECIFIED'), ('UNSPECIFIED'), ('UNSPECIFIED') ) ;
#422 = EDGE_CURVE ( 'NONE', #279, #24, #487, .T. ) ;
#423 = CARTESIAN_POINT ( 'NONE',  ( -84.84286391811484407, 29.00000000000001066, -43.32096492416178535 ) ) ;
#424 = CARTESIAN_POINT ( 'NONE',  ( -79.22879576781906508, 1.517883041479706208E-15, -41.66771501209986184 ) ) ;
#425 = CARTESIAN_POINT ( 'NONE',  ( -84.72215876940752821, 29.00000000000000355, -30.63095566767139744 ) ) ;
#426 = PLANE ( 'NONE',  #118 ) ;
#427 = CARTESIAN_POINT ( 'NONE',  ( -86.24549506628889617, 1.000000000000000888, -39.26126496141903033 ) ) ;
#428 = CARTESIAN_POINT ( 'NONE',  ( -85.43019335454566487, 29.00000000000000000, -39.84679431148747142 ) ) ;
#429 = CARTESIAN_POINT ( 'NONE',  ( -81.12506697790124122, -3.686287386450715076E-15, -44.06493154946936386 ) ) ;
#430 = PLANE ( 'NONE',  #807 ) ;
#431 = EDGE_LOOP ( 'NONE', ( #514, #606, #564, #205 ) ) ;
#432 = CARTESIAN_POINT ( 'NONE',  ( -85.16028253012898119, 6.722053469410127491E-15, -39.38883675608613544 ) ) ;
#433 = CARTESIAN_POINT ( 'NONE',  ( -86.35023925477240425, 28.99999999999905853, -42.82568294502096506 ) ) ;
#434 = CARTESIAN_POINT ( 'NONE',  ( -78.24349048111336913, 0.9999999999996912470, -41.84133553976040076 ) ) ;
#435 = VECTOR ( 'NONE', #966, 1000.000000000000000 ) ;
#436 = CARTESIAN_POINT ( 'NONE',  ( -85.18674907873864299, 6.722053469410127491E-15, -39.43538159943969390 ) ) ;
#437 = PLANE ( 'NONE',  #936 ) ;
#438 = CARTESIAN_POINT ( 'NONE',  ( -84.91171368072319581, 6.722053469410127491E-15, -38.92262332553080029 ) ) ;
#439 = CARTESIAN_POINT ( 'NONE',  ( -86.63373573177250364, 28.99999999999999645, -40.10928643673665306 ) ) ;
#440 = B_SPLINE_SURFACE_WITH_KNOTS ( 'NONE', 3, 1, ( 
 ( #744, #748 ),
 ( #236, #909 ),
 ( #831, #994 ),
 ( #815, #158 ),
 ( #320, #396 ),
 ( #174, #826 ),
 ( #650, #738 ) ),
 .UNSPECIFIED., .F., .F., .F.,
 ( 4, 1, 1, 1, 4 ),
 ( 2, 2 ),
 ( 0.000000000000000000, 0.3410530532821576255, 0.5469053468717810507, 0.7897443456429308339, 1.000000000000000000 ),
 ( 0.000000000000000000, 1.000000000000000000 ),
 .UNSPECIFIED. ) ;
#441 = CARTESIAN_POINT ( 'NONE',  ( -83.77557005104326038, 1.517883041479706208E-15, -43.97451499208326453 ) ) ;
#442 = CARTESIAN_POINT ( 'NONE',  ( -85.07310984967774914, 1.192622389734054877E-14, -43.05502921796482951 ) ) ;
#443 = DIRECTION ( 'NONE',  ( 0.000000000000000000, -0.000000000000000000, -1.000000000000000000 ) ) ;
#444 = ORIENTED_EDGE ( 'NONE', *, *, #379, .T. ) ;
#445 = CARTESIAN_POINT ( 'NONE',  ( -86.56688208407017271, 1.000000000000004441, -39.89655160730598027 ) ) ;
#446 = CARTESIAN_POINT ( 'NONE',  ( -85.71359652085922676, 28.99999999999999645, -40.58892400057164451 ) ) ;
#447 = CARTESIAN_POINT ( 'NONE',  ( -86.57535420410260940, -1.071263485984060276E-12, -42.18583452958240088 ) ) ;
#448 = CARTESIAN_POINT ( 'NONE',  ( -78.13800855236530651, 27.99999999999999289, -40.94759360423890371 ) ) ;
#449 = CARTESIAN_POINT ( 'NONE',  ( -84.17691177450564055, 28.99999999999999289, -35.95848622053043186 ) ) ;
#450 = CARTESIAN_POINT ( 'NONE',  ( -86.45300432764108223, 27.99999999999998934, -39.62859579479469119 ) ) ;
#451 = CARTESIAN_POINT ( 'NONE',  ( -85.88132947074272749, 6.988233238808875340E-14, -43.64896165627004621 ) ) ;
#452 = CARTESIAN_POINT ( 'NONE',  ( -81.87027967674916340, 6.722053469410115658E-15, -44.20449336729630119 ) ) ;
#453 = CARTESIAN_POINT ( 'NONE',  ( -86.20296596221109553, 28.00000000000000000, -39.18629306146202396 ) ) ;
#454 = CARTESIAN_POINT ( 'NONE',  ( -85.27584725436425117, 28.99999999999999289, -39.58604678034738811 ) ) ;
#455 = EDGE_CURVE ( 'NONE', #1054, #24, #502, .T. ) ;
#456 = LINE ( 'NONE', #462, #1022 ) ;
#457 = CARTESIAN_POINT ( 'NONE',  ( -83.46558505854622467, 1.512237110483634141E-13, -45.10034822548588096 ) ) ;
#458 = ADVANCED_FACE ( 'NONE', ( #940 ), #145, .T. ) ;
#459 = CARTESIAN_POINT ( 'NONE',  ( -79.13761016720758334, 29.00000000000000000, -40.64483608519076085 ) ) ;
#460 = CARTESIAN_POINT ( 'NONE',  ( -86.64499606294953082, 28.00000000000000355, -40.12118922419458755 ) ) ;
#461 = CARTESIAN_POINT ( 'NONE',  ( -79.84522668861822581, 29.00000000000000355, -43.23272804153110371 ) ) ;
#462 = CARTESIAN_POINT ( 'NONE',  ( -85.13637233178063468, 28.00000000000000000, -30.21674210529830162 ) ) ;
#463 = B_SPLINE_CURVE_WITH_KNOTS ( 'NONE', 3,
 ( #409, #395, #3, #313, #248, #92, #574, #970, #645, #495 ),
 .UNSPECIFIED., .F., .F.,
 ( 4, 2, 2, 2, 4 ),
 ( 0.000000000000000000, 0.0003906441197043846922, 0.0007812882394087693845, 0.001171932359113154022, 0.001562576478817538769 ),
 .UNSPECIFIED. ) ;
#464 = CARTESIAN_POINT ( 'NONE',  ( -84.42051406927643598, 6.722053469410127491E-15, -43.65942730761726409 ) ) ;
#465 = CARTESIAN_POINT ( 'NONE',  ( -80.37031411956924387, 6.722053469410140113E-15, -43.70490448303970510 ) ) ;
#466 = CARTESIAN_POINT ( 'NONE',  ( -86.44145993644548298, 27.99999999999998934, -42.59756784083785419 ) ) ;
#467 = CARTESIAN_POINT ( 'NONE',  ( -84.47149971771010257, 28.99999999999999645, -37.67680199263911334 ) ) ;
#468 = CARTESIAN_POINT ( 'NONE',  ( -85.69996983864255924, 28.00000000000000711, -38.22748524759209943 ) ) ;
#469 = CARTESIAN_POINT ( 'NONE',  ( -79.13690148498368160, 29.00000000000000000, -40.59993323587423220 ) ) ;
#470 = CARTESIAN_POINT ( 'NONE',  ( -84.90484819608798261, 28.00000000000000000, -44.53620709492994933 ) ) ;
#471 = LOCAL_TIME ( 18, 35, 27.00000000000000000, #32 ) ;
#472 = CARTESIAN_POINT ( 'NONE',  ( -81.69490738974086241, 28.99999999999999645, -44.18570665948570309 ) ) ;
#473 = AXIS2_PLACEMENT_3D ( 'NONE', #774, #357, #690 ) ;
#474 = CARTESIAN_POINT ( 'NONE',  ( -85.29545043093798995, 29.00000000000491340, -36.74073391173837422 ) ) ;
#475 = CARTESIAN_POINT ( 'NONE',  ( -78.13637233178062047, 29.00000000000000000, -40.52634505667347042 ) ) ;
#476 = DIRECTION ( 'NONE',  ( -1.000000000000000000, -0.000000000000000000, -0.000000000000000000 ) ) ;
#477 = CC_DESIGN_PERSON_AND_ORGANIZATION_ASSIGNMENT ( #239, #565, ( #166 ) ) ;
#478 = CARTESIAN_POINT ( 'NONE',  ( -79.64640082465400894, -8.890457814381098494E-15, -42.92759919574960747 ) ) ;
#479 = CARTESIAN_POINT ( 'NONE',  ( -84.13637233178063468, 0.000000000000000000, -35.26135916053755892 ) ) ;
#480 = CARTESIAN_POINT ( 'NONE',  ( -79.55219780263820439, 1.000000000000001554, -44.33589992474926333 ) ) ;
#481 = VERTEX_POINT ( 'NONE', #802 ) ;
#482 = COORDINATED_UNIVERSAL_TIME_OFFSET ( 0, 0, .AHEAD. ) ;
#483 = CARTESIAN_POINT ( 'NONE',  ( -83.46558505854622467, 28.99999999999906564, -45.10034822548588096 ) ) ;
#484 = CARTESIAN_POINT ( 'NONE',  ( -79.13690148498368160, 1.517883041479706208E-15, -40.59993323587423220 ) ) ;
#485 = CARTESIAN_POINT ( 'NONE',  ( -78.41530865739485989, 0.9999999999999958922, -42.60159319446117365 ) ) ;
#486 = ORIENTED_EDGE ( 'NONE', *, *, #1015, .F. ) ;
#487 =( BOUNDED_CURVE ( )  B_SPLINE_CURVE ( 3, ( #19, #671, #259, #594 ),
 .UNSPECIFIED., .F., .F. ) 
 B_SPLINE_CURVE_WITH_KNOTS ( ( 4, 4 ),
 ( 4.712388980384689674, 6.283185307179586232 ),
 .UNSPECIFIED. ) 
 CURVE ( )  GEOMETRIC_REPRESENTATION_ITEM ( )  RATIONAL_B_SPLINE_CURVE ( ( 1.000000000000000000, 0.8047378541243649375, 0.8047378541243649375, 1.000000000000000000 ) ) 
 REPRESENTATION_ITEM ( '' )  );
#488 = SECURITY_CLASSIFICATION_LEVEL ( 'unclassified' ) ;
#489 = CARTESIAN_POINT ( 'NONE',  ( -81.12506697790124122, 28.99999999999999645, -44.06493154946936386 ) ) ;
#490 = EDGE_CURVE ( 'NONE', #260, #974, #791, .T. ) ;
#491 = CARTESIAN_POINT ( 'NONE',  ( -79.13637233178062047, 29.00000000000000000, -31.21674210529830518 ) ) ;
#492 = ORIENTED_EDGE ( 'NONE', *, *, #330, .T. ) ;
#493 = PERSON_AND_ORGANIZATION ( #421, #787 ) ;
#494 = CARTESIAN_POINT ( 'NONE',  ( -80.31983377396046819, 29.00000000000000355, -43.66898261610251097 ) ) ;
#495 = CARTESIAN_POINT ( 'NONE',  ( -84.13637233178063468, 29.00000000000000000, -35.26135916053755892 ) ) ;
#496 = CARTESIAN_POINT ( 'NONE',  ( -84.13637233178063468, 0.000000000000000000, -35.26135916053755892 ) ) ;
#497 = CARTESIAN_POINT ( 'NONE',  ( -83.13640769419733090, 1.000000000000011546, -45.17087347913623319 ) ) ;
#498 = ORIENTED_EDGE ( 'NONE', *, *, #537, .T. ) ;
#499 =( NAMED_UNIT ( * ) PLANE_ANGLE_UNIT ( ) SI_UNIT ( $, .RADIAN. ) );
#500 = CARTESIAN_POINT ( 'NONE',  ( -85.36407624582263054, 29.00000000000000711, -44.20299622256053595 ) ) ;
#501 = CARTESIAN_POINT ( 'NONE',  ( -81.83005780447420818, 6.722053469410127491E-15, -44.20085408486022516 ) ) ;
#502 = LINE ( 'NONE', #677, #579 ) ;
#503 = ORIENTED_EDGE ( 'NONE', *, *, #271, .T. ) ;
#504 = CARTESIAN_POINT ( 'NONE',  ( -85.71359652085922676, 1.517883041479706208E-15, -40.58892400057164451 ) ) ;
#505 = VECTOR ( 'NONE', #544, 1000.000000000000000 ) ;
#506 = CARTESIAN_POINT ( 'NONE',  ( -85.55020260637566309, 27.99999999999969802, -44.03179697421470706 ) ) ;
#507 = CARTESIAN_POINT ( 'NONE',  ( -78.13637233178062047, 28.58578643762690419, -30.21674210529830518 ) ) ;
#508 = DIRECTION ( 'NONE',  ( 0.000000000000000000, -1.000000000000000000, 0.000000000000000000 ) ) ;
#509 = EDGE_LOOP ( 'NONE', ( #498, #119, #486, #363 ) ) ;
#510 = CARTESIAN_POINT ( 'NONE',  ( -86.68285654524238737, 2.294647433437346907E-13, -40.31344970494933477 ) ) ;
#511 = APPROVAL ( #902, 'UNSPECIFIED' ) ;
#512 = CARTESIAN_POINT ( 'NONE',  ( -86.29337466655550770, 28.00000000000030553, -39.34161865643041978 ) ) ;
#513 = CARTESIAN_POINT ( 'NONE',  ( -85.16051594328752117, 1.000000000000001332, -35.64748759889469909 ) ) ;
#514 = ORIENTED_EDGE ( 'NONE', *, *, #536, .T. ) ;
#515 = CARTESIAN_POINT ( 'NONE',  ( -86.11053564370875790, -1.040834085586084730E-14, -39.03310794503367021 ) ) ;
#516 = CARTESIAN_POINT ( 'NONE',  ( -85.62749105107062064, 29.00000000000000355, -40.24082252695684048 ) ) ;
#517 = CARTESIAN_POINT ( 'NONE',  ( -81.65265844705132281, 1.517883041479706208E-15, -44.18006666516438941 ) ) ;
#518 = CARTESIAN_POINT ( 'NONE',  ( -86.44146007947570354, 1.000000000000001332, -42.59756745740868666 ) ) ;
#519 = CARTESIAN_POINT ( 'NONE',  ( -86.45300440088793437, -8.890457814381126893E-15, -39.62859576269085693 ) ) ;
#520 = CARTESIAN_POINT ( 'NONE',  ( -86.11053564370875790, 29.00000000000001421, -39.03310794503366310 ) ) ;
#521 = CARTESIAN_POINT ( 'NONE',  ( -80.15714812639838271, 1.000000000000631939, -44.74769227477219857 ) ) ;
#522 = EDGE_CURVE ( 'NONE', #1020, #238, #617, .T. ) ;
#523 = CYLINDRICAL_SURFACE ( 'NONE', #820, 1.000000000000000888 ) ;
#524 = ORIENTED_EDGE ( 'NONE', *, *, #880, .F. ) ;
#525 = CARTESIAN_POINT ( 'NONE',  ( -86.74362443690375812, 0.9999999999999904521, -41.05834593093344154 ) ) ;
#526 = CARTESIAN_POINT ( 'NONE',  ( -86.70392506425895363, 29.00000000000001066, -40.44538348392535454 ) ) ;
#527 = CARTESIAN_POINT ( 'NONE',  ( -85.36407624582261633, 6.722053469410132224E-15, -44.20299622256053595 ) ) ;
#528 = CARTESIAN_POINT ( 'NONE',  ( -81.69490738974369037, -3.686287386450702454E-15, -44.18570665948605836 ) ) ;
#529 = CARTESIAN_POINT ( 'NONE',  ( -85.63723664094727894, 28.00000000000000711, -38.08245447704027953 ) ) ;
#530 = CARTESIAN_POINT ( 'NONE',  ( -85.13879563732901090, -6.833397957715412428E-13, -35.27641936258870459 ) ) ;
#531 = CARTESIAN_POINT ( 'NONE',  ( -86.57535420427592499, 27.99999999999937472, -42.18583452962192126 ) ) ;
#532 = CARTESIAN_POINT ( 'NONE',  ( -83.43155442440092884, 1.517883041479706208E-15, -44.08082185235876693 ) ) ;
#533 = CARTESIAN_POINT ( 'NONE',  ( -80.83758448211253267, 1.517883041479706010E-15, -43.96070543084209703 ) ) ;
#534 = CARTESIAN_POINT ( 'NONE',  ( -85.70628310397938776, 27.99999999999998224, -43.86098823408627823 ) ) ;
#535 = CARTESIAN_POINT ( 'NONE',  ( -85.54478796259995477, 28.99999999999998934, -40.03713040387975042 ) ) ;
#536 = EDGE_CURVE ( 'NONE', #691, #780, #171, .T. ) ;
#537 = EDGE_CURVE ( 'NONE', #260, #745, #463, .T. ) ;
#538 = CARTESIAN_POINT ( 'NONE',  ( -85.14961052329972802, 28.00000000000045830, -35.44201728491538006 ) ) ;
#539 = CC_DESIGN_APPROVAL ( #511, ( #48 ) ) ;
#540 = CARTESIAN_POINT ( 'NONE',  ( -83.94470903711660981, 1.517883041479706208E-15, -43.90878666692676546 ) ) ;
#541 = CARTESIAN_POINT ( 'NONE',  ( -79.16056511558552700, 28.99999999999998934, -41.13676604354970578 ) ) ;
#542 = CARTESIAN_POINT ( 'NONE',  ( -85.19834956554207395, 27.99999999999998579, -36.06098513986162857 ) ) ;
#543 = CARTESIAN_POINT ( 'NONE',  ( -84.13637233178063468, 28.00000000000000000, -44.39541070858673066 ) ) ;
#544 = DIRECTION ( 'NONE',  ( -1.000000000000000000, -0.000000000000000000, 0.000000000000000000 ) ) ;
#545 = CARTESIAN_POINT ( 'NONE',  ( -85.60994876675516707, 6.722053469410127491E-15, -41.92085993604177929 ) ) ;
#546 = CARTESIAN_POINT ( 'NONE',  ( -79.35116537355168020, 29.00000000000000000, -42.19151643341092495 ) ) ;
#547 = CARTESIAN_POINT ( 'NONE',  ( -86.72429954583878953, 28.00000000000001776, -41.37310218447255750 ) ) ;
#548 = CARTESIAN_POINT ( 'NONE',  ( -84.93776804525394653, 29.00000000000001421, -38.97639436298057802 ) ) ;
#549 = CARTESIAN_POINT ( 'NONE',  ( -85.50369194278221130, 28.00000000000000711, -37.66104527970088611 ) ) ;
#550 = UNCERTAINTY_MEASURE_WITH_UNIT (LENGTH_MEASURE( 1.000000000000000082E-05 ), #740, 'distance_accuracy_value', 'NONE');
#551 = CARTESIAN_POINT ( 'NONE',  ( -79.24522174365523597, 1.517883041479693783E-15, -41.75608450926475967 ) ) ;
#552 = CARTESIAN_POINT ( 'NONE',  ( -85.79496964631503886, 27.99999999999999289, -38.46222042784008721 ) ) ;
#553 = CARTESIAN_POINT ( 'NONE',  ( -83.95704275082654533, 29.00000000000000711, -43.90342590121542088 ) ) ;
#554 = CARTESIAN_POINT ( 'NONE',  ( -84.15204628123466080, 29.00000000000000000, -35.51193300050036328 ) ) ;
#555 = CARTESIAN_POINT ( 'NONE',  ( -79.14454844600774663, 28.99999999999998934, -40.86890213365042257 ) ) ;
#556 = CARTESIAN_POINT ( 'NONE',  ( -85.01005699379850000, 0.4961668600788887717, -35.23597727661758938 ) ) ;
#557 = EDGE_CURVE ( 'NONE', #745, #1020, #235, .T. ) ;
#558 = CARTESIAN_POINT ( 'NONE',  ( -82.50811299421793876, 1.000000000000011768, -45.21769673231789710 ) ) ;
#559 = AXIS2_PLACEMENT_3D ( 'NONE', #886, #64, #703 ) ;
#560 = EDGE_CURVE ( 'NONE', #739, #6, #1048, .T. ) ;
#561 = DIRECTION ( 'NONE',  ( 1.000000000000000000, 0.000000000000000000, 0.000000000000000000 ) ) ;
#562 = CARTESIAN_POINT ( 'NONE',  ( -80.22701219481439239, 1.517883041479693980E-15, -43.59655471736270016 ) ) ;
#563 = CARTESIAN_POINT ( 'NONE',  ( -85.83852712037744936, 1.000000000000001554, -43.69976980269110101 ) ) ;
#564 = ORIENTED_EDGE ( 'NONE', *, *, #685, .T. ) ;
#565 = PERSON_AND_ORGANIZATION_ROLE ( 'design_supplier' ) ;
#566 = CARTESIAN_POINT ( 'NONE',  ( -86.01940788051685161, 27.99999999999969091, -43.44669915494034740 ) ) ;
#567 = CARTESIAN_POINT ( 'NONE',  ( -79.13614173849721567, 1.517883041479706208E-15, -40.46503621335335055 ) ) ;
#568 = CARTESIAN_POINT ( 'NONE',  ( -78.14498583600453685, 1.000000000000001332, -40.94665394732428609 ) ) ;
#569 = EDGE_CURVE ( 'NONE', #974, #1054, #895, .T. ) ;
#570 = ORIENTED_EDGE ( 'NONE', *, *, #973, .T. ) ;
#571 = ADVANCED_FACE ( 'NONE', ( #319 ), #604, .T. ) ;
#572 = PERSON_AND_ORGANIZATION ( #421, #787 ) ;
#573 = CARTESIAN_POINT ( 'NONE',  ( -83.46558505900377156, 27.99999999999968736, -45.10034822816237465 ) ) ;
#574 = CARTESIAN_POINT ( 'NONE',  ( -84.63996739168263161, 28.87369099519908389, -35.24672894907924814 ) ) ;
#575 = ADVANCED_FACE ( 'NONE', ( #670 ), #676, .T. ) ;
#576 = LOCAL_TIME ( 18, 35, 27.00000000000000000, #397 ) ;
#577 = CARTESIAN_POINT ( 'NONE',  ( -85.25033981454507170, 1.000000000000011768, -44.29358147446070859 ) ) ;
#578 = ORIENTED_EDGE ( 'NONE', *, *, #971, .T. ) ;
#579 = VECTOR ( 'NONE', #628, 1000.000000000000000 ) ;
#580 = CARTESIAN_POINT ( 'NONE',  ( -83.94470903711660981, 29.00000000000000000, -43.90878666692676546 ) ) ;
#581 = DIRECTION ( 'NONE',  ( 0.000000000000000000, 0.000000000000000000, 1.000000000000000000 ) ) ;
#582 = CARTESIAN_POINT ( 'NONE',  ( -85.13637233178063468, 28.00000000000000000, -30.21674210529830162 ) ) ;
#583 = CARTESIAN_POINT ( 'NONE',  ( -81.87679910033432407, 1.000000000000006439, -45.20860812854465394 ) ) ;
#584 = VERTEX_POINT ( 'NONE', #10 ) ;
#585 = PERSON_AND_ORGANIZATION_ROLE ( 'design_owner' ) ;
#586 = CARTESIAN_POINT ( 'NONE',  ( -84.96388708576660065, 29.00000000000000711, -44.50169695085574517 ) ) ;
#587 = CARTESIAN_POINT ( 'NONE',  ( -78.18363354495335216, 4.658604217068505366E-13, -41.42642194495397945 ) ) ;
#588 = CARTESIAN_POINT ( 'NONE',  ( -84.47149971770997468, 1.517883041479708180E-15, -37.67680199263855911 ) ) ;
#589 = FACE_OUTER_BOUND ( 'NONE', #406, .T. ) ;
#590 = CARTESIAN_POINT ( 'NONE',  ( -85.66737375396947130, -3.686287386450715076E-15, -40.36770340114083666 ) ) ;
#591 = CARTESIAN_POINT ( 'NONE',  ( -82.81826489409698411, 29.00000000000186162, -45.21100747420535981 ) ) ;
#592 = CARTESIAN_POINT ( 'NONE',  ( -81.73302466515157505, 0.9999999999990730748, -45.19694225131122778 ) ) ;
#593 = CARTESIAN_POINT ( 'NONE',  ( -85.10507195747462106, 28.00000000000000000, -31.21674210529830518 ) ) ;
#594 = CARTESIAN_POINT ( 'NONE',  ( -78.13637233178062047, 1.000000000000007772, -30.21674210529830162 ) ) ;
#595 = ORIENTED_EDGE ( 'NONE', *, *, #672, .F. ) ;
#596 = CARTESIAN_POINT ( 'NONE',  ( -85.55847577700215822, -8.890457814381136359E-15, -40.07876251225212627 ) ) ;
#597 = CIRCLE ( 'NONE', #136, 1.000000000000000888 ) ;
#598 = CARTESIAN_POINT ( 'NONE',  ( -86.39665171857616599, 27.99999999999969447, -39.52511547805951864 ) ) ;
#599 = CARTESIAN_POINT ( 'NONE',  ( -78.74245456938031396, 0.9999999999996905808, -43.33626775821144150 ) ) ;
#600 = CARTESIAN_POINT ( 'NONE',  ( -86.41095258226981457, 1.000000000000001332, -39.54695152856992024 ) ) ;
#601 = ORIENTED_EDGE ( 'NONE', *, *, #956, .F. ) ;
#602 = CARTESIAN_POINT ( 'NONE',  ( -85.43019335454566487, 1.517883041479706208E-15, -39.84679431148747142 ) ) ;
#603 = CARTESIAN_POINT ( 'NONE',  ( -85.65533712204769756, 29.00000000000000355, -40.32484486910371402 ) ) ;
#604 =( BOUNDED_SURFACE ( )  B_SPLINE_SURFACE ( 3, 2, ( 
 ( #77, #1053, #729 ),
 ( #567, #399, #649 ),
 ( #829, #977, #900 ),
 ( #484, #819, #404 ),
 ( #75, #737, #658 ),
 ( #724, #323, #154 ),
 ( #654, #326, #982 ),
 ( #1043, #764, #747 ),
 ( #201, #587, #663 ),
 ( #424, #688, #434 ),
 ( #1004, #837, #912 ),
 ( #270, #669, #17 ),
 ( #917, #993, #999 ),
 ( #34, #252, #340 ),
 ( #99, #264, #599 ),
 ( #758, #176, #276 ),
 ( #184, #27, #843 ),
 ( #418, #414, #848 ),
 ( #110, #609, #854 ),
 ( #104, #931, #521 ),
 ( #116, #356, #772 ),
 ( #429, #351, #257 ),
 ( #859, #681, #927 ),
 ( #517, #9, #334 ),
 ( #501, #754, #592 ),
 ( #345, #675, #921 ),
 ( #621, #293, #694 ),
 ( #879, #457, #777 ),
 ( #532, #144, #216 ),
 ( #441, #699, #208 ),
 ( #540, #139, #122 ),
 ( #361, #795, #1024 ),
 ( #464, #1029, #57 ),
 ( #954, #527, #615 ),
 ( #288, #1017, #376 ),
 ( #713, #451, #40 ),
 ( #944, #1033, #874 ),
 ( #707, #626, #127 ),
 ( #298, #938, #632 ),
 ( #783, #283, #221 ),
 ( #545, #447, #869 ),
 ( #948, #44, #211 ),
 ( #789, #51, #372 ),
 ( #1014, #267, #525 ),
 ( #180, #261, #255 ),
 ( #504, #188, #108 ),
 ( #337, #510, #863 ),
 ( #590, #1007, #1002 ),
 ( #935, #120, #756 ),
 ( #673, #281, #445 ),
 ( #198, #1011, #25 ),
 ( #596, #519, #692 ),
 ( #846, #349, #20 ),
 ( #602, #762, #679 ),
 ( #613, #925, #427 ),
 ( #193, #515, #343 ),
 ( #432, #667, #354 ),
 ( #438, #775, #852 ),
 ( #125, #114, #38 ),
 ( #359, #274, #607 ),
 ( #206, #996, #14 ),
 ( #102, #420, #286 ),
 ( #67, #388, #640 ),
 ( #963, #1027, #164 ),
 ( #241, #705, #793 ),
 ( #619, #137, #781 ),
 ( #799, #364, #296 ),
 ( #711, #530, #697 ),
 ( #131, #655, #659 ),
 ( #838, #82, #327 ) ),
 .UNSPECIFIED., .F., .F., .T. ) 
 B_SPLINE_SURFACE_WITH_KNOTS ( ( 4, 2, 2, 2, 2, 2, 2, 2, 2, 2, 2, 2, 2, 2, 2, 2, 2, 2, 2, 2, 2, 2, 2, 2, 2, 2, 2, 2, 2, 2, 2, 2, 2, 2, 4 ),
 ( 3, 3 ),
 ( -0.0001015611465465029453, 3.226682260071187761E-05, 0.0001660947917479267005, 0.0004337507300423563191, 0.0009690626066312155564, 0.001504374483220074794, 0.002039686359808934139, 0.002574998236397793485, 0.003110310112986652831, 0.003645621989575512176, 0.004180933866164371522, 0.004716245742753231301, 0.005251557619342090213, 0.006322181372519808037, 0.006857493249108666949, 0.007392805125697526729, 0.007928117002286386508, 0.008463428878875245420, 0.008998740755464104332, 0.009534052632052963244, 0.01006936450864182389, 0.01060467638523068280, 0.01113998826181954171, 0.01140764420011397204, 0.01154147216926118720, 0.01167530013840840236, 0.01194295607670283269, 0.01221061201499726127, 0.01274592389158612019, 0.01381654764476383801, 0.01488717139794155757, 0.01595779515111927713, 0.01649310702770813430, 0.01676076296600256463, 0.01702841890429699495 ),
 ( 0.000000000000000000, 1.000000000000000000 ),
 .UNSPECIFIED. ) 
 GEOMETRIC_REPRESENTATION_ITEM ( )  RATIONAL_B_SPLINE_SURFACE ( (
 ( 1.000000000000000000, 0.7071067811865476838, 1.000000000000000000),
 ( 1.000000000000000000, 0.7071067811865476838, 1.000000000000000000),
 ( 1.000000000000000000, 0.7071067811865476838, 1.000000000000000000),
 ( 1.000000000000000000, 0.7071067811865476838, 1.000000000000000000),
 ( 1.000000000000000000, 0.7071067811865476838, 1.000000000000000000),
 ( 1.000000000000000000, 0.7071067811865476838, 1.000000000000000000),
 ( 1.000000000000000000, 0.7071067811865464625, 1.000000000000000000),
 ( 1.000000000000000000, 0.7071067811865464625, 1.000000000000000000),
 ( 1.000000000000000000, 0.7071067811865476838, 1.000000000000000000),
 ( 1.000000000000000000, 0.7071067811865476838, 1.000000000000000000),
 ( 1.000000000000000000, 0.7071067811865476838, 1.000000000000000000),
 ( 1.000000000000000000, 0.7071067811865476838, 1.000000000000000000),
 ( 1.000000000000000000, 0.7071067811865482389, 1.000000000000000000),
 ( 1.000000000000000000, 0.7071067811865482389, 1.000000000000000000),
 ( 1.000000000000000000, 0.7071067811865482389, 1.000000000000000000),
 ( 1.000000000000000000, 0.7071067811865482389, 1.000000000000000000),
 ( 1.000000000000000000, 0.7071067811865476838, 1.000000000000000000),
 ( 1.000000000000000000, 0.7071067811865476838, 1.000000000000000000),
 ( 1.000000000000000000, 0.7071067811865482389, 1.000000000000000000),
 ( 1.000000000000000000, 0.7071067811865482389, 1.000000000000000000),
 ( 1.000000000000000000, 0.7071067811865471286, 1.000000000000000000),
 ( 1.000000000000000000, 0.7071067811865471286, 1.000000000000000000),
 ( 1.000000000000000000, 0.7071067811865476838, 1.000000000000000000),
 ( 1.000000000000000000, 0.7071067811865476838, 1.000000000000000000),
 ( 1.000000000000000000, 0.7071067811865482389, 1.000000000000000000),
 ( 1.000000000000000000, 0.7071067811865482389, 1.000000000000000000),
 ( 1.000000000000000000, 0.7071067811865471286, 1.000000000000000000),
 ( 1.000000000000000000, 0.7071067811865471286, 1.000000000000000000),
 ( 1.000000000000000000, 0.7071067811865453523, 1.000000000000000000),
 ( 1.000000000000000000, 0.7071067811865453523, 1.000000000000000000),
 ( 1.000000000000000000, 0.7071067811865476838, 1.000000000000000000),
 ( 1.000000000000000000, 0.7071067811865476838, 1.000000000000000000),
 ( 1.000000000000000000, 0.7071067811865482389, 1.000000000000000000),
 ( 1.000000000000000000, 0.7071067811865482389, 1.000000000000000000),
 ( 1.000000000000000000, 0.7071067811865489050, 1.000000000000000000),
 ( 1.000000000000000000, 0.7071067811865489050, 1.000000000000000000),
 ( 1.000000000000000000, 0.7071067811865452413, 1.000000000000000000),
 ( 1.000000000000000000, 0.7071067811865452413, 1.000000000000000000),
 ( 1.000000000000000000, 0.7071067811865531239, 1.000000000000000000),
 ( 1.000000000000000000, 0.7071067811865531239, 1.000000000000000000),
 ( 1.000000000000000000, 0.7071067811865482389, 1.000000000000000000),
 ( 1.000000000000000000, 0.7071067811865482389, 1.000000000000000000),
 ( 1.000000000000000000, 0.7071067811865409114, 1.000000000000000000),
 ( 1.000000000000000000, 0.7071067811865409114, 1.000000000000000000),
 ( 1.000000000000000000, 0.7071067811865427988, 1.000000000000000000),
 ( 1.000000000000000000, 0.7071067811865427988, 1.000000000000000000),
 ( 1.000000000000000000, 0.7071067811865471286, 1.000000000000000000),
 ( 1.000000000000000000, 0.7071067811865471286, 1.000000000000000000),
 ( 1.000000000000000000, 0.7071067811865482389, 1.000000000000000000),
 ( 1.000000000000000000, 0.7071067811865482389, 1.000000000000000000),
 ( 1.000000000000000000, 0.7071067811865464625, 1.000000000000000000),
 ( 1.000000000000000000, 0.7071067811865464625, 1.000000000000000000),
 ( 1.000000000000000000, 0.7071067811865476838, 1.000000000000000000),
 ( 1.000000000000000000, 0.7071067811865476838, 1.000000000000000000),
 ( 1.000000000000000000, 0.7071067811865434649, 1.000000000000000000),
 ( 1.000000000000000000, 0.7071067811865434649, 1.000000000000000000),
 ( 1.000000000000000000, 0.7071067811865482389, 1.000000000000000000),
 ( 1.000000000000000000, 0.7071067811865482389, 1.000000000000000000),
 ( 1.000000000000000000, 0.7071067811865534569, 1.000000000000000000),
 ( 1.000000000000000000, 0.7071067811865534569, 1.000000000000000000),
 ( 1.000000000000000000, 0.7071067811865476838, 1.000000000000000000),
 ( 1.000000000000000000, 0.7071067811865476838, 1.000000000000000000),
 ( 1.000000000000000000, 0.7071067811865476838, 1.000000000000000000),
 ( 1.000000000000000000, 0.7071067811865476838, 1.000000000000000000),
 ( 1.000000000000000000, 0.7071067811865471286, 1.000000000000000000),
 ( 1.000000000000000000, 0.7071067811865471286, 1.000000000000000000),
 ( 1.000000000000000000, 0.7071067811865476838, 1.000000000000000000),
 ( 1.000000000000000000, 0.7071067811865476838, 1.000000000000000000),
 ( 1.000000000000000000, 0.7071067811865476838, 1.000000000000000000),
 ( 1.000000000000000000, 0.7071067811865476838, 1.000000000000000000) ) ) 
 REPRESENTATION_ITEM ( '' )  SURFACE ( )  );
#605 = PLANE ( 'NONE',  #473 ) ;
#606 = ORIENTED_EDGE ( 'NONE', *, *, #330, .F. ) ;
#607 = CARTESIAN_POINT ( 'NONE',  ( -85.50369194278221130, 1.000000000000007772, -37.66104527970088611 ) ) ;
#608 = CARTESIAN_POINT ( 'NONE',  ( -86.61440385131133723, 28.00000000000000355, -40.03994321711575566 ) ) ;
#609 = CARTESIAN_POINT ( 'NONE',  ( -79.72514047172599305, -1.464316014919463392E-12, -44.47634949180693553 ) ) ;
#610 = CARTESIAN_POINT ( 'NONE',  ( -82.75824826600153017, 1.192622389734055035E-14, -44.20868532214451818 ) ) ;
#611 = DIRECTION ( 'NONE',  ( -1.000000000000000000, 0.000000000000000000, 0.000000000000000000 ) ) ;
#612 = ORIENTED_EDGE ( 'NONE', *, *, #569, .T. ) ;
#613 = CARTESIAN_POINT ( 'NONE',  ( -85.38492539438639994, 1.517883041479706208E-15, -39.77059777557096965 ) ) ;
#614 = CARTESIAN_POINT ( 'NONE',  ( -85.74249998012253116, 28.99999999999999645, -40.85763138012690376 ) ) ;
#615 = CARTESIAN_POINT ( 'NONE',  ( -85.36407625184367021, 1.000000000000004441, -44.20299623062732763 ) ) ;
#616 = CIRCLE ( 'NONE', #750, 1.000000000000000888 ) ;
#617 = LINE ( 'NONE', #46, #232 ) ;
#618 = EDGE_LOOP ( 'NONE', ( #321, #1060, #95, #348 ) ) ;
#619 = CARTESIAN_POINT ( 'NONE',  ( -84.15838754709406544, -3.686287386450715076E-15, -35.59943425867648870 ) ) ;
#620 = CARTESIAN_POINT ( 'NONE',  ( -86.56688205551857607, 29.00000000000000711, -39.89655161676833472 ) ) ;
#621 = CARTESIAN_POINT ( 'NONE',  ( -82.72921587559378054, -3.686287386450715076E-15, -44.21172369041018158 ) ) ;
#622 = CARTESIAN_POINT ( 'NONE',  ( -86.73840632254564298, 27.99999999999998579, -40.74871285536487875 ) ) ;
#623 = EDGE_CURVE ( 'NONE', #584, #279, #341, .T. ) ;
#624 = CARTESIAN_POINT ( 'NONE',  ( -79.37613135233291928, 28.99999999999999289, -42.27196607119831384 ) ) ;
#625 = CARTESIAN_POINT ( 'NONE',  ( -84.13637233178063468, 29.00000000000000000, -31.21674210529830518 ) ) ;
#626 = CARTESIAN_POINT ( 'NONE',  ( -86.25439649386881058, -1.387745247281433711E-13, -43.03400037176273685 ) ) ;
#627 = CARTESIAN_POINT ( 'NONE',  ( -84.27425048926147610, 1.517883041479706208E-15, -43.74690828157144296 ) ) ;
#628 = DIRECTION ( 'NONE',  ( -0.000000000000000000, -1.000000000000000000, -0.000000000000000000 ) ) ;
#629 = FACE_OUTER_BOUND ( 'NONE', #816, .T. ) ;
#630 = CARTESIAN_POINT ( 'NONE',  ( -85.50369194180638033, 29.00000000000000000, -37.66104528003901919 ) ) ;
#631 = AXIS2_PLACEMENT_3D ( 'NONE', #56, #220, #375 ) ;
#632 = CARTESIAN_POINT ( 'NONE',  ( -86.35023925717656823, 0.9999999999987618793, -42.82568294593007607 ) ) ;
#633 = CARTESIAN_POINT ( 'NONE',  ( -79.26244607146927024, 29.00000000000000000, -41.84325806740043419 ) ) ;
#634 = CARTESIAN_POINT ( 'NONE',  ( -79.39754599282539971, 28.00000000000000711, -44.19631859104222826 ) ) ;
#635 = CARTESIAN_POINT ( 'NONE',  ( -79.13637233178062047, 29.00000000000000000, -44.39541070858673066 ) ) ;
#636 = CARTESIAN_POINT ( 'NONE',  ( -85.17541337179218885, 29.00000000000151701, -35.77145810489410138 ) ) ;
#637 = CARTESIAN_POINT ( 'NONE',  ( -78.24349048111336913, 27.99999999999969091, -41.84133553976040076 ) ) ;
#638 = CARTESIAN_POINT ( 'NONE',  ( -85.41273769723318310, 27.99999999999999645, -44.15720586527296376 ) ) ;
#639 = CARTESIAN_POINT ( 'NONE',  ( -79.16114364795807035, 29.00000000000000355, -41.23400625446042511 ) ) ;
#640 = CARTESIAN_POINT ( 'NONE',  ( -85.24684754624806260, 1.000000000000000888, -36.42159240873620263 ) ) ;
#641 = CARTESIAN_POINT ( 'NONE',  ( -78.13597462717184783, 29.00000000000000000, -40.42395514031831283 ) ) ;
#642 = CARTESIAN_POINT ( 'NONE',  ( -78.13637233178062047, 1.000000000000000888, -40.52634505667347042 ) ) ;
#643 = CARTESIAN_POINT ( 'NONE',  ( -85.42435659491606259, 27.99999999999815969, -37.36319768541740416 ) ) ;
#644 = CARTESIAN_POINT ( 'NONE',  ( -78.13614911270580876, 29.00000000000000000, -40.46887682034427058 ) ) ;
#645 = CARTESIAN_POINT ( 'NONE',  ( -84.26654331772130035, 28.99999999999990763, -35.25757749307868494 ) ) ;
#646 = CARTESIAN_POINT ( 'NONE',  ( -84.90484860490386154, 1.000000000000011546, -44.53620684101387184 ) ) ;
#647 = ORIENTED_EDGE ( 'NONE', *, *, #832, .F. ) ;
#648 = CARTESIAN_POINT ( 'NONE',  ( -85.88132947074272749, 29.00000000000062883, -43.64896165627004621 ) ) ;
#649 = CARTESIAN_POINT ( 'NONE',  ( -78.13614911270535401, 1.000000000000000888, -40.46887682034547140 ) ) ;
#650 = CARTESIAN_POINT ( 'NONE',  ( -85.13637233178063468, 28.00000000000000000, -35.23230762166618746 ) ) ;
#651 = VERTEX_POINT ( 'NONE', #265 ) ;
#652 = DATE_AND_TIME ( #181, #576 ) ;
#653 = CARTESIAN_POINT ( 'NONE',  ( -82.38907014808602014, 29.00000000000124700, -45.23440445079374683 ) ) ;
#654 = CARTESIAN_POINT ( 'NONE',  ( -79.14454844600774663, -8.890457814381136359E-15, -40.86890213365042257 ) ) ;
#655 = CARTESIAN_POINT ( 'NONE',  ( -85.13411505060220463, 1.517883041479706405E-15, -35.19349081300176607 ) ) ;
#656 = ORIENTED_EDGE ( 'NONE', *, *, #971, .F. ) ;
#657 = CARTESIAN_POINT ( 'NONE',  ( -83.43155442440092884, 29.00000000000000000, -44.08082185235876693 ) ) ;
#658 = CARTESIAN_POINT ( 'NONE',  ( -78.13776701857530327, 1.000000000000468070, -40.66341906867195632 ) ) ;
#659 = CARTESIAN_POINT ( 'NONE',  ( -85.13411505060209095, 1.000000000000000888, -35.19349081300284610 ) ) ;
#660 = CARTESIAN_POINT ( 'NONE',  ( -80.07224026797783267, 0.9999999999999963363, -44.69743290237705935 ) ) ;
#661 = CARTESIAN_POINT ( 'NONE',  ( -85.13637233178063468, 1.000000000000000888, -30.21674210529830162 ) ) ;
#662 = CARTESIAN_POINT ( 'NONE',  ( -82.81826489318190454, 28.00000000000061817, -45.21100746885236532 ) ) ;
#663 = CARTESIAN_POINT ( 'NONE',  ( -78.18363354846219693, 1.000000000000310640, -41.42642194444778170 ) ) ;
#664 = CARTESIAN_POINT ( 'NONE',  ( -84.25029804491688878, 1.517883041479706405E-15, -36.65294792587125272 ) ) ;
#665 = CARTESIAN_POINT ( 'NONE',  ( -79.88981223116186925, 1.000000000000001110, -44.58695609411500271 ) ) ;
#666 = EDGE_LOOP ( 'NONE', ( #415, #503, #942, #165 ) ) ;
#667 = CARTESIAN_POINT ( 'NONE',  ( -86.03170527538142665, 6.722053469410132224E-15, -38.89774792674466397 ) ) ;
#668 = CARTESIAN_POINT ( 'NONE',  ( -84.75652218375564928, 29.00000000000000000, -44.62494800679810680 ) ) ;
#669 = CARTESIAN_POINT ( 'NONE',  ( -78.39204389681336238, 3.132315741334052911E-13, -42.47735434269581134 ) ) ;
#670 = FACE_OUTER_BOUND ( 'NONE', #197, .T. ) ;
#671 = CARTESIAN_POINT ( 'NONE',  ( -78.55058589415371273, 9.765949496119465562E-16, -30.63095566767139744 ) ) ;
#672 = EDGE_CURVE ( 'NONE', #1020, #739, #823, .T. ) ;
#673 = CARTESIAN_POINT ( 'NONE',  ( -85.62749105107062064, 6.722053469410127491E-15, -40.24082252695684048 ) ) ;
#674 = CARTESIAN_POINT ( 'NONE',  ( -85.55852733894543860, 29.00000000000000355, -42.09256065198334085 ) ) ;
#675 = CARTESIAN_POINT ( 'NONE',  ( -82.38907014808600593, 4.042293803599284895E-12, -45.23440445079249628 ) ) ;
#676 = CYLINDRICAL_SURFACE ( 'NONE', #891, 1.000000000000000888 ) ;
#677 = CARTESIAN_POINT ( 'NONE',  ( -78.13637233178062047, 29.00000000000000000, -30.21674210529830162 ) ) ;
#678 = ORIENTED_EDGE ( 'NONE', *, *, #1015, .T. ) ;
#679 = CARTESIAN_POINT ( 'NONE',  ( -86.29337466655550770, 1.000000000000307754, -39.34161865643041978 ) ) ;
#680 = CARTESIAN_POINT ( 'NONE',  ( -86.11053563171627445, 28.00000000000000355, -39.03310795212747308 ) ) ;
#681 = CARTESIAN_POINT ( 'NONE',  ( -81.06373425359552698, 1.399395278755234962E-12, -45.08512630222412554 ) ) ;
#682 = CARTESIAN_POINT ( 'NONE',  ( -85.35190406009357389, -1.409462824231158604E-14, -42.59903436075148875 ) ) ;
#683 = FACE_OUTER_BOUND ( 'NONE', #979, .T. ) ;
#684 = VERTEX_POINT ( 'NONE', #983 ) ;
#685 = EDGE_CURVE ( 'NONE', #481, #6, #1037, .T. ) ;
#686 = DATE_AND_TIME ( #1021, #471 ) ;
#687 = CARTESIAN_POINT ( 'NONE',  ( -86.53806951121408986, 28.99999999999998579, -39.82267732969113183 ) ) ;
#688 = CARTESIAN_POINT ( 'NONE',  ( -78.24349048462221390, -4.628246556238911241E-13, -41.84133553925420301 ) ) ;
#689 = CARTESIAN_POINT ( 'NONE',  ( -84.79586863772175320, 1.192622389734054562E-14, -38.66118760053792158 ) ) ;
#690 = DIRECTION ( 'NONE',  ( 0.000000000000000000, 0.000000000000000000, -1.000000000000000000 ) ) ;
#691 = VERTEX_POINT ( 'NONE', #1000 ) ;
#692 = CARTESIAN_POINT ( 'NONE',  ( -86.45300432764108223, 0.9999999999999940048, -39.62859579479469119 ) ) ;
#693 = CARTESIAN_POINT ( 'NONE',  ( -86.35023925717656823, 27.99999999999876721, -42.82568294593007607 ) ) ;
#694 = CARTESIAN_POINT ( 'NONE',  ( -82.81826489318190454, 1.000000000000617062, -45.21100746885236532 ) ) ;
#695 = CARTESIAN_POINT ( 'NONE',  ( -85.74154825424027138, -3.686287386450712709E-15, -41.06736415368325055 ) ) ;
#696 = LINE ( 'NONE', #342, #317 ) ;
#697 = CARTESIAN_POINT ( 'NONE',  ( -85.13879563753803836, 0.9999999999995442534, -35.27641936257504796 ) ) ;
#698 = CARTESIAN_POINT ( 'NONE',  ( -86.70392507851494202, 27.99999999999999645, -40.44538348239191095 ) ) ;
#699 = CARTESIAN_POINT ( 'NONE',  ( -84.11593693358140911, 4.632577143401147486E-13, -44.91599311499346925 ) ) ;
#700 = EDGE_CURVE ( 'NONE', #238, #1054, #88, .T. ) ;
#701 = VECTOR ( 'NONE', #362, 1000.000000000000000 ) ;
#702 = CARTESIAN_POINT ( 'NONE',  ( -85.27584725436372537, 1.192622389734055035E-14, -39.58604678034651414 ) ) ;
#703 = DIRECTION ( 'NONE',  ( -1.000000000000000000, 0.000000000000000000, 0.000000000000000000 ) ) ;
#704 = CARTESIAN_POINT ( 'NONE',  ( -83.79046634519218628, 28.99999999999998579, -43.96898421629691711 ) ) ;
#705 = CARTESIAN_POINT ( 'NONE',  ( -85.17541337179096672, 1.366070014625755484E-12, -35.77145810489410138 ) ) ;
#706 = DIRECTION ( 'NONE',  ( -0.000000000000000000, -0.000000000000000000, 1.000000000000000000 ) ) ;
#707 = CARTESIAN_POINT ( 'NONE',  ( -85.35710309373281746, 6.722053469410127491E-15, -42.58887856777376868 ) ) ;
#708 = CARTESIAN_POINT ( 'NONE',  ( -84.56342590778987756, 1.192622389734054877E-14, -38.01112689509749742 ) ) ;
#709 = CARTESIAN_POINT ( 'NONE',  ( -85.31828861769939465, 27.99999999999998224, -36.88253889496485982 ) ) ;
#710 = CARTESIAN_POINT ( 'NONE',  ( -85.17476519835632587, 29.00000000000000000, -42.90803020090704933 ) ) ;
#711 = CARTESIAN_POINT ( 'NONE',  ( -84.14061143229697848, 1.517883041479706208E-15, -35.33684218724251025 ) ) ;
#712 = LINE ( 'NONE', #50, #505 ) ;
#713 = CARTESIAN_POINT ( 'NONE',  ( -85.07599268282432092, 1.192622389734054877E-14, -43.05143099952432095 ) ) ;
#714 = CARTESIAN_POINT ( 'NONE',  ( -78.16383499357661435, 28.99999999999968026, -41.22132205822313722 ) ) ;
#715 = CARTESIAN_POINT ( 'NONE',  ( -83.13640716845915790, 28.00000000000000355, -45.17087355754155453 ) ) ;
#716 = CARTESIAN_POINT ( 'NONE',  ( -79.24522174365510807, 29.00000000000000355, -41.75608450926396387 ) ) ;
#717 = CARTESIAN_POINT ( 'NONE',  ( -84.77143851083496884, 29.00000000000001066, -38.60208284499391596 ) ) ;
#718 = CARTESIAN_POINT ( 'NONE',  ( -78.46098776586926249, 27.99999999999938183, -42.69418837610222539 ) ) ;
#719 = VECTOR ( 'NONE', #881, 1000.000000000000000 ) ;
#720 = CARTESIAN_POINT ( 'NONE',  ( -86.07668239178384795, 28.00000000000000711, -43.35357506787503468 ) ) ;
#721 = CARTESIAN_POINT ( 'NONE',  ( -81.17318239335962460, 29.00000000000001421, -44.07900364217893241 ) ) ;
#722 = CARTESIAN_POINT ( 'NONE',  ( -85.14961052350874127, 29.00000000000076383, -35.44201728490172343 ) ) ;
#723 = CARTESIAN_POINT ( 'NONE',  ( -78.14558783511202478, 28.00000000000014921, -40.91615528817229830 ) ) ;
#724 = CARTESIAN_POINT ( 'NONE',  ( -79.14086841439120690, 1.517883041479706208E-15, -40.77939515746082577 ) ) ;
#725 = CARTESIAN_POINT ( 'NONE',  ( -85.71045260096319396, 28.99999999999999645, -40.53793156376213602 ) ) ;
#726 = B_SPLINE_CURVE_WITH_KNOTS ( 'NONE', 3,
 ( #392, #301, #639, #716, #150, #624, #49, #1035, #461, #231, #962, #792, #55, #721, #224, #472, #946, #228, #958, #295, #219, #704, #553, #1026, #951, #798, #146, #130, #710, #866, #291, #214, #61, #374, #1040, #725, #887, #535, #809, #454, #71, #548, #1044, #308, #467, #884, #449, #786 ),
 .UNSPECIFIED., .F., .F.,
 ( 4, 2, 2, 2, 2, 2, 2, 2, 2, 2, 2, 2, 2, 2, 2, 2, 2, 2, 2, 2, 2, 2, 2, 4 ),
 ( 0.000000000000000000, 0.001057192095611999205, 0.001585788143418009324, 0.002114384191224019226, 0.003171576286836036863, 0.003700172334642023563, 0.004228768382448010697, 0.004757364430253997398, 0.005285960478059983231, 0.006343152573671997398, 0.006871748621478023129, 0.007400344669284049728, 0.007928940717090075460, 0.008457536764896101192, 0.008986132812702128658, 0.009514728860508152655, 0.01057192095612020585, 0.01110051700392624546, 0.01162911305173227987, 0.01215770909953831774, 0.01268630514734435562, 0.01374349724295641229, 0.01480068933856847069, 0.01691507352979260484 ),
 .UNSPECIFIED. ) ;
#727 = CARTESIAN_POINT ( 'NONE',  ( -84.54246007577704347, 29.00000000000001066, -37.94127213780681984 ) ) ;
#728 = CARTESIAN_POINT ( 'NONE',  ( -79.13614173849721567, 29.00000000000000000, -40.46503621335335055 ) ) ;
#729 = CARTESIAN_POINT ( 'NONE',  ( -78.13597462717184783, 1.000000000000000888, -40.42395514031831283 ) ) ;
#730 = ORIENTED_EDGE ( 'NONE', *, *, #623, .T. ) ;
#731 = CALENDAR_DATE ( 2026, 7, 9 ) ;
#732 = CARTESIAN_POINT ( 'NONE',  ( -79.43426471039784076, -8.890457814381125315E-15, -42.44096622333197644 ) ) ;
#733 = CARTESIAN_POINT ( 'NONE',  ( -84.13637233178063468, 29.00000000000000000, -44.39541070858673066 ) ) ;
#734 = VECTOR ( 'NONE', #991, 1000.000000000000000 ) ;
#735 = ORIENTED_EDGE ( 'NONE', *, *, #537, .F. ) ;
#736 = CARTESIAN_POINT ( 'NONE',  ( -84.33339454306137384, 29.00000000000000000, -44.83188031511922134 ) ) ;
#737 = CARTESIAN_POINT ( 'NONE',  ( -78.13776701812800241, 7.019914923760476253E-13, -40.66341906868278500 ) ) ;
#738 = CARTESIAN_POINT ( 'NONE',  ( -85.13637233178063468, 1.000000000000007772, -35.23230762166618746 ) ) ;
#739 = VERTEX_POINT ( 'NONE', #582 ) ;
#740 =( LENGTH_UNIT ( ) NAMED_UNIT ( * ) SI_UNIT ( .MILLI., .METRE. ) );
#741 = CARTESIAN_POINT ( 'NONE',  ( -79.72514046693447654, 27.99999999999937472, -44.47634949943556393 ) ) ;
#742 = CARTESIAN_POINT ( 'NONE',  ( -78.13637233178062047, 28.00000000000000000, -30.21674210529830162 ) ) ;
#743 = CARTESIAN_POINT ( 'NONE',  ( -85.13637233178063468, 0.4142135623730960892, -30.21674210529830518 ) ) ;
#744 = CARTESIAN_POINT ( 'NONE',  ( -78.13637233178062047, 28.00000000000000000, -40.52634505667347042 ) ) ;
#745 = VERTEX_POINT ( 'NONE', #759 ) ;
#746 = CARTESIAN_POINT ( 'NONE',  ( -79.52244965049088421, 27.99999999999999645, -44.31440511667901205 ) ) ;
#747 = CARTESIAN_POINT ( 'NONE',  ( -78.16383499136392743, 0.9999999999996836975, -41.22132205835543317 ) ) ;
#748 = CARTESIAN_POINT ( 'NONE',  ( -78.13637233178062047, 1.000000000000007772, -40.52634505667347042 ) ) ;
#749 = EDGE_LOOP ( 'NONE', ( #919, #647, #924, #1050 ) ) ;
#750 = AXIS2_PLACEMENT_3D ( 'NONE', #22, #908, #173 ) ;
#751 = APPROVAL_ROLE ( '' ) ;
#752 = APPROVAL ( #827, 'UNSPECIFIED' ) ;
#753 = CARTESIAN_POINT ( 'NONE',  ( -81.51214832418216361, 27.99999999999938183, -45.17136981920033634 ) ) ;
#754 = CARTESIAN_POINT ( 'NONE',  ( -81.73302466535443500, -2.011063821595527256E-12, -45.19694224775874858 ) ) ;
#755 = CARTESIAN_POINT ( 'NONE',  ( -85.31828857430971880, 0.9999999999999856781, -36.88253864581287900 ) ) ;
#756 = CARTESIAN_POINT ( 'NONE',  ( -86.61440385131133723, 1.000000000000004441, -40.03994321711575566 ) ) ;
#757 = CARTESIAN_POINT ( 'NONE',  ( -79.00803301939133405, 28.00000000000031619, -43.75457944434109692 ) ) ;
#758 = CARTESIAN_POINT ( 'NONE',  ( -79.81640599531984037, 6.722053469410127491E-15, -43.16212009050699550 ) ) ;
#759 = CARTESIAN_POINT ( 'NONE',  ( -84.13637233178063468, 29.00000000000000000, -35.26135916053755892 ) ) ;
#760 = CARTESIAN_POINT ( 'NONE',  ( -85.13637233178063468, 1.000000000000007772, -35.23230762166618746 ) ) ;
#761 = ORIENTED_EDGE ( 'NONE', *, *, #161, .T. ) ;
#762 = CARTESIAN_POINT ( 'NONE',  ( -86.29337468797422162, -7.517108976587999499E-14, -39.34161864437507461 ) ) ;
#763 = CARTESIAN_POINT ( 'NONE',  ( -86.24549506628889617, 28.00000000000000355, -39.26126496141903033 ) ) ;
#764 = CARTESIAN_POINT ( 'NONE',  ( -78.16383499357661435, -4.743902035652704931E-13, -41.22132205822313011 ) ) ;
#765 = CARTESIAN_POINT ( 'NONE',  ( -84.93776804525357704, 6.722053469410129069E-15, -38.97639436297977511 ) ) ;
#766 = EDGE_CURVE ( 'NONE', #651, #584, #616, .T. ) ;
#767 = CARTESIAN_POINT ( 'NONE',  ( -85.13637233178063468, 1.000000000000000888, -31.21674210529830518 ) ) ;
#768 = CC_DESIGN_SECURITY_CLASSIFICATION ( #48, ( #166 ) ) ;
#769 = ORIENTED_EDGE ( 'NONE', *, *, #382, .T. ) ;
#770 = VECTOR ( 'NONE', #23, 1000.000000000000000 ) ;
#771 = CARTESIAN_POINT ( 'NONE',  ( -86.68285651666597857, 27.99999999999999645, -40.31344971182468839 ) ) ;
#772 = CARTESIAN_POINT ( 'NONE',  ( -80.38085865427052568, 0.9999999999999974465, -44.85483245473749747 ) ) ;
#773 = CARTESIAN_POINT ( 'NONE',  ( -85.67575767411722154, 1.517883041479706405E-15, -40.35955970748466370 ) ) ;
#774 = CARTESIAN_POINT ( 'NONE',  ( -85.13637233178063468, 29.00000000000000000, -30.21674210529830162 ) ) ;
#775 = CARTESIAN_POINT ( 'NONE',  ( -85.81611161033764290, 6.722053469410132224E-15, -38.49338245144787152 ) ) ;
#776 = CARTESIAN_POINT ( 'NONE',  ( -86.25439648572530871, 28.00000000000031619, -43.03400036712709920 ) ) ;
#777 = CARTESIAN_POINT ( 'NONE',  ( -83.46558505900377156, 0.9999999999996875832, -45.10034822816237465 ) ) ;
#778 = CARTESIAN_POINT ( 'NONE',  ( -85.69779995841452092, -3.686287386450715076E-15, -41.59329828555527087 ) ) ;
#779 = LINE ( 'NONE', #41, #701 ) ;
#780 = VERTEX_POINT ( 'NONE', #496 ) ;
#781 = CARTESIAN_POINT ( 'NONE',  ( -85.15559525997134926, 0.9999999999995407007, -35.52457725571532166 ) ) ;
#782 = CARTESIAN_POINT ( 'NONE',  ( -86.01940787237333552, 28.99999999999907985, -43.44669915030473817 ) ) ;
#783 = CARTESIAN_POINT ( 'NONE',  ( -85.55852733894543860, 1.517883041479706208E-15, -42.09256065198334085 ) ) ;
#784 = CARTESIAN_POINT ( 'NONE',  ( -84.71273857180308653, 1.192622389734055193E-14, -43.44093155036737386 ) ) ;
#785 = CARTESIAN_POINT ( 'NONE',  ( -79.55219731737908262, 28.00000000000001066, -44.33589951440463750 ) ) ;
#786 = CARTESIAN_POINT ( 'NONE',  ( -84.13637233178063468, 29.00000000000000000, -35.26135916053755892 ) ) ;
#787 = ORGANIZATION ( 'UNSPECIFIED', 'UNSPECIFIED', '' ) ;
#788 = CARTESIAN_POINT ( 'NONE',  ( -86.39665169715745208, 28.99999999999908340, -39.52511549011486380 ) ) ;
#789 = CARTESIAN_POINT ( 'NONE',  ( -85.71601546056534460, -1.409462824231155764E-14, -41.39110607374980333 ) ) ;
#790 = CARTESIAN_POINT ( 'NONE',  ( -86.36423704817093494, 27.99999999999998934, -42.79160966941752520 ) ) ;
#791 = B_SPLINE_CURVE_WITH_KNOTS ( 'NONE', 3,
 ( #1025, #876, #542, #709, #294, #529, #552, #950, #453, #300, #54, #460, #882, #622, #808, #547, #378, #149, #385, #466, #790, #218, #720, #797, #534, #638, #209, #470, #60, #957, #945, #865, #715, #141, #1039, #223, #129, #304, #961, #227, #70, #785, #634, #213, #391, #373, #1019, #870, #1030, #1034, #448, #284 ),
 .UNSPECIFIED., .F., .F.,
 ( 4, 2, 2, 2, 2, 2, 2, 2, 2, 2, 2, 2, 2, 2, 2, 2, 2, 2, 2, 2, 2, 2, 2, 2, 2, 4 ),
 ( -6.000000000807593763E-08, 0.001245013769642329578, 0.002490087539284667473, 0.003735161308927004500, 0.004357698193748183423, 0.004980235078569362345, 0.005602771963390540400, 0.006225308848211720189, 0.006847845733032898244, 0.007470382617854076299, 0.008092919502675256088, 0.008715456387496434143, 0.009337993272317613933, 0.009960530157138791987, 0.01058306704195997178, 0.01120560392678115157, 0.01245067769642350941, 0.01307321458124470828, 0.01369575146606590889, 0.01494082523570835000, 0.01556336212052959571, 0.01618589900535084142, 0.01680843589017208539, 0.01743097277499332590, 0.01867604654463581731, 0.01992112031427830179 ),
 .UNSPECIFIED. ) ;
#792 = CARTESIAN_POINT ( 'NONE',  ( -80.67645862925004963, 29.00000000000001421, -43.88708324398216121 ) ) ;
#793 = CARTESIAN_POINT ( 'NONE',  ( -85.17541337132496437, 1.000000000000910605, -35.77145810493150435 ) ) ;
#794 = CYLINDRICAL_SURFACE ( 'NONE', #631, 1.000000000000000888 ) ;
#795 = CARTESIAN_POINT ( 'NONE',  ( -84.75652218375564928, 1.011224010533444434E-12, -44.62494800679748863 ) ) ;
#796 = CARTESIAN_POINT ( 'NONE',  ( -78.24349048462221390, 28.99999999999969447, -41.84133553925421012 ) ) ;
#797 = CARTESIAN_POINT ( 'NONE',  ( -85.83852684899206054, 27.99999999999999289, -43.69977015421522282 ) ) ;
#798 = CARTESIAN_POINT ( 'NONE',  ( -84.71273857180148070, 28.99999999999998934, -43.44093155036873810 ) ) ;
#799 = CARTESIAN_POINT ( 'NONE',  ( -84.15204628123466080, 1.517883041479706208E-15, -35.51193300050036328 ) ) ;
#800 = LINE ( 'NONE', #155, #387 ) ;
#801 = CARTESIAN_POINT ( 'NONE',  ( -78.18363354495335216, 29.00000000000031264, -41.42642194495397945 ) ) ;
#802 = CARTESIAN_POINT ( 'NONE',  ( -84.13637233178063468, 0.000000000000000000, -31.21674210529830518 ) ) ;
#803 = CARTESIAN_POINT ( 'NONE',  ( -78.13637233178062047, 29.00000000000000000, -30.21674210529830162 ) ) ;
#804 = CARTESIAN_POINT ( 'NONE',  ( -84.15838754709406544, 28.99999999999999645, -35.59943425867648870 ) ) ;
#805 = LOCAL_TIME ( 18, 35, 27.00000000000000000, #15 ) ;
#806 = CARTESIAN_POINT ( 'NONE',  ( -78.18363354846219693, 28.00000000000030909, -41.42642194444778170 ) ) ;
#807 = AXIS2_PLACEMENT_3D ( 'NONE', #918, #508, #1010 ) ;
#808 = CARTESIAN_POINT ( 'NONE',  ( -86.74354347144506505, 28.00000000000000711, -40.95725791967556972 ) ) ;
#809 = CARTESIAN_POINT ( 'NONE',  ( -85.45387672392348577, 28.99999999999998934, -39.88733712801518294 ) ) ;
#810 = CARTESIAN_POINT ( 'NONE',  ( -85.13411505060221884, 29.00000000000000000, -35.19349081300176607 ) ) ;
#811 = PERSON_AND_ORGANIZATION ( #421, #787 ) ;
#812 = MANIFOLD_SOLID_BREP ( 'Fillet1', #100 ) ;
#813 = CARTESIAN_POINT ( 'NONE',  ( -78.13619429302129049, 28.00000000000000000, -40.51241163168334936 ) ) ;
#814 = DIRECTION ( 'NONE',  ( -0.000000000000000000, -0.000000000000000000, 1.000000000000000000 ) ) ;
#815 = CARTESIAN_POINT ( 'NONE',  ( -86.37275299969616071, 28.00000000000000000, -44.25624206745668232 ) ) ;
#816 = EDGE_LOOP ( 'NONE', ( #735, #934, #595, #329 ) ) ;
#817 = DATE_AND_TIME ( #79, #66 ) ;
#818 = CARTESIAN_POINT ( 'NONE',  ( -83.68167206454059226, 28.99999999999969447, -45.05018857623174000 ) ) ;
#819 = CARTESIAN_POINT ( 'NONE',  ( -78.13697288786659101, 1.517883041479706208E-15, -40.61302964182252140 ) ) ;
#820 = AXIS2_PLACEMENT_3D ( 'NONE', #767, #611, #106 ) ;
#821 = CARTESIAN_POINT ( 'NONE',  ( -78.98744593651011314, 1.000000000000001110, -43.72235617498865423 ) ) ;
#822 = APPROVAL_ROLE ( '' ) ;
#823 =( BOUNDED_CURVE ( )  B_SPLINE_CURVE ( 3, ( #177, #425, #410, #185 ),
 .UNSPECIFIED., .F., .T. ) 
 B_SPLINE_CURVE_WITH_KNOTS ( ( 4, 4 ),
 ( 4.712388980384689674, 6.283185307179586232 ),
 .UNSPECIFIED. ) 
 CURVE ( )  GEOMETRIC_REPRESENTATION_ITEM ( )  RATIONAL_B_SPLINE_CURVE ( ( 1.000000000000000000, 0.8047378541243649375, 0.8047378541243649375, 1.000000000000000000 ) ) 
 REPRESENTATION_ITEM ( '' )  );
#824 = CARTESIAN_POINT ( 'NONE',  ( -81.06373425232204966, 28.00000000000062528, -45.08512630884595040 ) ) ;
#825 = CARTESIAN_POINT ( 'NONE',  ( -84.26654331772132878, 9.493714679415645274E-14, -35.25757749307926048 ) ) ;
#826 = CARTESIAN_POINT ( 'NONE',  ( -85.32467953577243236, 1.000000000000007772, -38.47048848134693344 ) ) ;
#827 = APPROVAL_STATUS ( 'not_yet_approved' ) ;
#828 = CARTESIAN_POINT ( 'NONE',  ( -80.15714812639838271, 28.00000000000063238, -44.74769227477219857 ) ) ;
#829 = CARTESIAN_POINT ( 'NONE',  ( -79.13620581965662382, 1.517883041479706208E-15, -40.51003225689107268 ) ) ;
#830 = CARTESIAN_POINT ( 'NONE',  ( -84.17691177450564055, -1.625003390576729813E-31, -35.95848622053026133 ) ) ;
#831 = CARTESIAN_POINT ( 'NONE',  ( -81.64049677345876432, 28.00000000000000000, -45.89240401880157805 ) ) ;
#832 = EDGE_CURVE ( 'NONE', #780, #584, #212, .T. ) ;
#833 = ORIENTED_EDGE ( 'NONE', *, *, #160, .T. ) ;
#834 = CC_DESIGN_PERSON_AND_ORGANIZATION_ASSIGNMENT ( #897, #162, ( #48 ) ) ;
#835 = APPROVAL_DATE_TIME ( #910, #752 ) ;
#836 = CARTESIAN_POINT ( 'NONE',  ( -84.71114647943143439, 29.00000000000000355, -43.44249961594525189 ) ) ;
#837 = CARTESIAN_POINT ( 'NONE',  ( -78.28346863820976864, -3.101958080504458282E-13, -42.05115350220452797 ) ) ;
#838 = CARTESIAN_POINT ( 'NONE',  ( -84.13057417249632408, 1.517883041479706208E-15, -35.16165246839931058 ) ) ;
#839 = CARTESIAN_POINT ( 'NONE',  ( -86.57075411579292279, 1.000000000000001554, -42.19943817263072816 ) ) ;
#840 = ORIENTED_EDGE ( 'NONE', *, *, #700, .T. ) ;
#841 = VECTOR ( 'NONE', #581, 1000.000000000000000 ) ;
#842 = CARTESIAN_POINT ( 'NONE',  ( -85.55020259337098310, 28.99999999999939959, -44.03179696296714951 ) ) ;
#843 = CARTESIAN_POINT ( 'NONE',  ( -79.16509728105921795, 0.9999999999996921352, -43.95448756746439756 ) ) ;
#844 = LINE ( 'NONE', #196, #770 ) ;
#845 = EDGE_LOOP ( 'NONE', ( #192, #358, #761, #985 ) ) ;
#846 = CARTESIAN_POINT ( 'NONE',  ( -85.51692589208640527, 1.517883041479706208E-15, -40.00089583963477935 ) ) ;
#847 = CARTESIAN_POINT ( 'NONE',  ( -86.24549506029265444, 29.00000000000001421, -39.26126496496591756 ) ) ;
#848 = CARTESIAN_POINT ( 'NONE',  ( -79.52244965049088421, 1.000000000000309752, -44.31440511667901205 ) ) ;
#849 = CARTESIAN_POINT ( 'NONE',  ( -84.42604871384112641, 1.192622389734055035E-14, -43.65566666934119411 ) ) ;
#850 = CARTESIAN_POINT ( 'NONE',  ( -85.79496952576819524, 1.000000000000001332, -38.46222017136179971 ) ) ;
#851 = EDGE_LOOP ( 'NONE', ( #769, #36, #316, #444 ) ) ;
#852 = CARTESIAN_POINT ( 'NONE',  ( -85.81611160746724920, 1.000000000000004441, -38.49338245297826688 ) ) ;
#853 = CARTESIAN_POINT ( 'NONE',  ( -86.03170527538142665, 29.00000000000000711, -38.89774792674466397 ) ) ;
#854 = CARTESIAN_POINT ( 'NONE',  ( -79.72514046693447654, 0.9999999999993768318, -44.47634949943556393 ) ) ;
#855 = CARTESIAN_POINT ( 'NONE',  ( -85.74325890582200316, 1.517883041479703052E-15, -40.89145109048054394 ) ) ;
#856 = CARTESIAN_POINT ( 'NONE',  ( -79.13637233178062047, 0.000000000000000000, -31.21674210529830518 ) ) ;
#857 = CC_DESIGN_APPROVAL ( #752, ( #332 ) ) ;
#858 = CARTESIAN_POINT ( 'NONE',  ( -85.43207901362086432, 29.00000000000000355, -42.42655498919116752 ) ) ;
#859 = CARTESIAN_POINT ( 'NONE',  ( -81.30096130137459909, 1.517883041479706208E-15, -44.11242472028359884 ) ) ;
#860 = CARTESIAN_POINT ( 'NONE',  ( -85.71045260096302343, 1.517883041479706602E-15, -40.53793156376081441 ) ) ;
#861 = CARTESIAN_POINT ( 'NONE',  ( -85.19834955426442491, 0.9999999999999856781, -36.06098501455557681 ) ) ;
#862 = ORIENTED_EDGE ( 'NONE', *, *, #455, .T. ) ;
#863 = CARTESIAN_POINT ( 'NONE',  ( -86.68285651666597857, 1.000000000000152989, -40.31344971182468839 ) ) ;
#864 = SHAPE_DEFINITION_REPRESENTATION ( #1059, #868 ) ;
#865 = CARTESIAN_POINT ( 'NONE',  ( -83.54758851982222723, 28.00000000000000355, -45.09618907442118996 ) ) ;
#866 = CARTESIAN_POINT ( 'NONE',  ( -85.35190406009276387, 28.99999999999999645, -42.59903436075315142 ) ) ;
#867 = CARTESIAN_POINT ( 'NONE',  ( -86.63373574606072225, 27.99999999999999645, -40.10928643329897625 ) ) ;
#868 = ADVANCED_BREP_SHAPE_REPRESENTATION ( 'SideCushion', ( #812, #97 ), #262 ) ;
#869 = CARTESIAN_POINT ( 'NONE',  ( -86.57535420427592499, 0.9999999999993772759, -42.18583452962192126 ) ) ;
#870 = CARTESIAN_POINT ( 'NONE',  ( -78.41530844198560146, 28.00000000000001066, -42.60159252729207680 ) ) ;
#871 = FACE_OUTER_BOUND ( 'NONE', #995, .T. ) ;
#872 = APPROVAL_PERSON_ORGANIZATION ( #407, #752, #975 ) ;
#873 = CARTESIAN_POINT ( 'NONE',  ( -84.19619573270836099, 29.00000000000000000, -36.03650872904737668 ) ) ;
#874 = CARTESIAN_POINT ( 'NONE',  ( -86.01940788051685161, 0.9999999999996916911, -43.44669915494034740 ) ) ;
#875 = CARTESIAN_POINT ( 'NONE',  ( -79.84522668861940531, 1.517883041479706405E-15, -43.23272804153266691 ) ) ;
#876 = CARTESIAN_POINT ( 'NONE',  ( -85.16046620275945145, 27.99999999997600497, -35.64663224751824799 ) ) ;
#877 = LINE ( 'NONE', #642, #435 ) ;
#878 = FACE_OUTER_BOUND ( 'NONE', #618, .T. ) ;
#879 = CARTESIAN_POINT ( 'NONE',  ( -83.25735157830276023, -3.686287386450715076E-15, -44.12143900269503405 ) ) ;
#880 = EDGE_CURVE ( 'NONE', #974, #651, #894, .T. ) ;
#881 = DIRECTION ( 'NONE',  ( -0.000000000000000000, -1.000000000000000000, -0.000000000000000000 ) ) ;
#882 = CARTESIAN_POINT ( 'NONE',  ( -86.68935089741243871, 27.99999999999999645, -40.32998590724450594 ) ) ;
#883 = CC_DESIGN_PERSON_AND_ORGANIZATION_ASSIGNMENT ( #811, #997, ( #166 ) ) ;
#884 = CARTESIAN_POINT ( 'NONE',  ( -84.25029804491690300, 28.99999999999999645, -36.65294792587155825 ) ) ;
#885 = CARTESIAN_POINT ( 'NONE',  ( -85.42435659658796965, 28.99999999999508660, -37.36319768507240013 ) ) ;
#886 = CARTESIAN_POINT ( 'NONE',  ( -84.13637233178063468, 1.000000000000000888, -30.21674210529830162 ) ) ;
#887 = CARTESIAN_POINT ( 'NONE',  ( -85.67575767411760523, 28.99999999999999645, -40.35955970748592136 ) ) ;
#888 = CARTESIAN_POINT ( 'NONE',  ( -85.13879563753803836, 27.99999999999954170, -35.27641936257504796 ) ) ;
#889 = APPROVAL_PERSON_ORGANIZATION ( #416, #381, #751 ) ;
#890 = CARTESIAN_POINT ( 'NONE',  ( -78.16383499136392743, 27.99999999999968381, -41.22132205835543317 ) ) ;
#891 = AXIS2_PLACEMENT_3D ( 'NONE', #593, #169, #105 ) ;
#892 = CARTESIAN_POINT ( 'NONE',  ( -84.34685472063682710, 0.9999999999999856781, -44.82468175606175720 ) ) ;
#893 = DIRECTION ( 'NONE',  ( 0.000000000000000000, 0.000000000000000000, 1.000000000000000000 ) ) ;
#894 = LINE ( 'NONE', #475, #719 ) ;
#895 = LINE ( 'NONE', #742, #285 ) ;
#896 = CARTESIAN_POINT ( 'NONE',  ( -86.07668262006400539, 1.000000000000001110, -43.35357469305969857 ) ) ;
#897 = PERSON_AND_ORGANIZATION ( #421, #787 ) ;
#898 = CC_DESIGN_DATE_AND_TIME_ASSIGNMENT ( #652, #167, ( #332 ) ) ;
#899 = CARTESIAN_POINT ( 'NONE',  ( -80.38085865678878861, 28.99999999999999645, -44.85483244797737967 ) ) ;
#900 = CARTESIAN_POINT ( 'NONE',  ( -78.13619429302129049, 1.000000000000000888, -40.51241163168334936 ) ) ;
#901 = CARTESIAN_POINT ( 'NONE',  ( -78.17713374297811413, 1.000000000000001110, -41.36379401379006282 ) ) ;
#902 = APPROVAL_STATUS ( 'not_yet_approved' ) ;
#903 = CARTESIAN_POINT ( 'NONE',  ( -80.38085865427052568, 27.99999999999999645, -44.85483245473749747 ) ) ;
#904 = DIRECTION ( 'NONE',  ( -0.000000000000000000, -1.000000000000000000, -0.000000000000000000 ) ) ;
#905 = CARTESIAN_POINT ( 'NONE',  ( -79.92801705154431602, 28.99999999999999645, -43.30358534312962604 ) ) ;
#906 = ADVANCED_FACE ( 'NONE', ( #1052 ), #199, .T. ) ;
#907 = CARTESIAN_POINT ( 'NONE',  ( -84.63996739168263161, 0.1263090048009156696, -35.24672894907923393 ) ) ;
#908 = DIRECTION ( 'NONE',  ( 0.000000000000000000, 0.000000000000000000, -1.000000000000000000 ) ) ;
#909 = CARTESIAN_POINT ( 'NONE',  ( -78.15077137810678209, 1.000000000000007772, -44.23341084469850415 ) ) ;
#910 = DATE_AND_TIME ( #915, #182 ) ;
#911 = CARTESIAN_POINT ( 'NONE',  ( -79.81640599531984037, 29.00000000000000355, -43.16212009050699550 ) ) ;
#912 = CARTESIAN_POINT ( 'NONE',  ( -78.28346864405418160, 1.000000000000000888, -42.05115350071690017 ) ) ;
#913 = FACE_OUTER_BOUND ( 'NONE', #845, .T. ) ;
#914 = ORIENTED_EDGE ( 'NONE', *, *, #832, .T. ) ;
#915 = CALENDAR_DATE ( 2026, 7, 9 ) ;
#916 = CARTESIAN_POINT ( 'NONE',  ( -84.75652218642454727, 28.00000000000031264, -44.62494801225795271 ) ) ;
#917 = CARTESIAN_POINT ( 'NONE',  ( -79.40650640749362310, 6.722053469410127491E-15, -42.36446299980016761 ) ) ;
#918 = CARTESIAN_POINT ( 'NONE',  ( -85.10507195747462106, 0.000000000000000000, -44.39541070858673066 ) ) ;
#919 = ORIENTED_EDGE ( 'NONE', *, *, #766, .T. ) ;
#920 = CARTESIAN_POINT ( 'NONE',  ( -85.51692589208640527, 29.00000000000000000, -40.00089583963477935 ) ) ;
#921 = CARTESIAN_POINT ( 'NONE',  ( -82.38907014849172583, 1.000000000001866951, -45.23440444368754498 ) ) ;
#922 = CARTESIAN_POINT ( 'NONE',  ( -78.55058589415371273, 29.00000000000000355, -30.63095566767139744 ) ) ;
#923 = CARTESIAN_POINT ( 'NONE',  ( -85.40095454964009036, 1.000000000000011990, -37.29264869149511696 ) ) ;
#924 = ORIENTED_EDGE ( 'NONE', *, *, #536, .F. ) ;
#925 = CARTESIAN_POINT ( 'NONE',  ( -86.24549506029264023, -1.040834085586084730E-14, -39.26126496496591756 ) ) ;
#926 = CARTESIAN_POINT ( 'NONE',  ( -85.61149987519326032, 28.99999999999998579, -40.19974035191241057 ) ) ;
#927 = CARTESIAN_POINT ( 'NONE',  ( -81.06373425232204966, 1.000000000000932809, -45.08512630884595040 ) ) ;
#928 = CARTESIAN_POINT ( 'NONE',  ( -86.62306853236977133, 0.9999999999999958922, -41.99381390509546463 ) ) ;
#929 = CARTESIAN_POINT ( 'NONE',  ( -78.13637233178062047, 1.000000000000007772, -30.21674210529830162 ) ) ;
#930 = CARTESIAN_POINT ( 'NONE',  ( -86.45300440088793437, 28.99999999999998579, -39.62859576269085693 ) ) ;
#931 = CARTESIAN_POINT ( 'NONE',  ( -80.15714812160688041, 1.477760121858283647E-12, -44.74769228240082697 ) ) ;
#932 = CARTESIAN_POINT ( 'NONE',  ( -85.61591722323593956, 1.192622389734054562E-14, -41.94514510864129164 ) ) ;
#933 = CARTESIAN_POINT ( 'NONE',  ( -86.68935083460391411, 0.9999999999999963363, -40.32998556019575176 ) ) ;
#934 = ORIENTED_EDGE ( 'NONE', *, *, #379, .F. ) ;
#935 = CARTESIAN_POINT ( 'NONE',  ( -85.65533712204769756, 6.722053469410127491E-15, -40.32484486910371402 ) ) ;
#936 = AXIS2_PLACEMENT_3D ( 'NONE', #29, #353, #203 ) ;
#937 = CARTESIAN_POINT ( 'NONE',  ( -86.56688208407017271, 28.00000000000000355, -39.89655160730598027 ) ) ;
#938 = CARTESIAN_POINT ( 'NONE',  ( -86.35023925477365481, -2.790289730773219097E-12, -42.82568294502157613 ) ) ;
#939 = CARTESIAN_POINT ( 'NONE',  ( -82.40004050653408285, 6.722053469410126702E-15, -44.23022779359891388 ) ) ;
#940 = FACE_OUTER_BOUND ( 'NONE', #431, .T. ) ;
#941 = CC_DESIGN_PERSON_AND_ORGANIZATION_ASSIGNMENT ( #96, #1, ( #332 ) ) ;
#942 = ORIENTED_EDGE ( 'NONE', *, *, #382, .F. ) ;
#943 = CARTESIAN_POINT ( 'NONE',  ( -85.71601546056534460, 28.99999999999998579, -41.39110607374980333 ) ) ;
#944 = CARTESIAN_POINT ( 'NONE',  ( -85.17869450021667888, 6.722053469410127491E-15, -42.90220867695229856 ) ) ;
#945 = CARTESIAN_POINT ( 'NONE',  ( -84.14997100268541885, 27.99999999999999645, -44.90273620861195525 ) ) ;
#946 = CARTESIAN_POINT ( 'NONE',  ( -81.87027967674642071, 29.00000000000000355, -44.20449336729605960 ) ) ;
#947 = CARTESIAN_POINT ( 'NONE',  ( -85.19110552038500828, 28.00000000000000000, -35.93498357145166011 ) ) ;
#948 = CARTESIAN_POINT ( 'NONE',  ( -85.68913170847595495, 6.722053469410127491E-15, -41.56808788580813996 ) ) ;
#949 = CARTESIAN_POINT ( 'NONE',  ( -78.13597462717184783, 28.00000000000000000, -40.42395514031831283 ) ) ;
#950 = CARTESIAN_POINT ( 'NONE',  ( -86.09350673339415039, 27.99999999999999289, -39.00818936160580819 ) ) ;
#951 = CARTESIAN_POINT ( 'NONE',  ( -84.42604871383933585, 29.00000000000000000, -43.65566666934238071 ) ) ;
#952 = ADVANCED_FACE ( 'NONE', ( #878 ), #967, .T. ) ;
#953 = CARTESIAN_POINT ( 'NONE',  ( -84.17944820272364836, 28.99999999999999645, -35.86179388738583640 ) ) ;
#954 = CARTESIAN_POINT ( 'NONE',  ( -84.71114647943143439, 6.722053469410127491E-15, -43.44249961594525189 ) ) ;
#955 = CARTESIAN_POINT ( 'NONE',  ( -78.39204389096894943, 28.00000000000000000, -42.47735434418343203 ) ) ;
#956 = EDGE_CURVE ( 'NONE', #6, #24, #800, .T. ) ;
#957 = CARTESIAN_POINT ( 'NONE',  ( -84.34685426143165898, 28.00000000000000711, -44.82468195180671700 ) ) ;
#958 = CARTESIAN_POINT ( 'NONE',  ( -82.75824826599895800, 29.00000000000000355, -44.20868532214478108 ) ) ;
#959 = CARTESIAN_POINT ( 'NONE',  ( -84.91171368072319581, 29.00000000000000355, -38.92262332553080029 ) ) ;
#960 = CARTESIAN_POINT ( 'NONE',  ( -79.54210202091653059, 29.00000000000000355, -42.69651851864259129 ) ) ;
#961 = CARTESIAN_POINT ( 'NONE',  ( -80.63697921370335564, 28.00000000000000355, -44.97516720094528608 ) ) ;
#962 = CARTESIAN_POINT ( 'NONE',  ( -80.37031411956724014, 29.00000000000002132, -43.70490448303832665 ) ) ;
#963 = CARTESIAN_POINT ( 'NONE',  ( -84.19619573270836099, 1.517883041479706208E-15, -36.03650872904737668 ) ) ;
#964 = CARTESIAN_POINT ( 'NONE',  ( -85.24684754624806260, 28.00000000000000000, -36.42159240873620263 ) ) ;
#965 = CARTESIAN_POINT ( 'NONE',  ( -79.14086841439120690, 29.00000000000000000, -40.77939515746082577 ) ) ;
#966 = DIRECTION ( 'NONE',  ( 0.000000000000000000, 0.000000000000000000, -1.000000000000000000 ) ) ;
#967 = CYLINDRICAL_SURFACE ( 'NONE', #969, 1.000000000000000888 ) ;
#968 = CARTESIAN_POINT ( 'NONE',  ( -78.13697288786660522, 29.00000000000000000, -40.61302964182252140 ) ) ;
#969 = AXIS2_PLACEMENT_3D ( 'NONE', #233, #893, #561 ) ;
#970 = CARTESIAN_POINT ( 'NONE',  ( -84.39952096210849675, 28.97349716887427462, -35.25371428787452999 ) ) ;
#971 = EDGE_CURVE ( 'NONE', #1054, #739, #456, .T. ) ;
#972 = CARTESIAN_POINT ( 'NONE',  ( -85.41273804209419040, 1.000000000000001110, -44.15720555664179869 ) ) ;
#973 = EDGE_CURVE ( 'NONE', #279, #481, #712, .T. ) ;
#974 = VERTEX_POINT ( 'NONE', #143 ) ;
#975 = APPROVAL_ROLE ( '' ) ;
#976 = CARTESIAN_POINT ( 'NONE',  ( -84.11593693358142332, 29.00000000000031619, -44.91599311499347635 ) ) ;
#977 = CARTESIAN_POINT ( 'NONE',  ( -78.13619429261740379, 1.517883041479706208E-15, -40.51241163168647574 ) ) ;
#978 = CARTESIAN_POINT ( 'NONE',  ( -78.66425252252383871, 0.9999999999999958922, -43.17909239780198760 ) ) ;
#979 = EDGE_LOOP ( 'NONE', ( #570, #492, #914, #730 ) ) ;
#980 = DIRECTION ( 'NONE',  ( 1.000000000000000000, 0.000000000000000000, 0.000000000000000000 ) ) ;
#981 = CARTESIAN_POINT ( 'NONE',  ( -80.17879203272981670, 28.99999999999999645, -43.55616045660281088 ) ) ;
#982 = CARTESIAN_POINT ( 'NONE',  ( -78.14558783511202478, 1.000000000000149214, -40.91615528817229830 ) ) ;
#983 = CARTESIAN_POINT ( 'NONE',  ( -79.13638076412492239, 29.00000000000000000, -40.52634502005975747 ) ) ;
#984 = CARTESIAN_POINT ( 'NONE',  ( -80.63697978514429110, 0.9999999999999963363, -44.97516740268911661 ) ) ;
#985 = ORIENTED_EDGE ( 'NONE', *, *, #557, .T. ) ;
#986 = DATE_AND_TIME ( #731, #805 ) ;
#987 = PRODUCT_RELATED_PRODUCT_CATEGORY ( 'detail', '', ( #280 ) ) ;
#988 = CARTESIAN_POINT ( 'NONE',  ( -83.77557005104326038, 29.00000000000000000, -43.97451499208326453 ) ) ;
#989 = DIRECTION ( 'NONE',  ( 0.000000000000000000, 0.000000000000000000, 1.000000000000000000 ) ) ;
#990 = EDGE_LOOP ( 'NONE', ( #840, #178, #678, #401 ) ) ;
#991 = DIRECTION ( 'NONE',  ( -0.000000000000000000, 0.000000000000000000, 1.000000000000000000 ) ) ;
#992 = CARTESIAN_POINT ( 'NONE',  ( -82.72921587559378054, 28.99999999999999645, -44.21172369041018158 ) ) ;
#993 = CARTESIAN_POINT ( 'NONE',  ( -78.46098775896791722, -9.265782583110657769E-13, -42.69418837892040131 ) ) ;
#994 = CARTESIAN_POINT ( 'NONE',  ( -81.64049677345876432, 1.000000000000007772, -45.89240401880157805 ) ) ;
#995 = EDGE_LOOP ( 'NONE', ( #862, #833, #524, #612 ) ) ;
#996 = CARTESIAN_POINT ( 'NONE',  ( -85.42435659658796965, -3.439825529146814775E-13, -37.36319768507117800 ) ) ;
#997 = PERSON_AND_ORGANIZATION_ROLE ( 'creator' ) ;
#998 = CARTESIAN_POINT ( 'NONE',  ( -80.83390902315331061, 28.99999999999999645, -45.02360142713291680 ) ) ;
#999 = CARTESIAN_POINT ( 'NONE',  ( -78.46098776586926249, 0.9999999999993822719, -42.69418837610222539 ) ) ;
#1000 = CARTESIAN_POINT ( 'NONE',  ( -85.13637233178063468, 1.000000000000007772, -35.23230762166618746 ) ) ;
#1001 = CARTESIAN_POINT ( 'NONE',  ( -86.20296580080788829, 1.000000000000001332, -39.18629279635398177 ) ) ;
#1002 = CARTESIAN_POINT ( 'NONE',  ( -86.63373574606072225, 0.9999999999999198419, -40.10928643329897625 ) ) ;
#1003 = CARTESIAN_POINT ( 'NONE',  ( -85.35710309373281746, 29.00000000000000355, -42.58887856777376868 ) ) ;
#1004 = CARTESIAN_POINT ( 'NONE',  ( -79.26244607146927024, 1.517883041479706208E-15, -41.84325806740043419 ) ) ;
#1005 = CARTESIAN_POINT ( 'NONE',  ( -85.63723654781843209, 1.000000000000011990, -38.08245422231663468 ) ) ;
#1006 = ORIENTED_EDGE ( 'NONE', *, *, #685, .F. ) ;
#1007 = CARTESIAN_POINT ( 'NONE',  ( -86.63373573177251785, -1.202618027515433927E-13, -40.10928643673665306 ) ) ;
#1008 = CARTESIAN_POINT ( 'NONE',  ( -86.74362443093342279, 28.99999999999876366, -41.05834593048796677 ) ) ;
#1009 = CARTESIAN_POINT ( 'NONE',  ( -83.27922464453673967, 1.192622389734052669E-14, -44.11663313454502600 ) ) ;
#1010 = DIRECTION ( 'NONE',  ( 0.000000000000000000, -0.000000000000000000, -1.000000000000000000 ) ) ;
#1011 = CARTESIAN_POINT ( 'NONE',  ( -86.53806951121408986, -8.890457814381126893E-15, -39.82267732969113183 ) ) ;
#1012 = CARTESIAN_POINT ( 'NONE',  ( -86.67517152425163829, 28.00000000000063238, -41.74113318148734919 ) ) ;
#1013 = CARTESIAN_POINT ( 'NONE',  ( -86.36423721019029642, 1.000000000000011546, -42.79160928731925395 ) ) ;
#1014 = CARTESIAN_POINT ( 'NONE',  ( -85.74252161250883830, -1.409462824231155764E-14, -41.03586994769859331 ) ) ;
#1015 = EDGE_CURVE ( 'NONE', #974, #684, #597, .T. ) ;
#1016 = CARTESIAN_POINT ( 'NONE',  ( -86.61440387986293388, 29.00000000000000711, -40.03994320765340120 ) ) ;
#1017 = CARTESIAN_POINT ( 'NONE',  ( -85.55020259337098310, -4.602988459340764323E-14, -44.03179696296714241 ) ) ;
#1018 = CARTESIAN_POINT ( 'NONE',  ( -84.84265717114888616, 1.192622389734055193E-14, -43.32093517113343495 ) ) ;
#1019 = CARTESIAN_POINT ( 'NONE',  ( -78.66425222370781967, 28.00000000000000000, -43.17909178834096906 ) ) ;
#1020 = VERTEX_POINT ( 'NONE', #625 ) ;
#1021 = CALENDAR_DATE ( 2026, 7, 9 ) ;
#1022 = VECTOR ( 'NONE', #476, 1000.000000000000000 ) ;
#1023 = CARTESIAN_POINT ( 'NONE',  ( -86.70936828812702402, 27.99999999999998934, -41.51744760419639135 ) ) ;
#1024 = CARTESIAN_POINT ( 'NONE',  ( -84.75652218642454727, 1.000000000000311529, -44.62494801225795271 ) ) ;
#1025 = CARTESIAN_POINT ( 'NONE',  ( -85.13637233178063468, 28.00000000000000000, -35.23230762166618746 ) ) ;
#1026 = CARTESIAN_POINT ( 'NONE',  ( -84.27425048925961448, 29.00000000000001776, -43.74690828157253719 ) ) ;
#1027 = CARTESIAN_POINT ( 'NONE',  ( -85.19110551981231083, -1.217136627102987227E-12, -35.93498357151725742 ) ) ;
#1028 = DIRECTION ( 'NONE',  ( -1.000000000000000000, 0.000000000000000000, 0.000000000000000000 ) ) ;
#1029 = CARTESIAN_POINT ( 'NONE',  ( -84.96388708576660065, 6.722053469410132224E-15, -44.50169695085574517 ) ) ;
#1030 = CARTESIAN_POINT ( 'NONE',  ( -78.30466229794674859, 27.99999999999998579, -42.18955797907453587 ) ) ;
#1031 = ADVANCED_FACE ( 'NONE', ( #297 ), #794, .T. ) ;
#1032 = CARTESIAN_POINT ( 'NONE',  ( -85.13411505060209095, 28.00000000000000000, -35.19349081300284610 ) ) ;
#1033 = CARTESIAN_POINT ( 'NONE',  ( -86.01940787237332131, 1.348713969071955299E-13, -43.44669915030473106 ) ) ;
#1034 = CARTESIAN_POINT ( 'NONE',  ( -78.16707390913765607, 27.99999999999998579, -41.36514842987874374 ) ) ;
#1035 = CARTESIAN_POINT ( 'NONE',  ( -79.64640082465319892, 28.99999999999999645, -42.92759919574812244 ) ) ;
#1036 = CARTESIAN_POINT ( 'NONE',  ( -85.29545043260988280, 28.00000000000184386, -36.74073391139337730 ) ) ;
#1037 =( BOUNDED_CURVE ( )  B_SPLINE_CURVE ( 3, ( #93, #18, #743, #87 ),
 .UNSPECIFIED., .F., .F. ) 
 B_SPLINE_CURVE_WITH_KNOTS ( ( 4, 4 ),
 ( 4.712388980384689674, 6.283185307179586232 ),
 .UNSPECIFIED. ) 
 CURVE ( )  GEOMETRIC_REPRESENTATION_ITEM ( )  RATIONAL_B_SPLINE_CURVE ( ( 1.000000000000000000, 0.8047378541243649375, 0.8047378541243649375, 1.000000000000000000 ) ) 
 REPRESENTATION_ITEM ( '' )  );
#1038 = CARTESIAN_POINT ( 'NONE',  ( -78.63604780156980212, 28.00000000000062528, -43.12288701251491574 ) ) ;
#1039 = CARTESIAN_POINT ( 'NONE',  ( -82.29608664018984143, 27.99999999999999645, -45.22233861846823544 ) ) ;
#1040 = CARTESIAN_POINT ( 'NONE',  ( -85.74325890582208842, 29.00000000000000711, -40.89145109048195081 ) ) ;
#1041 = CARTESIAN_POINT ( 'NONE',  ( -84.45248280316710066, 29.00000000000000000, -37.60147200809592505 ) ) ;
#1042 = CARTESIAN_POINT ( 'NONE',  ( -79.62253694243985080, 29.00000000000000355, -42.85675764677446864 ) ) ;
#1043 = CARTESIAN_POINT ( 'NONE',  ( -79.16056511558552700, -8.890457814381136359E-15, -41.13676604354970578 ) ) ;
#1044 = CARTESIAN_POINT ( 'NONE',  ( -84.79586863772203742, 28.99999999999998934, -38.66118760053862502 ) ) ;
#1045 = CARTESIAN_POINT ( 'NONE',  ( -85.12888761211804933, 28.00000000000000000, -35.10359838783102049 ) ) ;
#1046 = EDGE_CURVE ( 'NONE', #691, #6, #62, .T. ) ;
#1047 = CARTESIAN_POINT ( 'NONE',  ( -78.13776701812800241, 29.00000000000078160, -40.66341906868279210 ) ) ;
#1048 = LINE ( 'NONE', #157, #11 ) ;
#1049 = CARTESIAN_POINT ( 'NONE',  ( -78.20147105886347560, 0.9999999999999963363, -41.57125123516622267 ) ) ;
#1050 = ORIENTED_EDGE ( 'NONE', *, *, #271, .F. ) ;
#1051 = APPROVAL_STATUS ( 'not_yet_approved' ) ;
#1052 = FACE_OUTER_BOUND ( 'NONE', #509, .T. ) ;
#1053 = CARTESIAN_POINT ( 'NONE',  ( -78.13597462717184783, 1.517883041479706405E-15, -40.42395514031831283 ) ) ;
#1054 = VERTEX_POINT ( 'NONE', #84 ) ;
#1055 = APPLICATION_PROTOCOL_DEFINITION ( 'international standard', 'config_control_design', 1994, #269 ) ;
#1056 = CARTESIAN_POINT ( 'NONE',  ( -84.96388707974556098, 28.00000000000000355, -44.50169694278896060 ) ) ;
#1057 = CARTESIAN_POINT ( 'NONE',  ( -85.11037650456765391, 0.7382967464443485062, -35.23306284045094117 ) ) ;
#1058 = CARTESIAN_POINT ( 'NONE',  ( -79.11550401912710129, 0.9999999999999958922, -43.89009545143171920 ) ) ;
#1059 = PRODUCT_DEFINITION_SHAPE ( 'NONE', 'NONE',  #332 ) ;
#1060 = ORIENTED_EDGE ( 'NONE', *, *, #623, .F. ) ;
#1061 = CC_DESIGN_PERSON_AND_ORGANIZATION_ASSIGNMENT ( #493, #585, ( #280 ) ) ;
ENDSEC;
END-ISO-10303-21;
