ISO-10303-21;
HEADER;
FILE_DESCRIPTION (( 'STEP AP214' ),
    '1' );
FILE_NAME ('SofaAssem.STEP',
    '2026-09-07T17:42:59',
    ( '' ),
    ( '' ),
    'SwSTEP 2.0',
    'SolidWorks 2026',
    '' );
FILE_SCHEMA (( 'AUTOMOTIVE_DESIGN' ));
ENDSEC;

DATA;
#1 = DIRECTION ( 'NONE',  ( 0.000000000000000000, 0.000000000000000000, 1.000000000000000000 ) ) ;
#2 = EDGE_CURVE ( 'NONE', #2648, #109, #1382, .T. ) ;
#3 = CIRCLE ( 'NONE', #3046, 2.000000000000001776 ) ;
#4 = DIRECTION ( 'NONE',  ( 0.000000000000000000, 0.000000000000000000, 1.000000000000000000 ) ) ;
#5 = VECTOR ( 'NONE', #2595, 1000.000000000000000 ) ;
#6 = CARTESIAN_POINT ( 'NONE',  ( -79.62253694243985080, 29.00000000000000355, -42.85675764677446864 ) ) ;
#7 = DIRECTION ( 'NONE',  ( 1.000000000000000000, 0.000000000000000000, -0.000000000000000000 ) ) ;
#8 = EDGE_CURVE ( 'NONE', #2896, #2249, #2849, .T. ) ;
#9 = DIRECTION ( 'NONE',  ( 0.000000000000000000, 1.000000000000000000, 0.000000000000000000 ) ) ;
#10 = AXIS2_PLACEMENT_3D ( 'NONE', #3573, #3038, #3591 ) ;
#11 = CARTESIAN_POINT ( 'NONE',  ( -86.70392506425893941, -2.467708358247941632E-13, -40.44538348392535454 ) ) ;
#12 = ORIENTED_EDGE ( 'NONE', *, *, #1738, .F. ) ;
#13 = VERTEX_POINT ( 'NONE', #1665 ) ;
#14 = DIRECTION ( 'NONE',  ( -1.000000000000000000, 0.000000000000000000, -0.000000000000000000 ) ) ;
#15 = VECTOR ( 'NONE', #2039, 1000.000000000000000 ) ;
#16 = CARTESIAN_POINT ( 'NONE',  ( -78.13637233178062047, 1.000000000000007772, -40.52634505667347042 ) ) ;
#17 = DIRECTION ( 'NONE',  ( -1.000000000000000000, 0.000000000000000000, 0.000000000000000000 ) ) ;
#18 = EDGE_LOOP ( 'NONE', ( #2195, #1495, #2484, #2945 ) ) ;
#19 = CARTESIAN_POINT ( 'NONE',  ( -63.48995295431750208, 0.000000000000000000, -9.235987205493071173 ) ) ;
#20 = EDGE_LOOP ( 'NONE', ( #1100, #2351, #2417, #2022 ) ) ;
#21 = CARTESIAN_POINT ( 'NONE',  ( -78.13844958452243361, 6.000000000000001776, -41.06113829847608798 ) ) ;
#22 =( NAMED_UNIT ( * ) SI_UNIT ( $, .STERADIAN. ) SOLID_ANGLE_UNIT ( ) );
#23 = LINE ( 'NONE', #2871, #1612 ) ;
#24 = CARTESIAN_POINT ( 'NONE',  ( -77.53857219778481635, 6.999999999999998224, -43.09630343390454499 ) ) ;
#25 = DIRECTION ( 'NONE',  ( 0.000000000000000000, 0.000000000000000000, -1.000000000000000000 ) ) ;
#26 = CARTESIAN_POINT ( 'NONE',  ( -78.39204389096894943, 28.00000000000000000, -42.47735434418343203 ) ) ;
#27 = DIRECTION ( 'NONE',  ( 0.000000000000000000, 0.000000000000000000, -1.000000000000000000 ) ) ;
#28 = FACE_OUTER_BOUND ( 'NONE', #925, .T. ) ;
#29 = EDGE_CURVE ( 'NONE', #1133, #2601, #23, .T. ) ;
#30 = CARTESIAN_POINT ( 'NONE',  ( -86.03170527681662350, 1.000000000000004441, -38.89774792597946629 ) ) ;
#31 = ORIENTED_EDGE ( 'NONE', *, *, #1486, .F. ) ;
#32 = ORIENTED_EDGE ( 'NONE', *, *, #2693, .T. ) ;
#33 = CARTESIAN_POINT ( 'NONE',  ( -77.13893244838068597, 7.000000000000000000, -41.18739600623968755 ) ) ;
#34 = CARTESIAN_POINT ( 'NONE',  ( 3.314459268353858512, -19.30270741657488998, 7.000000000000000000 ) ) ;
#35 = CARTESIAN_POINT ( 'NONE',  ( -65.48995295431750208, 23.00000000000000000, -32.23598720549306051 ) ) ;
#36 = EDGE_CURVE ( 'NONE', #2115, #1925, #1386, .T. ) ;
#37 = CARTESIAN_POINT ( 'NONE',  ( -78.13597462717184783, 1.517883041479706405E-15, -40.42395514031831283 ) ) ;
#38 = VERTEX_POINT ( 'NONE', #1977 ) ;
#39 = CARTESIAN_POINT ( 'NONE',  ( -77.13892028225858155, -6.419766481290839455E-32, -41.18426255657595192 ) ) ;
#40 = ORIENTED_EDGE ( 'NONE', *, *, #1110, .F. ) ;
#41 = CARTESIAN_POINT ( 'NONE',  ( -85.13637233178063468, 28.13208984559906867, -35.23230762166619456 ) ) ;
#42 = CARTESIAN_POINT ( 'NONE',  ( 14.51004704568249792, 3.000000000000000000, -29.23598720549306051 ) ) ;
#43 = PLANE ( 'NONE',  #1432 ) ;
#44 = LINE ( 'NONE', #1151, #793 ) ;
#45 = FACE_OUTER_BOUND ( 'NONE', #2497, .T. ) ;
#46 = CARTESIAN_POINT ( 'NONE',  ( -85.45387672392290312, 1.192622389734054089E-14, -39.88733712801423081 ) ) ;
#47 = AXIS2_PLACEMENT_3D ( 'NONE', #204, #1183, #1766 ) ;
#48 = CARTESIAN_POINT ( 'NONE',  ( -86.61440385131133723, 1.000000000000004441, -40.03994321711575566 ) ) ;
#49 = ORIENTED_EDGE ( 'NONE', *, *, #422, .F. ) ;
#50 = FACE_OUTER_BOUND ( 'NONE', #3574, .T. ) ;
#51 = CARTESIAN_POINT ( 'NONE',  ( -86.50731255724321045, 0.9999999999999956701, -39.73053745082966515 ) ) ;
#52 = EDGE_CURVE ( 'NONE', #988, #524, #2289, .T. ) ;
#53 = AXIS2_PLACEMENT_3D ( 'NONE', #2961, #1236, #2679 ) ;
#54 = LINE ( 'NONE', #900, #75 ) ;
#55 = APPLICATION_CONTEXT ( 'automotive_design' ) ;
#56 = ORIENTED_EDGE ( 'NONE', *, *, #1521, .T. ) ;
#57 = ORIENTED_EDGE ( 'NONE', *, *, #1486, .T. ) ;
#58 = SPHERICAL_SURFACE ( 'NONE', #2085, 1.000000000000000000 ) ;
#59 = ADVANCED_FACE ( 'NONE', ( #3112 ), #3146, .T. ) ;
#60 = CARTESIAN_POINT ( 'NONE',  ( -78.30466229794674859, 27.99999999999998579, -42.18955797907453587 ) ) ;
#61 = CARTESIAN_POINT ( 'NONE',  ( 12.51004704568249792, 0.000000000000000000, -25.23598720549304630 ) ) ;
#62 = CARTESIAN_POINT ( 'NONE',  ( -83.68167206294204163, 27.99999999999968736, -45.05018857105872598 ) ) ;
#63 = AXIS2_PLACEMENT_3D ( 'NONE', #2477, #3329, #805 ) ;
#64 = CARTESIAN_POINT ( 'NONE',  ( -47.13254080751686104, 7.000000000000000000, -52.21674210529830162 ) ) ;
#65 = VECTOR ( 'NONE', #2664, 1000.000000000000000 ) ;
#66 = CIRCLE ( 'NONE', #484, 1.000000000000000000 ) ;
#67 = CARTESIAN_POINT ( 'NONE',  ( -80.83758448211003156, 29.00000000000001066, -43.96070543084103122 ) ) ;
#68 = ORIENTED_EDGE ( 'NONE', *, *, #705, .F. ) ;
#69 = CARTESIAN_POINT ( 'NONE',  ( -28.68554073164614593, 7.697292583425109136, 7.000000000000000000 ) ) ;
#70 = AXIS2_PLACEMENT_3D ( 'NONE', #2773, #1346, #1934 ) ;
#71 = VECTOR ( 'NONE', #1878, 1000.000000000000000 ) ;
#72 = CARTESIAN_POINT ( 'NONE',  ( -44.13254080751685393, 7.000000000000000000, -55.21674210529830162 ) ) ;
#73 = CARTESIAN_POINT ( 'NONE',  ( -81.73302466515157505, 0.9999999999990730748, -45.19694225131122778 ) ) ;
#74 = VERTEX_POINT ( 'NONE', #528 ) ;
#75 = VECTOR ( 'NONE', #1120, 1000.000000000000000 ) ;
#76 = ORIENTED_EDGE ( 'NONE', *, *, #877, .T. ) ;
#77 = DIRECTION ( 'NONE',  ( 1.000000000000000000, 0.000000000000000000, 0.000000000000000000 ) ) ;
#78 = DIRECTION ( 'NONE',  ( -0.000000000000000000, 1.000000000000000000, -0.000000000000000000 ) ) ;
#79 = ADVANCED_FACE ( 'NONE', ( #1460 ), #2834, .F. ) ;
#80 = CARTESIAN_POINT ( 'NONE',  ( -80.63697921370335564, 28.00000000000000355, -44.97516720094528608 ) ) ;
#81 = FACE_OUTER_BOUND ( 'NONE', #1412, .T. ) ;
#82 = EDGE_CURVE ( 'NONE', #549, #2053, #1372, .T. ) ;
#83 = CARTESIAN_POINT ( 'NONE',  ( -63.48995295431750208, -5.000000000000000000, -25.23598720549304986 ) ) ;
#84 = CARTESIAN_POINT ( 'NONE',  ( -84.75652218642454727, 28.00000000000031264, -44.62494801225795271 ) ) ;
#85 = CARTESIAN_POINT ( 'NONE',  ( -79.64640082465319892, 28.99999999999999645, -42.92759919574812244 ) ) ;
#86 = ORIENTED_EDGE ( 'NONE', *, *, #1199, .T. ) ;
#87 = CARTESIAN_POINT ( 'NONE',  ( -77.13637233178062047, 1.000000000000000000, -37.21674210529830162 ) ) ;
#88 = LINE ( 'NONE', #3499, #15 ) ;
#89 = CARTESIAN_POINT ( 'NONE',  ( -81.83005780447420818, 6.722053469410127491E-15, -44.20085408486022516 ) ) ;
#90 = EDGE_LOOP ( 'NONE', ( #107, #2880, #1389, #202 ) ) ;
#91 = CARTESIAN_POINT ( 'NONE',  ( -82.42051944751685255, 1.000000000000000000, -46.16266747147606964 ) ) ;
#92 = VERTEX_POINT ( 'NONE', #2270 ) ;
#93 = SPHERICAL_SURFACE ( 'NONE', #1437, 1.000000000000000000 ) ;
#94 =( NAMED_UNIT ( * ) SI_UNIT ( $, .STERADIAN. ) SOLID_ANGLE_UNIT ( ) );
#95 = CARTESIAN_POINT ( 'NONE',  ( -86.63373574606072225, 27.99999999999999645, -40.10928643329897625 ) ) ;
#96 = SHAPE_REPRESENTATION ( 'SofaAssem', ( #1418, #718, #3488, #53, #3028, #3142, #2245, #3598 ), #2420 ) ;
#97 = CARTESIAN_POINT ( 'NONE',  ( -85.41273769723318310, 27.99999999999999645, -44.15720586527296376 ) ) ;
#98 = LINE ( 'NONE', #2415, #2666 ) ;
#99 = EDGE_CURVE ( 'NONE', #109, #1644, #866, .T. ) ;
#100 = PLANE ( 'NONE',  #487 ) ;
#101 = CARTESIAN_POINT ( 'NONE',  ( -86.25439649386881058, 29.00000000000094857, -43.03400037176274395 ) ) ;
#102 = EDGE_CURVE ( 'NONE', #3611, #602, #230, .T. ) ;
#103 = DIRECTION ( 'NONE',  ( -0.000000000000000000, -0.000000000000000000, -1.000000000000000000 ) ) ;
#104 = PLANE ( 'NONE',  #1321 ) ;
#105 = CYLINDRICAL_SURFACE ( 'NONE', #3331, 1.000000000000000888 ) ;
#106 = CARTESIAN_POINT ( 'NONE',  ( -78.39204389681336238, 3.132315741334052911E-13, -42.47735434269581134 ) ) ;
#107 = ORIENTED_EDGE ( 'NONE', *, *, #82, .F. ) ;
#108 = CARTESIAN_POINT ( 'NONE',  ( 4.314459268353859400, -18.30270741657488998, 1.000000000000000000 ) ) ;
#109 = VERTEX_POINT ( 'NONE', #666 ) ;
#110 = CARTESIAN_POINT ( 'NONE',  ( -86.56688208407017271, 28.00000000000000355, -39.89655160730598027 ) ) ;
#111 = DIRECTION ( 'NONE',  ( -0.000000000000000000, -0.000000000000000000, -1.000000000000000000 ) ) ;
#112 = DIRECTION ( 'NONE',  ( -0.000000000000000000, -0.000000000000000000, -1.000000000000000000 ) ) ;
#113 = DIRECTION ( 'NONE',  ( -0.000000000000000000, -0.000000000000000000, -1.000000000000000000 ) ) ;
#114 = EDGE_CURVE ( 'NONE', #3531, #3220, #1803, .T. ) ;
#115 = CARTESIAN_POINT ( 'NONE',  ( -84.71114647943143439, 29.00000000000000355, -43.44249961594525189 ) ) ;
#116 = CARTESIAN_POINT ( 'NONE',  ( -83.27922464453433804, 29.00000000000001421, -44.11663313454555180 ) ) ;
#117 = ORIENTED_EDGE ( 'NONE', *, *, #1906, .F. ) ;
#118 = EDGE_CURVE ( 'NONE', #790, #2358, #2909, .T. ) ;
#119 = CYLINDRICAL_SURFACE ( 'NONE', #1563, 1.000000000000000888 ) ;
#120 = DIRECTION ( 'NONE',  ( -0.000000000000000000, -0.000000000000000000, -1.000000000000000000 ) ) ;
#121 = PRODUCT_DEFINITION_CONTEXT ( 'detailed design', #2110, 'design' ) ;
#122 = CARTESIAN_POINT ( 'NONE',  ( -81.51214832290870049, -1.396359512672273328E-12, -45.17136982582216120 ) ) ;
#123 = VERTEX_POINT ( 'NONE', #3170 ) ;
#124 = DIRECTION ( 'NONE',  ( 0.9910620214307475084, -0.000000000000000000, 0.1334019103221562585 ) ) ;
#125 = EDGE_LOOP ( 'NONE', ( #1543, #1602, #164 ) ) ;
#126 = TOROIDAL_SURFACE ( 'NONE', #3443, 2.000000000000000000, 1.000000000000000000 ) ;
#127 = DIRECTION ( 'NONE',  ( -1.000000000000000000, 0.000000000000000000, 6.982962677686266711E-15 ) ) ;
#128 = ORIENTED_EDGE ( 'NONE', *, *, #471, .T. ) ;
#129 = CIRCLE ( 'NONE', #373, 1.000000000000000000 ) ;
#130 = CARTESIAN_POINT ( 'NONE',  ( -86.56688205551857607, 29.00000000000000711, -39.89655161676833472 ) ) ;
#131 = CARTESIAN_POINT ( 'NONE',  ( -79.02388651182823764, 1.301042606982605321E-15, -45.19081973720532375 ) ) ;
#132 = VECTOR ( 'NONE', #1709, 1000.000000000000000 ) ;
#133 = CARTESIAN_POINT ( 'NONE',  ( 3.314459268353855403, 8.697292583425110024, 6.000000000000000000 ) ) ;
#134 = LINE ( 'NONE', #2401, #670 ) ;
#135 = CARTESIAN_POINT ( 'NONE',  ( -83.77557005104326038, 29.00000000000000000, -43.97451499208326453 ) ) ;
#136 = CARTESIAN_POINT ( 'NONE',  ( -86.68935083460391411, 0.9999999999999963363, -40.32998556019575176 ) ) ;
#137 = CARTESIAN_POINT ( 'NONE',  ( -83.45107618150480278, 29.00000000000000000, -44.07562746514051355 ) ) ;
#138 = DIRECTION ( 'NONE',  ( -1.000000000000000000, 0.000000000000000000, 0.000000000000000000 ) ) ;
#139 = CYLINDRICAL_SURFACE ( 'NONE', #2386, 1.000000000000000888 ) ;
#140 = EDGE_CURVE ( 'NONE', #2824, #3191, #480, .T. ) ;
#141 = CARTESIAN_POINT ( 'NONE',  ( -78.39204389096894943, 1.000000000000000888, -42.47735434418343203 ) ) ;
#142 = DIRECTION ( 'NONE',  ( 0.000000000000000000, 0.000000000000000000, 1.000000000000000000 ) ) ;
#143 = ORIENTED_EDGE ( 'NONE', *, *, #2232, .F. ) ;
#144 = CARTESIAN_POINT ( 'NONE',  ( -81.69490738974369037, -3.686287386450702454E-15, -44.18570665948605836 ) ) ;
#145 = SHAPE_REPRESENTATION_RELATIONSHIP ( 'NONE' , 'NONE' ,  #646, #1116 ) ;
#146 = EDGE_CURVE ( 'NONE', #330, #2396, #3429, .T. ) ;
#147 = ORIENTED_EDGE ( 'NONE', *, *, #559, .F. ) ;
#148 = PRODUCT_DEFINITION_SHAPE ( 'NONE', 'NONE',  #3666 ) ;
#149 = CARTESIAN_POINT ( 'NONE',  ( -86.61440385131133723, 28.00000000000000355, -40.03994321711575566 ) ) ;
#150 = CARTESIAN_POINT ( 'NONE',  ( 3.314459268353858956, -18.30270741657488998, 6.000000000000000000 ) ) ;
#151 = CARTESIAN_POINT ( 'NONE',  ( -58.48995295431750208, 0.000000000000000000, -30.23598720549306051 ) ) ;
#152 = ORIENTED_EDGE ( 'NONE', *, *, #2993, .F. ) ;
#153 = ORIENTED_EDGE ( 'NONE', *, *, #1876, .F. ) ;
#154 = PLANE ( 'NONE',  #1144 ) ;
#155 = DIRECTION ( 'NONE',  ( 0.000000000000000000, -0.000000000000000000, -1.000000000000000000 ) ) ;
#156 = CARTESIAN_POINT ( 'NONE',  ( -77.13637233178062047, 6.000000000000000000, -38.21674210529830162 ) ) ;
#157 = CARTESIAN_POINT ( 'NONE',  ( -85.07599268282432092, 1.192622389734054877E-14, -43.05143099952432095 ) ) ;
#158 = ORIENTED_EDGE ( 'NONE', *, *, #1540, .F. ) ;
#159 = CARTESIAN_POINT ( 'NONE',  ( -63.48995295431750208, -5.000000000000000000, -9.235987205493071173 ) ) ;
#160 = ORIENTED_EDGE ( 'NONE', *, *, #2070, .F. ) ;
#161 = ADVANCED_FACE ( 'NONE', ( #1554 ), #43, .F. ) ;
#162 = ORIENTED_EDGE ( 'NONE', *, *, #1287, .F. ) ;
#163 = CARTESIAN_POINT ( 'NONE',  ( -85.66737375396947130, 28.99999999999999645, -40.36770340114083666 ) ) ;
#164 = ORIENTED_EDGE ( 'NONE', *, *, #1399, .T. ) ;
#165 = EDGE_CURVE ( 'NONE', #1925, #542, #788, .T. ) ;
#166 = CARTESIAN_POINT ( 'NONE',  ( -77.79564686513768379, -1.301042606982605321E-15, -43.68888366686420710 ) ) ;
#167 = DIRECTION ( 'NONE',  ( 1.000000000000000000, 0.000000000000000000, 0.000000000000000000 ) ) ;
#168 = PRESENTATION_STYLE_ASSIGNMENT (( #441 ) ) ;
#169 = CARTESIAN_POINT ( 'NONE',  ( -85.25033981454507170, 1.000000000000011768, -44.29358147446070859 ) ) ;
#170 = ORIENTED_EDGE ( 'NONE', *, *, #3217, .F. ) ;
#171 = LINE ( 'NONE', #2199, #369 ) ;
#172 = CARTESIAN_POINT ( 'NONE',  ( -28.68554073164614593, -19.30270741657488998, 7.000000000000000000 ) ) ;
#173 = DIRECTION ( 'NONE',  ( 0.000000000000000000, 0.000000000000000000, -1.000000000000000000 ) ) ;
#174 = CARTESIAN_POINT ( 'NONE',  ( -86.25439648572530871, 1.000000000000317080, -43.03400036712709920 ) ) ;
#175 = CARTESIAN_POINT ( 'NONE',  ( -85.13637233178063468, 28.00000000000000000, -35.23230762166618746 ) ) ;
#176 = CARTESIAN_POINT ( 'NONE',  ( -80.53126702862533648, 5.999999999999860556, -44.91230377573139521 ) ) ;
#177 = CARTESIAN_POINT ( 'NONE',  ( -84.84265717114888616, 1.192622389734055193E-14, -43.32093517113343495 ) ) ;
#178 = EDGE_LOOP ( 'NONE', ( #3317, #3544, #210 ) ) ;
#179 = CARTESIAN_POINT ( 'NONE',  ( -82.42051944751685255, 1.000000000000000000, -46.16266747147606964 ) ) ;
#180 = MECHANICAL_DESIGN_GEOMETRIC_PRESENTATION_REPRESENTATION (  '', ( #2562 ), #2322 ) ;
#181 = EDGE_LOOP ( 'NONE', ( #1534, #1027, #68, #2633 ) ) ;
#182 = VECTOR ( 'NONE', #516, 1000.000000000000000 ) ;
#183 = DIRECTION ( 'NONE',  ( 0.000000000000000000, 1.000000000000000000, 0.000000000000000000 ) ) ;
#184 = CARTESIAN_POINT ( 'NONE',  ( -81.28772632481920368, 0.9999999999999986677, -45.13577426576492968 ) ) ;
#185 = VECTOR ( 'NONE', #3122, 1000.000000000000000 ) ;
#186 = EDGE_CURVE ( 'NONE', #549, #1274, #3433, .T. ) ;
#187 = VECTOR ( 'NONE', #1269, 1000.000000000000000 ) ;
#188 = ORIENTED_EDGE ( 'NONE', *, *, #165, .T. ) ;
#189 = ADVANCED_FACE ( 'NONE', ( #3006 ), #3307, .T. ) ;
#190 = DIRECTION ( 'NONE',  ( 0.000000000000000000, 0.000000000000000000, -1.000000000000000000 ) ) ;
#191 = FACE_OUTER_BOUND ( 'NONE', #536, .T. ) ;
#192 = LINE ( 'NONE', #3330, #1502 ) ;
#193 = CARTESIAN_POINT ( 'NONE',  ( -63.48995295431750208, 0.000000000000000000, -4.235987205493064067 ) ) ;
#194 = ORIENTED_EDGE ( 'NONE', *, *, #417, .F. ) ;
#195 = CARTESIAN_POINT ( 'NONE',  ( -78.55508281856120334, 6.999999999999998224, -44.76173532952232392 ) ) ;
#196 = DIRECTION ( 'NONE',  ( 0.000000000000000000, 1.000000000000000000, 0.000000000000000000 ) ) ;
#197 = CARTESIAN_POINT ( 'NONE',  ( 14.51004704568249792, 23.00000000000000000, -29.23598720549306051 ) ) ;
#198 = CARTESIAN_POINT ( 'NONE',  ( 3.314459268353855403, 7.697292583425109136, 1.000000000000000000 ) ) ;
#199 = ORIENTED_EDGE ( 'NONE', *, *, #2847, .F. ) ;
#200 = CARTESIAN_POINT ( 'NONE',  ( -75.42051944751685255, 1.000000000000000000, -48.21674210529830162 ) ) ;
#201 = CARTESIAN_POINT ( 'NONE',  ( -81.55392135783904450, 6.000000000000000000, -45.17160545004531258 ) ) ;
#202 = ORIENTED_EDGE ( 'NONE', *, *, #817, .T. ) ;
#203 = EDGE_CURVE ( 'NONE', #988, #882, #544, .T. ) ;
#204 = CARTESIAN_POINT ( 'NONE',  ( 0.000000000000000000, 7.697292583425109136, 6.000000000000000000 ) ) ;
#205 = CYLINDRICAL_SURFACE ( 'NONE', #482, 1.000000000000000888 ) ;
#206 = DIRECTION ( 'NONE',  ( 0.000000000000000000, 0.000000000000000000, -1.000000000000000000 ) ) ;
#207 = ADVANCED_FACE ( 'NONE', ( #1348 ), #2136, .F. ) ;
#208 = FACE_OUTER_BOUND ( 'NONE', #1056, .T. ) ;
#209 = CARTESIAN_POINT ( 'NONE',  ( -86.74362443093343700, 1.207926604869388447E-12, -41.05834593048796677 ) ) ;
#210 = ORIENTED_EDGE ( 'NONE', *, *, #165, .F. ) ;
#211 = CARTESIAN_POINT ( 'NONE',  ( -81.28282908369349968, 7.000000000006548539, -45.13511507285432600 ) ) ;
#212 = DIRECTION ( 'NONE',  ( 1.000000000000000000, 0.000000000000000000, 0.000000000000000000 ) ) ;
#213 = DIRECTION ( 'NONE',  ( 0.000000000000000000, -1.000000000000000000, 0.000000000000000000 ) ) ;
#214 = FACE_OUTER_BOUND ( 'NONE', #1992, .T. ) ;
#215 = ORIENTED_EDGE ( 'NONE', *, *, #1158, .T. ) ;
#216 = DIRECTION ( 'NONE',  ( 0.000000000000000000, -1.000000000000000000, 0.000000000000000000 ) ) ;
#217 = CARTESIAN_POINT ( 'NONE',  ( -80.51612390261638552, 1.000000000000002665, -44.91353167421578263 ) ) ;
#218 = ORIENTED_EDGE ( 'NONE', *, *, #2919, .T. ) ;
#219 = ADVANCED_FACE ( 'NONE', ( #3293 ), #3279, .T. ) ;
#220 =( GEOMETRIC_REPRESENTATION_CONTEXT ( 3 ) GLOBAL_UNCERTAINTY_ASSIGNED_CONTEXT ( ( #1731 ) ) GLOBAL_UNIT_ASSIGNED_CONTEXT ( ( #3371, #2816, #22 ) ) REPRESENTATION_CONTEXT ( 'NONE', 'WORKASPACE' ) );
#221 = CARTESIAN_POINT ( 'NONE',  ( -85.13637233178063468, 28.00000000000000000, -30.21674210529830162 ) ) ;
#222 = CARTESIAN_POINT ( 'NONE',  ( -79.13637233178062047, 0.000000000000000000, -31.21674210529830518 ) ) ;
#223 = DIRECTION ( 'NONE',  ( 0.9910620214307475084, 0.000000000000000000, 0.1334019103221562585 ) ) ;
#224 = DIRECTION ( 'NONE',  ( 0.000000000000000000, 0.000000000000000000, -1.000000000000000000 ) ) ;
#225 = EDGE_CURVE ( 'NONE', #2052, #882, #3094, .T. ) ;
#226 = CARTESIAN_POINT ( 'NONE',  ( -86.67517152425163829, 1.000000000000631495, -41.74113318148734919 ) ) ;
#227 = ORIENTED_EDGE ( 'NONE', *, *, #3450, .F. ) ;
#228 = VERTEX_POINT ( 'NONE', #256 ) ;
#229 = CARTESIAN_POINT ( 'NONE',  ( -79.28294677635516052, 6.999999999999644729, -44.07500738185910905 ) ) ;
#230 = B_SPLINE_CURVE_WITH_KNOTS ( 'NONE', 3,
 ( #2215, #3343, #2514, #3633, #1111, #2889, #1500, #3511, #2361, #416, #3452, #385, #629, #364, #3470, #2932, #1522, #1220, #2046, #1821, #3227, #2651, #1765, #2636, #948, #97, #1238, #2344, #3186, #966, #1201, #912, #930, #2064, #2327, #2949, #3243, #645, #80, #688, #2103, #341, #3490, #2028, #1781, #3204, #706, #2086, #60, #400, #1536, #1476 ),
 .UNSPECIFIED., .F., .F.,
 ( 4, 2, 2, 2, 2, 2, 2, 2, 2, 2, 2, 2, 2, 2, 2, 2, 2, 2, 2, 2, 2, 2, 2, 2, 2, 4 ),
 ( -6.000000000807593763E-08, 0.001245013769642329578, 0.002490087539284667473, 0.003735161308927004500, 0.004357698193748183423, 0.004980235078569362345, 0.005602771963390540400, 0.006225308848211720189, 0.006847845733032898244, 0.007470382617854076299, 0.008092919502675256088, 0.008715456387496434143, 0.009337993272317613933, 0.009960530157138791987, 0.01058306704195997178, 0.01120560392678115157, 0.01245067769642350941, 0.01307321458124470828, 0.01369575146606590889, 0.01494082523570835000, 0.01556336212052959571, 0.01618589900535084142, 0.01680843589017208539, 0.01743097277499332590, 0.01867604654463581731, 0.01992112031427830179 ),
 .UNSPECIFIED. ) ;
#231 = CARTESIAN_POINT ( 'NONE',  ( -78.13637233178062047, 6.000000000000000000, -37.21674210529830162 ) ) ;
#232 = CARTESIAN_POINT ( 'NONE',  ( -75.42051944751685255, 0.000000000000000000, -54.21674210529830162 ) ) ;
#233 = ORIENTED_EDGE ( 'NONE', *, *, #417, .T. ) ;
#234 = AXIS2_PLACEMENT_3D ( 'NONE', #1667, #25, #1748 ) ;
#235 = AXIS2_PLACEMENT_3D ( 'NONE', #150, #183, #2705 ) ;
#236 = CARTESIAN_POINT ( 'NONE',  ( -79.04661795056654228, 5.999999999999996447, -43.80838343528909462 ) ) ;
#237 =( REPRESENTATION_RELATIONSHIP ('NONE','NONE', #96, #646 ) REPRESENTATION_RELATIONSHIP_WITH_TRANSFORMATION ( #2027 )SHAPE_REPRESENTATION_RELATIONSHIP( ) );
#238 = CARTESIAN_POINT ( 'NONE',  ( -78.13844575267592063, 1.000000000000000000, -41.06015178124994947 ) ) ;
#239 = ORIENTED_EDGE ( 'NONE', *, *, #2214, .T. ) ;
#240 = VECTOR ( 'NONE', #1570, 1000.000000000000000 ) ;
#241 = AXIS2_PLACEMENT_3D ( 'NONE', #1968, #287, #14 ) ;
#242 = AXIS2_PLACEMENT_3D ( 'NONE', #908, #1763, #340 ) ;
#243 = DIRECTION ( 'NONE',  ( 0.000000000000000000, 0.000000000000000000, -1.000000000000000000 ) ) ;
#244 = CARTESIAN_POINT ( 'NONE',  ( -79.22879576781906508, 29.00000000000000000, -41.66771501209986184 ) ) ;
#245 = DIRECTION ( 'NONE',  ( -1.000000000000000000, 0.000000000000000000, 0.000000000000000000 ) ) ;
#246 = FACE_OUTER_BOUND ( 'NONE', #3265, .T. ) ;
#247 = CARTESIAN_POINT ( 'NONE',  ( -85.14961052350874127, 6.863755618545006552E-13, -35.44201728490172343 ) ) ;
#248 = VERTEX_POINT ( 'NONE', #273 ) ;
#249 = ORIENTED_EDGE ( 'NONE', *, *, #2722, .T. ) ;
#250 = CARTESIAN_POINT ( 'NONE',  ( -81.42051944751668202, 6.999999999999998224, -46.16266747147602700 ) ) ;
#251 = DIRECTION ( 'NONE',  ( 1.239088197126290817E-16, -1.000000000000000000, -0.000000000000000000 ) ) ;
#252 = EDGE_CURVE ( 'NONE', #561, #1851, #3370, .T. ) ;
#253 = CYLINDRICAL_SURFACE ( 'NONE', #2253, 1.000000000000000888 ) ;
#254 = SURFACE_STYLE_FILL_AREA ( #1122 ) ;
#255 = EDGE_LOOP ( 'NONE', ( #3629, #2650, #2607, #2619 ) ) ;
#256 = CARTESIAN_POINT ( 'NONE',  ( 3.314459268353856292, 7.697292583425109136, 7.000000000000000000 ) ) ;
#257 = EDGE_CURVE ( 'NONE', #703, #2977, #2267, .T. ) ;
#258 = PLANE ( 'NONE',  #3202 ) ;
#259 = DIRECTION ( 'NONE',  ( 1.000000000000000000, 0.000000000000000000, 0.000000000000000000 ) ) ;
#260 = FACE_OUTER_BOUND ( 'NONE', #2609, .T. ) ;
#261 = DIRECTION ( 'NONE',  ( 0.000000000000000000, 0.000000000000000000, -1.000000000000000000 ) ) ;
#262 = CARTESIAN_POINT ( 'NONE',  ( -78.13614911270535401, 28.00000000000000000, -40.46887682034547140 ) ) ;
#263 = PLANE ( 'NONE',  #2258 ) ;
#264 = LINE ( 'NONE', #1691, #3281 ) ;
#265 = CARTESIAN_POINT ( 'NONE',  ( -85.19110551981231083, -1.217136627102987227E-12, -35.93498357151725742 ) ) ;
#266 = EDGE_LOOP ( 'NONE', ( #460, #3163, #1467, #336 ) ) ;
#267 = EDGE_LOOP ( 'NONE', ( #3069, #2794, #2462, #929 ) ) ;
#268 = CARTESIAN_POINT ( 'NONE',  ( 7.510047045682499700, -5.000000000000000000, -30.23598720549306051 ) ) ;
#269 = LINE ( 'NONE', #1729, #132 ) ;
#270 = CARTESIAN_POINT ( 'NONE',  ( -79.13596708368805821, 1.517883041479706208E-15, -40.42007095305794451 ) ) ;
#271 = FACE_OUTER_BOUND ( 'NONE', #2375, .T. ) ;
#272 = EDGE_CURVE ( 'NONE', #248, #1835, #3090, .T. ) ;
#273 = CARTESIAN_POINT ( 'NONE',  ( -29.68554073164614593, -18.30270741657488998, 6.000000000000000000 ) ) ;
#274 =( NAMED_UNIT ( * ) PLANE_ANGLE_UNIT ( ) SI_UNIT ( $, .RADIAN. ) );
#275 = DIRECTION ( 'NONE',  ( -1.000000000000000000, 0.000000000000000000, -0.000000000000000000 ) ) ;
#276 = EDGE_CURVE ( 'NONE', #622, #2825, #844, .T. ) ;
#277 = ORIENTED_EDGE ( 'NONE', *, *, #1152, .T. ) ;
#278 = CARTESIAN_POINT ( 'NONE',  ( -80.31480302655167236, 7.000000000000000888, -45.89973366697819301 ) ) ;
#279 = CYLINDRICAL_SURFACE ( 'NONE', #1315, 1.000000000000000000 ) ;
#280 = AXIS2_PLACEMENT_3D ( 'NONE', #2104, #3472, #1221 ) ;
#281 = CARTESIAN_POINT ( 'NONE',  ( -78.13619429302129049, 28.00000000000000000, -40.51241163168334936 ) ) ;
#282 = LINE ( 'NONE', #344, #1859 ) ;
#283 = PLANE ( 'NONE',  #803 ) ;
#284 = CARTESIAN_POINT ( 'NONE',  ( -86.11053564370875790, -1.040834085586084730E-14, -39.03310794503367021 ) ) ;
#285 = ORIENTED_EDGE ( 'NONE', *, *, #380, .T. ) ;
#286 = ORIENTED_EDGE ( 'NONE', *, *, #1540, .T. ) ;
#287 = DIRECTION ( 'NONE',  ( 0.000000000000000000, 0.000000000000000000, -1.000000000000000000 ) ) ;
#288 = DIRECTION ( 'NONE',  ( -1.000000000000000000, 0.000000000000000000, 0.000000000000000000 ) ) ;
#289 = CARTESIAN_POINT ( 'NONE',  ( -75.42051944751685255, 7.000000000000000000, -55.21674210529830162 ) ) ;
#290 = DIRECTION ( 'NONE',  ( 0.000000000000000000, 0.000000000000000000, -1.000000000000000000 ) ) ;
#291 = VERTEX_POINT ( 'NONE', #3647 ) ;
#292 = EDGE_LOOP ( 'NONE', ( #1577, #194, #2990, #309 ) ) ;
#293 = DIRECTION ( 'NONE',  ( 1.000000000000000000, 0.000000000000000000, 0.000000000000000000 ) ) ;
#294 = DIRECTION ( 'NONE',  ( 1.000000000000000000, -0.000000000000000000, -0.000000000000000000 ) ) ;
#295 = CARTESIAN_POINT ( 'NONE',  ( 12.51004704568249792, -5.000000000000000000, -9.235987205493074725 ) ) ;
#296 = CARTESIAN_POINT ( 'NONE',  ( -78.33928068023675451, 6.999999999999996447, -44.51527791791939848 ) ) ;
#297 = AXIS2_PLACEMENT_3D ( 'NONE', #1113, #1980, #243 ) ;
#298 = EDGE_CURVE ( 'NONE', #500, #3506, #1927, .T. ) ;
#299 = AXIS2_PLACEMENT_3D ( 'NONE', #1096, #3301, #3286 ) ;
#300 = DIRECTION ( 'NONE',  ( 1.000000000000000000, 0.000000000000000000, 0.000000000000000000 ) ) ;
#301 = CIRCLE ( 'NONE', #1202, 1.000000000000000000 ) ;
#302 = VECTOR ( 'NONE', #2002, 1000.000000000000000 ) ;
#303 = CARTESIAN_POINT ( 'NONE',  ( -78.28346864405418160, 28.00000000000000000, -42.05115350071690017 ) ) ;
#304 = FACE_OUTER_BOUND ( 'NONE', #2753, .T. ) ;
#305 = LINE ( 'NONE', #3151, #2240 ) ;
#306 = AXIS2_PLACEMENT_3D ( 'NONE', #2452, #2756, #1071 ) ;
#307 = CARTESIAN_POINT ( 'NONE',  ( -85.38492539438639994, 1.517883041479706208E-15, -39.77059777557096965 ) ) ;
#308 = ORIENTED_EDGE ( 'NONE', *, *, #1084, .F. ) ;
#309 = ORIENTED_EDGE ( 'NONE', *, *, #2030, .F. ) ;
#310 = CARTESIAN_POINT ( 'NONE',  ( -77.13637233178062047, 0.000000000000000000, -38.21674210529830162 ) ) ;
#311 = VECTOR ( 'NONE', #3368, 1000.000000000000000 ) ;
#312 = CARTESIAN_POINT ( 'NONE',  ( -78.76098593500667278, 1.000000000000001332, -43.36525122059955351 ) ) ;
#313 = B_SPLINE_CURVE_WITH_KNOTS ( 'NONE', 3,
 ( #2320, #39, #1490, #1991, #601, #942, #2608, #3198, #2284, #2885, #3123, #3139, #2301, #2059, #659, #3424, #881, #2829 ),
 .UNSPECIFIED., .F., .F.,
 ( 4, 2, 2, 2, 2, 2, 2, 2, 4 ),
 ( 0.000000000000000000, 0.001943512856234555150, 0.002915269284351842700, 0.003887025712469130249, 0.004858782140586417365, 0.005344660354645053985, 0.005830538568703691471, 0.006802294996820939556, 0.007774051424938187640 ),
 .UNSPECIFIED. ) ;
#314 = LINE ( 'NONE', #1679, #185 ) ;
#315 = CARTESIAN_POINT ( 'NONE',  ( -45.13254080751686104, 7.000000000000000000, -52.21674210529830162 ) ) ;
#316 = ORIENTED_EDGE ( 'NONE', *, *, #1045, .T. ) ;
#317 = DIRECTION ( 'NONE',  ( 0.000000000000000000, -1.000000000000000000, 0.000000000000000000 ) ) ;
#318 = EDGE_LOOP ( 'NONE', ( #895, #3089, #2939, #56 ) ) ;
#319 = DIRECTION ( 'NONE',  ( 0.000000000000000000, 0.000000000000000000, 1.000000000000000000 ) ) ;
#320 = FACE_OUTER_BOUND ( 'NONE', #2429, .T. ) ;
#321 = DIRECTION ( 'NONE',  ( 0.000000000000000000, -1.000000000000000000, 0.000000000000000000 ) ) ;
#322 = CARTESIAN_POINT ( 'NONE',  ( -77.79993386291796753, 7.000000000000000888, -43.69767823729193879 ) ) ;
#323 = FACE_OUTER_BOUND ( 'NONE', #3135, .T. ) ;
#324 = ADVANCED_FACE ( 'NONE', ( #3074 ), #525, .T. ) ;
#325 = CARTESIAN_POINT ( 'NONE',  ( -78.13597462717184783, 29.00000000000000000, -40.42395514031831283 ) ) ;
#326 = CYLINDRICAL_SURFACE ( 'NONE', #972, 1.000000000000000888 ) ;
#327 = CARTESIAN_POINT ( 'NONE',  ( -85.74154825424027138, -3.686287386450712709E-15, -41.06736415368325055 ) ) ;
#328 = CARTESIAN_POINT ( 'NONE',  ( -84.19619573270836099, 1.517883041479706208E-15, -36.03650872904737668 ) ) ;
#329 = ORIENTED_EDGE ( 'NONE', *, *, #1218, .T. ) ;
#330 = VERTEX_POINT ( 'NONE', #1645 ) ;
#331 = EDGE_CURVE ( 'NONE', #2302, #2163, #1561, .T. ) ;
#332 = CARTESIAN_POINT ( 'NONE',  ( -85.13637233178063468, 1.000000000000000888, -31.21674210529830518 ) ) ;
#333 = CARTESIAN_POINT ( 'NONE',  ( -82.29608719916458881, 1.000000000000006217, -45.22233861582126480 ) ) ;
#334 = DIRECTION ( 'NONE',  ( -0.000000000000000000, -0.000000000000000000, 1.000000000000000000 ) ) ;
#335 = DIRECTION ( 'NONE',  ( 0.000000000000000000, 0.000000000000000000, 1.000000000000000000 ) ) ;
#336 = ORIENTED_EDGE ( 'NONE', *, *, #2304, .T. ) ;
#337 = DIRECTION ( 'NONE',  ( -1.000000000000000000, 0.000000000000000000, -0.000000000000000000 ) ) ;
#338 = ORIENTED_EDGE ( 'NONE', *, *, #102, .F. ) ;
#339 = CARTESIAN_POINT ( 'NONE',  ( -85.10507195747462106, 29.00000000000000000, -44.39541070858673066 ) ) ;
#340 = DIRECTION ( 'NONE',  ( 0.000000000000000000, 0.000000000000000000, -1.000000000000000000 ) ) ;
#341 = CARTESIAN_POINT ( 'NONE',  ( -79.55219731737908262, 28.00000000000001066, -44.33589951440463750 ) ) ;
#342 = CARTESIAN_POINT ( 'NONE',  ( -29.68554073164614593, 7.697292583425109136, 6.000000000000000000 ) ) ;
#343 = CARTESIAN_POINT ( 'NONE',  ( -80.83390902315331061, 28.99999999999999645, -45.02360142713291680 ) ) ;
#344 = CARTESIAN_POINT ( 'NONE',  ( 14.51004704568249792, 3.000000000000000000, -32.23598720549306051 ) ) ;
#345 = PRODUCT_DEFINITION ( 'UNKNOWN', '', #1720, #1547 ) ;
#346 = VECTOR ( 'NONE', #3643, 1000.000000000000000 ) ;
#347 = CARTESIAN_POINT ( 'NONE',  ( -85.13411505060209095, 1.000000000000000888, -35.19349081300284610 ) ) ;
#348 = ORIENTED_EDGE ( 'NONE', *, *, #2, .T. ) ;
#349 = ORIENTED_EDGE ( 'NONE', *, *, #466, .F. ) ;
#350 = CARTESIAN_POINT ( 'NONE',  ( -81.42051944751685255, 6.000000000000000000, -46.16266747147606964 ) ) ;
#351 = DIRECTION ( 'NONE',  ( 1.000000000000000000, 0.000000000000000000, 0.000000000000000000 ) ) ;
#352 = ADVANCED_FACE ( 'NONE', ( #3547 ), #58, .T. ) ;
#353 = UNCERTAINTY_MEASURE_WITH_UNIT (LENGTH_MEASURE( 1.000000000000000082E-05 ), #566, 'distance_accuracy_value', 'NONE');
#354 = CARTESIAN_POINT ( 'NONE',  ( -79.13690148498368160, 1.517883041479706208E-15, -40.59993323587423220 ) ) ;
#355 = ORIENTED_EDGE ( 'NONE', *, *, #3580, .F. ) ;
#356 = LINE ( 'NONE', #3466, #1037 ) ;
#357 = EDGE_LOOP ( 'NONE', ( #2814, #1593, #1856, #1491 ) ) ;
#358 = DIRECTION ( 'NONE',  ( -2.438088387897967896E-29, -1.000000000000000000, 3.491481338843133355E-15 ) ) ;
#359 = EDGE_CURVE ( 'NONE', #2770, #3531, #609, .T. ) ;
#360 = FACE_OUTER_BOUND ( 'NONE', #3199, .T. ) ;
#361 = APPLICATION_CONTEXT ( 'automotive_design' ) ;
#362 =( BOUNDED_SURFACE ( )  B_SPLINE_SURFACE ( 3, 2, ( 
 ( #1675, #3589, #250 ),
 ( #1916, #211, #2172 ),
 ( #481, #3035, #3070 ),
 ( #1394, #3572, #3336 ),
 ( #176, #1036, #1069 ),
 ( #3626, #774, #2152 ),
 ( #1657, #2189, #1101 ),
 ( #2470, #826, #812 ),
 ( #1625, #2486, #1603 ),
 ( #791, #3606, #2789 ),
 ( #2754, #229, #195 ),
 ( #759, #1345, #2222 ),
 ( #1375, #1325, #3318 ),
 ( #3058, #506, #3349 ),
 ( #1641, #465, #2038 ),
 ( #1728, #1192, #2561 ),
 ( #3367, #1118, #2785 ),
 ( #1159, #1452, #577 ),
 ( #595, #638, #33 ),
 ( #3178, #3387, #1173 ) ),
 .UNSPECIFIED., .F., .F., .F. ) 
 B_SPLINE_SURFACE_WITH_KNOTS ( ( 4, 2, 2, 2, 2, 2, 2, 2, 2, 4 ),
 ( 3, 3 ),
 ( -1.929879867024197893E-16, 0.0009718247283921735468, 0.001457737092588356868, 0.001943649456784540082, 0.002915474185176906725, 0.003401386549373089721, 0.003887298913569273151, 0.004859123641961640011, 0.005830948370354006004, 0.007774597827138738856 ),
 ( 0.000000000000000000, 1.000000000000000000 ),
 .UNSPECIFIED. ) 
 GEOMETRIC_REPRESENTATION_ITEM ( )  RATIONAL_B_SPLINE_SURFACE ( (
 ( 1.000000000000000000, 0.7071067811865502373, 1.000000000000000000),
 ( 1.000000000000000000, 0.7071067811865502373, 1.000000000000000000),
 ( 1.000000000000000000, 0.7071067811865482389, 1.000000000000000000),
 ( 1.000000000000000000, 0.7071067811865482389, 1.000000000000000000),
 ( 1.000000000000000000, 0.7071067811865472397, 1.000000000000000000),
 ( 1.000000000000000000, 0.7071067811865472397, 1.000000000000000000),
 ( 1.000000000000000000, 0.7071067811865477948, 1.000000000000000000),
 ( 1.000000000000000000, 0.7071067811865477948, 1.000000000000000000),
 ( 1.000000000000000000, 0.7071067811865472397, 1.000000000000000000),
 ( 1.000000000000000000, 0.7071067811865472397, 1.000000000000000000),
 ( 1.000000000000000000, 0.7071067811865477948, 1.000000000000000000),
 ( 1.000000000000000000, 0.7071067811865477948, 1.000000000000000000),
 ( 1.000000000000000000, 0.7071067811865472397, 1.000000000000000000),
 ( 1.000000000000000000, 0.7071067811865472397, 1.000000000000000000),
 ( 1.000000000000000000, 0.7071067811865472397, 1.000000000000000000),
 ( 1.000000000000000000, 0.7071067811865472397, 1.000000000000000000),
 ( 1.000000000000000000, 0.7071067811865472397, 1.000000000000000000),
 ( 1.000000000000000000, 0.7071067811865472397, 1.000000000000000000),
 ( 1.000000000000000000, 0.7071067811865472397, 1.000000000000000000),
 ( 1.000000000000000000, 0.7071067811865472397, 1.000000000000000000) ) ) 
 REPRESENTATION_ITEM ( '' )  SURFACE ( )  );
#363 = PRODUCT_CONTEXT ( 'NONE', #434, 'mechanical' ) ;
#364 = CARTESIAN_POINT ( 'NONE',  ( -86.73840632254564298, 27.99999999999998579, -40.74871285536487875 ) ) ;
#365 = LINE ( 'NONE', #3245, #975 ) ;
#366 = CARTESIAN_POINT ( 'NONE',  ( -82.38907014849172583, 28.00000000000186873, -45.23440444368754498 ) ) ;
#367 = SPHERICAL_SURFACE ( 'NONE', #3223, 1.000000000000000000 ) ;
#368 = AXIS2_PLACEMENT_3D ( 'NONE', #3449, #2147, #381 ) ;
#369 = VECTOR ( 'NONE', #3546, 1000.000000000000000 ) ;
#370 = CARTESIAN_POINT ( 'NONE',  ( -81.87027967674642071, 29.00000000000000355, -44.20449336729605960 ) ) ;
#371 = ORIENTED_EDGE ( 'NONE', *, *, #837, .T. ) ;
#372 = CARTESIAN_POINT ( 'NONE',  ( -78.13637233178062047, 28.00000000000000000, -30.21674210529830162 ) ) ;
#373 = AXIS2_PLACEMENT_3D ( 'NONE', #2263, #1175, #1396 ) ;
#374 = VECTOR ( 'NONE', #2974, 1000.000000000000000 ) ;
#375 = DIRECTION ( 'NONE',  ( -0.000000000000000000, -0.000000000000000000, -1.000000000000000000 ) ) ;
#376 = CARTESIAN_POINT ( 'NONE',  ( -80.31983377396046819, 6.722053469410127491E-15, -43.66898261610251097 ) ) ;
#377 = ORIENTED_EDGE ( 'NONE', *, *, #2512, .T. ) ;
#378 = CARTESIAN_POINT ( 'NONE',  ( -81.64049677345876432, 1.000000000000007772, -45.89240401880157805 ) ) ;
#379 = ORIENTED_EDGE ( 'NONE', *, *, #118, .F. ) ;
#380 = EDGE_CURVE ( 'NONE', #3611, #1062, #421, .T. ) ;
#381 = DIRECTION ( 'NONE',  ( 0.000000000000000000, 0.000000000000000000, -1.000000000000000000 ) ) ;
#382 = DIRECTION ( 'NONE',  ( 2.438088387897967896E-29, -1.000000000000000000, 3.491481338843133355E-15 ) ) ;
#383 = CARTESIAN_POINT ( 'NONE',  ( -86.67517152442495387, 29.00000000000126121, -41.74113318152687668 ) ) ;
#384 = EDGE_CURVE ( 'NONE', #673, #2574, #3218, .T. ) ;
#385 = CARTESIAN_POINT ( 'NONE',  ( -86.64499606294953082, 28.00000000000000355, -40.12118922419458755 ) ) ;
#386 = CARTESIAN_POINT ( 'NONE',  ( 3.314459268353855403, 7.697292583425109136, 7.000000000000000000 ) ) ;
#387 = DIRECTION ( 'NONE',  ( -1.000000000000000000, 0.000000000000000000, -0.000000000000000000 ) ) ;
#388 = CARTESIAN_POINT ( 'NONE',  ( -84.42051406927643598, 29.00000000000000355, -43.65942730761726409 ) ) ;
#389 = DIRECTION ( 'NONE',  ( 0.000000000000000000, 0.000000000000000000, -1.000000000000000000 ) ) ;
#390 = ORIENTED_EDGE ( 'NONE', *, *, #1370, .T. ) ;
#391 = LINE ( 'NONE', #406, #2686 ) ;
#392 = FACE_OUTER_BOUND ( 'NONE', #1733, .T. ) ;
#393 = UNCERTAINTY_MEASURE_WITH_UNIT (LENGTH_MEASURE( 1.000000000000000082E-05 ), #1398, 'distance_accuracy_value', 'NONE');
#394 = CARTESIAN_POINT ( 'NONE',  ( -79.00803302893636726, 4.773173305268720887E-13, -43.75457943828111240 ) ) ;
#395 = ORIENTED_EDGE ( 'NONE', *, *, #2100, .T. ) ;
#396 = SPHERICAL_SURFACE ( 'NONE', #2328, 1.000000000000000000 ) ;
#397 = ORIENTED_EDGE ( 'NONE', *, *, #2482, .F. ) ;
#398 = ADVANCED_FACE ( 'NONE', ( #1031 ), #2927, .F. ) ;
#399 = CARTESIAN_POINT ( 'NONE',  ( -86.70392507851494202, 27.99999999999999645, -40.44538348239191095 ) ) ;
#400 = CARTESIAN_POINT ( 'NONE',  ( -78.16707390913765607, 27.99999999999998579, -41.36514842987874374 ) ) ;
#401 = CARTESIAN_POINT ( 'NONE',  ( -77.15432342512656305, 7.000000000000003553, -41.18623952641448227 ) ) ;
#402 = EDGE_CURVE ( 'NONE', #3581, #3019, #3164, .T. ) ;
#403 = DIRECTION ( 'NONE',  ( 0.000000000000000000, 0.000000000000000000, 1.000000000000000000 ) ) ;
#404 = CARTESIAN_POINT ( 'NONE',  ( -84.33339454039246164, 27.99999999999968736, -44.83188030965938253 ) ) ;
#405 = LINE ( 'NONE', #650, #1962 ) ;
#406 = CARTESIAN_POINT ( 'NONE',  ( -77.13637233178062047, 0.000000000000000000, -38.21674210529830162 ) ) ;
#407 = FACE_OUTER_BOUND ( 'NONE', #2389, .T. ) ;
#408 = CARTESIAN_POINT ( 'NONE',  ( -80.78786605297062806, -3.686287386450715076E-15, -43.93931846519363660 ) ) ;
#409 = ORIENTED_EDGE ( 'NONE', *, *, #1107, .T. ) ;
#410 = CARTESIAN_POINT ( 'NONE',  ( -81.42051944751685255, 6.000000000000000000, -48.21674210529830162 ) ) ;
#411 = EDGE_LOOP ( 'NONE', ( #3282, #2780, #2902, #2618 ) ) ;
#412 = VECTOR ( 'NONE', #2223, 1000.000000000000000 ) ;
#413 = DIRECTION ( 'NONE',  ( 1.000000000000000000, -2.793185071074494062E-14, -6.982962677686755804E-15 ) ) ;
#414 = PRODUCT_DEFINITION_FORMATION_WITH_SPECIFIED_SOURCE ( 'ANY', '', #3462, .NOT_KNOWN. ) ;
#415 = CARTESIAN_POINT ( 'NONE',  ( -86.39665171857616599, 27.99999999999969447, -39.52511547805951864 ) ) ;
#416 = CARTESIAN_POINT ( 'NONE',  ( -86.41095273578241631, 28.00000000000000355, -39.54695180954047373 ) ) ;
#417 = EDGE_CURVE ( 'NONE', #1706, #2825, #3201, .T. ) ;
#418 = DIRECTION ( 'NONE',  ( 1.239088197126290817E-16, -1.000000000000000000, 0.000000000000000000 ) ) ;
#419 = DIRECTION ( 'NONE',  ( -1.000000000000000000, -0.000000000000000000, -0.000000000000000000 ) ) ;
#420 = CARTESIAN_POINT ( 'NONE',  ( -84.96388707974556098, 28.00000000000000355, -44.50169694278896060 ) ) ;
#421 = B_SPLINE_CURVE_WITH_KNOTS ( 'NONE', 3,
 ( #625, #41, #1581, #2887, #1217, #2341, #944, #3427, #927, #2061 ),
 .UNSPECIFIED., .F., .F.,
 ( 4, 2, 2, 2, 4 ),
 ( 0.000000000000000000, 0.0003906441197043846922, 0.0007812882394087693845, 0.001171932359113154022, 0.001562576478817538769 ),
 .UNSPECIFIED. ) ;
#422 = EDGE_CURVE ( 'NONE', #673, #3531, #3436, .T. ) ;
#423 = DIRECTION ( 'NONE',  ( 1.000000000000000000, 0.000000000000000000, 0.000000000000000000 ) ) ;
#424 = AXIS2_PLACEMENT_3D ( 'NONE', #1351, #2748, #190 ) ;
#425 = ORIENTED_EDGE ( 'NONE', *, *, #1717, .F. ) ;
#426 = EDGE_CURVE ( 'NONE', #2334, #2648, #2866, .T. ) ;
#427 = CARTESIAN_POINT ( 'NONE',  ( -84.93581851193629007, 0.3852709862427798337, -35.23813401875917606 ) ) ;
#428 = CIRCLE ( 'NONE', #63, 1.000000000000000888 ) ;
#429 = AXIS2_PLACEMENT_3D ( 'NONE', #339, #2024, #155 ) ;
#430 = CARTESIAN_POINT ( 'NONE',  ( -78.18363354846219693, 1.000000000000310640, -41.42642194444778170 ) ) ;
#431 = VERTEX_POINT ( 'NONE', #644 ) ;
#432 = DIRECTION ( 'NONE',  ( -1.000000000000000000, 0.000000000000000000, 0.000000000000000000 ) ) ;
#433 = COLOUR_RGB ( '',0.7921568627450980005, 0.8196078431372548767, 0.9333333333333333481 ) ;
#434 = APPLICATION_CONTEXT ( 'automotive_design' ) ;
#435 = PRODUCT_CONTEXT ( 'NONE', #749, 'mechanical' ) ;
#436 = ORIENTED_EDGE ( 'NONE', *, *, #1942, .F. ) ;
#437 = AXIS2_PLACEMENT_3D ( 'NONE', #3644, #2827, #1454 ) ;
#438 = CARTESIAN_POINT ( 'NONE',  ( -85.61149987519326032, 28.99999999999998579, -40.19974035191241057 ) ) ;
#439 = DIRECTION ( 'NONE',  ( 0.000000000000000000, 0.000000000000000000, -1.000000000000000000 ) ) ;
#440 = LINE ( 'NONE', #1591, #3078 ) ;
#441 = SURFACE_STYLE_USAGE ( .BOTH. , #2177 ) ;
#442 = VERTEX_POINT ( 'NONE', #1297 ) ;
#443 = ADVANCED_FACE ( 'NONE', ( #1780 ), #93, .T. ) ;
#444 = CARTESIAN_POINT ( 'NONE',  ( -85.13637233178063468, 28.58578643762690419, -30.21674210529830518 ) ) ;
#445 = CARTESIAN_POINT ( 'NONE',  ( -81.55392135783904450, 7.000000000000000888, -45.17160545004531258 ) ) ;
#446 = CARTESIAN_POINT ( 'NONE',  ( -79.13637233178062047, 1.000000000000000888, -40.52634505667347042 ) ) ;
#447 = DIRECTION ( 'NONE',  ( -1.000000000000000000, 0.000000000000000000, 0.000000000000000000 ) ) ;
#448 = EDGE_CURVE ( 'NONE', #1058, #2824, #3486, .T. ) ;
#449 = CARTESIAN_POINT ( 'NONE',  ( -80.38085865678878861, -3.686287386450730064E-15, -44.85483244797738678 ) ) ;
#450 = FACE_OUTER_BOUND ( 'NONE', #1875, .T. ) ;
#451 = VERTEX_POINT ( 'NONE', #603 ) ;
#452 = CARTESIAN_POINT ( 'NONE',  ( -28.68554073164614593, -18.30270741657488998, 0.000000000000000000 ) ) ;
#453 = ORIENTED_EDGE ( 'NONE', *, *, #1956, .T. ) ;
#454 = CARTESIAN_POINT ( 'NONE',  ( -85.24958653438675071, 29.00000000000000355, -39.54179928346319883 ) ) ;
#455 = CARTESIAN_POINT ( 'NONE',  ( -77.13637233178062047, 1.000000000000000000, -38.21674210529830162 ) ) ;
#456 = FACE_OUTER_BOUND ( 'NONE', #1301, .T. ) ;
#457 = VERTEX_POINT ( 'NONE', #2080 ) ;
#458 = CARTESIAN_POINT ( 'NONE',  ( -80.07224026797783267, 0.9999999999999963363, -44.69743290237705935 ) ) ;
#459 = CARTESIAN_POINT ( 'NONE',  ( -84.79586863772203742, 28.99999999999998934, -38.66118760053862502 ) ) ;
#460 = ORIENTED_EDGE ( 'NONE', *, *, #2965, .T. ) ;
#461 = CARTESIAN_POINT ( 'NONE',  ( 7.510047045682499700, 0.000000000000000000, -9.235987205493074725 ) ) ;
#462 = LINE ( 'NONE', #808, #1918 ) ;
#463 = CARTESIAN_POINT ( 'NONE',  ( -87.25198995061526830, 28.00000000000000000, -39.49132813789562846 ) ) ;
#464 = ORIENTED_EDGE ( 'NONE', *, *, #3260, .F. ) ;
#465 = CARTESIAN_POINT ( 'NONE',  ( -78.69247128841396943, 7.000000000000142109, -43.24250424041348850 ) ) ;
#466 = EDGE_CURVE ( 'NONE', #1810, #2188, #3558, .T. ) ;
#467 = FACE_OUTER_BOUND ( 'NONE', #1673, .T. ) ;
#468 = CARTESIAN_POINT ( 'NONE',  ( -29.68554073164614593, 8.697292583425110024, 1.000000000000000000 ) ) ;
#469 = VECTOR ( 'NONE', #1070, 1000.000000000000000 ) ;
#470 = CARTESIAN_POINT ( 'NONE',  ( -79.95422115983552658, 0.9999999999997856159, -44.62292654330492780 ) ) ;
#471 = EDGE_CURVE ( 'NONE', #2646, #2758, #2629, .T. ) ;
#472 = DIRECTION ( 'NONE',  ( 1.000000000000000000, 0.000000000000000000, -0.000000000000000000 ) ) ;
#473 = FILL_AREA_STYLE ('',( #2159 ) ) ;
#474 = ORIENTED_EDGE ( 'NONE', *, *, #2030, .T. ) ;
#475 = DIRECTION ( 'NONE',  ( -1.000000000000000000, 0.000000000000000000, 0.000000000000000000 ) ) ;
#476 = DIRECTION ( 'NONE',  ( 1.000000000000000000, -0.000000000000000000, -0.000000000000000000 ) ) ;
#477 = CARTESIAN_POINT ( 'NONE',  ( -28.68554073164614593, 7.697292583425109136, 1.000000000000000000 ) ) ;
#478 = CARTESIAN_POINT ( 'NONE',  ( -28.68554073164614593, -18.30270741657488998, 1.000000000000000000 ) ) ;
#479 = VECTOR ( 'NONE', #599, 1000.000000000000000 ) ;
#480 = CIRCLE ( 'NONE', #969, 1.000000000000000000 ) ;
#481 = CARTESIAN_POINT ( 'NONE',  ( -81.02336576616598052, 6.000000000000137668, -45.07749543861863373 ) ) ;
#482 = AXIS2_PLACEMENT_3D ( 'NONE', #1061, #2180, #785 ) ;
#483 = CARTESIAN_POINT ( 'NONE',  ( -79.16114364795809877, 1.517883041479707785E-15, -41.23400625446086565 ) ) ;
#484 = AXIS2_PLACEMENT_3D ( 'NONE', #3621, #1669, #1597 ) ;
#485 = DIRECTION ( 'NONE',  ( -0.000000000000000000, 0.000000000000000000, 1.000000000000000000 ) ) ;
#486 = LINE ( 'NONE', #3610, #3549 ) ;
#487 = AXIS2_PLACEMENT_3D ( 'NONE', #2653, #2363, #387 ) ;
#488 = VERTEX_POINT ( 'NONE', #3585 ) ;
#489 = EDGE_CURVE ( 'NONE', #3537, #1835, #795, .T. ) ;
#490 = VECTOR ( 'NONE', #2620, 1000.000000000000000 ) ;
#491 = CARTESIAN_POINT ( 'NONE',  ( -78.39334874814952059, 0.9999999999997167821, -42.49049058469107365 ) ) ;
#492 = CARTESIAN_POINT ( 'NONE',  ( -79.13638076412492239, 29.00000000000000000, -40.52634502005975747 ) ) ;
#493 = VECTOR ( 'NONE', #78, 1000.000000000000000 ) ;
#494 = AXIS2_PLACEMENT_3D ( 'NONE', #861, #901, #3181 ) ;
#495 = EDGE_CURVE ( 'NONE', #3183, #1232, #66, .T. ) ;
#496 = AXIS2_PLACEMENT_3D ( 'NONE', #2128, #2712, #1168 ) ;
#497 = ORIENTED_EDGE ( 'NONE', *, *, #3254, .T. ) ;
#498 = CYLINDRICAL_SURFACE ( 'NONE', #47, 1.000000000000000000 ) ;
#499 = DIRECTION ( 'NONE',  ( 1.000000000000000000, 0.000000000000000000, 0.000000000000000000 ) ) ;
#500 = VERTEX_POINT ( 'NONE', #3079 ) ;
#501 = LINE ( 'NONE', #2181, #1805 ) ;
#502 = CARTESIAN_POINT ( 'NONE',  ( 7.510047045682499700, -5.000000000000000000, -9.235987205493074725 ) ) ;
#503 = CARTESIAN_POINT ( 'NONE',  ( 12.51004704568249792, 0.000000000000000000, -30.23598720549306051 ) ) ;
#504 = CARTESIAN_POINT ( 'NONE',  ( -86.70936828812702402, 0.9999999999999904521, -41.51744760419639135 ) ) ;
#505 = ORIENTED_EDGE ( 'NONE', *, *, #2628, .T. ) ;
#506 = CARTESIAN_POINT ( 'NONE',  ( -78.81753832067701637, 7.000000000000708766, -43.46892914971380151 ) ) ;
#507 = CARTESIAN_POINT ( 'NONE',  ( -83.79046634519440317, -8.890457814381126893E-15, -43.96898421629609999 ) ) ;
#508 = PLANE ( 'NONE',  #70 ) ;
#509 = CARTESIAN_POINT ( 'NONE',  ( -85.15559525973775123, 28.99999999999923617, -35.52457725573403025 ) ) ;
#510 = CARTESIAN_POINT ( 'NONE',  ( -78.54080199118713779, 1.301042606982605321E-15, -44.75967817264818649 ) ) ;
#511 = DIRECTION ( 'NONE',  ( -0.000000000000000000, -1.000000000000000000, -0.000000000000000000 ) ) ;
#512 = ADVANCED_FACE ( 'NONE', ( #3601 ), #2219, .T. ) ;
#513 = VERTEX_POINT ( 'NONE', #822 ) ;
#514 = EDGE_CURVE ( 'NONE', #1655, #2855, #192, .T. ) ;
#515 = CARTESIAN_POINT ( 'NONE',  ( -84.47149971771010257, 28.99999999999999645, -37.67680199263911334 ) ) ;
#516 = DIRECTION ( 'NONE',  ( 1.239088197126290817E-16, -1.000000000000000000, -0.000000000000000000 ) ) ;
#517 = DIRECTION ( 'NONE',  ( 1.000000000000000000, -0.000000000000000000, -0.000000000000000000 ) ) ;
#518 = ORIENTED_EDGE ( 'NONE', *, *, #3102, .F. ) ;
#519 = ORIENTED_EDGE ( 'NONE', *, *, #2919, .F. ) ;
#520 = LINE ( 'NONE', #538, #798 ) ;
#521 = CARTESIAN_POINT ( 'NONE',  ( -79.88981223116186925, 1.000000000000001110, -44.58695609411500271 ) ) ;
#522 = PLANE ( 'NONE',  #1626 ) ;
#523 = CARTESIAN_POINT ( 'NONE',  ( -85.29545043093798995, 29.00000000000491340, -36.74073391173837422 ) ) ;
#524 = VERTEX_POINT ( 'NONE', #1945 ) ;
#525 = CYLINDRICAL_SURFACE ( 'NONE', #1317, 1.000000000000000000 ) ;
#526 = DIRECTION ( 'NONE',  ( 1.000000000000000000, 0.000000000000000000, 0.000000000000000000 ) ) ;
#527 = CIRCLE ( 'NONE', #1782, 1.000000000000000000 ) ;
#528 = CARTESIAN_POINT ( 'NONE',  ( 7.510047045682499700, -5.000000000000000000, -25.23598720549304630 ) ) ;
#529 = CARTESIAN_POINT ( 'NONE',  ( -63.48995295431750208, -5.000000000000000000, -4.235987205493064067 ) ) ;
#530 = FACE_OUTER_BOUND ( 'NONE', #2560, .T. ) ;
#531 = CARTESIAN_POINT ( 'NONE',  ( 12.51004704568249792, -5.000000000000000000, -30.23598720549306051 ) ) ;
#532 = EDGE_CURVE ( 'NONE', #2052, #2559, #1894, .T. ) ;
#533 = CARTESIAN_POINT ( 'NONE',  ( -78.24349048462221390, 28.99999999999969447, -41.84133553925421012 ) ) ;
#534 = CARTESIAN_POINT ( 'NONE',  ( -84.13637233178063468, 0.000000000000000000, -35.26135916053755892 ) ) ;
#535 = ORIENTED_EDGE ( 'NONE', *, *, #3475, .F. ) ;
#536 = EDGE_LOOP ( 'NONE', ( #576, #750, #880, #1586 ) ) ;
#537 = ADVANCED_FACE ( 'NONE', ( #3031 ), #1651, .F. ) ;
#538 = CARTESIAN_POINT ( 'NONE',  ( -78.13637233178062047, 1.000000000000000000, -38.21674210529830162 ) ) ;
#539 = FACE_OUTER_BOUND ( 'NONE', #1427, .T. ) ;
#540 = PLANE ( 'NONE',  #1138 ) ;
#541 = FACE_OUTER_BOUND ( 'NONE', #1588, .T. ) ;
#542 = VERTEX_POINT ( 'NONE', #2800 ) ;
#543 = AXIS2_PLACEMENT_3D ( 'NONE', #3358, #835, #261 ) ;
#544 = CIRCLE ( 'NONE', #2795, 1.000000000000000888 ) ;
#545 = CARTESIAN_POINT ( 'NONE',  ( -77.13637233178062047, 1.000000000000000000, -38.21674210529830162 ) ) ;
#546 = DIRECTION ( 'NONE',  ( 0.000000000000000000, 0.000000000000000000, 1.000000000000000000 ) ) ;
#547 = AXIS2_PLACEMENT_3D ( 'NONE', #1435, #337, #2844 ) ;
#548 = VECTOR ( 'NONE', #1697, 1000.000000000000000 ) ;
#549 = VERTEX_POINT ( 'NONE', #2464 ) ;
#550 = CIRCLE ( 'NONE', #3225, 1.000000000000000000 ) ;
#551 = PRESENTATION_LAYER_ASSIGNMENT (  '', '', ( #3048 ) ) ;
#552 = APPLICATION_CONTEXT ( 'automotive_design' ) ;
#553 = LINE ( 'NONE', #2818, #1599 ) ;
#554 = AXIS2_PLACEMENT_3D ( 'NONE', #2920, #655, #1829 ) ;
#555 = FACE_OUTER_BOUND ( 'NONE', #2114, .T. ) ;
#556 = LINE ( 'NONE', #571, #5 ) ;
#557 = LINE ( 'NONE', #1507, #3326 ) ;
#558 = CARTESIAN_POINT ( 'NONE',  ( -85.18674907873864299, 6.722053469410127491E-15, -39.43538159943969390 ) ) ;
#559 = EDGE_CURVE ( 'NONE', #1635, #3605, #2435, .T. ) ;
#560 = CARTESIAN_POINT ( 'NONE',  ( -85.29545043093798995, 3.470183189976409405E-13, -36.74073391173961056 ) ) ;
#561 = VERTEX_POINT ( 'NONE', #2166 ) ;
#562 = DIRECTION ( 'NONE',  ( -0.000000000000000000, 1.000000000000000000, -0.000000000000000000 ) ) ;
#563 = CARTESIAN_POINT ( 'NONE',  ( -47.13254080751686104, 0.000000000000000000, -54.21674210529830162 ) ) ;
#564 = EDGE_CURVE ( 'NONE', #3191, #703, #1879, .T. ) ;
#565 = FACE_OUTER_BOUND ( 'NONE', #2916, .T. ) ;
#566 =( LENGTH_UNIT ( ) NAMED_UNIT ( * ) SI_UNIT ( .MILLI., .METRE. ) );
#567 = CARTESIAN_POINT ( 'NONE',  ( -79.81510088688632720, 5.999999999999999112, -44.54148633819986003 ) ) ;
#568 = PRODUCT_CONTEXT ( 'NONE', #2372, 'mechanical' ) ;
#569 = DIRECTION ( 'NONE',  ( -0.000000000000000000, -0.000000000000000000, -1.000000000000000000 ) ) ;
#570 = DIRECTION ( 'NONE',  ( 1.000000000000000000, 0.000000000000000000, 0.000000000000000000 ) ) ;
#571 = CARTESIAN_POINT ( 'NONE',  ( -84.13637233178063468, 29.00000000000000000, -44.39541070858673066 ) ) ;
#572 = DIRECTION ( 'NONE',  ( 0.000000000000000000, -0.000000000000000000, -1.000000000000000000 ) ) ;
#573 = DIRECTION ( 'NONE',  ( -0.000000000000000000, -1.000000000000000000, -0.000000000000000000 ) ) ;
#574 = CARTESIAN_POINT ( 'NONE',  ( -85.24958653438675071, 1.517883041479706208E-15, -39.54179928346319883 ) ) ;
#575 = VERTEX_POINT ( 'NONE', #502 ) ;
#576 = ORIENTED_EDGE ( 'NONE', *, *, #2143, .T. ) ;
#577 = CARTESIAN_POINT ( 'NONE',  ( -77.20212348366486310, 7.000000000000001776, -41.83909853164111325 ) ) ;
#578 = ADVANCED_FACE ( 'NONE', ( #1063 ), #1340, .F. ) ;
#579 = CARTESIAN_POINT ( 'NONE',  ( -44.13254080751685393, 6.000000000000000000, -52.21674210529830162 ) ) ;
#580 = CARTESIAN_POINT ( 'NONE',  ( -81.42051944751688097, 1.000000000000000000, -46.16266747147606964 ) ) ;
#581 = FACE_OUTER_BOUND ( 'NONE', #2468, .T. ) ;
#582 = ORIENTED_EDGE ( 'NONE', *, *, #1521, .F. ) ;
#583 = EDGE_CURVE ( 'NONE', #13, #2079, #1085, .T. ) ;
#584 = DIRECTION ( 'NONE',  ( 0.000000000000000000, 0.000000000000000000, 1.000000000000000000 ) ) ;
#585 = DIRECTION ( 'NONE',  ( 1.000000000000000000, 0.000000000000000000, 0.000000000000000000 ) ) ;
#586 = DIRECTION ( 'NONE',  ( 0.000000000000000000, 0.000000000000000000, 1.000000000000000000 ) ) ;
#587 = CARTESIAN_POINT ( 'NONE',  ( -79.49876917851969438, 7.000000000000000000, -38.21674210529830162 ) ) ;
#588 = CARTESIAN_POINT ( 'NONE',  ( -78.14143382041369534, 28.99999999999844391, -40.81485063599600238 ) ) ;
#589 = SURFACE_STYLE_FILL_AREA ( #1480 ) ;
#590 = DIRECTION ( 'NONE',  ( 0.000000000000000000, 0.000000000000000000, 1.000000000000000000 ) ) ;
#591 =( GEOMETRIC_REPRESENTATION_CONTEXT ( 3 ) GLOBAL_UNCERTAINTY_ASSIGNED_CONTEXT ( ( #3502 ) ) GLOBAL_UNIT_ASSIGNED_CONTEXT ( ( #2342, #3507, #94 ) ) REPRESENTATION_CONTEXT ( 'NONE', 'WORKASPACE' ) );
#592 = CARTESIAN_POINT ( 'NONE',  ( -85.24684754739347170, 2.438826903330425689E-12, -36.42159240860499381 ) ) ;
#593 = ORIENTED_EDGE ( 'NONE', *, *, #3144, .T. ) ;
#594 = VERTEX_POINT ( 'NONE', #1318 ) ;
#595 = CARTESIAN_POINT ( 'NONE',  ( -78.13868231343106174, 6.000000000000000000, -41.12105486280103150 ) ) ;
#596 = CARTESIAN_POINT ( 'NONE',  ( -78.66425252252383871, 0.9999999999999958922, -43.17909239780198760 ) ) ;
#597 = PRODUCT_DEFINITION_SHAPE ( 'NONE', 'NONE',  #3662 ) ;
#598 = LINE ( 'NONE', #2843, #311 ) ;
#599 = DIRECTION ( 'NONE',  ( 0.000000000000000000, 0.000000000000000000, 1.000000000000000000 ) ) ;
#600 = EDGE_LOOP ( 'NONE', ( #2060, #1123, #1054, #1532 ) ) ;
#601 = CARTESIAN_POINT ( 'NONE',  ( -77.53724880571783729, -3.903127820947815962E-15, -43.09216544271232152 ) ) ;
#602 = VERTEX_POINT ( 'NONE', #2444 ) ;
#603 = CARTESIAN_POINT ( 'NONE',  ( -63.48995295431750208, 0.000000000000000000, -25.23598720549304986 ) ) ;
#604 = CARTESIAN_POINT ( 'NONE',  ( 7.510047045682499700, -5.000000000000000000, -4.235987205493064067 ) ) ;
#605 = EDGE_CURVE ( 'NONE', #673, #1274, #3637, .T. ) ;
#606 = DIRECTION ( 'NONE',  ( -1.239088197126290817E-16, 1.000000000000000000, 0.000000000000000000 ) ) ;
#607 = CARTESIAN_POINT ( 'NONE',  ( -77.43615851123404070, 6.999999999999994671, -42.78407397079101315 ) ) ;
#608 = AXIS2_PLACEMENT_3D ( 'NONE', #3412, #1721, #300 ) ;
#609 = CIRCLE ( 'NONE', #2798, 1.000000000000000888 ) ;
#610 = ADVANCED_FACE ( 'NONE', ( #3379 ), #3361, .T. ) ;
#611 = DIRECTION ( 'NONE',  ( 1.239088197126290817E-16, -1.000000000000000000, 0.000000000000000000 ) ) ;
#612 = MECHANICAL_DESIGN_GEOMETRIC_PRESENTATION_REPRESENTATION (  '', ( #3048 ), #2563 ) ;
#613 = PLANE ( 'NONE',  #1142 ) ;
#614 = DIRECTION ( 'NONE',  ( -0.000000000000000000, -0.000000000000000000, 1.000000000000000000 ) ) ;
#615 = AXIS2_PLACEMENT_3D ( 'NONE', #2098, #3221, #698 ) ;
#616 = CARTESIAN_POINT ( 'NONE',  ( -86.29337468797422162, -7.517108976587999499E-14, -39.34161864437507461 ) ) ;
#617 = ORIENTED_EDGE ( 'NONE', *, *, #102, .T. ) ;
#618 = CARTESIAN_POINT ( 'NONE',  ( -75.42051944751685255, 0.000000000000000000, -48.21674210529830162 ) ) ;
#619 = AXIS2_PLACEMENT_3D ( 'NONE', #478, #2466, #1032 ) ;
#620 = CARTESIAN_POINT ( 'NONE',  ( -81.87679910033432407, 1.000000000000006439, -45.20860812854465394 ) ) ;
#621 = CARTESIAN_POINT ( 'NONE',  ( -78.13614911270580876, 1.517883041479706405E-15, -40.46887682034427058 ) ) ;
#622 = VERTEX_POINT ( 'NONE', #1703 ) ;
#623 = CARTESIAN_POINT ( 'NONE',  ( 3.314459268353859400, -18.30270741657488998, 0.000000000000000000 ) ) ;
#624 = ORIENTED_EDGE ( 'NONE', *, *, #426, .F. ) ;
#625 = CARTESIAN_POINT ( 'NONE',  ( -85.13637233178063468, 28.00000000000000000, -35.23230762166618746 ) ) ;
#626 =( LENGTH_UNIT ( ) NAMED_UNIT ( * ) SI_UNIT ( .MILLI., .METRE. ) );
#627 = DIRECTION ( 'NONE',  ( 0.000000000000000000, 0.000000000000000000, -1.000000000000000000 ) ) ;
#628 = APPLICATION_CONTEXT ( 'automotive_design' ) ;
#629 = CARTESIAN_POINT ( 'NONE',  ( -86.68935089741243871, 27.99999999999999645, -40.32998590724450594 ) ) ;
#630 = EDGE_CURVE ( 'NONE', #1810, #1761, #3395, .T. ) ;
#631 = LINE ( 'NONE', #2935, #1969 ) ;
#632 = CARTESIAN_POINT ( 'NONE',  ( -86.57535420427592499, 27.99999999999937472, -42.18583452962192126 ) ) ;
#633 = CARTESIAN_POINT ( 'NONE',  ( 12.51004704568249792, -5.000000000000000000, -4.235987205493064067 ) ) ;
#634 = ADVANCED_FACE ( 'NONE', ( #1154 ), #2033, .T. ) ;
#635 = EDGE_CURVE ( 'NONE', #1898, #513, #282, .T. ) ;
#636 = ORIENTED_EDGE ( 'NONE', *, *, #2900, .F. ) ;
#637 = EDGE_LOOP ( 'NONE', ( #395, #1789, #2378, #32 ) ) ;
#638 = CARTESIAN_POINT ( 'NONE',  ( -78.13868230997472608, 7.000000000000000000, -41.12105486240685792 ) ) ;
#639 = DIRECTION ( 'NONE',  ( 0.000000000000000000, 0.000000000000000000, 1.000000000000000000 ) ) ;
#640 = DIRECTION ( 'NONE',  ( 0.000000000000000000, 1.000000000000000000, 0.000000000000000000 ) ) ;
#641 = EDGE_LOOP ( 'NONE', ( #955, #699, #2938, #3425 ) ) ;
#642 = PLANE ( 'NONE',  #547 ) ;
#643 = ORIENTED_EDGE ( 'NONE', *, *, #489, .F. ) ;
#644 = CARTESIAN_POINT ( 'NONE',  ( -84.13637233178063468, 0.000000000000000000, -35.26135916053755892 ) ) ;
#645 = CARTESIAN_POINT ( 'NONE',  ( -81.04872542260260104, 28.00000000000000355, -45.09472405276007834 ) ) ;
#646 = SHAPE_REPRESENTATION ( 'BottomCushion', ( #1545 ), #2068 ) ;
#647 = DIRECTION ( 'NONE',  ( 0.000000000000000000, 1.000000000000000000, 0.000000000000000000 ) ) ;
#648 = CARTESIAN_POINT ( 'NONE',  ( -82.81826489318190454, 28.00000000000061817, -45.21100746885236532 ) ) ;
#649 = ADVANCED_FACE ( 'NONE', ( #2292 ), #1423, .T. ) ;
#650 = CARTESIAN_POINT ( 'NONE',  ( -44.13254080751685393, 0.000000000000000000, -54.21674210529830162 ) ) ;
#651 = EDGE_LOOP ( 'NONE', ( #76, #1850, #2904 ) ) ;
#652 = EDGE_LOOP ( 'NONE', ( #658, #1869, #1082, #12 ) ) ;
#653 = SPHERICAL_SURFACE ( 'NONE', #1970, 1.000000000000000000 ) ;
#654 = AXIS2_PLACEMENT_3D ( 'NONE', #1181, #2268, #1699 ) ;
#655 = DIRECTION ( 'NONE',  ( 0.000000000000000000, -1.000000000000000000, 0.000000000000000000 ) ) ;
#656 = ADVANCED_FACE ( 'NONE', ( #304 ), #263, .F. ) ;
#657 = CARTESIAN_POINT ( 'NONE',  ( -79.16509728105921795, 0.9999999999996921352, -43.95448756746439756 ) ) ;
#658 = ORIENTED_EDGE ( 'NONE', *, *, #1794, .T. ) ;
#659 = CARTESIAN_POINT ( 'NONE',  ( -80.15033541967666508, 0.000000000000000000, -45.84614587846546385 ) ) ;
#660 = ORIENTED_EDGE ( 'NONE', *, *, #1060, .F. ) ;
#661 = DIRECTION ( 'NONE',  ( -0.000000000000000000, 0.000000000000000000, 1.000000000000000000 ) ) ;
#662 = DIRECTION ( 'NONE',  ( 0.000000000000000000, 0.000000000000000000, 1.000000000000000000 ) ) ;
#663 = CLOSED_SHELL ( 'NONE', ( #161, #1652, #1357, #3397, #3402, #2346, #1634, #2652, #2369, #1818, #1263, #2781, #3342, #324, #3298, #2951, #2476, #2812, #1578, #2250, #3174, #3494, #443, #352, #1127, #189 ) ) ;
#664 = B_SPLINE_SURFACE_WITH_KNOTS ( 'NONE', 3, 1, ( 
 ( #1035, #3289 ),
 ( #2151, #1797 ),
 ( #2924, #378 ),
 ( #1882, #1601 ),
 ( #463, #2171 ),
 ( #1324, #2733 ),
 ( #175, #756 ) ),
 .UNSPECIFIED., .F., .F., .F.,
 ( 4, 1, 1, 1, 4 ),
 ( 2, 2 ),
 ( 0.000000000000000000, 0.3410530532821576255, 0.5469053468717810507, 0.7897443456429308339, 1.000000000000000000 ),
 ( 0.000000000000000000, 1.000000000000000000 ),
 .UNSPECIFIED. ) ;
#665 = PRODUCT_DEFINITION_SHAPE ( 'NONE', 'NONE',  #3661 ) ;
#666 = CARTESIAN_POINT ( 'NONE',  ( -78.13637233178062047, 28.00000000000000000, -30.21674210529830162 ) ) ;
#667 = FACE_OUTER_BOUND ( 'NONE', #1214, .T. ) ;
#668 = CARTESIAN_POINT ( 'NONE',  ( -85.07599268282432092, 29.00000000000001066, -43.05143099952432095 ) ) ;
#669 = VECTOR ( 'NONE', #3099, 1000.000000000000000 ) ;
#670 = VECTOR ( 'NONE', #3526, 1000.000000000000000 ) ;
#671 = VECTOR ( 'NONE', #2463, 1000.000000000000000 ) ;
#672 = CARTESIAN_POINT ( 'NONE',  ( -85.12888761211804933, 1.517883041479706405E-15, -35.10359838783101338 ) ) ;
#673 = VERTEX_POINT ( 'NONE', #3150 ) ;
#674 = VERTEX_POINT ( 'NONE', #3655 ) ;
#675 = EDGE_CURVE ( 'NONE', #1647, #673, #1404, .T. ) ;
#676 = AXIS2_PLACEMENT_3D ( 'NONE', #977, #1844, #389 ) ;
#677 =( REPRESENTATION_RELATIONSHIP ('NONE','NONE', #96, #2132 ) REPRESENTATION_RELATIONSHIP_WITH_TRANSFORMATION ( #1219 )SHAPE_REPRESENTATION_RELATIONSHIP( ) );
#678 = CARTESIAN_POINT ( 'NONE',  ( -79.72514047172599305, -1.464316014919463392E-12, -44.47634949180693553 ) ) ;
#679 = ORIENTED_EDGE ( 'NONE', *, *, #3125, .T. ) ;
#680 = AXIS2_PLACEMENT_3D ( 'NONE', #2643, #351, #3215 ) ;
#681 = CARTESIAN_POINT ( 'NONE',  ( 7.510047045682499700, -5.000000000000000000, -25.23598720549304630 ) ) ;
#682 = ORIENTED_EDGE ( 'NONE', *, *, #2764, .T. ) ;
#683 = ADVANCED_FACE ( 'NONE', ( #2552 ), #613, .F. ) ;
#684 = B_SPLINE_CURVE_WITH_KNOTS ( 'NONE', 3,
 ( #534, #1670, #3380, #853, #3638, #838, #1963, #558, #1752, #46, #1187, #2312, #3175, #1464, #327, #2034, #2877, #917, #2597, #3434, #2772, #177, #3607, #2755, #1304, #794, #507, #3002, #3071, #775, #1286, #1327, #144, #3037, #3553, #1628, #3535, #1885, #2153, #3290, #813, #2471, #2702, #2410, #2210, #483, #2190, #1019 ),
 .UNSPECIFIED., .F., .F.,
 ( 4, 2, 2, 2, 2, 2, 2, 2, 2, 2, 2, 2, 2, 2, 2, 2, 2, 2, 2, 2, 2, 2, 2, 4 ),
 ( 0.000000000000000000, 0.002090635307609172051, 0.003135952961413762414, 0.004181270615218352776, 0.004703929442120657715, 0.005226588269022960920, 0.005749247095925265859, 0.006271905922827569063, 0.007317223576632178074, 0.007839882403534484748, 0.008362541230436792289, 0.008885200057339096361, 0.009407858884241403902, 0.009930517711143709708, 0.01045317653804601551, 0.01149849419185062886, 0.01202115301875293467, 0.01254381184565524048, 0.01306647067255754802, 0.01358912949945985382, 0.01463444715326446717, 0.01515710598016676604, 0.01567976480706906317, 0.01672508246087365397 ),
 .UNSPECIFIED. ) ;
#685 = ADVANCED_FACE ( 'NONE', ( #2893 ), #326, .T. ) ;
#686 = CARTESIAN_POINT ( 'NONE',  ( -86.68285651666597857, 27.99999999999999645, -40.31344971182468839 ) ) ;
#687 = EDGE_LOOP ( 'NONE', ( #518, #1005, #2455, #1871 ) ) ;
#688 = CARTESIAN_POINT ( 'NONE',  ( -80.07223972571176773, 28.00000000000000000, -44.69743259605154861 ) ) ;
#689 = CARTESIAN_POINT ( 'NONE',  ( -65.48995295431750208, 3.000000000000000000, -2.235987205493061847 ) ) ;
#690 = CARTESIAN_POINT ( 'NONE',  ( -81.06373425359552698, 29.00000000000124700, -45.08512630222536188 ) ) ;
#691 = CARTESIAN_POINT ( 'NONE',  ( -84.34685472063682710, 0.9999999999999856781, -44.82468175606175720 ) ) ;
#692 = DIRECTION ( 'NONE',  ( 1.000000000000000000, -0.000000000000000000, -0.000000000000000000 ) ) ;
#693 = ORIENTED_EDGE ( 'NONE', *, *, #359, .T. ) ;
#694 = PLANE ( 'NONE',  #2382 ) ;
#695 = PRODUCT_DEFINITION_SHAPE ( 'NONE', 'NONE',  #3663 ) ;
#696 = CARTESIAN_POINT ( 'NONE',  ( -84.13637233178063468, 0.000000000000000000, -35.26135916053755892 ) ) ;
#697 = CARTESIAN_POINT ( 'NONE',  ( -79.54210202091653059, 6.722053469410127491E-15, -42.69651851864259129 ) ) ;
#698 = DIRECTION ( 'NONE',  ( -1.000000000000000000, 0.000000000000000000, 0.000000000000000000 ) ) ;
#699 = ORIENTED_EDGE ( 'NONE', *, *, #1090, .F. ) ;
#700 = EDGE_CURVE ( 'NONE', #3009, #1380, #3, .T. ) ;
#701 = MANIFOLD_SOLID_BREP ( 'Fillet2', #663 ) ;
#702 = DIRECTION ( 'NONE',  ( -1.000000000000000000, -2.793185071074494062E-14, -6.982962677686755804E-15 ) ) ;
#703 = VERTEX_POINT ( 'NONE', #3457 ) ;
#704 = CARTESIAN_POINT ( 'NONE',  ( -85.69996983961837600, 29.00000000000000000, -38.22748524725396635 ) ) ;
#705 = EDGE_CURVE ( 'NONE', #3366, #74, #557, .T. ) ;
#706 = CARTESIAN_POINT ( 'NONE',  ( -78.66425222370781967, 28.00000000000000000, -43.17909178834096906 ) ) ;
#707 = CARTESIAN_POINT ( 'NONE',  ( -75.42051944751685255, 7.000000000000000000, -48.21674210529830162 ) ) ;
#708 = CARTESIAN_POINT ( 'NONE',  ( -28.68554073164614593, 8.697292583425110024, 1.000000000000000000 ) ) ;
#709 = CARTESIAN_POINT ( 'NONE',  ( -85.43207901362086432, 29.00000000000000355, -42.42655498919116752 ) ) ;
#710 = DIRECTION ( 'NONE',  ( 0.000000000000000000, 0.000000000000000000, -1.000000000000000000 ) ) ;
#711 = DIRECTION ( 'NONE',  ( 0.000000000000000000, 0.000000000000000000, -1.000000000000000000 ) ) ;
#712 = AXIS2_PLACEMENT_3D ( 'NONE', #2776, #472, #1613 ) ;
#713 = CARTESIAN_POINT ( 'NONE',  ( -82.38907014808600593, 4.042293803599284895E-12, -45.23440445079249628 ) ) ;
#714 = ORIENTED_EDGE ( 'NONE', *, *, #2100, .F. ) ;
#715 = DIRECTION ( 'NONE',  ( 1.000000000000000000, 0.000000000000000000, 0.000000000000000000 ) ) ;
#716 = AXIS2_PLACEMENT_3D ( 'NONE', #1024, #2934, #2950 ) ;
#717 = ORIENTED_EDGE ( 'NONE', *, *, #3523, .F. ) ;
#718 = AXIS2_PLACEMENT_3D ( 'NONE', #1535, #3468, #2081 ) ;
#719 = CARTESIAN_POINT ( 'NONE',  ( -86.70936829409733093, 29.00000000000123279, -41.51744760464187323 ) ) ;
#720 = DIRECTION ( 'NONE',  ( 0.000000000000000000, 0.000000000000000000, -1.000000000000000000 ) ) ;
#721 = CARTESIAN_POINT ( 'NONE',  ( 12.51004704568249792, 0.000000000000000000, -4.235987205493064067 ) ) ;
#722 = ADVANCED_FACE ( 'NONE', ( #2914 ), #367, .T. ) ;
#723 = PRODUCT_DEFINITION_SHAPE ( 'NONE', 'NONE',  #974 ) ;
#724 = EDGE_LOOP ( 'NONE', ( #2943, #2300, #153, #2135 ) ) ;
#725 =( REPRESENTATION_RELATIONSHIP ('NONE','NONE', #96, #646 ) REPRESENTATION_RELATIONSHIP_WITH_TRANSFORMATION ( #2547 )SHAPE_REPRESENTATION_RELATIONSHIP( ) );
#726 = CARTESIAN_POINT ( 'NONE',  ( -85.70628339948339658, 1.000000000000001332, -43.86098789652301377 ) ) ;
#727 = ADVANCED_FACE ( 'NONE', ( #1207 ), #2505, .F. ) ;
#728 = CARTESIAN_POINT ( 'NONE',  ( -85.27584725436425117, 28.99999999999999289, -39.58604678034738811 ) ) ;
#729 = AXIS2_PLACEMENT_3D ( 'NONE', #1461, #2550, #2851 ) ;
#730 = DIRECTION ( 'NONE',  ( 0.000000000000000000, 0.000000000000000000, -1.000000000000000000 ) ) ;
#731 = DIRECTION ( 'NONE',  ( 0.000000000000000000, -1.000000000000000000, 0.000000000000000000 ) ) ;
#732 = DIRECTION ( 'NONE',  ( 0.000000000000000000, -1.000000000000000000, 0.000000000000000000 ) ) ;
#733 = VECTOR ( 'NONE', #2988, 1000.000000000000000 ) ;
#734 = UNCERTAINTY_MEASURE_WITH_UNIT (LENGTH_MEASURE( 1.000000000000000082E-05 ), #2044, 'distance_accuracy_value', 'NONE');
#735 = CARTESIAN_POINT ( 'NONE',  ( -79.62253694243985080, 6.722053469410127491E-15, -42.85675764677446864 ) ) ;
#736 = DIRECTION ( 'NONE',  ( 1.000000000000000000, -0.000000000000000000, -0.000000000000000000 ) ) ;
#737 = ORIENTED_EDGE ( 'NONE', *, *, #2583, .F. ) ;
#738 = AXIS2_PLACEMENT_3D ( 'NONE', #410, #1233, #1832 ) ;
#739 = VECTOR ( 'NONE', #1693, 1000.000000000000000 ) ;
#740 = FACE_OUTER_BOUND ( 'NONE', #178, .T. ) ;
#741 = FACE_OUTER_BOUND ( 'NONE', #3497, .T. ) ;
#742 = CIRCLE ( 'NONE', #2966, 1.000000000000000000 ) ;
#743 = CARTESIAN_POINT ( 'NONE',  ( -85.62749105107062064, 29.00000000000000355, -40.24082252695684048 ) ) ;
#744 = CARTESIAN_POINT ( 'NONE',  ( -79.64359310718114671, -4.586638787843773556E-13, -44.40509696225307579 ) ) ;
#745 = PRODUCT_DEFINITION ( 'UNKNOWN', '', #414, #1033 ) ;
#746 = EDGE_LOOP ( 'NONE', ( #937, #2725, #938, #1021 ) ) ;
#747 = CARTESIAN_POINT ( 'NONE',  ( 12.51004704568249792, 0.000000000000000000, -25.23598720549304630 ) ) ;
#748 = ORIENTED_EDGE ( 'NONE', *, *, #2649, .F. ) ;
#749 = APPLICATION_CONTEXT ( 'automotive_design' ) ;
#750 = ORIENTED_EDGE ( 'NONE', *, *, #935, .F. ) ;
#751 = EDGE_CURVE ( 'NONE', #457, #2052, #520, .T. ) ;
#752 = DIRECTION ( 'NONE',  ( -1.000000000000000000, 0.000000000000000000, 0.000000000000000000 ) ) ;
#753 = DIRECTION ( 'NONE',  ( 0.000000000000000000, -0.000000000000000000, -1.000000000000000000 ) ) ;
#754 = LINE ( 'NONE', #2183, #3564 ) ;
#755 = CARTESIAN_POINT ( 'NONE',  ( -83.94470903711660981, 1.517883041479706208E-15, -43.90878666692676546 ) ) ;
#756 = CARTESIAN_POINT ( 'NONE',  ( -85.13637233178063468, 1.000000000000007772, -35.23230762166618746 ) ) ;
#757 = ORIENTED_EDGE ( 'NONE', *, *, #118, .T. ) ;
#758 = ADVANCED_FACE ( 'NONE', ( #1083 ), #3305, .T. ) ;
#759 = CARTESIAN_POINT ( 'NONE',  ( -79.11611041597569738, 6.000000000000212275, -43.88447146820183065 ) ) ;
#760 = LINE ( 'NONE', #34, #3200 ) ;
#761 = EDGE_LOOP ( 'NONE', ( #1509, #2718, #2998, #2568 ) ) ;
#762 = LINE ( 'NONE', #468, #3211 ) ;
#763 = ORIENTED_EDGE ( 'NONE', *, *, #114, .T. ) ;
#764 = CARTESIAN_POINT ( 'NONE',  ( -79.27202175343705903, -4.249678526777274569E-13, -44.07346301766614971 ) ) ;
#765 = CARTESIAN_POINT ( 'NONE',  ( -28.68554073164614593, 8.697292583425110024, 6.000000000000000000 ) ) ;
#766 = SURFACE_STYLE_USAGE ( .BOTH. , #3295 ) ;
#767 = ORIENTED_EDGE ( 'NONE', *, *, #2693, .F. ) ;
#768 = CARTESIAN_POINT ( 'NONE',  ( -85.40095454964009036, 1.000000000000011990, -37.29264869149511696 ) ) ;
#769 = DIRECTION ( 'NONE',  ( 0.000000000000000000, 0.000000000000000000, -1.000000000000000000 ) ) ;
#770 = CARTESIAN_POINT ( 'NONE',  ( -77.13637233178062047, 6.000000000000000000, -38.21674210529830162 ) ) ;
#771 = EDGE_CURVE ( 'NONE', #840, #488, #1933, .T. ) ;
#772 = CARTESIAN_POINT ( 'NONE',  ( -86.01940788051685161, 0.9999999999996916911, -43.44669915494034740 ) ) ;
#773 = ORIENTED_EDGE ( 'NONE', *, *, #2549, .T. ) ;
#774 = CARTESIAN_POINT ( 'NONE',  ( -80.29556057717182682, 7.000000000000214939, -44.80949467735534597 ) ) ;
#775 = CARTESIAN_POINT ( 'NONE',  ( -82.75824826600153017, 1.192622389734055035E-14, -44.20868532214451818 ) ) ;
#776 = LINE ( 'NONE', #231, #3328 ) ;
#777 = ADVANCED_FACE ( 'NONE', ( #2771 ), #362, .T. ) ;
#778 = EDGE_LOOP ( 'NONE', ( #874, #3304, #3212, #1796 ) ) ;
#779 = CARTESIAN_POINT ( 'NONE',  ( -85.19110551981231083, 29.00000000000122213, -35.93498357151725742 ) ) ;
#780 = VECTOR ( 'NONE', #573, 1000.000000000000000 ) ;
#781 = DIRECTION ( 'NONE',  ( 1.000000000000000000, -0.000000000000000000, 0.000000000000000000 ) ) ;
#782 = CARTESIAN_POINT ( 'NONE',  ( -78.13637233178062047, 1.000000000000000888, -40.52634505667347042 ) ) ;
#783 = SURFACE_SIDE_STYLE ('',( #2120 ) ) ;
#784 = EDGE_LOOP ( 'NONE', ( #3583, #3161, #887, #1068 ) ) ;
#785 = DIRECTION ( 'NONE',  ( -1.000000000000000000, 0.000000000000000000, 0.000000000000000000 ) ) ;
#786 = CARTESIAN_POINT ( 'NONE',  ( -28.68554073164614593, 7.697292583425109136, 0.000000000000000000 ) ) ;
#787 = DIRECTION ( 'NONE',  ( 0.000000000000000000, 0.000000000000000000, -1.000000000000000000 ) ) ;
#788 = CIRCLE ( 'NONE', #3321, 1.000000000000000000 ) ;
#789 = CARTESIAN_POINT ( 'NONE',  ( -85.88132947074272749, 6.988233238808875340E-14, -43.64896165627004621 ) ) ;
#790 = VERTEX_POINT ( 'NONE', #841 ) ;
#791 = CARTESIAN_POINT ( 'NONE',  ( -79.37053107822661957, 6.000000000000140332, -44.16434909122723695 ) ) ;
#792 = ADVANCED_FACE ( 'NONE', ( #1775 ), #1988, .F. ) ;
#793 = VECTOR ( 'NONE', #1445, 1000.000000000000000 ) ;
#794 = CARTESIAN_POINT ( 'NONE',  ( -83.95704275082863433, 1.517883041479693389E-15, -43.90342590121453270 ) ) ;
#795 = CIRCLE ( 'NONE', #299, 1.000000000000000888 ) ;
#796 = CARTESIAN_POINT ( 'NONE',  ( -75.42051944751685255, 1.000000000000000000, -55.21674210529830162 ) ) ;
#797 = PRESENTATION_LAYER_ASSIGNMENT (  '', '', ( #1501 ) ) ;
#798 = VECTOR ( 'NONE', #3016, 1000.000000000000000 ) ;
#799 = ADVANCED_FACE ( 'NONE', ( #1468 ), #2297, .T. ) ;
#800 = CARTESIAN_POINT ( 'NONE',  ( -78.68902247783121595, -4.243110905689487795E-13, -43.23543728602442826 ) ) ;
#801 = CARTESIAN_POINT ( 'NONE',  ( -78.63147068269614692, 0.9999999999999997780, -43.11766273223076240 ) ) ;
#802 = CIRCLE ( 'NONE', #738, 1.000000000000000888 ) ;
#803 = AXIS2_PLACEMENT_3D ( 'NONE', #2236, #9, #893 ) ;
#804 = ORIENTED_EDGE ( 'NONE', *, *, #877, .F. ) ;
#805 = DIRECTION ( 'NONE',  ( 0.000000000000000000, 0.000000000000000000, 1.000000000000000000 ) ) ;
#806 = CARTESIAN_POINT ( 'NONE',  ( -65.48995295431750208, 23.00000000000000000, -29.23598720549306051 ) ) ;
#807 = DIRECTION ( 'NONE',  ( -0.000000000000000000, 0.000000000000000000, -1.000000000000000000 ) ) ;
#808 = CARTESIAN_POINT ( 'NONE',  ( -77.13637233178062047, 0.000000000000000000, -40.52634505667347042 ) ) ;
#809 = CARTESIAN_POINT ( 'NONE',  ( -85.55020260637566309, 0.9999999999996987965, -44.03179697421470706 ) ) ;
#810 = VERTEX_POINT ( 'NONE', #3104 ) ;
#811 = ORIENTED_EDGE ( 'NONE', *, *, #1583, .F. ) ;
#812 = CARTESIAN_POINT ( 'NONE',  ( -79.28927617168828590, 6.999999999999998224, -45.39521904743024550 ) ) ;
#813 = CARTESIAN_POINT ( 'NONE',  ( -79.64640082465400894, -8.890457814381098494E-15, -42.92759919574960747 ) ) ;
#814 = CARTESIAN_POINT ( 'NONE',  ( -85.24684754739347170, 28.99999999999756284, -36.42159240860499381 ) ) ;
#815 = CARTESIAN_POINT ( 'NONE',  ( -29.68554073164614593, 8.697292583425110024, 6.000000000000000000 ) ) ;
#816 = CARTESIAN_POINT ( 'NONE',  ( -79.81039524075136171, 1.000000000000000000, -44.53824024767749989 ) ) ;
#817 = EDGE_CURVE ( 'NONE', #1254, #2053, #2325, .T. ) ;
#818 = DIRECTION ( 'NONE',  ( 1.000000000000000000, 0.000000000000000000, -0.000000000000000000 ) ) ;
#819 = EDGE_CURVE ( 'NONE', #2770, #2321, #897, .T. ) ;
#820 = CARTESIAN_POINT ( 'NONE',  ( -78.14878188116367141, 6.000000000000000000, -43.72121056840690301 ) ) ;
#821 = FACE_OUTER_BOUND ( 'NONE', #2140, .T. ) ;
#822 = CARTESIAN_POINT ( 'NONE',  ( 14.51004704568249792, 0.000000000000000000, -32.23598720549306051 ) ) ;
#823 = CARTESIAN_POINT ( 'NONE',  ( 12.51004704568249792, 0.000000000000000000, -30.23598720549306051 ) ) ;
#824 = CARTESIAN_POINT ( 'NONE',  ( -84.33339454306137384, -1.008621925319479224E-12, -44.83188031511984661 ) ) ;
#825 = ORIENTED_EDGE ( 'NONE', *, *, #1110, .T. ) ;
#826 = CARTESIAN_POINT ( 'NONE',  ( -79.84751316815291489, 6.999999999999998224, -44.56235315719766277 ) ) ;
#827 = CARTESIAN_POINT ( 'NONE',  ( -65.48995295431750208, 3.000000000000000000, -2.235987205493061847 ) ) ;
#828 = ORIENTED_EDGE ( 'NONE', *, *, #489, .T. ) ;
#829 = DIRECTION ( 'NONE',  ( 1.000000000000000000, -0.000000000000000000, 0.000000000000000000 ) ) ;
#830 = LINE ( 'NONE', #1074, #2303 ) ;
#831 = VERTEX_POINT ( 'NONE', #1756 ) ;
#832 = EDGE_CURVE ( 'NONE', #2398, #2404, #2857, .T. ) ;
#833 = DIRECTION ( 'NONE',  ( -0.000000000000000000, 1.000000000000000000, -0.000000000000000000 ) ) ;
#834 = DIRECTION ( 'NONE',  ( -0.000000000000000000, 1.000000000000000000, -0.000000000000000000 ) ) ;
#835 = DIRECTION ( 'NONE',  ( -0.000000000000000000, 1.000000000000000000, -0.000000000000000000 ) ) ;
#836 = CARTESIAN_POINT ( 'NONE',  ( -84.13637233178063468, 28.00000000000000000, -44.39541070858673066 ) ) ;
#837 = EDGE_CURVE ( 'NONE', #74, #1883, #2826, .T. ) ;
#838 = CARTESIAN_POINT ( 'NONE',  ( -84.79586863772175320, 1.192622389734054562E-14, -38.66118760053792158 ) ) ;
#839 = CARTESIAN_POINT ( 'NONE',  ( -86.61440387986293388, 6.722053469410132224E-15, -40.03994320765340120 ) ) ;
#840 = VERTEX_POINT ( 'NONE', #1409 ) ;
#841 = CARTESIAN_POINT ( 'NONE',  ( 14.51004704568249792, 3.000000000000000000, -2.235987205493061847 ) ) ;
#842 = LINE ( 'NONE', #289, #984 ) ;
#843 = DIRECTION ( 'NONE',  ( -1.000000000000000000, -0.000000000000000000, -0.000000000000000000 ) ) ;
#844 = LINE ( 'NONE', #529, #2742 ) ;
#845 = AXIS2_PLACEMENT_3D ( 'NONE', #1052, #2523, #1951 ) ;
#846 = ORIENTED_EDGE ( 'NONE', *, *, #186, .F. ) ;
#847 = VECTOR ( 'NONE', #2700, 1000.000000000000000 ) ;
#848 = DIRECTION ( 'NONE',  ( -1.000000000000000000, 0.000000000000000000, 0.000000000000000000 ) ) ;
#849 = VECTOR ( 'NONE', #787, 1000.000000000000000 ) ;
#850 = FACE_OUTER_BOUND ( 'NONE', #1656, .T. ) ;
#851 = CARTESIAN_POINT ( 'NONE',  ( -78.24349048111336913, 27.99999999999969091, -41.84133553976040076 ) ) ;
#852 = DIRECTION ( 'NONE',  ( -0.000000000000000000, -1.000000000000000000, -0.000000000000000000 ) ) ;
#853 = CARTESIAN_POINT ( 'NONE',  ( -84.47149971770997468, 1.517883041479708180E-15, -37.67680199263855911 ) ) ;
#854 = ADVANCED_FACE ( 'NONE', ( #2315 ), #1135, .T. ) ;
#855 = CARTESIAN_POINT ( 'NONE',  ( -84.15204628123466080, 1.517883041479706208E-15, -35.51193300050036328 ) ) ;
#856 = ORIENTED_EDGE ( 'NONE', *, *, #559, .T. ) ;
#857 = ORIENTED_EDGE ( 'NONE', *, *, #1370, .F. ) ;
#858 = DIRECTION ( 'NONE',  ( 0.000000000000000000, -0.000000000000000000, 1.000000000000000000 ) ) ;
#859 = CARTESIAN_POINT ( 'NONE',  ( -78.17713374297811413, 1.000000000000001110, -41.36379401379006282 ) ) ;
#860 = CARTESIAN_POINT ( 'NONE',  ( -78.13637233178062047, 0.4142135623730960892, -30.21674210529830518 ) ) ;
#861 = CARTESIAN_POINT ( 'NONE',  ( -45.13254080751686104, 6.000000000000000000, -38.21674210529830162 ) ) ;
#862 = CARTESIAN_POINT ( 'NONE',  ( -75.42051944751685255, 6.000000000000000000, -48.21674210529830162 ) ) ;
#863 = ORIENTED_EDGE ( 'NONE', *, *, #2971, .T. ) ;
#864 = CARTESIAN_POINT ( 'NONE',  ( -78.13637233178062047, 6.000000000000000000, -40.52634505667347042 ) ) ;
#865 = CARTESIAN_POINT ( 'NONE',  ( 0.000000000000000000, 0.000000000000000000, 0.000000000000000000 ) ) ;
#866 = LINE ( 'NONE', #2592, #2553 ) ;
#867 = CARTESIAN_POINT ( 'NONE',  ( -78.66884520214317433, 6.999999999999999112, -44.87781266088899201 ) ) ;
#868 = CARTESIAN_POINT ( 'NONE',  ( -77.13637233178062047, 7.000000000000000000, -37.21674210529830162 ) ) ;
#869 = CARTESIAN_POINT ( 'NONE',  ( -78.13614911270580876, 29.00000000000000000, -40.46887682034427058 ) ) ;
#870 = DIRECTION ( 'NONE',  ( -0.000000000000000000, 0.000000000000000000, 1.000000000000000000 ) ) ;
#871 = CARTESIAN_POINT ( 'NONE',  ( -82.42051944751685255, 7.000000000000000000, -46.16266747147606964 ) ) ;
#872 = CARTESIAN_POINT ( 'NONE',  ( -84.25615874908632463, 1.517883041479706208E-15, -36.55996535193215635 ) ) ;
#873 = ORIENTED_EDGE ( 'NONE', *, *, #2214, .F. ) ;
#874 = ORIENTED_EDGE ( 'NONE', *, *, #448, .F. ) ;
#875 = DIRECTION ( 'NONE',  ( -0.000000000000000000, -0.000000000000000000, -1.000000000000000000 ) ) ;
#876 = CARTESIAN_POINT ( 'NONE',  ( -58.48995295431750208, -5.000000000000000000, -30.23598720549306051 ) ) ;
#877 = EDGE_CURVE ( 'NONE', #1966, #442, #2859, .T. ) ;
#878 = CARTESIAN_POINT ( 'NONE',  ( -79.13637233178062047, 29.00000000000000000, -31.21674210529830518 ) ) ;
#879 = CARTESIAN_POINT ( 'NONE',  ( -79.13761016720758334, 1.517883041479706208E-15, -40.64483608519076085 ) ) ;
#880 = ORIENTED_EDGE ( 'NONE', *, *, #146, .F. ) ;
#881 = CARTESIAN_POINT ( 'NONE',  ( -81.09466025542707257, -0.000000000000000000, -46.11880519264708767 ) ) ;
#882 = VERTEX_POINT ( 'NONE', #310 ) ;
#883 = CARTESIAN_POINT ( 'NONE',  ( -81.55392135783904450, 6.000000000000000000, -45.17160545004531258 ) ) ;
#884 = ADVANCED_FACE ( 'NONE', ( #50 ), #3440, .F. ) ;
#885 = CARTESIAN_POINT ( 'NONE',  ( -29.18554073164614238, -18.30270741657488998, 1.000000000000000000 ) ) ;
#886 = SHAPE_DEFINITION_REPRESENTATION ( #1281, #2132 ) ;
#887 = ORIENTED_EDGE ( 'NONE', *, *, #359, .F. ) ;
#888 = CARTESIAN_POINT ( 'NONE',  ( -81.55392135783786500, 1.000000000000000000, -45.17160545004515626 ) ) ;
#889 = ORIENTED_EDGE ( 'NONE', *, *, #2621, .F. ) ;
#890 = AXIS2_PLACEMENT_3D ( 'NONE', #1369, #3081, #2256 ) ;
#891 = CARTESIAN_POINT ( 'NONE',  ( -79.26244607146927024, 29.00000000000000000, -41.84325806740043419 ) ) ;
#892 = DIRECTION ( 'NONE',  ( -1.000000000000000000, 0.000000000000000000, 0.000000000000000000 ) ) ;
#893 = DIRECTION ( 'NONE',  ( 0.000000000000000000, -0.000000000000000000, 1.000000000000000000 ) ) ;
#894 = CARTESIAN_POINT ( 'NONE',  ( -85.42435659491606259, 0.9999999999981581400, -37.36319768541740416 ) ) ;
#895 = ORIENTED_EDGE ( 'NONE', *, *, #1960, .T. ) ;
#896 = ORIENTED_EDGE ( 'NONE', *, *, #2184, .T. ) ;
#897 = LINE ( 'NONE', #2881, #739 ) ;
#898 = CARTESIAN_POINT ( 'NONE',  ( -79.55219780263820439, 1.000000000000001554, -44.33589992474926333 ) ) ;
#899 = PRODUCT ( 'SideCushion', 'SideCushion', '', ( #2833 ) ) ;
#900 = CARTESIAN_POINT ( 'NONE',  ( 3.314459268353855403, 8.697292583425110024, 7.000000000000000000 ) ) ;
#901 = DIRECTION ( 'NONE',  ( 0.000000000000000000, -1.000000000000000000, 0.000000000000000000 ) ) ;
#902 = VERTEX_POINT ( 'NONE', #2239 ) ;
#903 = FACE_OUTER_BOUND ( 'NONE', #1190, .T. ) ;
#904 = ORIENTED_EDGE ( 'NONE', *, *, #3001, .F. ) ;
#905 = EDGE_CURVE ( 'NONE', #2825, #92, #2841, .T. ) ;
#906 = DIRECTION ( 'NONE',  ( 0.000000000000000000, 0.000000000000000000, 1.000000000000000000 ) ) ;
#907 = SHAPE_REPRESENTATION_RELATIONSHIP ( 'NONE' , 'NONE' ,  #2515, #2084 ) ;
#908 = CARTESIAN_POINT ( 'NONE',  ( -28.68554073164614593, -18.30270741657488998, 6.000000000000000000 ) ) ;
#909 = AXIS2_PLACEMENT_3D ( 'NONE', #2144, #3582, #2197 ) ;
#910 = EDGE_CURVE ( 'NONE', #2321, #1761, #1264, .T. ) ;
#911 = AXIS2_PLACEMENT_3D ( 'NONE', #295, #586, #818 ) ;
#912 = CARTESIAN_POINT ( 'NONE',  ( -83.54758851982222723, 28.00000000000000355, -45.09618907442118996 ) ) ;
#913 = VECTOR ( 'NONE', #2838, 1000.000000000000000 ) ;
#914 = DIRECTION ( 'NONE',  ( 0.000000000000000000, 0.000000000000000000, 1.000000000000000000 ) ) ;
#915 = VECTOR ( 'NONE', #2750, 1000.000000000000000 ) ;
#916 = CARTESIAN_POINT ( 'NONE',  ( -78.14558783400568132, 29.00000000000014566, -40.91615528823845693 ) ) ;
#917 = CARTESIAN_POINT ( 'NONE',  ( -85.42652710247915593, 1.192622389734057875E-14, -42.43899006145213804 ) ) ;
#918 = AXIS2_PLACEMENT_3D ( 'NONE', #2113, #432, #2660 ) ;
#919 = CARTESIAN_POINT ( 'NONE',  ( -86.24549506029264023, -1.040834085586084730E-14, -39.26126496496591756 ) ) ;
#920 = ORIENTED_EDGE ( 'NONE', *, *, #3224, .T. ) ;
#921 = EDGE_LOOP ( 'NONE', ( #3155, #986, #3459, #286 ) ) ;
#922 = DIRECTION ( 'NONE',  ( 1.000000000000000000, 0.000000000000000000, 0.000000000000000000 ) ) ;
#923 = DIRECTION ( 'NONE',  ( -0.000000000000000000, 1.000000000000000000, -0.000000000000000000 ) ) ;
#924 = CARTESIAN_POINT ( 'NONE',  ( -78.14558783511202478, 1.000000000000149214, -40.91615528817229830 ) ) ;
#925 = EDGE_LOOP ( 'NONE', ( #3256, #960, #3004, #3460 ) ) ;
#926 = ORIENTED_EDGE ( 'NONE', *, *, #2743, .F. ) ;
#927 = CARTESIAN_POINT ( 'NONE',  ( -84.26654331772130035, 28.99999999999990763, -35.25757749307868494 ) ) ;
#928 = CARTESIAN_POINT ( 'NONE',  ( 4.314459268353859400, -18.30270741657488998, 7.000000000000000000 ) ) ;
#929 = ORIENTED_EDGE ( 'NONE', *, *, #29, .F. ) ;
#930 = CARTESIAN_POINT ( 'NONE',  ( -83.13640716845915790, 28.00000000000000355, -45.17087355754155453 ) ) ;
#931 = CYLINDRICAL_SURFACE ( 'NONE', #1843, 1.000000000000000888 ) ;
#932 = ADVANCED_FACE ( 'NONE', ( #2696 ), #653, .T. ) ;
#933 = CARTESIAN_POINT ( 'NONE',  ( -58.48995295431750208, -5.000000000000000000, -25.23598720549304986 ) ) ;
#934 = CARTESIAN_POINT ( 'NONE',  ( -85.36407624582263054, 29.00000000000000711, -44.20299622256053595 ) ) ;
#935 = EDGE_CURVE ( 'NONE', #2396, #2358, #3479, .T. ) ;
#936 = CARTESIAN_POINT ( 'NONE',  ( -85.71045260096319396, 28.99999999999999645, -40.53793156376213602 ) ) ;
#937 = ORIENTED_EDGE ( 'NONE', *, *, #3067, .F. ) ;
#938 = ORIENTED_EDGE ( 'NONE', *, *, #1048, .F. ) ;
#939 = CARTESIAN_POINT ( 'NONE',  ( -47.13254080751686104, 1.000000000000000000, -52.21674210529830162 ) ) ;
#940 = PLANE ( 'NONE',  #1444 ) ;
#941 = CARTESIAN_POINT ( 'NONE',  ( -80.15714812639838271, 1.000000000000631939, -44.74769227477219857 ) ) ;
#942 = CARTESIAN_POINT ( 'NONE',  ( -77.79564686370289905, -3.903127820947817540E-15, -43.68888366757900599 ) ) ;
#943 = ORIENTED_EDGE ( 'NONE', *, *, #605, .T. ) ;
#944 = CARTESIAN_POINT ( 'NONE',  ( -84.63996739168263161, 28.87369099519908389, -35.24672894907924814 ) ) ;
#945 = DIRECTION ( 'NONE',  ( 0.000000000000000000, 0.000000000000000000, 1.000000000000000000 ) ) ;
#946 = CARTESIAN_POINT ( 'NONE',  ( -63.48995295431750208, -5.000000000000000000, -25.23598720549304986 ) ) ;
#947 = ITEM_DEFINED_TRANSFORMATION ( 'NONE', 'NONE', #3488,  #1545 ) ;
#948 = CARTESIAN_POINT ( 'NONE',  ( -85.70628310397938776, 27.99999999999998224, -43.86098823408627823 ) ) ;
#949 = CARTESIAN_POINT ( 'NONE',  ( -58.48995295431750208, 0.000000000000000000, -9.235987205493071173 ) ) ;
#950 = ADVANCED_FACE ( 'NONE', ( #979 ), #1791, .T. ) ;
#951 = CARTESIAN_POINT ( 'NONE',  ( -80.38085865427052568, 27.99999999999999645, -44.85483245473749747 ) ) ;
#952 = VECTOR ( 'NONE', #834, 1000.000000000000000 ) ;
#953 = CARTESIAN_POINT ( 'NONE',  ( -79.37613135233291928, 28.99999999999999289, -42.27196607119831384 ) ) ;
#954 = ORIENTED_EDGE ( 'NONE', *, *, #1448, .T. ) ;
#955 = ORIENTED_EDGE ( 'NONE', *, *, #3102, .T. ) ;
#956 = EDGE_CURVE ( 'NONE', #3484, #2641, #3214, .T. ) ;
#957 = CARTESIAN_POINT ( 'NONE',  ( -77.13637233178062047, 1.000000000000000000, -37.21674210529830162 ) ) ;
#958 = CARTESIAN_POINT ( 'NONE',  ( -77.13637233178062047, 7.000000000000000000, -44.28090285740007914 ) ) ;
#959 = CARTESIAN_POINT ( 'NONE',  ( -81.65265844705132281, 1.517883041479706208E-15, -44.18006666516438941 ) ) ;
#960 = ORIENTED_EDGE ( 'NONE', *, *, #384, .T. ) ;
#961 = FACE_OUTER_BOUND ( 'NONE', #1350, .T. ) ;
#962 = ORIENTED_EDGE ( 'NONE', *, *, #1270, .T. ) ;
#963 = CARTESIAN_POINT ( 'NONE',  ( -28.68554073164614593, 0.000000000000000000, 7.000000000000000000 ) ) ;
#964 = ORIENTED_EDGE ( 'NONE', *, *, #2764, .F. ) ;
#965 = CARTESIAN_POINT ( 'NONE',  ( -86.39665169715745208, 28.99999999999908340, -39.52511549011486380 ) ) ;
#966 = CARTESIAN_POINT ( 'NONE',  ( -84.34685426143165898, 28.00000000000000711, -44.82468195180671700 ) ) ;
#967 = CARTESIAN_POINT ( 'NONE',  ( -77.13637233178062047, 7.000000000000000000, -40.53022924388768189 ) ) ;
#968 = CIRCLE ( 'NONE', #1431, 1.000000000000000888 ) ;
#969 = AXIS2_PLACEMENT_3D ( 'NONE', #2613, #1256, #2380 ) ;
#970 = LINE ( 'NONE', #3230, #1619 ) ;
#971 = CARTESIAN_POINT ( 'NONE',  ( -84.11593693358142332, 29.00000000000031619, -44.91599311499347635 ) ) ;
#972 = AXIS2_PLACEMENT_3D ( 'NONE', #1999, #2310, #2535 ) ;
#973 = CARTESIAN_POINT ( 'NONE',  ( -86.41095258226981457, 1.000000000000001332, -39.54695152856992024 ) ) ;
#974 = PRODUCT_DEFINITION ( 'UNKNOWN', '', #1900, #2957 ) ;
#975 = VECTOR ( 'NONE', #914, 1000.000000000000000 ) ;
#976 = AXIS2_PLACEMENT_3D ( 'NONE', #1484, #3119, #3642 ) ;
#977 = CARTESIAN_POINT ( 'NONE',  ( -28.68554073164614593, 7.697292583425109136, 6.000000000000000000 ) ) ;
#978 = EDGE_LOOP ( 'NONE', ( #1141, #767, #31, #2532 ) ) ;
#979 = FACE_OUTER_BOUND ( 'NONE', #1134, .T. ) ;
#980 = VECTOR ( 'NONE', #3505, 1000.000000000000000 ) ;
#981 = CARTESIAN_POINT ( 'NONE',  ( -63.48995295431750208, -5.000000000000000000, -25.23598720549304986 ) ) ;
#982 = ADVANCED_FACE ( 'NONE', ( #3528, #1812, #2390, #2127, #1828 ), #694, .F. ) ;
#983 = CARTESIAN_POINT ( 'NONE',  ( -78.46098776586926249, 0.9999999999993822719, -42.69418837610222539 ) ) ;
#984 = VECTOR ( 'NONE', #1430, 1000.000000000000000 ) ;
#985 = PLANE ( 'NONE',  #3618 ) ;
#986 = ORIENTED_EDGE ( 'NONE', *, *, #2255, .T. ) ;
#987 = ADVANCED_FACE ( 'NONE', ( #1246 ), #104, .F. ) ;
#988 = VERTEX_POINT ( 'NONE', #87 ) ;
#989 = CARTESIAN_POINT ( 'NONE',  ( -85.51692589208640527, 29.00000000000000000, -40.00089583963477935 ) ) ;
#990 = CARTESIAN_POINT ( 'NONE',  ( 14.51004704568249792, 3.000000000000000000, -32.23598720549306051 ) ) ;
#991 = DIRECTION ( 'NONE',  ( -1.000000000000000000, 0.000000000000000000, -0.000000000000000000 ) ) ;
#992 = DIRECTION ( 'NONE',  ( -1.000000000000000000, 0.000000000000000000, 0.000000000000000000 ) ) ;
#993 = CARTESIAN_POINT ( 'NONE',  ( -86.25439648572530871, 28.00000000000031619, -43.03400036712709920 ) ) ;
#994 = CARTESIAN_POINT ( 'NONE',  ( -84.71273857180148070, 28.99999999999998934, -43.44093155036873810 ) ) ;
#995 = VERTEX_POINT ( 'NONE', #1280 ) ;
#996 = CARTESIAN_POINT ( 'NONE',  ( 0.000000000000000000, -18.30270741657488998, 6.000000000000000000 ) ) ;
#997 = UNCERTAINTY_MEASURE_WITH_UNIT (LENGTH_MEASURE( 1.000000000000000082E-05 ), #2133, 'distance_accuracy_value', 'NONE');
#998 = CARTESIAN_POINT ( 'NONE',  ( -80.38085865427052568, 0.9999999999999974465, -44.85483245473749747 ) ) ;
#999 = DIRECTION ( 'NONE',  ( -0.000000000000000000, 1.000000000000000000, -0.000000000000000000 ) ) ;
#1000 = ORIENTED_EDGE ( 'NONE', *, *, #1794, .F. ) ;
#1001 = ADVANCED_FACE ( 'NONE', ( #1845 ), #126, .T. ) ;
#1002 = SHAPE_REPRESENTATION_RELATIONSHIP ( 'NONE' , 'NONE' ,  #2644, #2126 ) ;
#1003 = ORIENTED_EDGE ( 'NONE', *, *, #1836, .F. ) ;
#1004 = CARTESIAN_POINT ( 'NONE',  ( -84.54246007577704347, 29.00000000000001066, -37.94127213780681984 ) ) ;
#1005 = ORIENTED_EDGE ( 'NONE', *, *, #2965, .F. ) ;
#1006 = EDGE_CURVE ( 'NONE', #602, #109, #2405, .T. ) ;
#1007 = CARTESIAN_POINT ( 'NONE',  ( -77.43431410153164052, -1.301042606982605321E-15, -42.77811437896477997 ) ) ;
#1008 = CARTESIAN_POINT ( 'NONE',  ( -77.22563731220297711, 7.000000000000004441, -41.83412836554433767 ) ) ;
#1009 = CARTESIAN_POINT ( 'NONE',  ( -81.65265844705132281, 29.00000000000000355, -44.18006666516438941 ) ) ;
#1010 = CARTESIAN_POINT ( 'NONE',  ( -84.90484860490386154, 1.000000000000011546, -44.53620684101387184 ) ) ;
#1011 = CARTESIAN_POINT ( 'NONE',  ( -85.69779995841420828, 28.99999999999998934, -41.59329828555678432 ) ) ;
#1012 = APPLICATION_CONTEXT ( 'automotive_design' ) ;
#1013 = ORIENTED_EDGE ( 'NONE', *, *, #2304, .F. ) ;
#1014 = DIRECTION ( 'NONE',  ( -0.000000000000000000, -0.000000000000000000, 1.000000000000000000 ) ) ;
#1015 = CARTESIAN_POINT ( 'NONE',  ( 3.314459268353859400, -19.30270741657488998, 1.000000000000000000 ) ) ;
#1016 = VECTOR ( 'NONE', #2723, 1000.000000000000000 ) ;
#1017 = CARTESIAN_POINT ( 'NONE',  ( -83.68167206454060647, -4.736660551959747834E-13, -45.05018857623174711 ) ) ;
#1018 = CARTESIAN_POINT ( 'NONE',  ( -28.68554073164614593, -18.30270741657488998, 1.000000000000000000 ) ) ;
#1019 = CARTESIAN_POINT ( 'NONE',  ( -79.13638076412492239, 0.000000000000000000, -40.52634502005975747 ) ) ;
#1020 = CARTESIAN_POINT ( 'NONE',  ( -69.62632528609809413, -27.21674210529847926, -22.23598720549241392 ) ) ;
#1021 = ORIENTED_EDGE ( 'NONE', *, *, #1565, .T. ) ;
#1022 = CARTESIAN_POINT ( 'NONE',  ( -85.38492539438639994, 29.00000000000000355, -39.77059777557096965 ) ) ;
#1023 = DIRECTION ( 'NONE',  ( 0.000000000000000000, -1.000000000000000000, 0.000000000000000000 ) ) ;
#1024 = CARTESIAN_POINT ( 'NONE',  ( -65.48995295431750208, 3.000000000000000000, -32.23598720549306051 ) ) ;
#1025 = ADVANCED_FACE ( 'NONE', ( #1544 ), #119, .T. ) ;
#1026 = CARTESIAN_POINT ( 'NONE',  ( 3.314459268353856292, 7.697292583425109136, 1.000000000000000000 ) ) ;
#1027 = ORIENTED_EDGE ( 'NONE', *, *, #2230, .F. ) ;
#1028 = CARTESIAN_POINT ( 'NONE',  ( -86.62306853236977133, 0.9999999999999958922, -41.99381390509546463 ) ) ;
#1029 = DIRECTION ( 'NONE',  ( 0.000000000000000000, 0.000000000000000000, 1.000000000000000000 ) ) ;
#1030 = CARTESIAN_POINT ( 'NONE',  ( -78.13637233178062047, 7.000000000000000000, -37.21674210529830162 ) ) ;
#1031 = FACE_OUTER_BOUND ( 'NONE', #3533, .T. ) ;
#1032 = DIRECTION ( 'NONE',  ( 1.000000000000000000, 0.000000000000000000, 0.000000000000000000 ) ) ;
#1033 = PRODUCT_DEFINITION_CONTEXT ( 'detailed design', #1012, 'design' ) ;
#1034 = CARTESIAN_POINT ( 'NONE',  ( -84.96388708576660065, 6.722053469410132224E-15, -44.50169695085574517 ) ) ;
#1035 = CARTESIAN_POINT ( 'NONE',  ( -78.13637233178062047, 28.00000000000000000, -40.52634505667347042 ) ) ;
#1036 = CARTESIAN_POINT ( 'NONE',  ( -80.53126702839782070, 6.999999999999792166, -44.91230377625299752 ) ) ;
#1037 = VECTOR ( 'NONE', #1162, 1000.000000000000000 ) ;
#1038 = DIRECTION ( 'NONE',  ( 0.000000000000000000, 1.000000000000000000, 0.000000000000000000 ) ) ;
#1039 = ORIENTED_EDGE ( 'NONE', *, *, #1465, .F. ) ;
#1040 = CIRCLE ( 'NONE', #680, 1.000000000000000888 ) ;
#1041 = CARTESIAN_POINT ( 'NONE',  ( -85.74252161250883830, 28.99999999999998579, -41.03586994769859331 ) ) ;
#1042 = CARTESIAN_POINT ( 'NONE',  ( -79.10651423397038684, 6.406980182612181012E-13, -43.88367080727205405 ) ) ;
#1043 = LINE ( 'NONE', #1140, #3435 ) ;
#1044 = ORIENTED_EDGE ( 'NONE', *, *, #2459, .T. ) ;
#1045 = EDGE_CURVE ( 'NONE', #1761, #3531, #1862, .T. ) ;
#1046 = CARTESIAN_POINT ( 'NONE',  ( 12.51004704568249792, -5.000000000000000000, -9.235987205493074725 ) ) ;
#1047 = DIRECTION ( 'NONE',  ( 0.000000000000000000, 0.000000000000000000, 1.000000000000000000 ) ) ;
#1048 = EDGE_CURVE ( 'NONE', #3506, #13, #2940, .T. ) ;
#1049 = DIRECTION ( 'NONE',  ( 1.000000000000000000, 0.000000000000000000, 0.000000000000000000 ) ) ;
#1050 = CARTESIAN_POINT ( 'NONE',  ( -84.11593693358140911, 4.632577143401147486E-13, -44.91599311499346925 ) ) ;
#1051 = DIRECTION ( 'NONE',  ( 0.000000000000000000, 0.000000000000000000, 1.000000000000000000 ) ) ;
#1052 = CARTESIAN_POINT ( 'NONE',  ( 7.510047045682499700, -5.000000000000000000, -30.23598720549306051 ) ) ;
#1053 = FACE_OUTER_BOUND ( 'NONE', #90, .T. ) ;
#1054 = ORIENTED_EDGE ( 'NONE', *, *, #1836, .T. ) ;
#1055 = FACE_OUTER_BOUND ( 'NONE', #778, .T. ) ;
#1056 = EDGE_LOOP ( 'NONE', ( #3083, #693, #1191, #2925 ) ) ;
#1057 = CARTESIAN_POINT ( 'NONE',  ( 3.314459268353857180, 4.106907359273105197E-16, 7.000000000000000000 ) ) ;
#1058 = VERTEX_POINT ( 'NONE', #69 ) ;
#1059 = LINE ( 'NONE', #2179, #952 ) ;
#1060 = EDGE_CURVE ( 'NONE', #2321, #882, #391, .T. ) ;
#1061 = CARTESIAN_POINT ( 'NONE',  ( -28.68554073164614593, -18.30270741657488998, 7.000000000000000000 ) ) ;
#1062 = VERTEX_POINT ( 'NONE', #1529 ) ;
#1063 = FACE_OUTER_BOUND ( 'NONE', #641, .T. ) ;
#1064 = LINE ( 'NONE', #1298, #1686 ) ;
#1065 = ADVANCED_FACE ( 'NONE', ( #3498 ), #2094, .T. ) ;
#1066 = CARTESIAN_POINT ( 'NONE',  ( -85.36407625184367021, 1.000000000000004441, -44.20299623062732763 ) ) ;
#1067 = ORIENTED_EDGE ( 'NONE', *, *, #1312, .F. ) ;
#1068 = ORIENTED_EDGE ( 'NONE', *, *, #2076, .T. ) ;
#1069 = CARTESIAN_POINT ( 'NONE',  ( -80.16295165736521255, 7.000000000000002665, -45.84263896317404630 ) ) ;
#1070 = DIRECTION ( 'NONE',  ( -0.000000000000000000, -0.000000000000000000, -1.000000000000000000 ) ) ;
#1071 = DIRECTION ( 'NONE',  ( 1.000000000000000000, 0.000000000000000000, 0.000000000000000000 ) ) ;
#1072 = CARTESIAN_POINT ( 'NONE',  ( -84.17944820272364836, 28.99999999999999645, -35.86179388738583640 ) ) ;
#1073 = DIRECTION ( 'NONE',  ( 0.000000000000000000, -0.000000000000000000, 1.000000000000000000 ) ) ;
#1074 = CARTESIAN_POINT ( 'NONE',  ( -65.48995295431750208, 3.000000000000000000, -2.235987205493061847 ) ) ;
#1075 = AXIS2_PLACEMENT_3D ( 'NONE', #1109, #1993, #584 ) ;
#1076 = ORIENTED_EDGE ( 'NONE', *, *, #3041, .T. ) ;
#1077 = SPHERICAL_SURFACE ( 'NONE', #424, 1.000000000000000000 ) ;
#1078 = DIRECTION ( 'NONE',  ( -1.000000000000000000, 0.000000000000000000, -0.000000000000000000 ) ) ;
#1079 = DIRECTION ( 'NONE',  ( 0.000000000000000000, 0.000000000000000000, -1.000000000000000000 ) ) ;
#1080 = VECTOR ( 'NONE', #3264, 1000.000000000000000 ) ;
#1081 = CARTESIAN_POINT ( 'NONE',  ( -84.71114647943143439, 6.722053469410127491E-15, -43.44249961594525189 ) ) ;
#1082 = ORIENTED_EDGE ( 'NONE', *, *, #2850, .F. ) ;
#1083 = FACE_OUTER_BOUND ( 'NONE', #2333, .T. ) ;
#1084 = EDGE_CURVE ( 'NONE', #1851, #2641, #3068, .T. ) ;
#1085 = CIRCLE ( 'NONE', #3152, 0.9999999999999994449 ) ;
#1086 = DIRECTION ( 'NONE',  ( 0.000000000000000000, 0.000000000000000000, 1.000000000000000000 ) ) ;
#1087 = ORIENTED_EDGE ( 'NONE', *, *, #1960, .F. ) ;
#1088 = VECTOR ( 'NONE', #206, 1000.000000000000000 ) ;
#1089 = CARTESIAN_POINT ( 'NONE',  ( -78.35949857010314190, 6.000000000000000000, -42.37060798104319304 ) ) ;
#1090 = EDGE_CURVE ( 'NONE', #3366, #1931, #501, .T. ) ;
#1091 = CARTESIAN_POINT ( 'NONE',  ( -78.13637233178062047, 1.000000000000000000, -40.52634505667347042 ) ) ;
#1092 = CIRCLE ( 'NONE', #918, 1.000000000000000000 ) ;
#1093 = VECTOR ( 'NONE', #1319, 1000.000000000000000 ) ;
#1094 = DIRECTION ( 'NONE',  ( -0.000000000000000000, -1.000000000000000000, -0.000000000000000000 ) ) ;
#1095 = CARTESIAN_POINT ( 'NONE',  ( -45.13254080751686104, 1.000000000000000000, -38.21674210529830162 ) ) ;
#1096 = CARTESIAN_POINT ( 'NONE',  ( -28.68554073164614593, 7.697292583425109136, 6.000000000000000000 ) ) ;
#1097 = LINE ( 'NONE', #823, #1243 ) ;
#1098 = CARTESIAN_POINT ( 'NONE',  ( -84.42051406927643598, 6.722053469410127491E-15, -43.65942730761726409 ) ) ;
#1099 = ORIENTED_EDGE ( 'NONE', *, *, #3239, .F. ) ;
#1100 = ORIENTED_EDGE ( 'NONE', *, *, #2598, .F. ) ;
#1101 = CARTESIAN_POINT ( 'NONE',  ( -79.71649158235499044, 6.999999999999998224, -45.63861019569191768 ) ) ;
#1102 = LINE ( 'NONE', #2261, #412 ) ;
#1103 = FACE_OUTER_BOUND ( 'NONE', #1915, .T. ) ;
#1104 = CARTESIAN_POINT ( 'NONE',  ( -85.12888761211804933, 29.00000000000000000, -35.10359838783101338 ) ) ;
#1105 = ORIENTED_EDGE ( 'NONE', *, *, #635, .T. ) ;
#1106 = VERTEX_POINT ( 'NONE', #786 ) ;
#1107 = EDGE_CURVE ( 'NONE', #2485, #1987, #3345, .T. ) ;
#1108 = CARTESIAN_POINT ( 'NONE',  ( -80.50623439569748996, 1.000000000000848877, -44.93849401785300302 ) ) ;
#1109 = CARTESIAN_POINT ( 'NONE',  ( -58.48995295431750208, -5.000000000000000000, -30.23598720549306051 ) ) ;
#1110 = EDGE_CURVE ( 'NONE', #2398, #575, #1620, .T. ) ;
#1111 = CARTESIAN_POINT ( 'NONE',  ( -85.40095460582378450, 28.00000000000001066, -37.29264893586946528 ) ) ;
#1112 = CARTESIAN_POINT ( 'NONE',  ( -85.16051594328752117, 1.000000000000001332, -35.64748759889469909 ) ) ;
#1113 = CARTESIAN_POINT ( 'NONE',  ( 0.000000000000000000, -5.000000000000000000, 0.000000000000000000 ) ) ;
#1114 = CARTESIAN_POINT ( 'NONE',  ( -79.13614173849721567, 29.00000000000000000, -40.46503621335335055 ) ) ;
#1115 = DIRECTION ( 'NONE',  ( -1.000000000000000000, 0.000000000000000000, 0.000000000000000000 ) ) ;
#1116 = ADVANCED_BREP_SHAPE_REPRESENTATION ( '', ( #701, #1545 ), #2068 ) ;
#1117 = CARTESIAN_POINT ( 'NONE',  ( -85.43019335454566487, 1.517883041479706208E-15, -39.84679431148747142 ) ) ;
#1118 = CARTESIAN_POINT ( 'NONE',  ( -78.39489110930054494, 7.000000000000283329, -42.49545790612676655 ) ) ;
#1119 = DIRECTION ( 'NONE',  ( -1.000000000000000000, 0.000000000000000000, 0.000000000000000000 ) ) ;
#1120 = DIRECTION ( 'NONE',  ( 0.000000000000000000, 0.000000000000000000, -1.000000000000000000 ) ) ;
#1121 = CARTESIAN_POINT ( 'NONE',  ( -78.16383499357661435, -4.743902035652704931E-13, -41.22132205822313011 ) ) ;
#1122 = FILL_AREA_STYLE ('',( #2724 ) ) ;
#1123 = ORIENTED_EDGE ( 'NONE', *, *, #252, .T. ) ;
#1124 = CARTESIAN_POINT ( 'NONE',  ( -79.42640525269155205, -2.602085213965210642E-15, -45.47306104099136093 ) ) ;
#1125 = CIRCLE ( 'NONE', #280, 0.9999999999999948930 ) ;
#1126 = CARTESIAN_POINT ( 'NONE',  ( 4.314459268353855848, 8.697292583425110024, 1.000000000000000000 ) ) ;
#1127 = ADVANCED_FACE ( 'NONE', ( #821 ), #3053, .T. ) ;
#1128 = CARTESIAN_POINT ( 'NONE',  ( -85.13637233178063468, 1.000000000000000888, -30.21674210529830162 ) ) ;
#1129 = CARTESIAN_POINT ( 'NONE',  ( -80.31983377396046819, 29.00000000000000355, -43.66898261610251097 ) ) ;
#1130 = VECTOR ( 'NONE', #569, 1000.000000000000000 ) ;
#1131 = LINE ( 'NONE', #2015, #780 ) ;
#1132 = CARTESIAN_POINT ( 'NONE',  ( -85.17541337179096672, 1.366070014625755484E-12, -35.77145810489410138 ) ) ;
#1133 = VERTEX_POINT ( 'NONE', #222 ) ;
#1134 = EDGE_LOOP ( 'NONE', ( #1831, #1683, #3658, #2923 ) ) ;
#1135 = SPHERICAL_SURFACE ( 'NONE', #2804, 1.000000000000000000 ) ;
#1136 = CARTESIAN_POINT ( 'NONE',  ( -78.14498583600453685, 1.000000000000001332, -40.94665394732428609 ) ) ;
#1137 = DIRECTION ( 'NONE',  ( 0.000000000000000000, 0.000000000000000000, -1.000000000000000000 ) ) ;
#1138 = AXIS2_PLACEMENT_3D ( 'NONE', #1397, #2525, #1631 ) ;
#1139 = DIRECTION ( 'NONE',  ( 0.000000000000000000, 0.000000000000000000, -1.000000000000000000 ) ) ;
#1140 = CARTESIAN_POINT ( 'NONE',  ( -63.48995295431750208, -5.000000000000000000, -30.23598720549306051 ) ) ;
#1141 = ORIENTED_EDGE ( 'NONE', *, *, #380, .F. ) ;
#1142 = AXIS2_PLACEMENT_3D ( 'NONE', #1750, #2875, #7 ) ;
#1143 = DIRECTION ( 'NONE',  ( -0.000000000000000000, 1.000000000000000000, -0.000000000000000000 ) ) ;
#1144 = AXIS2_PLACEMENT_3D ( 'NONE', #1030, #2146, #3012 ) ;
#1145 = LINE ( 'NONE', #2287, #493 ) ;
#1146 = SHAPE_DEFINITION_REPRESENTATION ( #2911, #2644 ) ;
#1147 = DIRECTION ( 'NONE',  ( 1.000000000000000000, 0.000000000000000000, 0.000000000000000000 ) ) ;
#1148 = AXIS2_PLACEMENT_3D ( 'NONE', #580, #1470, #2604 ) ;
#1149 = CARTESIAN_POINT ( 'NONE',  ( -81.09481793519418602, 7.000000000000000888, -46.11882641713324205 ) ) ;
#1150 = VECTOR ( 'NONE', #517, 1000.000000000000000 ) ;
#1151 = CARTESIAN_POINT ( 'NONE',  ( 12.51004704568249792, -5.000000000000000000, -4.235987205493064067 ) ) ;
#1152 = EDGE_CURVE ( 'NONE', #575, #1572, #3285, .T. ) ;
#1153 = CARTESIAN_POINT ( 'NONE',  ( -79.00803301939133405, 28.00000000000031619, -43.75457944434109692 ) ) ;
#1154 = FACE_OUTER_BOUND ( 'NONE', #2522, .T. ) ;
#1155 = DIRECTION ( 'NONE',  ( 1.000000000000000000, -0.000000000000000000, -0.000000000000000000 ) ) ;
#1156 = CARTESIAN_POINT ( 'NONE',  ( -85.24684754624806260, 1.000000000000000888, -36.42159240873620263 ) ) ;
#1157 = ORIENTED_EDGE ( 'NONE', *, *, #771, .F. ) ;
#1158 = EDGE_CURVE ( 'NONE', #1655, #3366, #3600, .T. ) ;
#1159 = CARTESIAN_POINT ( 'NONE',  ( -78.19668032396370450, 5.999999999999719336, -41.69513186896580237 ) ) ;
#1160 = CARTESIAN_POINT ( 'NONE',  ( -58.48995295431750208, 0.000000000000000000, -25.23598720549304986 ) ) ;
#1161 = DIRECTION ( 'NONE',  ( 1.000000000000000000, 0.000000000000000000, 0.000000000000000000 ) ) ;
#1162 = DIRECTION ( 'NONE',  ( 0.000000000000000000, -0.000000000000000000, 1.000000000000000000 ) ) ;
#1163 = CARTESIAN_POINT ( 'NONE',  ( -80.16226214041742537, 6.000000000000000000, -44.74270403287415121 ) ) ;
#1164 = CONTEXT_DEPENDENT_SHAPE_REPRESENTATION ( #725, #597 ) ;
#1165 = DIRECTION ( 'NONE',  ( -1.000000000000000000, -0.000000000000000000, -0.000000000000000000 ) ) ;
#1166 = CARTESIAN_POINT ( 'NONE',  ( -78.14558783511202478, 28.00000000000014921, -40.91615528817229830 ) ) ;
#1167 = CARTESIAN_POINT ( 'NONE',  ( -84.13637233178063468, 1.000000000000000888, -30.21674210529830162 ) ) ;
#1168 = DIRECTION ( 'NONE',  ( 0.000000000000000000, 0.000000000000000000, -1.000000000000000000 ) ) ;
#1169 = ADVANCED_FACE ( 'NONE', ( #191 ), #3568, .F. ) ;
#1170 = CARTESIAN_POINT ( 'NONE',  ( -86.56688208407017271, 1.000000000000004441, -39.89655160730598027 ) ) ;
#1171 = ORIENTED_EDGE ( 'NONE', *, *, #2531, .F. ) ;
#1172 = ORIENTED_EDGE ( 'NONE', *, *, #2364, .F. ) ;
#1173 = CARTESIAN_POINT ( 'NONE',  ( -77.13637987526423956, 7.000000000000000000, -40.53022924388768189 ) ) ;
#1174 = CARTESIAN_POINT ( 'NONE',  ( -79.11550401912710129, 0.9999999999999958922, -43.89009545143171920 ) ) ;
#1175 = DIRECTION ( 'NONE',  ( -1.239088197126290817E-16, 1.000000000000000000, 0.000000000000000000 ) ) ;
#1176 = EDGE_CURVE ( 'NONE', #3009, #2163, #171, .T. ) ;
#1177 = CARTESIAN_POINT ( 'NONE',  ( -78.13697288786659101, 1.517883041479706208E-15, -40.61302964182252140 ) ) ;
#1178 = ORIENTED_EDGE ( 'NONE', *, *, #2095, .T. ) ;
#1179 = CYLINDRICAL_SURFACE ( 'NONE', #3162, 1.000000000000000888 ) ;
#1180 = ORIENTED_EDGE ( 'NONE', *, *, #2830, .T. ) ;
#1181 = CARTESIAN_POINT ( 'NONE',  ( 14.51004704568249792, 3.000000000000000000, -32.23598720549306051 ) ) ;
#1182 = CARTESIAN_POINT ( 'NONE',  ( -29.18554073164614593, 8.697292583425110024, 7.000000000000000000 ) ) ;
#1183 = DIRECTION ( 'NONE',  ( -1.000000000000000000, 0.000000000000000000, 0.000000000000000000 ) ) ;
#1184 = CIRCLE ( 'NONE', #1658, 1.000000000000000888 ) ;
#1185 = CARTESIAN_POINT ( 'NONE',  ( -79.49876917851969438, 6.000000000000000000, -38.21674210529830162 ) ) ;
#1186 = CARTESIAN_POINT ( 'NONE',  ( -79.13761016720758334, 29.00000000000000000, -40.64483608519076085 ) ) ;
#1187 = CARTESIAN_POINT ( 'NONE',  ( -85.54478796259934370, 1.517883041479711927E-15, -40.03713040387867750 ) ) ;
#1188 = CARTESIAN_POINT ( 'NONE',  ( -79.17783559371919466, 1.517883041479706208E-15, -41.31447160050905865 ) ) ;
#1189 = CARTESIAN_POINT ( 'NONE',  ( -86.53806954783753724, 0.9999999999999940048, -39.82267731363921115 ) ) ;
#1190 = EDGE_LOOP ( 'NONE', ( #863, #748, #1754, #1313 ) ) ;
#1191 = ORIENTED_EDGE ( 'NONE', *, *, #1045, .F. ) ;
#1192 = CARTESIAN_POINT ( 'NONE',  ( -78.48029268601261776, 6.999999999999858780, -42.75429620550124810 ) ) ;
#1193 = EDGE_CURVE ( 'NONE', #1898, #2640, #1339, .T. ) ;
#1194 = CARTESIAN_POINT ( 'NONE',  ( -86.69974832075470772, 0.9999999999999958922, -41.58039382432544784 ) ) ;
#1195 = FACE_OUTER_BOUND ( 'NONE', #3423, .T. ) ;
#1196 = CARTESIAN_POINT ( 'NONE',  ( -78.14143381951912204, 0.9999999999990669686, -40.81485063601766683 ) ) ;
#1197 = ORIENTED_EDGE ( 'NONE', *, *, #8, .T. ) ;
#1198 = ORIENTED_EDGE ( 'NONE', *, *, #700, .T. ) ;
#1199 = EDGE_CURVE ( 'NONE', #1294, #1426, #2422, .T. ) ;
#1200 = CARTESIAN_POINT ( 'NONE',  ( -63.48995295431750208, -5.000000000000000000, -30.23598720549306051 ) ) ;
#1201 = CARTESIAN_POINT ( 'NONE',  ( -84.14997100268541885, 27.99999999999999645, -44.90273620861195525 ) ) ;
#1202 = AXIS2_PLACEMENT_3D ( 'NONE', #1026, #3309, #2436 ) ;
#1203 = FACE_OUTER_BOUND ( 'NONE', #3140, .T. ) ;
#1204 = CIRCLE ( 'NONE', #306, 1.000000000000000000 ) ;
#1205 = AXIS2_PLACEMENT_3D ( 'NONE', #350, #858, #2602 ) ;
#1206 = CARTESIAN_POINT ( 'NONE',  ( -84.11593693517997394, 28.00000000000031264, -44.91599312016649748 ) ) ;
#1207 = FACE_OUTER_BOUND ( 'NONE', #1817, .T. ) ;
#1208 = AXIS2_PLACEMENT_3D ( 'NONE', #2480, #1582, #3268 ) ;
#1209 = ORIENTED_EDGE ( 'NONE', *, *, #3377, .T. ) ;
#1210 = ORIENTED_EDGE ( 'NONE', *, *, #2528, .T. ) ;
#1211 = DIRECTION ( 'NONE',  ( 0.000000000000000000, -0.000000000000000000, 1.000000000000000000 ) ) ;
#1212 = CARTESIAN_POINT ( 'NONE',  ( -85.13637233178063468, 1.000000000000007772, -35.23230762166618746 ) ) ;
#1213 = CARTESIAN_POINT ( 'NONE',  ( -83.46558505900377156, 0.9999999999996875832, -45.10034822816237465 ) ) ;
#1214 = EDGE_LOOP ( 'NONE', ( #233, #3385, #436, #3334 ) ) ;
#1215 = CARTESIAN_POINT ( 'NONE',  ( -65.48995295431750208, 0.000000000000000000, -2.235987205493061847 ) ) ;
#1216 = ORIENTED_EDGE ( 'NONE', *, *, #402, .T. ) ;
#1217 = CARTESIAN_POINT ( 'NONE',  ( -84.93581851193629007, 28.61472901375723055, -35.23813401875916185 ) ) ;
#1218 = EDGE_CURVE ( 'NONE', #3019, #3484, #1367, .T. ) ;
#1219 = ITEM_DEFINED_TRANSFORMATION ( 'NONE', 'NONE', #718,  #1545 ) ;
#1220 = CARTESIAN_POINT ( 'NONE',  ( -86.62306844322728239, 27.99999999999999289, -41.99381429207499394 ) ) ;
#1221 = DIRECTION ( 'NONE',  ( 0.9999924565163904600, 0.000000000000000000, -0.003884187214212040350 ) ) ;
#1222 = ADVANCED_FACE ( 'NONE', ( #3620 ), #154, .F. ) ;
#1223 = DIRECTION ( 'NONE',  ( -0.000000000000000000, -0.000000000000000000, 1.000000000000000000 ) ) ;
#1224 = PRODUCT ( 'SofaAssem', 'SofaAssem', '', ( #435 ) ) ;
#1225 = CARTESIAN_POINT ( 'NONE',  ( -84.26654790979431198, 29.00000000000000000, -43.75139004959364541 ) ) ;
#1226 = CARTESIAN_POINT ( 'NONE',  ( -81.69490738974086241, 28.99999999999999645, -44.18570665948570309 ) ) ;
#1227 = VERTEX_POINT ( 'NONE', #461 ) ;
#1228 = ORIENTED_EDGE ( 'NONE', *, *, #1671, .T. ) ;
#1229 = DIRECTION ( 'NONE',  ( 1.000000000000000000, 0.000000000000000000, 0.000000000000000000 ) ) ;
#1230 = CARTESIAN_POINT ( 'NONE',  ( -85.13637233178063468, 28.00000000000000000, -30.21674210529830162 ) ) ;
#1231 = CARTESIAN_POINT ( 'NONE',  ( -82.72921587559378054, -3.686287386450715076E-15, -44.21172369041018158 ) ) ;
#1232 = VERTEX_POINT ( 'NONE', #3300 ) ;
#1233 = DIRECTION ( 'NONE',  ( 0.000000000000000000, -0.000000000000000000, 1.000000000000000000 ) ) ;
#1234 = ORIENTED_EDGE ( 'NONE', *, *, #2414, .F. ) ;
#1235 = DIRECTION ( 'NONE',  ( 0.000000000000000000, 1.000000000000000000, 0.000000000000000000 ) ) ;
#1236 = DIRECTION ( 'NONE',  ( 0.000000000000000000, -1.000000000000000000, -3.491481338843133355E-15 ) ) ;
#1237 = CARTESIAN_POINT ( 'NONE',  ( -86.63373573177250364, 28.99999999999999645, -40.10928643673665306 ) ) ;
#1238 = CARTESIAN_POINT ( 'NONE',  ( -85.25033944085562609, 28.00000000000001421, -44.29358177006839981 ) ) ;
#1239 = CARTESIAN_POINT ( 'NONE',  ( -84.13637233178063468, 0.000000000000000000, -35.23230762166618746 ) ) ;
#1240 = DIRECTION ( 'NONE',  ( 0.000000000000000000, -1.000000000000000000, 0.000000000000000000 ) ) ;
#1241 = CARTESIAN_POINT ( 'NONE',  ( -85.35710309373281746, 29.00000000000000355, -42.58887856777376868 ) ) ;
#1242 = EDGE_CURVE ( 'NONE', #1062, #2334, #556, .T. ) ;
#1243 = VECTOR ( 'NONE', #590, 1000.000000000000000 ) ;
#1244 = CARTESIAN_POINT ( 'NONE',  ( -79.13792334377721716, 29.00000000000000711, -40.88160982326493809 ) ) ;
#1245 = EDGE_LOOP ( 'NONE', ( #896, #3596, #3508, #1514 ) ) ;
#1246 = FACE_OUTER_BOUND ( 'NONE', #1868, .T. ) ;
#1247 = ADVANCED_FACE ( 'NONE', ( #45 ), #3160, .T. ) ;
#1248 = CARTESIAN_POINT ( 'NONE',  ( -85.10507195747462106, 28.00000000000000000, -31.21674210529830518 ) ) ;
#1249 = UNCERTAINTY_MEASURE_WITH_UNIT (LENGTH_MEASURE( 1.000000000000000082E-05 ), #1335, 'distance_accuracy_value', 'NONE');
#1250 = ORIENTED_EDGE ( 'NONE', *, *, #1820, .T. ) ;
#1251 = DIRECTION ( 'NONE',  ( 1.000000000000000000, 0.000000000000000000, 0.000000000000000000 ) ) ;
#1252 = ORIENTED_EDGE ( 'NONE', *, *, #2117, .F. ) ;
#1253 = CARTESIAN_POINT ( 'NONE',  ( 18.64641937746229416, -27.21674210530067484, -29.23598720549418317 ) ) ;
#1254 = VERTEX_POINT ( 'NONE', #232 ) ;
#1255 = CARTESIAN_POINT ( 'NONE',  ( -86.45300432764108223, 27.99999999999998934, -39.62859579479469119 ) ) ;
#1256 = DIRECTION ( 'NONE',  ( 1.000000000000000000, -0.000000000000000000, 0.000000000000000000 ) ) ;
#1257 = DIRECTION ( 'NONE',  ( -0.000000000000000000, -0.000000000000000000, 1.000000000000000000 ) ) ;
#1258 = CIRCLE ( 'NONE', #1616, 1.000000000000000000 ) ;
#1259 = PLANE ( 'NONE',  #2556 ) ;
#1260 = CARTESIAN_POINT ( 'NONE',  ( -81.51214832418216361, 27.99999999999938183, -45.17136981920033634 ) ) ;
#1261 = VECTOR ( 'NONE', #807, 1000.000000000000000 ) ;
#1262 = CARTESIAN_POINT ( 'NONE',  ( -86.18244701512386996, 1.000000000000011768, -43.16877153308142567 ) ) ;
#1263 = ADVANCED_FACE ( 'NONE', ( #1055 ), #2155, .T. ) ;
#1264 = CIRCLE ( 'NONE', #3159, 1.000000000000000888 ) ;
#1265 = CARTESIAN_POINT ( 'NONE',  ( -83.79046634519218628, 28.99999999999998579, -43.96898421629691711 ) ) ;
#1266 =( BOUNDED_CURVE ( )  B_SPLINE_CURVE ( 3, ( #3363, #1391, #3132, #3622 ),
 .UNSPECIFIED., .F., .T. ) 
 B_SPLINE_CURVE_WITH_KNOTS ( ( 4, 4 ),
 ( 4.712388980384689674, 6.283185307179586232 ),
 .UNSPECIFIED. ) 
 CURVE ( )  GEOMETRIC_REPRESENTATION_ITEM ( )  RATIONAL_B_SPLINE_CURVE ( ( 1.000000000000000000, 0.8047378541243649375, 0.8047378541243649375, 1.000000000000000000 ) ) 
 REPRESENTATION_ITEM ( '' )  );
#1267 = CARTESIAN_POINT ( 'NONE',  ( -77.13637233178062047, 1.000000000000000000, -38.21674210529830162 ) ) ;
#1268 = AXIS2_PLACEMENT_3D ( 'NONE', #862, #317, #1760 ) ;
#1269 = DIRECTION ( 'NONE',  ( -0.000000000000000000, 1.000000000000000000, -0.000000000000000000 ) ) ;
#1270 = EDGE_CURVE ( 'NONE', #123, #902, #486, .T. ) ;
#1271 = CARTESIAN_POINT ( 'NONE',  ( -78.24349048462221390, -4.628246556238911241E-13, -41.84133553925420301 ) ) ;
#1272 = ORIENTED_EDGE ( 'NONE', *, *, #52, .F. ) ;
#1273 = LINE ( 'NONE', #2944, #3278 ) ;
#1274 = VERTEX_POINT ( 'NONE', #796 ) ;
#1275 = CARTESIAN_POINT ( 'NONE',  ( -86.11053564370875790, 29.00000000000001421, -39.03310794503366310 ) ) ;
#1276 = CARTESIAN_POINT ( 'NONE',  ( -78.13637233178062047, 1.000000000000000000, -40.52634505667347042 ) ) ;
#1277 = CARTESIAN_POINT ( 'NONE',  ( 3.314459268353858956, -18.30270741657488998, 1.000000000000000000 ) ) ;
#1278 = CARTESIAN_POINT ( 'NONE',  ( -82.72921587559378054, 28.99999999999999645, -44.21172369041018158 ) ) ;
#1279 = CARTESIAN_POINT ( 'NONE',  ( -85.42652710247843117, 29.00000000000000000, -42.43899006145375807 ) ) ;
#1280 = CARTESIAN_POINT ( 'NONE',  ( -58.48995295431750208, -5.000000000000000000, -4.235987205493064067 ) ) ;
#1281 = PRODUCT_DEFINITION_SHAPE ( 'NONE', 'NONE',  #3095 ) ;
#1282 = ADVANCED_FACE ( 'NONE', ( #2813 ), #253, .T. ) ;
#1283 = CARTESIAN_POINT ( 'NONE',  ( -58.48995295431750208, 0.000000000000000000, -4.235987205493064067 ) ) ;
#1284 = CARTESIAN_POINT ( 'NONE',  ( -79.00803301939133405, 1.000000000000318190, -43.75457944434109692 ) ) ;
#1285 = CARTESIAN_POINT ( 'NONE',  ( 4.314459268353855848, 7.697292583425109136, 6.000000000000000000 ) ) ;
#1286 = CARTESIAN_POINT ( 'NONE',  ( -82.40004050653408285, 6.722053469410126702E-15, -44.23022779359891388 ) ) ;
#1287 = EDGE_CURVE ( 'NONE', #2978, #790, #3020, .T. ) ;
#1288 = ORIENTED_EDGE ( 'NONE', *, *, #1880, .F. ) ;
#1289 = CARTESIAN_POINT ( 'NONE',  ( -86.74362443690375812, 27.99999999999998934, -41.05834593093344154 ) ) ;
#1290 =( REPRESENTATION_RELATIONSHIP ('NONE','NONE', #96, #2515 ) REPRESENTATION_RELATIONSHIP_WITH_TRANSFORMATION ( #2848 )SHAPE_REPRESENTATION_RELATIONSHIP( ) );
#1291 = ORIENTED_EDGE ( 'NONE', *, *, #1107, .F. ) ;
#1292 = CARTESIAN_POINT ( 'NONE',  ( -78.47918617919918916, 4.217090053549834679E-13, -42.75086265785564876 ) ) ;
#1293 = CARTESIAN_POINT ( 'NONE',  ( 12.51004704568249792, 0.000000000000000000, -9.235987205493074725 ) ) ;
#1294 = VERTEX_POINT ( 'NONE', #1954 ) ;
#1295 = CARTESIAN_POINT ( 'NONE',  ( -81.66856405131676411, 0.9999999999999906741, -45.19014916255993342 ) ) ;
#1296 = FACE_OUTER_BOUND ( 'NONE', #1343, .T. ) ;
#1297 = CARTESIAN_POINT ( 'NONE',  ( -82.42051944751685255, 6.000000000000000000, -46.16266747147606964 ) ) ;
#1298 = CARTESIAN_POINT ( 'NONE',  ( -58.48995295431750208, -5.000000000000000000, -4.235987205493064067 ) ) ;
#1299 = AXIS2_PLACEMENT_3D ( 'NONE', #3353, #1349, #526 ) ;
#1300 = CARTESIAN_POINT ( 'NONE',  ( -85.17869450021667888, 6.722053469410127491E-15, -42.90220867695229856 ) ) ;
#1301 = EDGE_LOOP ( 'NONE', ( #1329, #2020, #846, #2661 ) ) ;
#1302 = CARTESIAN_POINT ( 'NONE',  ( -81.42051944751688097, 6.000000000000000000, -46.16266747147606964 ) ) ;
#1303 = EDGE_LOOP ( 'NONE', ( #158, #143, #535 ) ) ;
#1304 = CARTESIAN_POINT ( 'NONE',  ( -84.27425048926147610, 1.517883041479706208E-15, -43.74690828157144296 ) ) ;
#1305 = PLANE ( 'NONE',  #10 ) ;
#1306 = ORIENTED_EDGE ( 'NONE', *, *, #564, .F. ) ;
#1307 = CARTESIAN_POINT ( 'NONE',  ( -85.69881323264792172, 28.99999999999999645, -40.49837692008814827 ) ) ;
#1308 = ORIENTED_EDGE ( 'NONE', *, *, #1698, .T. ) ;
#1309 = ADVANCED_FACE ( 'NONE', ( #2192 ), #540, .F. ) ;
#1310 = CARTESIAN_POINT ( 'NONE',  ( -77.95140978457448000, 0.000000000000000000, -43.97409600762876636 ) ) ;
#1311 = CARTESIAN_POINT ( 'NONE',  ( -77.13637987526423956, 6.000000000000000000, -40.53022924388768189 ) ) ;
#1312 = EDGE_CURVE ( 'NONE', #542, #1635, #762, .T. ) ;
#1313 = ORIENTED_EDGE ( 'NONE', *, *, #2414, .T. ) ;
#1314 = CARTESIAN_POINT ( 'NONE',  ( 7.510047045682499700, -5.000000000000000000, -9.235987205493074725 ) ) ;
#1315 = AXIS2_PLACEMENT_3D ( 'NONE', #3148, #611, #2836 ) ;
#1316 = ORIENTED_EDGE ( 'NONE', *, *, #203, .F. ) ;
#1317 = AXIS2_PLACEMENT_3D ( 'NONE', #2511, #2529, #3352 ) ;
#1318 = CARTESIAN_POINT ( 'NONE',  ( -77.13637233178062047, 7.000000000000000000, -40.53022924388768189 ) ) ;
#1319 = DIRECTION ( 'NONE',  ( -1.000000000000000000, 0.000000000000000000, 0.000000000000000000 ) ) ;
#1320 = AXIS2_PLACEMENT_3D ( 'NONE', #1478, #1223, #992 ) ;
#1321 = AXIS2_PLACEMENT_3D ( 'NONE', #1566, #2108, #138 ) ;
#1322 = UNCERTAINTY_MEASURE_WITH_UNIT (LENGTH_MEASURE( 1.000000000000000082E-05 ), #2254, 'distance_accuracy_value', 'NONE');
#1323 = CARTESIAN_POINT ( 'NONE',  ( -85.55852733894543860, 1.517883041479706208E-15, -42.09256065198334085 ) ) ;
#1324 = CARTESIAN_POINT ( 'NONE',  ( -85.32467953577243236, 28.00000000000000000, -38.47048848134693344 ) ) ;
#1325 = CARTESIAN_POINT ( 'NONE',  ( -79.03701613358347799, 6.999999999999647393, -43.78327290881640010 ) ) ;
#1326 = CIRCLE ( 'NONE', #1385, 1.000000000000000000 ) ;
#1327 = CARTESIAN_POINT ( 'NONE',  ( -81.87027967674916340, 6.722053469410115658E-15, -44.20449336729630119 ) ) ;
#1328 = CARTESIAN_POINT ( 'NONE',  ( 7.510047045682499700, -5.000000000000000000, -4.235987205493064067 ) ) ;
#1329 = ORIENTED_EDGE ( 'NONE', *, *, #1717, .T. ) ;
#1330 = DIRECTION ( 'NONE',  ( 0.000000000000000000, 0.000000000000000000, -1.000000000000000000 ) ) ;
#1331 = VERTEX_POINT ( 'NONE', #179 ) ;
#1332 = CARTESIAN_POINT ( 'NONE',  ( -85.13637233178063468, 29.00000000000000000, -30.21674210529830162 ) ) ;
#1333 = CARTESIAN_POINT ( 'NONE',  ( -80.27266498557953867, 1.000000000000000222, -44.80720202463795943 ) ) ;
#1334 = ADVANCED_FACE ( 'NONE', ( #214 ), #3592, .T. ) ;
#1335 =( LENGTH_UNIT ( ) NAMED_UNIT ( * ) SI_UNIT ( .MILLI., .METRE. ) );
#1336 = ORIENTED_EDGE ( 'NONE', *, *, #146, .T. ) ;
#1337 = EDGE_CURVE ( 'NONE', #542, #2485, #1258, .T. ) ;
#1338 = CARTESIAN_POINT ( 'NONE',  ( -84.56342590779009072, 28.99999999999998934, -38.01112689509808718 ) ) ;
#1339 = LINE ( 'NONE', #1928, #2262 ) ;
#1340 = PLANE ( 'NONE',  #3614 ) ;
#1341 = DIRECTION ( 'NONE',  ( 0.000000000000000000, 0.000000000000000000, 1.000000000000000000 ) ) ;
#1342 = CARTESIAN_POINT ( 'NONE',  ( -84.75652218642454727, 1.000000000000311529, -44.62494801225795271 ) ) ;
#1343 = EDGE_LOOP ( 'NONE', ( #3313, #904, #3024, #2010 ) ) ;
#1344 = ORIENTED_EDGE ( 'NONE', *, *, #817, .F. ) ;
#1345 = CARTESIAN_POINT ( 'NONE',  ( -79.11611041629569741, 7.000000000000352607, -43.88447146792164233 ) ) ;
#1346 = DIRECTION ( 'NONE',  ( 1.000000000000000000, -0.000000000000000000, 0.000000000000000000 ) ) ;
#1347 = CARTESIAN_POINT ( 'NONE',  ( -84.15838754709406544, 28.99999999999999645, -35.59943425867648870 ) ) ;
#1348 = FACE_OUTER_BOUND ( 'NONE', #637, .T. ) ;
#1349 = DIRECTION ( 'NONE',  ( 0.000000000000000000, 0.000000000000000000, 1.000000000000000000 ) ) ;
#1350 = EDGE_LOOP ( 'NONE', ( #474, #1234, #1157, #2769 ) ) ;
#1351 = CARTESIAN_POINT ( 'NONE',  ( -81.42051944751688097, 6.000000000000000000, -46.16266747147606964 ) ) ;
#1352 = ADVANCED_FACE ( 'NONE', ( #581 ), #3109, .F. ) ;
#1353 = DIRECTION ( 'NONE',  ( 0.000000000000000000, 0.000000000000000000, -1.000000000000000000 ) ) ;
#1354 = CARTESIAN_POINT ( 'NONE',  ( 7.510047045682499700, 0.000000000000000000, -4.235987205493064067 ) ) ;
#1355 = CARTESIAN_POINT ( 'NONE',  ( -86.35023925717656823, 0.9999999999987618793, -42.82568294593007607 ) ) ;
#1356 = ORIENTED_EDGE ( 'NONE', *, *, #2621, .T. ) ;
#1357 = ADVANCED_FACE ( 'NONE', ( #565 ), #2242, .F. ) ;
#1358 = LINE ( 'NONE', #1606, #3653 ) ;
#1359 = DIRECTION ( 'NONE',  ( 0.000000000000000000, 0.000000000000000000, -1.000000000000000000 ) ) ;
#1360 = CARTESIAN_POINT ( 'NONE',  ( -85.42435659658796965, 28.99999999999508660, -37.36319768507240013 ) ) ;
#1361 = CIRCLE ( 'NONE', #3485, 1.000000000000000000 ) ;
#1362 = DIRECTION ( 'NONE',  ( 0.000000000000000000, 0.000000000000000000, -1.000000000000000000 ) ) ;
#1363 = CARTESIAN_POINT ( 'NONE',  ( -81.55392135783904450, 0.9999999999999991118, -45.17160545004531258 ) ) ;
#1364 = ORIENTED_EDGE ( 'NONE', *, *, #2743, .T. ) ;
#1365 = DIRECTION ( 'NONE',  ( 1.000000000000000000, 0.000000000000000000, 0.000000000000000000 ) ) ;
#1366 = CARTESIAN_POINT ( 'NONE',  ( -84.93776804525394653, 29.00000000000001421, -38.97639436298057802 ) ) ;
#1367 = LINE ( 'NONE', #1596, #2746 ) ;
#1368 = CARTESIAN_POINT ( 'NONE',  ( 0.000000000000000000, -5.000000000000000000, 0.000000000000000000 ) ) ;
#1369 = CARTESIAN_POINT ( 'NONE',  ( -82.42051944751685255, 1.000000000000000000, -54.21674210529830162 ) ) ;
#1370 = EDGE_CURVE ( 'NONE', #2640, #330, #2319, .T. ) ;
#1371 = VECTOR ( 'NONE', #1240, 1000.000000000000000 ) ;
#1372 = CIRCLE ( 'NONE', #3213, 1.000000000000000888 ) ;
#1373 = CARTESIAN_POINT ( 'NONE',  ( -86.70936829409734514, -1.263871436969640475E-12, -41.51744760464187323 ) ) ;
#1374 = ORIENTED_EDGE ( 'NONE', *, *, #832, .T. ) ;
#1375 = CARTESIAN_POINT ( 'NONE',  ( -79.03701613319697117, 6.000000000000000000, -43.78327290908683977 ) ) ;
#1376 = AXIS2_PLACEMENT_3D ( 'NONE', #3473, #3455, #403 ) ;
#1377 = AXIS2_PLACEMENT_3D ( 'NONE', #2014, #2616, #572 ) ;
#1378 = EDGE_CURVE ( 'NONE', #1810, #3465, #1492, .T. ) ;
#1379 = CARTESIAN_POINT ( 'NONE',  ( -28.68554073164614593, 0.000000000000000000, 6.000000000000000000 ) ) ;
#1380 = VERTEX_POINT ( 'NONE', #315 ) ;
#1381 = AXIS2_PLACEMENT_3D ( 'NONE', #1944, #1353, #752 ) ;
#1382 =( BOUNDED_CURVE ( )  B_SPLINE_CURVE ( 3, ( #3355, #1940, #1958, #3372 ),
 .UNSPECIFIED., .F., .F. ) 
 B_SPLINE_CURVE_WITH_KNOTS ( ( 4, 4 ),
 ( 4.712388980384689674, 6.283185307179586232 ),
 .UNSPECIFIED. ) 
 CURVE ( )  GEOMETRIC_REPRESENTATION_ITEM ( )  RATIONAL_B_SPLINE_CURVE ( ( 1.000000000000000000, 0.8047378541243649375, 0.8047378541243649375, 1.000000000000000000 ) ) 
 REPRESENTATION_ITEM ( '' )  );
#1383 = CARTESIAN_POINT ( 'NONE',  ( -79.21973211610543331, 5.999999999999997335, -44.01825861142093288 ) ) ;
#1384 = CARTESIAN_POINT ( 'NONE',  ( 4.314459268353859400, -18.30270741657488998, 6.000000000000000000 ) ) ;
#1385 = AXIS2_PLACEMENT_3D ( 'NONE', #1018, #736, #2999 ) ;
#1386 = LINE ( 'NONE', #1126, #2428 ) ;
#1387 = CARTESIAN_POINT ( 'NONE',  ( -86.09350658011013024, 1.000000000000001776, -39.00818909928798206 ) ) ;
#1388 = DIRECTION ( 'NONE',  ( 0.000000000000000000, 0.000000000000000000, -1.000000000000000000 ) ) ;
#1389 = ORIENTED_EDGE ( 'NONE', *, *, #2763, .F. ) ;
#1390 = CARTESIAN_POINT ( 'NONE',  ( -78.16383499136392743, 27.99999999999968381, -41.22132205835543317 ) ) ;
#1391 = CARTESIAN_POINT ( 'NONE',  ( -84.72215876940752821, 9.765949496119465562E-16, -30.63095566767139744 ) ) ;
#1392 = CARTESIAN_POINT ( 'NONE',  ( -86.70392507851494202, 0.9999999999998445688, -40.44538348239191095 ) ) ;
#1393 = ORIENTED_EDGE ( 'NONE', *, *, #3503, .F. ) ;
#1394 = CARTESIAN_POINT ( 'NONE',  ( -80.65205971398826534, 5.999999999999927169, -44.95777946045755868 ) ) ;
#1395 = PRODUCT_DEFINITION ( 'UNKNOWN', '', #2123, #2586 ) ;
#1396 = DIRECTION ( 'NONE',  ( -1.000000000000000000, 0.000000000000000000, 0.000000000000000000 ) ) ;
#1397 = CARTESIAN_POINT ( 'NONE',  ( 12.51004704568249792, -5.000000000000000000, -25.23598720549304630 ) ) ;
#1398 =( LENGTH_UNIT ( ) NAMED_UNIT ( * ) SI_UNIT ( .MILLI., .METRE. ) );
#1399 = EDGE_CURVE ( 'NONE', #248, #3191, #968, .T. ) ;
#1400 = CARTESIAN_POINT ( 'NONE',  ( -78.18489959655715893, 6.000000000000001776, -41.59551222995903430 ) ) ;
#1401 = CYLINDRICAL_SURFACE ( 'NONE', #2728, 1.000000000000000888 ) ;
#1402 = ADVANCED_FACE ( 'NONE', ( #2883 ), #3383, .T. ) ;
#1403 = CARTESIAN_POINT ( 'NONE',  ( -79.72514046693447654, 27.99999999999937472, -44.47634949943556393 ) ) ;
#1404 = LINE ( 'NONE', #2235, #669 ) ;
#1405 = CYLINDRICAL_SURFACE ( 'NONE', #890, 1.000000000000000888 ) ;
#1406 = CARTESIAN_POINT ( 'NONE',  ( -85.69996983864255924, 1.000000000000007772, -38.22748524759209943 ) ) ;
#1407 = ORIENTED_EDGE ( 'NONE', *, *, #225, .T. ) ;
#1408 = ORIENTED_EDGE ( 'NONE', *, *, #331, .F. ) ;
#1409 = CARTESIAN_POINT ( 'NONE',  ( -63.48995295431750208, -5.000000000000000000, -9.235987205493071173 ) ) ;
#1410 = CARTESIAN_POINT ( 'NONE',  ( -78.13697288746271852, 1.000000000000000888, -40.61302964182564779 ) ) ;
#1411 = CARTESIAN_POINT ( 'NONE',  ( -47.13254080751686104, 0.000000000000000000, -52.21674210529830162 ) ) ;
#1412 = EDGE_LOOP ( 'NONE', ( #188, #737, #1099, #1779 ) ) ;
#1413 = CARTESIAN_POINT ( 'NONE',  ( 4.314459268353859400, -19.30270741657488998, 1.000000000000000000 ) ) ;
#1414 = EDGE_CURVE ( 'NONE', #2018, #2134, #2937, .T. ) ;
#1415 = VECTOR ( 'NONE', #112, 1000.000000000000000 ) ;
#1416 = CONTEXT_DEPENDENT_SHAPE_REPRESENTATION ( #1744, #665 ) ;
#1417 = EDGE_LOOP ( 'NONE', ( #2017, #1434, #1087, #3351 ) ) ;
#1418 = AXIS2_PLACEMENT_3D ( 'NONE', #2397, #945, #2062 ) ;
#1419 = CARTESIAN_POINT ( 'NONE',  ( -80.16295165769550124, 7.000000000000000888, -45.84263896212130618 ) ) ;
#1420 = EDGE_CURVE ( 'NONE', #1058, #1835, #3496, .T. ) ;
#1421 = FACE_OUTER_BOUND ( 'NONE', #18, .T. ) ;
#1422 = CARTESIAN_POINT ( 'NONE',  ( -78.74245455983526654, 28.99999999999969447, -43.33626776427143312 ) ) ;
#1423 = CYLINDRICAL_SURFACE ( 'NONE', #1964, 1.000000000000000888 ) ;
#1424 = DIRECTION ( 'NONE',  ( 0.000000000000000000, 0.000000000000000000, -1.000000000000000000 ) ) ;
#1425 = CARTESIAN_POINT ( 'NONE',  ( -85.50369194278221130, 1.000000000000007772, -37.66104527970088611 ) ) ;
#1426 = VERTEX_POINT ( 'NONE', #3247 ) ;
#1427 = EDGE_LOOP ( 'NONE', ( #215, #1838, #371, #773 ) ) ;
#1428 = CARTESIAN_POINT ( 'NONE',  ( -63.48995295431750208, 0.000000000000000000, -4.235987205493064067 ) ) ;
#1429 = DIRECTION ( 'NONE',  ( -0.000000000000000000, -0.000000000000000000, -1.000000000000000000 ) ) ;
#1430 = DIRECTION ( 'NONE',  ( -0.000000000000000000, 1.000000000000000000, -0.000000000000000000 ) ) ;
#1431 = AXIS2_PLACEMENT_3D ( 'NONE', #2565, #335, #1161 ) ;
#1432 = AXIS2_PLACEMENT_3D ( 'NONE', #1182, #2432, #1853 ) ;
#1433 = CARTESIAN_POINT ( 'NONE',  ( -78.13637233178062047, 7.000000000000000000, -37.21674210529830162 ) ) ;
#1434 = ORIENTED_EDGE ( 'NONE', *, *, #3418, .F. ) ;
#1435 = CARTESIAN_POINT ( 'NONE',  ( -58.48995295431750208, -5.000000000000000000, -4.235987205493064067 ) ) ;
#1436 = EDGE_LOOP ( 'NONE', ( #1473, #2761, #943, #505 ) ) ;
#1437 = AXIS2_PLACEMENT_3D ( 'NONE', #1736, #1235, #2359 ) ;
#1438 = CARTESIAN_POINT ( 'NONE',  ( -58.48995295431750208, -5.000000000000000000, -30.23598720549306051 ) ) ;
#1439 = SHAPE_REPRESENTATION_RELATIONSHIP ( 'NONE' , 'NONE' ,  #2132, #2667 ) ;
#1440 = ORIENTED_EDGE ( 'NONE', *, *, #1442, .T. ) ;
#1441 = AXIS2_PLACEMENT_3D ( 'NONE', #1515, #2357, #142 ) ;
#1442 = EDGE_CURVE ( 'NONE', #2396, #1898, #1787, .T. ) ;
#1443 = CARTESIAN_POINT ( 'NONE',  ( -78.23745816717894286, 7.000000000000000000, -44.38491423902976152 ) ) ;
#1444 = AXIS2_PLACEMENT_3D ( 'NONE', #3235, #2317, #3444 ) ;
#1445 = DIRECTION ( 'NONE',  ( -0.000000000000000000, -0.000000000000000000, 1.000000000000000000 ) ) ;
#1446 = CARTESIAN_POINT ( 'NONE',  ( -78.13697288786660522, 29.00000000000000000, -40.61302964182252140 ) ) ;
#1447 = SURFACE_SIDE_STYLE ('',( #589 ) ) ;
#1448 = EDGE_CURVE ( 'NONE', #1254, #2574, #405, .T. ) ;
#1449 = LINE ( 'NONE', #2555, #2842 ) ;
#1450 = CARTESIAN_POINT ( 'NONE',  ( -84.77143851083496884, 1.192622389734054877E-14, -38.60208284499391596 ) ) ;
#1451 = EDGE_LOOP ( 'NONE', ( #3565, #2006, #3391, #1180, #1887, #2695, #1344, #954 ) ) ;
#1452 = CARTESIAN_POINT ( 'NONE',  ( -78.19668032174060102, 6.999999999999440448, -41.69513186951639483 ) ) ;
#1453 = CARTESIAN_POINT ( 'NONE',  ( -78.98744593651011314, 1.000000000000001110, -43.72235617498865423 ) ) ;
#1454 = DIRECTION ( 'NONE',  ( 0.000000000000000000, -0.000000000000000000, -1.000000000000000000 ) ) ;
#1455 = DIRECTION ( 'NONE',  ( 0.000000000000000000, -0.000000000000000000, 1.000000000000000000 ) ) ;
#1456 = DIRECTION ( 'NONE',  ( 0.000000000000000000, 0.000000000000000000, -1.000000000000000000 ) ) ;
#1457 = ORIENTED_EDGE ( 'NONE', *, *, #3584, .F. ) ;
#1458 = DIRECTION ( 'NONE',  ( 1.000000000000000000, 0.000000000000000000, 0.000000000000000000 ) ) ;
#1459 = CARTESIAN_POINT ( 'NONE',  ( -29.68554073164614593, -18.30270741657488998, 1.000000000000000000 ) ) ;
#1460 = FACE_OUTER_BOUND ( 'NONE', #318, .T. ) ;
#1461 = CARTESIAN_POINT ( 'NONE',  ( -29.68554073164614593, 8.697292583425110024, 7.000000000000000000 ) ) ;
#1462 = CARTESIAN_POINT ( 'NONE',  ( -78.13776701812800241, 29.00000000000078160, -40.66341906868279210 ) ) ;
#1463 = SURFACE_STYLE_USAGE ( .BOTH. , #1447 ) ;
#1464 = CARTESIAN_POINT ( 'NONE',  ( -85.74325890582200316, 1.517883041479703052E-15, -40.89145109048054394 ) ) ;
#1465 = EDGE_CURVE ( 'NONE', #3615, #1062, #2593, .T. ) ;
#1466 = CARTESIAN_POINT ( 'NONE',  ( -85.42435659658796965, -3.439825529146814775E-13, -37.36319768507117800 ) ) ;
#1467 = ORIENTED_EDGE ( 'NONE', *, *, #2549, .F. ) ;
#1468 = FACE_OUTER_BOUND ( 'NONE', #267, .T. ) ;
#1469 = CARTESIAN_POINT ( 'NONE',  ( -83.13640769419733090, 1.000000000000011546, -45.17087347913623319 ) ) ;
#1470 = DIRECTION ( 'NONE',  ( 0.000000000000000000, 1.000000000000000000, 0.000000000000000000 ) ) ;
#1471 = CARTESIAN_POINT ( 'NONE',  ( -78.13776701857530327, 1.000000000000468070, -40.66341906867195632 ) ) ;
#1472 = DIRECTION ( 'NONE',  ( 1.000000000000000000, 0.000000000000000000, 0.000000000000000000 ) ) ;
#1473 = ORIENTED_EDGE ( 'NONE', *, *, #3080, .T. ) ;
#1474 = CARTESIAN_POINT ( 'NONE',  ( -45.13254080751686104, 1.000000000000000000, -52.21674210529830162 ) ) ;
#1475 = LINE ( 'NONE', #1716, #2802 ) ;
#1476 = CARTESIAN_POINT ( 'NONE',  ( -78.13637233178062047, 28.00000000000000000, -40.52634505667347042 ) ) ;
#1477 = VECTOR ( 'NONE', #2176, 1000.000000000000000 ) ;
#1478 = CARTESIAN_POINT ( 'NONE',  ( -79.13637233178062047, 28.00000000000000000, -40.52634505667347042 ) ) ;
#1479 = CARTESIAN_POINT ( 'NONE',  ( -82.36603437641086600, 29.00000000000000355, -44.23145998339533946 ) ) ;
#1480 = FILL_AREA_STYLE ('',( #2821 ) ) ;
#1481 = CARTESIAN_POINT ( 'NONE',  ( -81.34712630421225299, 28.99999999999999289, -44.12322663613330320 ) ) ;
#1482 = ORIENTED_EDGE ( 'NONE', *, *, #3067, .T. ) ;
#1483 = ORIENTED_EDGE ( 'NONE', *, *, #3171, .F. ) ;
#1484 = CARTESIAN_POINT ( 'NONE',  ( -79.49876917851969438, 7.000000000000000000, -44.28090285740007914 ) ) ;
#1485 = PRODUCT_DEFINITION_SHAPE ( 'NONE', 'NONE',  #345 ) ;
#1486 = EDGE_CURVE ( 'NONE', #2334, #1294, #2111, .T. ) ;
#1487 = LINE ( 'NONE', #1230, #2868 ) ;
#1488 = CARTESIAN_POINT ( 'NONE',  ( -78.14558783400568132, 2.238594150610635925E-13, -40.91615528823845693 ) ) ;
#1489 = VERTEX_POINT ( 'NONE', #2496 ) ;
#1490 = CARTESIAN_POINT ( 'NONE',  ( -77.20058527088120570, 1.301042606982605518E-15, -41.82986184922405215 ) ) ;
#1491 = ORIENTED_EDGE ( 'NONE', *, *, #2583, .T. ) ;
#1492 = CIRCLE ( 'NONE', #494, 1.000000000000000888 ) ;
#1493 = ADVANCED_FACE ( 'NONE', ( #3619 ), #2729, .T. ) ;
#1494 = DIRECTION ( 'NONE',  ( 1.000000000000000000, 0.000000000000000000, 6.982962677686266711E-15 ) ) ;
#1495 = ORIENTED_EDGE ( 'NONE', *, *, #82, .T. ) ;
#1496 = PLANE ( 'NONE',  #1917 ) ;
#1497 = CIRCLE ( 'NONE', #1376, 1.000000000000000888 ) ;
#1498 = VECTOR ( 'NONE', #2730, 1000.000000000000000 ) ;
#1499 = APPLICATION_PROTOCOL_DEFINITION ( 'draft international standard', 'automotive_design', 1998, #2110 ) ;
#1500 = CARTESIAN_POINT ( 'NONE',  ( -85.79496964631503886, 27.99999999999999289, -38.46222042784008721 ) ) ;
#1501 = STYLED_ITEM ( 'NONE', ( #3261 ), #1979 ) ;
#1502 = VECTOR ( 'NONE', #3346, 1000.000000000000000 ) ;
#1503 = DIRECTION ( 'NONE',  ( -0.000000000000000000, 1.000000000000000000, -0.000000000000000000 ) ) ;
#1504 = TOROIDAL_SURFACE ( 'NONE', #1268, 6.000000000000000000, 1.000000000000000000 ) ;
#1505 = VECTOR ( 'NONE', #875, 1000.000000000000000 ) ;
#1506 = CARTESIAN_POINT ( 'NONE',  ( -82.81826489409698411, 29.00000000000186162, -45.21100747420535981 ) ) ;
#1507 = CARTESIAN_POINT ( 'NONE',  ( 12.51004704568249792, -5.000000000000000000, -25.23598720549304630 ) ) ;
#1508 = CARTESIAN_POINT ( 'NONE',  ( -79.16114364795807035, 29.00000000000000355, -41.23400625446042511 ) ) ;
#1509 = ORIENTED_EDGE ( 'NONE', *, *, #2225, .T. ) ;
#1510 = ORIENTED_EDGE ( 'NONE', *, *, #1713, .F. ) ;
#1511 = DIRECTION ( 'NONE',  ( 0.000000000000000000, 0.000000000000000000, -1.000000000000000000 ) ) ;
#1512 = CARTESIAN_POINT ( 'NONE',  ( -84.75143367024729457, 0.2008094687472826712, -35.24349068215480685 ) ) ;
#1513 = CARTESIAN_POINT ( 'NONE',  ( -79.92801705154431602, 1.517883041479706208E-15, -43.30358534312962604 ) ) ;
#1514 = ORIENTED_EDGE ( 'NONE', *, *, #3362, .F. ) ;
#1515 = CARTESIAN_POINT ( 'NONE',  ( -28.68554073164614593, -18.30270741657488998, 1.000000000000000000 ) ) ;
#1516 = ORIENTED_EDGE ( 'NONE', *, *, #3254, .F. ) ;
#1517 = PRODUCT_RELATED_PRODUCT_CATEGORY ( 'part', '', ( #3462 ) ) ;
#1518 = CARTESIAN_POINT ( 'NONE',  ( 3.314459268353858956, -18.30270741657488998, 1.000000000000000000 ) ) ;
#1519 = CARTESIAN_POINT ( 'NONE',  ( -55.17549368596363735, 2.999999999999738431, -9.933279788918218500 ) ) ;
#1520 = CARTESIAN_POINT ( 'NONE',  ( -85.71359652085922676, 28.99999999999999645, -40.58892400057164451 ) ) ;
#1521 = EDGE_CURVE ( 'NONE', #575, #1227, #2461, .T. ) ;
#1522 = CARTESIAN_POINT ( 'NONE',  ( -86.69974826820826763, 27.99999999999999289, -41.58039420126354457 ) ) ;
#1523 = B_SPLINE_CURVE_WITH_KNOTS ( 'NONE', 3,
 ( #2835, #1149, #2011, #278, #1419, #2575, #2271, #3411, #3392, #867, #1996, #296, #1443, #3147, #322, #24, #607, #1745, #1008, #401, #2345, #967 ),
 .UNSPECIFIED., .F., .F.,
 ( 4, 2, 2, 2, 2, 2, 2, 2, 2, 2, 4 ),
 ( 5.928593550334433897E-17, 0.0009718247283921440565, 0.001457737092588189468, 0.001943649456784235204, 0.002915474185176352481, 0.003401386549372419684, 0.003887298913568486454, 0.004859123641960636474, 0.005830948370352786493, 0.006802773098744937380, 0.007774597827137087400 ),
 .UNSPECIFIED. ) ;
#1524 = EDGE_CURVE ( 'NONE', #1931, #2896, #2709, .T. ) ;
#1525 = DIRECTION ( 'NONE',  ( -1.000000000000000000, -0.000000000000000000, -0.000000000000000000 ) ) ;
#1526 = CARTESIAN_POINT ( 'NONE',  ( -86.01940787237333552, 28.99999999999907985, -43.44669915030473817 ) ) ;
#1527 = CARTESIAN_POINT ( 'NONE',  ( 14.51004704568249792, 23.00000000000000000, -32.23598720549306051 ) ) ;
#1528 = ORIENTED_EDGE ( 'NONE', *, *, #1768, .T. ) ;
#1529 = CARTESIAN_POINT ( 'NONE',  ( -84.13637233178063468, 29.00000000000000000, -35.26135916053755892 ) ) ;
#1530 = CARTESIAN_POINT ( 'NONE',  ( -84.39952096210852517, 0.02650283112573113137, -35.25371428787451578 ) ) ;
#1531 = CARTESIAN_POINT ( 'NONE',  ( -80.17879203272981670, 1.517883041479706208E-15, -43.55616045660281088 ) ) ;
#1532 = ORIENTED_EDGE ( 'NONE', *, *, #3188, .T. ) ;
#1533 = CARTESIAN_POINT ( 'NONE',  ( -28.68554073164614593, -18.30270741657488998, 6.000000000000000000 ) ) ;
#1534 = ORIENTED_EDGE ( 'NONE', *, *, #1524, .T. ) ;
#1535 = CARTESIAN_POINT ( 'NONE',  ( 0.000000000000000000, 0.000000000000000000, 0.000000000000000000 ) ) ;
#1536 = CARTESIAN_POINT ( 'NONE',  ( -78.13800855236530651, 27.99999999999999289, -40.94759360423890371 ) ) ;
#1537 = ADVANCED_FACE ( 'NONE', ( #1296 ), #2421, .F. ) ;
#1538 = CYLINDRICAL_SURFACE ( 'NONE', #3045, 1.000000000000000000 ) ;
#1539 = CARTESIAN_POINT ( 'NONE',  ( -84.75652218375564928, 29.00000000000000000, -44.62494800679810680 ) ) ;
#1540 = EDGE_CURVE ( 'NONE', #1987, #2977, #2917, .T. ) ;
#1541 = AXIS2_PLACEMENT_3D ( 'NONE', #386, #2087, #3229 ) ;
#1542 = CARTESIAN_POINT ( 'NONE',  ( -80.22701219481255919, 29.00000000000000000, -43.59655471736120091 ) ) ;
#1543 = ORIENTED_EDGE ( 'NONE', *, *, #140, .F. ) ;
#1544 = FACE_OUTER_BOUND ( 'NONE', #2703, .T. ) ;
#1545 = AXIS2_PLACEMENT_3D ( 'NONE', #865, #2530, #2247 ) ;
#1546 = CARTESIAN_POINT ( 'NONE',  ( -85.13637233178063468, 0.8679101544009386604, -35.23230762166619456 ) ) ;
#1547 = PRODUCT_DEFINITION_CONTEXT ( 'detailed design', #55, 'design' ) ;
#1548 = CARTESIAN_POINT ( 'NONE',  ( -81.06373425359552698, 1.399395278755234962E-12, -45.08512630222412554 ) ) ;
#1549 = ORIENTED_EDGE ( 'NONE', *, *, #3125, .F. ) ;
#1550 = LINE ( 'NONE', #91, #240 ) ;
#1551 = EDGE_LOOP ( 'NONE', ( #856, #3061, #643, #3467 ) ) ;
#1552 = CARTESIAN_POINT ( 'NONE',  ( -85.50369194278221130, 28.00000000000000711, -37.66104527970088611 ) ) ;
#1553 = VECTOR ( 'NONE', #259, 1000.000000000000000 ) ;
#1554 = FACE_OUTER_BOUND ( 'NONE', #357, .T. ) ;
#1555 = DIRECTION ( 'NONE',  ( -0.000000000000000000, -1.000000000000000000, 0.000000000000000000 ) ) ;
#1556 = VECTOR ( 'NONE', #475, 1000.000000000000000 ) ;
#1557 = DIRECTION ( 'NONE',  ( -0.000000000000000000, -1.000000000000000000, -0.000000000000000000 ) ) ;
#1558 = ADVANCED_FACE ( 'NONE', ( #3299 ), #1077, .T. ) ;
#1559 = CARTESIAN_POINT ( 'NONE',  ( -80.78786605297062806, 28.99999999999999645, -43.93931846519363660 ) ) ;
#1560 = VECTOR ( 'NONE', #419, 1000.000000000000000 ) ;
#1561 = CIRCLE ( 'NONE', #3097, 5.999999999999998224 ) ;
#1562 = COLOUR_RGB ( '',0.7921568627450980005, 0.8196078431372548767, 0.9333333333333333481 ) ;
#1563 = AXIS2_PLACEMENT_3D ( 'NONE', #2642, #3266, #730 ) ;
#1564 = CARTESIAN_POINT ( 'NONE',  ( -84.27425048925961448, 29.00000000000001776, -43.74690828157253719 ) ) ;
#1565 = EDGE_CURVE ( 'NONE', #3506, #442, #2495, .T. ) ;
#1566 = CARTESIAN_POINT ( 'NONE',  ( 12.51004704568249792, -5.000000000000000000, -4.235987205493064067 ) ) ;
#1567 = CIRCLE ( 'NONE', #2441, 0.9999999999999994449 ) ;
#1568 = CARTESIAN_POINT ( 'NONE',  ( -77.13637233178062047, 6.000000000000000000, -37.21674210529830162 ) ) ;
#1569 = CARTESIAN_POINT ( 'NONE',  ( -83.46558505854622467, 1.512237110483634141E-13, -45.10034822548588096 ) ) ;
#1570 = DIRECTION ( 'NONE',  ( -0.000000000000000000, 0.000000000000000000, 1.000000000000000000 ) ) ;
#1571 = CARTESIAN_POINT ( 'NONE',  ( 3.314459268353858512, -19.30270741657488998, 6.000000000000000000 ) ) ;
#1572 = VERTEX_POINT ( 'NONE', #1046 ) ;
#1573 = CARTESIAN_POINT ( 'NONE',  ( -86.24549506628889617, 28.00000000000000355, -39.26126496141903033 ) ) ;
#1574 = CARTESIAN_POINT ( 'NONE',  ( -79.10651423285614214, 0.9999999999995728972, -43.88367080804909648 ) ) ;
#1575 = FACE_OUTER_BOUND ( 'NONE', #3339, .T. ) ;
#1576 = LINE ( 'NONE', #1293, #733 ) ;
#1577 = ORIENTED_EDGE ( 'NONE', *, *, #905, .F. ) ;
#1578 = ADVANCED_FACE ( 'NONE', ( #2162 ), #205, .T. ) ;
#1579 = ORIENTED_EDGE ( 'NONE', *, *, #1698, .F. ) ;
#1580 = CARTESIAN_POINT ( 'NONE',  ( 12.51004704568249792, -5.000000000000000000, -30.23598720549306051 ) ) ;
#1581 = CARTESIAN_POINT ( 'NONE',  ( -85.11037650456765391, 28.26170325355565893, -35.23306284045091985 ) ) ;
#1582 = DIRECTION ( 'NONE',  ( -0.000000000000000000, -1.000000000000000000, -0.000000000000000000 ) ) ;
#1583 = EDGE_CURVE ( 'NONE', #3009, #1647, #428, .T. ) ;
#1584 = CARTESIAN_POINT ( 'NONE',  ( -80.83390902567158776, 0.9999999999999974465, -45.02360142037279900 ) ) ;
#1585 = CARTESIAN_POINT ( 'NONE',  ( -28.68554073164614593, 8.697292583425110024, 0.000000000000000000 ) ) ;
#1586 = ORIENTED_EDGE ( 'NONE', *, *, #1906, .T. ) ;
#1587 = ADVANCED_FACE ( 'NONE', ( #1421 ), #3635, .T. ) ;
#1588 = EDGE_LOOP ( 'NONE', ( #2749, #2589, #1549, #349 ) ) ;
#1589 = CARTESIAN_POINT ( 'NONE',  ( -85.60994876675516707, 29.00000000000000355, -41.92085993604177929 ) ) ;
#1590 = DIRECTION ( 'NONE',  ( 1.000000000000000000, 0.000000000000000000, 0.000000000000000000 ) ) ;
#1591 = CARTESIAN_POINT ( 'NONE',  ( -29.18554073164614593, 8.697292583425110024, 6.000000000000000000 ) ) ;
#1592 =( NAMED_UNIT ( * ) PLANE_ANGLE_UNIT ( ) SI_UNIT ( $, .RADIAN. ) );
#1593 = ORIENTED_EDGE ( 'NONE', *, *, #2191, .T. ) ;
#1594 = CARTESIAN_POINT ( 'NONE',  ( -85.83852712037744936, 1.000000000000001554, -43.69976980269110101 ) ) ;
#1595 = EDGE_LOOP ( 'NONE', ( #464, #2283, #2278 ) ) ;
#1596 = CARTESIAN_POINT ( 'NONE',  ( -63.48995295431750208, 0.000000000000000000, -30.23598720549306051 ) ) ;
#1597 = DIRECTION ( 'NONE',  ( 0.000000000000000000, 0.000000000000000000, -1.000000000000000000 ) ) ;
#1598 = LINE ( 'NONE', #3315, #1093 ) ;
#1599 = VECTOR ( 'NONE', #3356, 1000.000000000000000 ) ;
#1600 = CARTESIAN_POINT ( 'NONE',  ( -84.11593693517997394, 1.000000000000313083, -44.91599312016649748 ) ) ;
#1601 = CARTESIAN_POINT ( 'NONE',  ( -86.37275299969616071, 1.000000000000007772, -44.25624206745668232 ) ) ;
#1602 = ORIENTED_EDGE ( 'NONE', *, *, #2349, .F. ) ;
#1603 = CARTESIAN_POINT ( 'NONE',  ( -79.02736490964389304, 7.000000000000000000, -45.20501925742618710 ) ) ;
#1604 = EDGE_CURVE ( 'NONE', #2788, #988, #3393, .T. ) ;
#1605 =( GEOMETRIC_REPRESENTATION_CONTEXT ( 3 ) GLOBAL_UNCERTAINTY_ASSIGNED_CONTEXT ( ( #734 ) ) GLOBAL_UNIT_ASSIGNED_CONTEXT ( ( #2044, #3165, #2591 ) ) REPRESENTATION_CONTEXT ( 'NONE', 'WORKASPACE' ) );
#1606 = CARTESIAN_POINT ( 'NONE',  ( -65.48995295431750208, 0.000000000000000000, -32.23598720549306051 ) ) ;
#1607 = CARTESIAN_POINT ( 'NONE',  ( -63.48995295431750208, -5.000000000000000000, -30.23598720549306051 ) ) ;
#1608 = ORIENTED_EDGE ( 'NONE', *, *, #675, .F. ) ;
#1609 = CARTESIAN_POINT ( 'NONE',  ( -85.13411505060209095, 28.00000000000000000, -35.19349081300284610 ) ) ;
#1610 = EDGE_CURVE ( 'NONE', #674, #1426, #2873, .T. ) ;
#1611 = DIRECTION ( 'NONE',  ( 0.000000000000000000, 0.000000000000000000, -1.000000000000000000 ) ) ;
#1612 = VECTOR ( 'NONE', #2817, 1000.000000000000000 ) ;
#1613 = DIRECTION ( 'NONE',  ( -0.000000000000000000, 0.000000000000000000, -1.000000000000000000 ) ) ;
#1614 = ORIENTED_EDGE ( 'NONE', *, *, #2434, .T. ) ;
#1615 = DIRECTION ( 'NONE',  ( 0.000000000000000000, 1.000000000000000000, 0.000000000000000000 ) ) ;
#1616 = AXIS2_PLACEMENT_3D ( 'NONE', #198, #843, #3422 ) ;
#1617 = VECTOR ( 'NONE', #111, 1000.000000000000000 ) ;
#1618 = DIRECTION ( 'NONE',  ( 0.000000000000000000, 0.000000000000000000, -1.000000000000000000 ) ) ;
#1619 = VECTOR ( 'NONE', #113, 1000.000000000000000 ) ;
#1620 = LINE ( 'NONE', #2783, #1088 ) ;
#1621 = DIRECTION ( 'NONE',  ( 1.000000000000000000, 0.000000000000000000, 0.000000000000000000 ) ) ;
#1622 = CARTESIAN_POINT ( 'NONE',  ( -28.68554073164614593, -18.30270741657488998, 7.000000000000000000 ) ) ;
#1623 = VECTOR ( 'NONE', #476, 1000.000000000000000 ) ;
#1624 = ORIENTED_EDGE ( 'NONE', *, *, #3319, .T. ) ;
#1625 = CARTESIAN_POINT ( 'NONE',  ( -79.64633778910052797, 5.999999999999719336, -44.41606684383482673 ) ) ;
#1626 = AXIS2_PLACEMENT_3D ( 'NONE', #1607, #485, #2472 ) ;
#1627 = VECTOR ( 'NONE', #2509, 1000.000000000000000 ) ;
#1628 = CARTESIAN_POINT ( 'NONE',  ( -80.83758448211253267, 1.517883041479706010E-15, -43.96070543084209703 ) ) ;
#1629 = DIRECTION ( 'NONE',  ( -0.000000000000000000, 1.000000000000000000, -0.000000000000000000 ) ) ;
#1630 = VECTOR ( 'NONE', #3332, 1000.000000000000000 ) ;
#1631 = DIRECTION ( 'NONE',  ( -1.000000000000000000, 0.000000000000000000, 0.000000000000000000 ) ) ;
#1632 = DIRECTION ( 'NONE',  ( 1.000000000000000000, 0.000000000000000000, -0.000000000000000000 ) ) ;
#1633 = CARTESIAN_POINT ( 'NONE',  ( -79.59507175544230506, 1.000000000000000000, -44.37655592019569895 ) ) ;
#1634 = ADVANCED_FACE ( 'NONE', ( #850 ), #279, .T. ) ;
#1635 = VERTEX_POINT ( 'NONE', #2251 ) ;
#1636 = CARTESIAN_POINT ( 'NONE',  ( -84.13637233178063468, 29.00000000000000000, -31.21674210529830518 ) ) ;
#1637 = CARTESIAN_POINT ( 'NONE',  ( 3.314459268353859400, -19.30270741657488998, 0.000000000000000000 ) ) ;
#1638 = CARTESIAN_POINT ( 'NONE',  ( -81.42051944751688097, 1.000000000000000000, -46.16266747147606964 ) ) ;
#1639 = ORIENTED_EDGE ( 'NONE', *, *, #832, .F. ) ;
#1640 = ORIENTED_EDGE ( 'NONE', *, *, #2508, .T. ) ;
#1641 = CARTESIAN_POINT ( 'NONE',  ( -78.69247128815844405, 6.000000000000142109, -43.24250424052454633 ) ) ;
#1642 = LINE ( 'NONE', #2735, #3509 ) ;
#1643 = CARTESIAN_POINT ( 'NONE',  ( -85.13411505060221884, 29.00000000000000000, -35.19349081300176607 ) ) ;
#1644 = VERTEX_POINT ( 'NONE', #1997 ) ;
#1645 = CARTESIAN_POINT ( 'NONE',  ( -65.48995295431750208, 23.00000000000000000, -29.23598720549306051 ) ) ;
#1646 = PLANE ( 'NONE',  #712 ) ;
#1647 = VERTEX_POINT ( 'NONE', #2576 ) ;
#1648 = ADVANCED_FACE ( 'NONE', ( #555 ), #1689, .T. ) ;
#1649 = CARTESIAN_POINT ( 'NONE',  ( -84.25029804491690300, 28.99999999999999645, -36.65294792587155825 ) ) ;
#1650 = CARTESIAN_POINT ( 'NONE',  ( -85.13637233178063468, 29.00000000000000000, -30.21674210529830162 ) ) ;
#1651 = PLANE ( 'NONE',  #2921 ) ;
#1652 = ADVANCED_FACE ( 'NONE', ( #323 ), #3344, .F. ) ;
#1653 = CYLINDRICAL_SURFACE ( 'NONE', #2269, 1.000000000000000888 ) ;
#1654 = CARTESIAN_POINT ( 'NONE',  ( -85.68913170847595495, 6.722053469410127491E-15, -41.56808788580813996 ) ) ;
#1655 = VERTEX_POINT ( 'NONE', #531 ) ;
#1656 = EDGE_LOOP ( 'NONE', ( #1291, #453, #2041, #2845 ) ) ;
#1657 = CARTESIAN_POINT ( 'NONE',  ( -80.17989755270048136, 5.999999999999999112, -44.75171762027470379 ) ) ;
#1658 = AXIS2_PLACEMENT_3D ( 'NONE', #2540, #1429, #1119 ) ;
#1659 = LINE ( 'NONE', #1757, #1743 ) ;
#1660 = CARTESIAN_POINT ( 'NONE',  ( -84.13057417249632408, 29.00000000000000000, -35.16165246839931058 ) ) ;
#1661 = ORIENTED_EDGE ( 'NONE', *, *, #2531, .T. ) ;
#1662 = VECTOR ( 'NONE', #1907, 1000.000000000000000 ) ;
#1663 = CARTESIAN_POINT ( 'NONE',  ( -81.42051944751652570, -1.734723475976807094E-15, -46.16266747147600569 ) ) ;
#1664 = CARTESIAN_POINT ( 'NONE',  ( -78.35782626539369744, 1.000000000000001332, -42.36457764211125010 ) ) ;
#1665 = CARTESIAN_POINT ( 'NONE',  ( -81.55392135783904450, 0.9999999999999991118, -45.17160545004531258 ) ) ;
#1666 = CLOSED_SHELL ( 'NONE', ( #884, #1774, #2803, #2409, #2465, #1746, #1222, #1352, #1025, #2894, #1065, #854, #219, #1587, #950, #3167, #932, #2876, #3357, #1493, #1967, #1334, #1282, #1924, #685, #722, #1558, #2298, #777, #2050, #3426, #2440, #2387, #59, #1001 ) ) ;
#1667 = CARTESIAN_POINT ( 'NONE',  ( -81.42051944751685255, 1.000000000000000000, -45.21674210529830162 ) ) ;
#1668 = CARTESIAN_POINT ( 'NONE',  ( -79.81640599531984037, 29.00000000000000355, -43.16212009050699550 ) ) ;
#1669 = DIRECTION ( 'NONE',  ( -1.000000000000000000, 0.000000000000000000, -0.000000000000000000 ) ) ;
#1670 = CARTESIAN_POINT ( 'NONE',  ( -84.17691177450564055, -1.625003390576729813E-31, -35.95848622053026133 ) ) ;
#1671 = EDGE_CURVE ( 'NONE', #810, #2188, #2290, .T. ) ;
#1672 = CARTESIAN_POINT ( 'NONE',  ( -85.17541337132496437, 1.000000000000910605, -35.77145810493150435 ) ) ;
#1673 = EDGE_LOOP ( 'NONE', ( #329, #2340, #2777, #1216 ) ) ;
#1674 = ORIENTED_EDGE ( 'NONE', *, *, #532, .T. ) ;
#1675 = CARTESIAN_POINT ( 'NONE',  ( -81.55392135783884555, 5.999999999999999112, -45.17160545004528416 ) ) ;
#1676 = AXIS2_PLACEMENT_3D ( 'NONE', #1185, #2687, #2308 ) ;
#1677 = DIRECTION ( 'NONE',  ( 1.000000000000000000, 0.000000000000000000, 0.000000000000000000 ) ) ;
#1678 = VECTOR ( 'NONE', #3184, 1000.000000000000000 ) ;
#1679 = CARTESIAN_POINT ( 'NONE',  ( 12.51004704568249792, -5.000000000000000000, -30.23598720549306051 ) ) ;
#1680 = CARTESIAN_POINT ( 'NONE',  ( -85.13879563732901090, 28.99999999999924327, -35.27641936258870459 ) ) ;
#1681 = TOROIDAL_SURFACE ( 'NONE', #2747, 6.000000000000000000, 1.000000000000000000 ) ;
#1682 = DIRECTION ( 'NONE',  ( 0.000000000000000000, 0.000000000000000000, -1.000000000000000000 ) ) ;
#1683 = ORIENTED_EDGE ( 'NONE', *, *, #2830, .F. ) ;
#1684 = VECTOR ( 'NONE', #1511, 1000.000000000000000 ) ;
#1685 = CARTESIAN_POINT ( 'NONE',  ( -78.43536397311096664, 6.000000000000000888, -42.62528104581993205 ) ) ;
#1686 = VECTOR ( 'NONE', #1865, 1000.000000000000000 ) ;
#1687 = CARTESIAN_POINT ( 'NONE',  ( 7.510047045682499700, 0.000000000000000000, -30.23598720549306051 ) ) ;
#1688 = CARTESIAN_POINT ( 'NONE',  ( -85.13637233178063468, 1.000000000000007772, -35.23230762166618746 ) ) ;
#1689 = PLANE ( 'NONE',  #297 ) ;
#1690 = CARTESIAN_POINT ( 'NONE',  ( -78.39204389681336238, 29.00000000000000000, -42.47735434269581134 ) ) ;
#1691 = CARTESIAN_POINT ( 'NONE',  ( -63.48995295431750208, -5.000000000000000000, -9.235987205493071173 ) ) ;
#1692 = CARTESIAN_POINT ( 'NONE',  ( -85.69881323264792172, -3.686287386450715076E-15, -40.49837692008814827 ) ) ;
#1693 = DIRECTION ( 'NONE',  ( -0.000000000000000000, -0.000000000000000000, 1.000000000000000000 ) ) ;
#1694 = EDGE_CURVE ( 'NONE', #831, #2978, #1701, .T. ) ;
#1695 = LINE ( 'NONE', #2241, #3101 ) ;
#1696 = DIRECTION ( 'NONE',  ( 1.000000000000000000, 0.000000000000000000, 0.000000000000000000 ) ) ;
#1697 = DIRECTION ( 'NONE',  ( 0.000000000000000000, 0.000000000000000000, 1.000000000000000000 ) ) ;
#1698 = EDGE_CURVE ( 'NONE', #2338, #703, #2198, .T. ) ;
#1699 = DIRECTION ( 'NONE',  ( 0.000000000000000000, 0.000000000000000000, 1.000000000000000000 ) ) ;
#1700 = DIRECTION ( 'NONE',  ( 0.000000000000000000, 0.000000000000000000, -1.000000000000000000 ) ) ;
#1701 = LINE ( 'NONE', #2594, #3500 ) ;
#1702 = CARTESIAN_POINT ( 'NONE',  ( -78.16383499357661435, 28.99999999999968026, -41.22132205822313722 ) ) ;
#1703 = CARTESIAN_POINT ( 'NONE',  ( -63.48995295431750208, -5.000000000000000000, -4.235987205493064067 ) ) ;
#1704 = CARTESIAN_POINT ( 'NONE',  ( 12.51004704568249792, -5.000000000000000000, -30.23598720549306051 ) ) ;
#1705 = CARTESIAN_POINT ( 'NONE',  ( -84.45248280316710066, 1.517883041479706208E-15, -37.60147200809592505 ) ) ;
#1706 = VERTEX_POINT ( 'NONE', #1959 ) ;
#1707 = ORIENTED_EDGE ( 'NONE', *, *, #466, .T. ) ;
#1708 = DIRECTION ( 'NONE',  ( 0.000000000000000000, 0.000000000000000000, 1.000000000000000000 ) ) ;
#1709 = DIRECTION ( 'NONE',  ( -0.000000000000000000, -0.000000000000000000, -1.000000000000000000 ) ) ;
#1710 = DIRECTION ( 'NONE',  ( -1.000000000000000000, 0.000000000000000000, -0.000000000000000000 ) ) ;
#1711 = CARTESIAN_POINT ( 'NONE',  ( -81.42051944751688097, 0.000000000000000000, -46.16266747147604832 ) ) ;
#1712 = ORIENTED_EDGE ( 'NONE', *, *, #1193, .T. ) ;
#1713 = EDGE_CURVE ( 'NONE', #1572, #123, #44, .T. ) ;
#1714 = CARTESIAN_POINT ( 'NONE',  ( -80.13602480477311474, -2.602085213965210642E-15, -45.87872677213668737 ) ) ;
#1715 = VECTOR ( 'NONE', #224, 1000.000000000000000 ) ;
#1716 = CARTESIAN_POINT ( 'NONE',  ( 4.314459268353855848, 7.697292583425109136, 0.000000000000000000 ) ) ;
#1717 = EDGE_CURVE ( 'NONE', #1489, #2156, #2257, .T. ) ;
#1718 = APPLICATION_PROTOCOL_DEFINITION ( 'draft international standard', 'automotive_design', 1998, #2372 ) ;
#1719 = EDGE_LOOP ( 'NONE', ( #3240, #3624, #1516 ) ) ;
#1720 = PRODUCT_DEFINITION_FORMATION_WITH_SPECIFIED_SOURCE ( 'ANY', '', #899, .NOT_KNOWN. ) ;
#1721 = DIRECTION ( 'NONE',  ( 0.000000000000000000, 0.000000000000000000, 1.000000000000000000 ) ) ;
#1722 = CARTESIAN_POINT ( 'NONE',  ( -79.92801705154431602, 28.99999999999999645, -43.30358534312962604 ) ) ;
#1723 = DIRECTION ( 'NONE',  ( 0.000000000000000000, 0.000000000000000000, -1.000000000000000000 ) ) ;
#1724 = LINE ( 'NONE', #2500, #1715 ) ;
#1725 = CARTESIAN_POINT ( 'NONE',  ( -85.65533712204769756, 6.722053469410127491E-15, -40.32484486910371402 ) ) ;
#1726 = ORIENTED_EDGE ( 'NONE', *, *, #2850, .T. ) ;
#1727 = ORIENTED_EDGE ( 'NONE', *, *, #2055, .T. ) ;
#1728 = CARTESIAN_POINT ( 'NONE',  ( -78.48029268626814314, 5.999999999999857891, -42.75429620539019027 ) ) ;
#1729 = CARTESIAN_POINT ( 'NONE',  ( -63.48995295431750208, 0.000000000000000000, -30.23598720549306051 ) ) ;
#1730 = AXIS2_PLACEMENT_3D ( 'NONE', #1433, #1139, #1710 ) ;
#1731 = UNCERTAINTY_MEASURE_WITH_UNIT (LENGTH_MEASURE( 1.000000000000000082E-05 ), #3371, 'distance_accuracy_value', 'NONE');
#1732 = CARTESIAN_POINT ( 'NONE',  ( -79.14086841439120690, 1.517883041479706208E-15, -40.77939515746082577 ) ) ;
#1733 = EDGE_LOOP ( 'NONE', ( #1172, #1076, #1067, #3417 ) ) ;
#1734 = EDGE_LOOP ( 'NONE', ( #2886, #582, #40, #1374 ) ) ;
#1735 = VECTOR ( 'NONE', #731, 1000.000000000000000 ) ;
#1736 = CARTESIAN_POINT ( 'NONE',  ( 3.314459268353856292, 7.697292583425109136, 6.000000000000000000 ) ) ;
#1737 = FACE_OUTER_BOUND ( 'NONE', #1734, .T. ) ;
#1738 = EDGE_CURVE ( 'NONE', #3465, #2788, #2217, .T. ) ;
#1739 = COLOUR_RGB ( '',0.7921568627450980005, 0.8196078431372548767, 0.9333333333333333481 ) ;
#1740 = VECTOR ( 'NONE', #1884, 1000.000000000000000 ) ;
#1741 = PRODUCT_CONTEXT ( 'NONE', #3639, 'mechanical' ) ;
#1742 = ORIENTED_EDGE ( 'NONE', *, *, #3080, .F. ) ;
#1743 = VECTOR ( 'NONE', #2299, 1000.000000000000000 ) ;
#1744 =( REPRESENTATION_RELATIONSHIP ('NONE','NONE', #96, #2515 ) REPRESENTATION_RELATIONSHIP_WITH_TRANSFORMATION ( #947 )SHAPE_REPRESENTATION_RELATIONSHIP( ) );
#1745 = CARTESIAN_POINT ( 'NONE',  ( -77.28013516218715040, 6.999999999999997335, -42.15409034412670763 ) ) ;
#1746 = ADVANCED_FACE ( 'NONE', ( #3652 ), #1792, .F. ) ;
#1747 = AXIS2_PLACEMENT_3D ( 'NONE', #1704, #2293, #2536 ) ;
#1748 = DIRECTION ( 'NONE',  ( -1.000000000000000000, 0.000000000000000000, 0.000000000000000000 ) ) ;
#1749 = CARTESIAN_POINT ( 'NONE',  ( -78.18363354846219693, 28.00000000000030909, -41.42642194444778170 ) ) ;
#1750 = CARTESIAN_POINT ( 'NONE',  ( -65.48995295431750208, 3.000000000000000000, -32.23598720549306051 ) ) ;
#1751 = EDGE_CURVE ( 'NONE', #2052, #988, #3613, .T. ) ;
#1752 = CARTESIAN_POINT ( 'NONE',  ( -85.27584725436372537, 1.192622389734055035E-14, -39.58604678034651414 ) ) ;
#1753 = CARTESIAN_POINT ( 'NONE',  ( -86.11053563171627445, 1.000000000000000888, -39.03310795212747308 ) ) ;
#1754 = ORIENTED_EDGE ( 'NONE', *, *, #2872, .F. ) ;
#1755 = ORIENTED_EDGE ( 'NONE', *, *, #1583, .T. ) ;
#1756 = CARTESIAN_POINT ( 'NONE',  ( -65.48995295431750208, 3.000000000000000000, -29.23598720549306051 ) ) ;
#1757 = CARTESIAN_POINT ( 'NONE',  ( -85.13637233178063468, 28.00000000000000000, -30.21674210529830162 ) ) ;
#1758 = CARTESIAN_POINT ( 'NONE',  ( -78.13776701812800241, 7.019914923760476253E-13, -40.66341906868278500 ) ) ;
#1759 = ORIENTED_EDGE ( 'NONE', *, *, #2255, .F. ) ;
#1760 = DIRECTION ( 'NONE',  ( 0.000000000000000000, 0.000000000000000000, -1.000000000000000000 ) ) ;
#1761 = VERTEX_POINT ( 'NONE', #2533 ) ;
#1762 = DIRECTION ( 'NONE',  ( 0.000000000000000000, 1.000000000000000000, 0.000000000000000000 ) ) ;
#1763 = DIRECTION ( 'NONE',  ( -0.000000000000000000, 1.000000000000000000, -0.000000000000000000 ) ) ;
#1764 = CONTEXT_DEPENDENT_SHAPE_REPRESENTATION ( #1290, #3179 ) ;
#1765 = CARTESIAN_POINT ( 'NONE',  ( -86.07668239178384795, 28.00000000000000711, -43.35357506787503468 ) ) ;
#1766 = DIRECTION ( 'NONE',  ( 0.000000000000000000, 0.000000000000000000, 1.000000000000000000 ) ) ;
#1767 = CARTESIAN_POINT ( 'NONE',  ( -65.48995295431750208, 23.00000000000000000, -29.23598720549306051 ) ) ;
#1768 = EDGE_CURVE ( 'NONE', #524, #3465, #3187, .T. ) ;
#1769 = CARTESIAN_POINT ( 'NONE',  ( -81.83005780447420818, 29.00000000000000355, -44.20085408486022516 ) ) ;
#1770 = DIRECTION ( 'NONE',  ( 0.000000000000000000, 0.000000000000000000, 1.000000000000000000 ) ) ;
#1771 = CARTESIAN_POINT ( 'NONE',  ( -85.74325890582208842, 29.00000000000000711, -40.89145109048195081 ) ) ;
#1772 = ORIENTED_EDGE ( 'NONE', *, *, #1287, .T. ) ;
#1773 = ORIENTED_EDGE ( 'NONE', *, *, #3193, .T. ) ;
#1774 = ADVANCED_FACE ( 'NONE', ( #2347 ), #1841, .T. ) ;
#1775 = FACE_OUTER_BOUND ( 'NONE', #3057, .T. ) ;
#1776 = DIRECTION ( 'NONE',  ( 0.000000000000000000, 0.000000000000000000, -1.000000000000000000 ) ) ;
#1777 = CARTESIAN_POINT ( 'NONE',  ( -78.13619429302129049, 1.000000000000000888, -40.51241163168334936 ) ) ;
#1778 = LINE ( 'NONE', #19, #2264 ) ;
#1779 = ORIENTED_EDGE ( 'NONE', *, *, #2512, .F. ) ;
#1780 = FACE_OUTER_BOUND ( 'NONE', #1719, .T. ) ;
#1781 = CARTESIAN_POINT ( 'NONE',  ( -78.98744554411796059, 28.00000000000000355, -43.72235562792469921 ) ) ;
#1782 = AXIS2_PLACEMENT_3D ( 'NONE', #1938, #2740, #546 ) ;
#1783 = LINE ( 'NONE', #2910, #1560 ) ;
#1784 = AXIS2_PLACEMENT_3D ( 'NONE', #1834, #662, #77 ) ;
#1785 = CARTESIAN_POINT ( 'NONE',  ( -83.43155442440092884, 29.00000000000000000, -44.08082185235876693 ) ) ;
#1786 = DIRECTION ( 'NONE',  ( -1.000000000000000000, 0.000000000000000000, 0.000000000000000000 ) ) ;
#1787 = LINE ( 'NONE', #1527, #2196 ) ;
#1788 = EDGE_LOOP ( 'NONE', ( #3034, #2787, #889, #3253 ) ) ;
#1789 = ORIENTED_EDGE ( 'NONE', *, *, #1610, .T. ) ;
#1790 =( BOUNDED_CURVE ( )  B_SPLINE_CURVE ( 3, ( #2224, #2860, #860, #2811 ),
 .UNSPECIFIED., .F., .T. ) 
 B_SPLINE_CURVE_WITH_KNOTS ( ( 4, 4 ),
 ( 4.712388980384689674, 6.283185307179586232 ),
 .UNSPECIFIED. ) 
 CURVE ( )  GEOMETRIC_REPRESENTATION_ITEM ( )  RATIONAL_B_SPLINE_CURVE ( ( 1.000000000000000000, 0.8047378541243649375, 0.8047378541243649375, 1.000000000000000000 ) ) 
 REPRESENTATION_ITEM ( '' )  );
#1791 = CYLINDRICAL_SURFACE ( 'NONE', #2987, 1.000000000000000888 ) ;
#1792 = B_SPLINE_SURFACE_WITH_KNOTS ( 'NONE', 3, 1, ( 
 ( #2819, #888 ),
 ( #3096, #2272 ),
 ( #820, #2012 ),
 ( #1943, #2516 ) ),
 .UNSPECIFIED., .F., .F., .F.,
 ( 4, 4 ),
 ( 2, 2 ),
 ( 0.04712284002417700679, 0.3410530532729201258 ),
 ( 0.000000000000000000, 1.000000000000000000 ),
 .UNSPECIFIED. ) ;
#1793 = FACE_OUTER_BOUND ( 'NONE', #3210, .T. ) ;
#1794 = EDGE_CURVE ( 'NONE', #3465, #2188, #1497, .T. ) ;
#1795 = CARTESIAN_POINT ( 'NONE',  ( -80.62622206830873495, 6.722053469410127491E-15, -43.86142423874085949 ) ) ;
#1796 = ORIENTED_EDGE ( 'NONE', *, *, #2349, .T. ) ;
#1797 = CARTESIAN_POINT ( 'NONE',  ( -78.15077137810678209, 1.000000000000007772, -44.23341084469850415 ) ) ;
#1798 = VERTEX_POINT ( 'NONE', #949 ) ;
#1799 = CARTESIAN_POINT ( 'NONE',  ( -47.13254080751686104, 1.000000000000000000, -54.21674210529830162 ) ) ;
#1800 = CARTESIAN_POINT ( 'NONE',  ( -85.74249998012253116, 28.99999999999999645, -40.85763138012690376 ) ) ;
#1801 = VECTOR ( 'NONE', #570, 1000.000000000000000 ) ;
#1802 = VECTOR ( 'NONE', #2905, 1000.000000000000000 ) ;
#1803 = LINE ( 'NONE', #2307, #65 ) ;
#1804 = PLANE ( 'NONE',  #3025 ) ;
#1805 = VECTOR ( 'NONE', #2765, 1000.000000000000000 ) ;
#1806 = LINE ( 'NONE', #2668, #1371 ) ;
#1807 = CIRCLE ( 'NONE', #2208, 1.000000000000000888 ) ;
#1808 = CARTESIAN_POINT ( 'NONE',  ( -83.46558505854622467, 28.99999999999906564, -45.10034822548588096 ) ) ;
#1809 = CARTESIAN_POINT ( 'NONE',  ( -84.14061143229697848, 1.517883041479706208E-15, -35.33684218724251025 ) ) ;
#1810 = VERTEX_POINT ( 'NONE', #2047 ) ;
#1811 = ORIENTED_EDGE ( 'NONE', *, *, #2670, .T. ) ;
#1812 = FACE_BOUND ( 'NONE', #724, .T. ) ;
#1813 = CARTESIAN_POINT ( 'NONE',  ( 14.51004704568249792, 0.000000000000000000, -32.23598720549306051 ) ) ;
#1814 = CARTESIAN_POINT ( 'NONE',  ( -83.25735157830276023, -3.686287386450715076E-15, -44.12143900269503405 ) ) ;
#1815 = EDGE_LOOP ( 'NONE', ( #2449, #3448, #3011, #3482 ) ) ;
#1816 = FACE_OUTER_BOUND ( 'NONE', #125, .T. ) ;
#1817 = EDGE_LOOP ( 'NONE', ( #1197, #1013, #2600, #2227 ) ) ;
#1818 = ADVANCED_FACE ( 'NONE', ( #2067 ), #1538, .T. ) ;
#1819 = CARTESIAN_POINT ( 'NONE',  ( -85.69996983864255924, 28.00000000000000711, -38.22748524759209943 ) ) ;
#1820 = EDGE_CURVE ( 'NONE', #3605, #2338, #1806, .T. ) ;
#1821 = CARTESIAN_POINT ( 'NONE',  ( -86.44145993644548298, 27.99999999999998934, -42.59756784083785419 ) ) ;
#1822 = LINE ( 'NONE', #721, #2305 ) ;
#1823 = CONTEXT_DEPENDENT_SHAPE_REPRESENTATION ( #1926, #148 ) ;
#1824 = CARTESIAN_POINT ( 'NONE',  ( 14.51004704568249792, 23.00000000000000000, -32.23598720549306051 ) ) ;
#1825 = CARTESIAN_POINT ( 'NONE',  ( -80.83390902567158776, 27.99999999999999645, -45.02360142037279900 ) ) ;
#1826 = CARTESIAN_POINT ( 'NONE',  ( -84.14997148139360661, 0.9999999999999908962, -44.90273603102064470 ) ) ;
#1827 = CARTESIAN_POINT ( 'NONE',  ( -79.24522174365510807, 29.00000000000000355, -41.75608450926396387 ) ) ;
#1828 = FACE_BOUND ( 'NONE', #687, .T. ) ;
#1829 = DIRECTION ( 'NONE',  ( 0.000000000000000000, 0.000000000000000000, -1.000000000000000000 ) ) ;
#1830 = CARTESIAN_POINT ( 'NONE',  ( -78.74245456938031396, 0.9999999999996905808, -43.33626775821144150 ) ) ;
#1831 = ORIENTED_EDGE ( 'NONE', *, *, #3386, .T. ) ;
#1832 = DIRECTION ( 'NONE',  ( 1.000000000000000000, 0.000000000000000000, 0.000000000000000000 ) ) ;
#1833 = EDGE_LOOP ( 'NONE', ( #3310, #660, #152, #1272 ) ) ;
#1834 = CARTESIAN_POINT ( 'NONE',  ( 0.000000000000000000, 0.000000000000000000, 0.000000000000000000 ) ) ;
#1835 = VERTEX_POINT ( 'NONE', #342 ) ;
#1836 = EDGE_CURVE ( 'NONE', #1851, #2314, #3430, .T. ) ;
#1837 = CARTESIAN_POINT ( 'NONE',  ( -84.77143851083496884, 29.00000000000001066, -38.60208284499391596 ) ) ;
#1838 = ORIENTED_EDGE ( 'NONE', *, *, #705, .T. ) ;
#1839 = CARTESIAN_POINT ( 'NONE',  ( -65.48995295431750208, 23.00000000000000000, -29.23598720549306051 ) ) ;
#1840 = EDGE_CURVE ( 'NONE', #2079, #2053, #970, .T. ) ;
#1841 = PLANE ( 'NONE',  #2741 ) ;
#1842 = CARTESIAN_POINT ( 'NONE',  ( -86.51080595597098011, 28.00000000000124345, -42.40157001866941044 ) ) ;
#1843 = AXIS2_PLACEMENT_3D ( 'NONE', #3373, #848, #1978 ) ;
#1844 = DIRECTION ( 'NONE',  ( 0.000000000000000000, -1.000000000000000000, 0.000000000000000000 ) ) ;
#1845 = FACE_OUTER_BOUND ( 'NONE', #784, .T. ) ;
#1846 = LINE ( 'NONE', #981, #187 ) ;
#1847 = CARTESIAN_POINT ( 'NONE',  ( -78.63604780847114739, 9.400223652498858299E-13, -43.12288700969673982 ) ) ;
#1848 = ORIENTED_EDGE ( 'NONE', *, *, #3108, .F. ) ;
#1849 = CARTESIAN_POINT ( 'NONE',  ( -75.42051944751685255, 7.000000000000000000, -54.21674210529830162 ) ) ;
#1850 = ORIENTED_EDGE ( 'NONE', *, *, #1565, .F. ) ;
#1851 = VERTEX_POINT ( 'NONE', #933 ) ;
#1852 = CARTESIAN_POINT ( 'NONE',  ( -86.67517152425163829, 28.00000000000063238, -41.74113318148734919 ) ) ;
#1853 = DIRECTION ( 'NONE',  ( 0.000000000000000000, -0.000000000000000000, -1.000000000000000000 ) ) ;
#1854 = CARTESIAN_POINT ( 'NONE',  ( 12.51004704568249792, -5.000000000000000000, -25.23598720549304630 ) ) ;
#1855 = AXIS2_PLACEMENT_3D ( 'NONE', #200, #1023, #439 ) ;
#1856 = ORIENTED_EDGE ( 'NONE', *, *, #3450, .T. ) ;
#1857 = COLOUR_RGB ( '',0.7921568627450980005, 0.8196078431372548767, 0.9333333333333333481 ) ;
#1858 = ADVANCED_FACE ( 'NONE', ( #1203 ), #1259, .F. ) ;
#1859 = VECTOR ( 'NONE', #852, 1000.000000000000000 ) ;
#1860 = CARTESIAN_POINT ( 'NONE',  ( -84.72215876940752821, 29.00000000000000355, -30.63095566767139744 ) ) ;
#1861 = ORIENTED_EDGE ( 'NONE', *, *, #1176, .T. ) ;
#1862 = LINE ( 'NONE', #2994, #1684 ) ;
#1863 = CARTESIAN_POINT ( 'NONE',  ( -45.13254080751686104, 6.000000000000000000, -38.21674210529830162 ) ) ;
#1864 = VECTOR ( 'NONE', #2063, 1000.000000000000000 ) ;
#1865 = DIRECTION ( 'NONE',  ( -0.000000000000000000, -0.000000000000000000, 1.000000000000000000 ) ) ;
#1866 = CARTESIAN_POINT ( 'NONE',  ( -79.81640599531984037, 6.722053469410127491E-15, -43.16212009050699550 ) ) ;
#1867 = CARTESIAN_POINT ( 'NONE',  ( -85.13637233178063468, 29.00000000000000000, -35.23230762166618746 ) ) ;
#1868 = EDGE_LOOP ( 'NONE', ( #2757, #1639, #1848, #962 ) ) ;
#1869 = ORIENTED_EDGE ( 'NONE', *, *, #1671, .F. ) ;
#1870 = CARTESIAN_POINT ( 'NONE',  ( -86.53806951121408986, 28.99999999999998579, -39.82267732969113183 ) ) ;
#1871 = ORIENTED_EDGE ( 'NONE', *, *, #1524, .F. ) ;
#1872 = CARTESIAN_POINT ( 'NONE',  ( -78.19533744620905225, -2.836657427365816301E-13, -41.68714631301909890 ) ) ;
#1873 = DIRECTION ( 'NONE',  ( -0.000000000000000000, -1.000000000000000000, -0.000000000000000000 ) ) ;
#1874 = SURFACE_STYLE_FILL_AREA ( #3543 ) ;
#1875 = EDGE_LOOP ( 'NONE', ( #1209, #2082, #714, #617 ) ) ;
#1876 = EDGE_CURVE ( 'NONE', #2641, #451, #1783, .T. ) ;
#1877 = DIRECTION ( 'NONE',  ( 1.000000000000000000, 0.000000000000000000, 0.000000000000000000 ) ) ;
#1878 = DIRECTION ( 'NONE',  ( 0.000000000000000000, 0.000000000000000000, 1.000000000000000000 ) ) ;
#1879 = LINE ( 'NONE', #172, #1261 ) ;
#1880 = EDGE_CURVE ( 'NONE', #602, #3615, #2685, .T. ) ;
#1881 = CARTESIAN_POINT ( 'NONE',  ( -83.68167206294204163, 0.9999999999996886935, -45.05018857105872598 ) ) ;
#1882 = CARTESIAN_POINT ( 'NONE',  ( -86.37275299969616071, 28.00000000000000000, -44.25624206745668232 ) ) ;
#1883 = VERTEX_POINT ( 'NONE', #2105 ) ;
#1884 = DIRECTION ( 'NONE',  ( 1.000000000000000000, 0.000000000000000000, 0.000000000000000000 ) ) ;
#1885 = CARTESIAN_POINT ( 'NONE',  ( -80.37031411956924387, 6.722053469410140113E-15, -43.70490448303970510 ) ) ;
#1886 = DIRECTION ( 'NONE',  ( -1.000000000000000000, 0.000000000000000000, 0.000000000000000000 ) ) ;
#1887 = ORIENTED_EDGE ( 'NONE', *, *, #2070, .T. ) ;
#1888 = CARTESIAN_POINT ( 'NONE',  ( -85.17541337132496437, 28.00000000000090949, -35.77145810493150435 ) ) ;
#1889 = CARTESIAN_POINT ( 'NONE',  ( -79.84682375238857333, 4.612659639983425662E-13, -44.55342026085727269 ) ) ;
#1890 = CARTESIAN_POINT ( 'NONE',  ( -78.75091922051322513, 0.9999999999999988898, -43.35452253705881276 ) ) ;
#1891 = PRESENTATION_STYLE_ASSIGNMENT (( #766 ) ) ;
#1892 = ORIENTED_EDGE ( 'NONE', *, *, #1193, .F. ) ;
#1893 = ORIENTED_EDGE ( 'NONE', *, *, #114, .F. ) ;
#1894 = LINE ( 'NONE', #2766, #1498 ) ;
#1895 = CARTESIAN_POINT ( 'NONE',  ( -45.13254080751686104, 1.000000000000000000, -55.21674210529830162 ) ) ;
#1896 = AXIS2_PLACEMENT_3D ( 'NONE', #1277, #2137, #2706 ) ;
#1897 = CARTESIAN_POINT ( 'NONE',  ( -86.57535420410260940, -1.071263485984060276E-12, -42.18583452958240088 ) ) ;
#1898 = VERTEX_POINT ( 'NONE', #1824 ) ;
#1899 = DIRECTION ( 'NONE',  ( 0.000000000000000000, 0.000000000000000000, -1.000000000000000000 ) ) ;
#1900 = PRODUCT_DEFINITION_FORMATION_WITH_SPECIFIED_SOURCE ( 'ANY', '', #2343, .NOT_KNOWN. ) ;
#1901 = EDGE_CURVE ( 'NONE', #2302, #1966, #365, .T. ) ;
#1902 = FACE_OUTER_BOUND ( 'NONE', #2125, .T. ) ;
#1903 = CARTESIAN_POINT ( 'NONE',  ( -85.14961052350874127, 29.00000000000076383, -35.44201728490172343 ) ) ;
#1904 = EDGE_LOOP ( 'NONE', ( #3138, #3182, #2862, #3557 ) ) ;
#1905 = CARTESIAN_POINT ( 'NONE',  ( -78.19533744884266468, 1.000000000000563771, -41.68714631236544932 ) ) ;
#1906 = EDGE_CURVE ( 'NONE', #330, #831, #2967, .T. ) ;
#1907 = DIRECTION ( 'NONE',  ( 0.000000000000000000, 0.000000000000000000, -1.000000000000000000 ) ) ;
#1908 = ORIENTED_EDGE ( 'NONE', *, *, #956, .T. ) ;
#1909 = FACE_OUTER_BOUND ( 'NONE', #2588, .T. ) ;
#1910 = AXIS2_PLACEMENT_3D ( 'NONE', #1379, #2226, #1330 ) ;
#1911 = AXIS2_PLACEMENT_3D ( 'NONE', #1863, #319, #2995 ) ;
#1912 = CARTESIAN_POINT ( 'NONE',  ( -78.13637233178062047, 29.00000000000000000, -30.21674210529830162 ) ) ;
#1913 = DIRECTION ( 'NONE',  ( 0.000000000000000000, 0.000000000000000000, -1.000000000000000000 ) ) ;
#1914 = CARTESIAN_POINT ( 'NONE',  ( -86.57535420427592499, 0.9999999999993772759, -42.18583452962192126 ) ) ;
#1915 = EDGE_LOOP ( 'NONE', ( #1198, #717, #2178, #811 ) ) ;
#1916 = CARTESIAN_POINT ( 'NONE',  ( -81.28282908363630099, 6.000000000000996536, -45.13511507258132838 ) ) ;
#1917 = AXIS2_PLACEMENT_3D ( 'NONE', #2832, #627, #275 ) ;
#1918 = VECTOR ( 'NONE', #3032, 1000.000000000000000 ) ;
#1919 = CARTESIAN_POINT ( 'NONE',  ( -45.13254080751686104, 6.000000000000000000, -38.21674210529830162 ) ) ;
#1920 = EDGE_LOOP ( 'NONE', ( #1950, #160, #2504, #1393 ) ) ;
#1921 = EDGE_CURVE ( 'NONE', #500, #457, #631, .T. ) ;
#1922 = CARTESIAN_POINT ( 'NONE',  ( -78.81321048943418361, -6.406980182612185051E-13, -43.46184665006892089 ) ) ;
#1923 = DIRECTION ( 'NONE',  ( -0.000000000000000000, -1.000000000000000000, -0.000000000000000000 ) ) ;
#1924 = ADVANCED_FACE ( 'NONE', ( #3172 ), #2891, .T. ) ;
#1925 = VERTEX_POINT ( 'NONE', #2031 ) ;
#1926 =( REPRESENTATION_RELATIONSHIP ('NONE','NONE', #96, #2644 ) REPRESENTATION_RELATIONSHIP_WITH_TRANSFORMATION ( #2306 )SHAPE_REPRESENTATION_RELATIONSHIP( ) );
#1927 = B_SPLINE_CURVE_WITH_KNOTS ( 'NONE', 3,
 ( #864, #21, #1400, #1089, #1685, #2491, #3631, #236, #1383, #3341, #567, #1163, #3143, #2286, #3408, #1937, #2228, #883 ),
 .UNSPECIFIED., .F., .F.,
 ( 4, 2, 2, 2, 2, 2, 2, 2, 4 ),
 ( -5.999999998256833452E-08, 0.001604331828103276562, 0.002406527742154896017, 0.003208723656206515038, 0.004010919570258134059, 0.004813115484309754381, 0.005214213441335581456, 0.005615311398361409398, 0.006417507312413064414 ),
 .UNSPECIFIED. ) ;
#1928 = CARTESIAN_POINT ( 'NONE',  ( -65.48995295431750208, 23.00000000000000000, -32.23598720549306051 ) ) ;
#1929 = LINE ( 'NONE', #503, #1150 ) ;
#1930 = CARTESIAN_POINT ( 'NONE',  ( -85.55020259337098310, -4.602988459340764323E-14, -44.03179696296714241 ) ) ;
#1931 = VERTEX_POINT ( 'NONE', #61 ) ;
#1932 = ORIENTED_EDGE ( 'NONE', *, *, #29, .T. ) ;
#1933 = LINE ( 'NONE', #2450, #1740 ) ;
#1934 = DIRECTION ( 'NONE',  ( 0.000000000000000000, 0.000000000000000000, -1.000000000000000000 ) ) ;
#1935 = CARTESIAN_POINT ( 'NONE',  ( -85.17541337179218885, 29.00000000000151701, -35.77145810489410138 ) ) ;
#1936 = ORIENTED_EDGE ( 'NONE', *, *, #3588, .T. ) ;
#1937 = CARTESIAN_POINT ( 'NONE',  ( -81.02852547534358507, 5.999999999999996447, -45.07909897012938671 ) ) ;
#1938 = CARTESIAN_POINT ( 'NONE',  ( -28.68554073164614593, 7.697292583425109136, 6.000000000000000000 ) ) ;
#1939 = ADVANCED_FACE ( 'NONE', ( #667 ), #100, .F. ) ;
#1940 = CARTESIAN_POINT ( 'NONE',  ( -78.55058589415371273, 29.00000000000000355, -30.63095566767139744 ) ) ;
#1941 = DIRECTION ( 'NONE',  ( 0.000000000000000000, -0.000000000000000000, -1.000000000000000000 ) ) ;
#1942 = EDGE_CURVE ( 'NONE', #995, #622, #2089, .T. ) ;
#1943 = CARTESIAN_POINT ( 'NONE',  ( -78.13637233178062047, 6.000000000000000000, -40.52634505667347042 ) ) ;
#1944 = CARTESIAN_POINT ( 'NONE',  ( 3.314459268353859400, -18.30270741657488998, 7.000000000000000000 ) ) ;
#1945 = CARTESIAN_POINT ( 'NONE',  ( -45.13254080751686104, 1.000000000000000000, -37.21674210529830162 ) ) ;
#1946 = DIRECTION ( 'NONE',  ( -0.000000000000000000, 1.000000000000000000, -0.000000000000000000 ) ) ;
#1947 = CARTESIAN_POINT ( 'NONE',  ( -85.43207901362086432, 1.517883041479706208E-15, -42.42655498919116752 ) ) ;
#1948 = ORIENTED_EDGE ( 'NONE', *, *, #935, .T. ) ;
#1949 = MANIFOLD_SOLID_BREP ( 'Fillet4', #1666 ) ;
#1950 = ORIENTED_EDGE ( 'NONE', *, *, #583, .T. ) ;
#1951 = DIRECTION ( 'NONE',  ( -0.000000000000000000, 0.000000000000000000, -1.000000000000000000 ) ) ;
#1952 = CIRCLE ( 'NONE', #2726, 1.000000000000000000 ) ;
#1953 = CARTESIAN_POINT ( 'NONE',  ( -75.42051944751685255, 6.000000000000000000, -54.21674210529830162 ) ) ;
#1954 = CARTESIAN_POINT ( 'NONE',  ( -85.13637233178063468, 28.00000000000000000, -30.21674210529830162 ) ) ;
#1955 = CARTESIAN_POINT ( 'NONE',  ( -65.48995295431750208, 3.000000000000000000, -32.23598720549306051 ) ) ;
#1956 = EDGE_CURVE ( 'NONE', #2485, #1925, #301, .T. ) ;
#1957 = CLOSED_SHELL ( 'NONE', ( #2276, #207, #792, #537, #398, #634, #3651, #1402, #799, #649, #610, #2698, #1247, #2026 ) ) ;
#1958 = CARTESIAN_POINT ( 'NONE',  ( -78.13637233178062047, 28.58578643762690419, -30.21674210529830518 ) ) ;
#1959 = CARTESIAN_POINT ( 'NONE',  ( -58.48995295431750208, 0.000000000000000000, -4.235987205493064067 ) ) ;
#1960 = EDGE_CURVE ( 'NONE', #1227, #2714, #1576, .T. ) ;
#1961 = CARTESIAN_POINT ( 'NONE',  ( -79.52244965266635290, 28.99999999999999645, -44.31440511451903319 ) ) ;
#1962 = VECTOR ( 'NONE', #692, 1000.000000000000000 ) ;
#1963 = CARTESIAN_POINT ( 'NONE',  ( -84.93776804525357704, 6.722053469410129069E-15, -38.97639436297977511 ) ) ;
#1964 = AXIS2_PLACEMENT_3D ( 'NONE', #1167, #27, #3414 ) ;
#1965 = CARTESIAN_POINT ( 'NONE',  ( -85.81611161033764290, 6.722053469410132224E-15, -38.49338245144787152 ) ) ;
#1966 = VERTEX_POINT ( 'NONE', #3088 ) ;
#1967 = ADVANCED_FACE ( 'NONE', ( #541 ), #3280, .T. ) ;
#1968 = CARTESIAN_POINT ( 'NONE',  ( -85.13637233178063468, 29.00000000000000000, -30.21674210529830162 ) ) ;
#1969 = VECTOR ( 'NONE', #1557, 1000.000000000000000 ) ;
#1970 = AXIS2_PLACEMENT_3D ( 'NONE', #1267, #3461, #2353 ) ;
#1971 = DIRECTION ( 'NONE',  ( -0.000000000000000000, -1.000000000000000000, -0.000000000000000000 ) ) ;
#1972 = CARTESIAN_POINT ( 'NONE',  ( -29.18554073164614238, -19.30270741657488998, 7.000000000000000000 ) ) ;
#1973 = AXIS2_PLACEMENT_3D ( 'NONE', #885, #1886, #2717 ) ;
#1974 = ORIENTED_EDGE ( 'NONE', *, *, #1768, .F. ) ;
#1975 = AXIS2_PLACEMENT_3D ( 'NONE', #618, #562, #2898 ) ;
#1976 = AXIS2_PLACEMENT_3D ( 'NONE', #2996, #2201, #173 ) ;
#1977 = CARTESIAN_POINT ( 'NONE',  ( -77.13637233178062047, 0.000000000000000000, -40.53022924388768189 ) ) ;
#1978 = DIRECTION ( 'NONE',  ( 0.000000000000000000, 0.000000000000000000, 1.000000000000000000 ) ) ;
#1979 = MANIFOLD_SOLID_BREP ( 'Fillet1', #1957 ) ;
#1980 = DIRECTION ( 'NONE',  ( 0.000000000000000000, -1.000000000000000000, -0.000000000000000000 ) ) ;
#1981 = CARTESIAN_POINT ( 'NONE',  ( -78.13597462717184783, 28.00000000000000000, -40.42395514031831283 ) ) ;
#1982 = CARTESIAN_POINT ( 'NONE',  ( -82.42051944751685255, 1.000000000000000000, -55.21674210529830162 ) ) ;
#1983 = CARTESIAN_POINT ( 'NONE',  ( -28.68554073164614593, 7.697292583425109136, 1.000000000000000000 ) ) ;
#1984 = EDGE_CURVE ( 'NONE', #1426, #1644, #134, .T. ) ;
#1985 = CARTESIAN_POINT ( 'NONE',  ( -85.50369194180639454, 2.493664996716666825E-14, -37.66104528003901919 ) ) ;
#1986 = MANIFOLD_SOLID_BREP ( 'Boss-Extrude3', #2248 ) ;
#1987 = VERTEX_POINT ( 'NONE', #623 ) ;
#1988 = PLANE ( 'NONE',  #241 ) ;
#1989 = CARTESIAN_POINT ( 'NONE',  ( -78.20147105886347560, 0.9999999999999963363, -41.57125123516622267 ) ) ;
#1990 = EDGE_CURVE ( 'NONE', #3581, #561, #1043, .T. ) ;
#1991 = CARTESIAN_POINT ( 'NONE',  ( -77.43431409925317155, 1.301042606982605715E-15, -42.77811437929295835 ) ) ;
#1992 = EDGE_LOOP ( 'NONE', ( #3478, #1707, #1000 ) ) ;
#1993 = DIRECTION ( 'NONE',  ( -1.000000000000000000, 0.000000000000000000, 0.000000000000000000 ) ) ;
#1994 = SHAPE_DEFINITION_REPRESENTATION ( #1485, #2515 ) ;
#1995 = ORIENTED_EDGE ( 'NONE', *, *, #3077, .T. ) ;
#1996 = CARTESIAN_POINT ( 'NONE',  ( -78.55508281877736465, 6.999999999999997335, -44.76173532926043919 ) ) ;
#1997 = CARTESIAN_POINT ( 'NONE',  ( -78.13637233178062047, 1.000000000000007772, -30.21674210529830162 ) ) ;
#1998 = CARTESIAN_POINT ( 'NONE',  ( -79.13620581965662382, 29.00000000000000000, -40.51003225689107268 ) ) ;
#1999 = CARTESIAN_POINT ( 'NONE',  ( -81.42051944751685255, 6.000000000000000000, -44.28090285740007914 ) ) ;
#2000 = CARTESIAN_POINT ( 'NONE',  ( -84.30887867289506232, 1.517883041479706208E-15, -36.90803451638136323 ) ) ;
#2001 = EDGE_LOOP ( 'NONE', ( #199, #497, #1457, #1210 ) ) ;
#2002 = DIRECTION ( 'NONE',  ( 0.000000000000000000, 0.000000000000000000, -1.000000000000000000 ) ) ;
#2003 = LINE ( 'NONE', #3195, #3055 ) ;
#2004 = ORIENTED_EDGE ( 'NONE', *, *, #2928, .F. ) ;
#2005 = CARTESIAN_POINT ( 'NONE',  ( -79.13637233178062047, 28.00000000000000000, -44.39541070858673066 ) ) ;
#2006 = ORIENTED_EDGE ( 'NONE', *, *, #819, .T. ) ;
#2007 = ADVANCED_FACE ( 'NONE', ( #903 ), #642, .F. ) ;
#2008 = DIRECTION ( 'NONE',  ( 1.000000000000000000, 0.000000000000000000, 0.000000000000000000 ) ) ;
#2009 = VECTOR ( 'NONE', #1946, 1000.000000000000000 ) ;
#2010 = ORIENTED_EDGE ( 'NONE', *, *, #276, .T. ) ;
#2011 = CARTESIAN_POINT ( 'NONE',  ( -80.77728987988751896, 7.000000000000000888, -46.04884803155428585 ) ) ;
#2012 = CARTESIAN_POINT ( 'NONE',  ( -78.14878188116367141, 1.000000000000000000, -43.72121056840690301 ) ) ;
#2013 = CARTESIAN_POINT ( 'NONE',  ( -79.00803302893638147, 29.00000000000031619, -43.75457943828111951 ) ) ;
#2014 = CARTESIAN_POINT ( 'NONE',  ( -85.10507195747462106, 0.000000000000000000, -44.39541070858673066 ) ) ;
#2015 = CARTESIAN_POINT ( 'NONE',  ( 14.51004704568249792, 3.000000000000000000, -2.235987205493061847 ) ) ;
#2016 = CARTESIAN_POINT ( 'NONE',  ( -86.56688205551857607, 6.722053469410132224E-15, -39.89655161676833472 ) ) ;
#2017 = ORIENTED_EDGE ( 'NONE', *, *, #2635, .F. ) ;
#2018 = VERTEX_POINT ( 'NONE', #1215 ) ;
#2019 = AXIS2_PLACEMENT_3D ( 'NONE', #2442, #3599, #1029 ) ;
#2020 = ORIENTED_EDGE ( 'NONE', *, *, #2628, .F. ) ;
#2021 =( NAMED_UNIT ( * ) SI_UNIT ( $, .STERADIAN. ) SOLID_ANGLE_UNIT ( ) );
#2022 = ORIENTED_EDGE ( 'NONE', *, *, #3609, .F. ) ;
#2023 = AXIS2_PLACEMENT_3D ( 'NONE', #1799, #2711, #906 ) ;
#2024 = DIRECTION ( 'NONE',  ( 0.000000000000000000, -1.000000000000000000, 0.000000000000000000 ) ) ;
#2025 = PLANE ( 'NONE',  #654 ) ;
#2026 = ADVANCED_FACE ( 'NONE', ( #2567 ), #1179, .T. ) ;
#2027 = ITEM_DEFINED_TRANSFORMATION ( 'NONE', 'NONE', #3028,  #1545 ) ;
#2028 = CARTESIAN_POINT ( 'NONE',  ( -79.11550360636917389, 28.00000000000000711, -43.89009494466242245 ) ) ;
#2029 = CIRCLE ( 'NONE', #3381, 1.000000000000000000 ) ;
#2030 = EDGE_CURVE ( 'NONE', #92, #1798, #1778, .T. ) ;
#2031 = CARTESIAN_POINT ( 'NONE',  ( 4.314459268353855848, 7.697292583425109136, 1.000000000000000000 ) ) ;
#2032 = CARTESIAN_POINT ( 'NONE',  ( -79.17783559371919466, 29.00000000000000000, -41.31447160050905865 ) ) ;
#2033 = PLANE ( 'NONE',  #1377 ) ;
#2034 = CARTESIAN_POINT ( 'NONE',  ( -85.69779995841452092, -3.686287386450715076E-15, -41.59329828555527087 ) ) ;
#2035 = CARTESIAN_POINT ( 'NONE',  ( -85.69996983961837600, 2.493664996716666825E-14, -38.22748524725397345 ) ) ;
#2036 = EDGE_LOOP ( 'NONE', ( #1364, #2101, #593, #3522 ) ) ;
#2037 = ORIENTED_EDGE ( 'NONE', *, *, #3141, .T. ) ;
#2038 = CARTESIAN_POINT ( 'NONE',  ( -77.79993386398540167, 7.000000000000000000, -43.69767823667218209 ) ) ;
#2039 = DIRECTION ( 'NONE',  ( 0.000000000000000000, 0.000000000000000000, -1.000000000000000000 ) ) ;
#2040 = CARTESIAN_POINT ( 'NONE',  ( -78.13619429261740379, 1.517883041479706208E-15, -40.51241163168647574 ) ) ;
#2041 = ORIENTED_EDGE ( 'NONE', *, *, #36, .F. ) ;
#2042 = ORIENTED_EDGE ( 'NONE', *, *, #36, .T. ) ;
#2043 = CARTESIAN_POINT ( 'NONE',  ( -85.10507195747462106, 29.00000000000000000, -31.21674210529830518 ) ) ;
#2044 =( LENGTH_UNIT ( ) NAMED_UNIT ( * ) SI_UNIT ( .MILLI., .METRE. ) );
#2045 = PRODUCT_DEFINITION_SHAPE ( 'NONE', 'NONE',  #3660 ) ;
#2046 = CARTESIAN_POINT ( 'NONE',  ( -86.57075400912768259, 27.99999999999998934, -42.19943855807733257 ) ) ;
#2047 = CARTESIAN_POINT ( 'NONE',  ( -44.13254080751685393, 6.000000000000000000, -38.21674210529830162 ) ) ;
#2048 = CARTESIAN_POINT ( 'NONE',  ( -86.01940788051685161, 27.99999999999969091, -43.44669915494034740 ) ) ;
#2049 =( NAMED_UNIT ( * ) SI_UNIT ( $, .STERADIAN. ) SOLID_ANGLE_UNIT ( ) );
#2050 = ADVANCED_FACE ( 'NONE', ( #271 ), #1504, .T. ) ;
#2051 = CARTESIAN_POINT ( 'NONE',  ( -85.67575767411760523, 28.99999999999999645, -40.35955970748592136 ) ) ;
#2052 = VERTEX_POINT ( 'NONE', #2903 ) ;
#2053 = VERTEX_POINT ( 'NONE', #2864 ) ;
#2054 = DIRECTION ( 'NONE',  ( 0.000000000000000000, -1.000000000000000000, 0.000000000000000000 ) ) ;
#2055 = EDGE_CURVE ( 'NONE', #2338, #248, #356, .T. ) ;
#2056 = DIRECTION ( 'NONE',  ( 0.000000000000000000, 0.000000000000000000, 1.000000000000000000 ) ) ;
#2057 = CARTESIAN_POINT ( 'NONE',  ( -78.18363354495335216, 4.658604217068505366E-13, -41.42642194495397945 ) ) ;
#2058 = ORIENTED_EDGE ( 'NONE', *, *, #1604, .F. ) ;
#2059 = CARTESIAN_POINT ( 'NONE',  ( -79.85217698469999448, -0.000000000000000000, -45.71646047794791201 ) ) ;
#2060 = ORIENTED_EDGE ( 'NONE', *, *, #1990, .T. ) ;
#2061 = CARTESIAN_POINT ( 'NONE',  ( -84.13637233178063468, 29.00000000000000000, -35.26135916053755892 ) ) ;
#2062 = DIRECTION ( 'NONE',  ( 1.000000000000000000, 0.000000000000000000, 0.000000000000000000 ) ) ;
#2063 = DIRECTION ( 'NONE',  ( 0.000000000000000000, 0.000000000000000000, -1.000000000000000000 ) ) ;
#2064 = CARTESIAN_POINT ( 'NONE',  ( -82.50811244074611750, 28.00000000000000000, -45.21769675395246679 ) ) ;
#2065 = DIRECTION ( 'NONE',  ( 0.000000000000000000, 0.000000000000000000, -1.000000000000000000 ) ) ;
#2066 = AXIS2_PLACEMENT_3D ( 'NONE', #2778, #2216, #1941 ) ;
#2067 = FACE_OUTER_BOUND ( 'NONE', #3093, .T. ) ;
#2068 =( GEOMETRIC_REPRESENTATION_CONTEXT ( 3 ) GLOBAL_UNCERTAINTY_ASSIGNED_CONTEXT ( ( #2168 ) ) GLOBAL_UNIT_ASSIGNED_CONTEXT ( ( #626, #274, #3185 ) ) REPRESENTATION_CONTEXT ( 'NONE', 'WORKASPACE' ) );
#2069 = CARTESIAN_POINT ( 'NONE',  ( -84.84286391811484407, 29.00000000000001066, -43.32096492416178535 ) ) ;
#2070 = EDGE_CURVE ( 'NONE', #38, #2079, #313, .T. ) ;
#2071 = CARTESIAN_POINT ( 'NONE',  ( -85.17476519835632587, 29.00000000000000000, -42.90803020090704933 ) ) ;
#2072 = ORIENTED_EDGE ( 'NONE', *, *, #2117, .T. ) ;
#2073 = DIRECTION ( 'NONE',  ( -1.000000000000000000, 0.000000000000000000, 0.000000000000000000 ) ) ;
#2074 = PRODUCT_DEFINITION_SHAPE ( 'NONE', 'NONE',  #3665 ) ;
#2075 = CARTESIAN_POINT ( 'NONE',  ( -84.63996739168263161, 0.1263090048009156696, -35.24672894907923393 ) ) ;
#2076 = EDGE_CURVE ( 'NONE', #2770, #2574, #3561, .T. ) ;
#2077 = CARTESIAN_POINT ( 'NONE',  ( -81.73302466535443500, -2.011063821595527256E-12, -45.19694224775874858 ) ) ;
#2078 = DIRECTION ( 'NONE',  ( 1.000000000000000000, 0.000000000000000000, 0.000000000000000000 ) ) ;
#2079 = VERTEX_POINT ( 'NONE', #1711 ) ;
#2080 = CARTESIAN_POINT ( 'NONE',  ( -78.13637233178062047, 1.000000000000000000, -40.52634505667347042 ) ) ;
#2081 = DIRECTION ( 'NONE',  ( 1.000000000000000000, 0.000000000000000000, 0.000000000000000000 ) ) ;
#2082 = ORIENTED_EDGE ( 'NONE', *, *, #3283, .T. ) ;
#2083 = CARTESIAN_POINT ( 'NONE',  ( -86.29337468797422162, 29.00000000000092015, -39.34161864437507461 ) ) ;
#2084 = ADVANCED_BREP_SHAPE_REPRESENTATION ( '', ( #1979, #1545 ), #1605 ) ;
#2085 = AXIS2_PLACEMENT_3D ( 'NONE', #1518, #1762, #1458 ) ;
#2086 = CARTESIAN_POINT ( 'NONE',  ( -78.41530844198560146, 28.00000000000001066, -42.60159252729207680 ) ) ;
#2087 = DIRECTION ( 'NONE',  ( 0.000000000000000000, 0.000000000000000000, -1.000000000000000000 ) ) ;
#2088 = VECTOR ( 'NONE', #3517, 1000.000000000000000 ) ;
#2089 = LINE ( 'NONE', #3369, #3157 ) ;
#2090 = AXIS2_PLACEMENT_3D ( 'NONE', #3015, #1051, #585 ) ;
#2091 = CARTESIAN_POINT ( 'NONE',  ( -80.62622206830873495, 29.00000000000000355, -43.86142423874085949 ) ) ;
#2092 = CIRCLE ( 'NONE', #496, 1.000000000000000888 ) ;
#2093 = CARTESIAN_POINT ( 'NONE',  ( -80.67645862925004963, 29.00000000000001421, -43.88708324398216121 ) ) ;
#2094 = CYLINDRICAL_SURFACE ( 'NONE', #3617, 1.000000000000000888 ) ;
#2095 = EDGE_CURVE ( 'NONE', #228, #3405, #1092, .T. ) ;
#2096 = FACE_OUTER_BOUND ( 'NONE', #2879, .T. ) ;
#2097 = CARTESIAN_POINT ( 'NONE',  ( -79.40650640749362310, 6.722053469410127491E-15, -42.36446299980016761 ) ) ;
#2098 = CARTESIAN_POINT ( 'NONE',  ( -77.13637233178062047, 6.000000000000000000, -38.21674210529830162 ) ) ;
#2099 = EDGE_LOOP ( 'NONE', ( #920, #2173, #2205, #117, #857, #2510 ) ) ;
#2100 = EDGE_CURVE ( 'NONE', #3611, #674, #2959, .T. ) ;
#2101 = ORIENTED_EDGE ( 'NONE', *, *, #3403, .F. ) ;
#2102 = CARTESIAN_POINT ( 'NONE',  ( -85.81611161033764290, 29.00000000000000711, -38.49338245144787152 ) ) ;
#2103 = CARTESIAN_POINT ( 'NONE',  ( -79.88981169827755480, 28.00000000000001421, -44.58695574734971245 ) ) ;
#2104 = CARTESIAN_POINT ( 'NONE',  ( -77.13637987526423956, 1.000000000000000000, -40.53022924388768189 ) ) ;
#2105 = CARTESIAN_POINT ( 'NONE',  ( 7.510047045682499700, -5.000000000000000000, -30.23598720549306051 ) ) ;
#2106 = CARTESIAN_POINT ( 'NONE',  ( -80.15714812160686620, 29.00000000000000711, -44.74769228240082697 ) ) ;
#2107 = CARTESIAN_POINT ( 'NONE',  ( -85.14961052329972802, 1.000000000000457634, -35.44201728491538006 ) ) ;
#2108 = DIRECTION ( 'NONE',  ( -0.000000000000000000, 0.000000000000000000, -1.000000000000000000 ) ) ;
#2109 = DIRECTION ( 'NONE',  ( 1.000000000000000000, -0.000000000000000000, 0.000000000000000000 ) ) ;
#2110 = APPLICATION_CONTEXT ( 'automotive_design' ) ;
#2111 =( BOUNDED_CURVE ( )  B_SPLINE_CURVE ( 3, ( #1636, #1860, #444, #221 ),
 .UNSPECIFIED., .F., .T. ) 
 B_SPLINE_CURVE_WITH_KNOTS ( ( 4, 4 ),
 ( 4.712388980384689674, 6.283185307179586232 ),
 .UNSPECIFIED. ) 
 CURVE ( )  GEOMETRIC_REPRESENTATION_ITEM ( )  RATIONAL_B_SPLINE_CURVE ( ( 1.000000000000000000, 0.8047378541243649375, 0.8047378541243649375, 1.000000000000000000 ) ) 
 REPRESENTATION_ITEM ( '' )  );
#2112 = CARTESIAN_POINT ( 'NONE',  ( -82.36603437641086600, 6.722053469410127491E-15, -44.23145998339533946 ) ) ;
#2113 = CARTESIAN_POINT ( 'NONE',  ( 3.314459268353856292, 7.697292583425109136, 6.000000000000000000 ) ) ;
#2114 = EDGE_LOOP ( 'NONE', ( #3192, #825, #277, #2627 ) ) ;
#2115 = VERTEX_POINT ( 'NONE', #108 ) ;
#2116 = CARTESIAN_POINT ( 'NONE',  ( -85.43019335454566487, 29.00000000000000000, -39.84679431148747142 ) ) ;
#2117 = EDGE_CURVE ( 'NONE', #2302, #1489, #802, .T. ) ;
#2118 = CARTESIAN_POINT ( 'NONE',  ( -79.54715683021626660, 1.000000000000141220, -44.32601103816567445 ) ) ;
#2119 = CARTESIAN_POINT ( 'NONE',  ( 0.000000000000000000, 0.000000000000000000, 7.000000000000000000 ) ) ;
#2120 = SURFACE_STYLE_FILL_AREA ( #473 ) ;
#2121 = EDGE_LOOP ( 'NONE', ( #1773, #2408, #1892, #1105 ) ) ;
#2122 = AXIS2_PLACEMENT_3D ( 'NONE', #707, #1555, #2065 ) ;
#2123 = PRODUCT_DEFINITION_FORMATION_WITH_SPECIFIED_SOURCE ( 'ANY', '', #1224, .NOT_KNOWN. ) ;
#2124 = CARTESIAN_POINT ( 'NONE',  ( -85.74154825424028559, 29.00000000000000711, -41.06736415368470006 ) ) ;
#2125 = EDGE_LOOP ( 'NONE', ( #2170, #3325, #3000, #1482 ) ) ;
#2126 = ADVANCED_BREP_SHAPE_REPRESENTATION ( '', ( #1949, #1545 ), #591 ) ;
#2127 = FACE_BOUND ( 'NONE', #1417, .T. ) ;
#2128 = CARTESIAN_POINT ( 'NONE',  ( -45.13254080751686104, 1.000000000000000000, -38.21674210529830162 ) ) ;
#2129 = CARTESIAN_POINT ( 'NONE',  ( -78.24349048111336913, 0.9999999999996912470, -41.84133553976040076 ) ) ;
#2130 = DIRECTION ( 'NONE',  ( 0.000000000000000000, 1.000000000000000000, 0.000000000000000000 ) ) ;
#2131 = LINE ( 'NONE', #3590, #469 ) ;
#2132 = SHAPE_REPRESENTATION ( 'SofaFrame', ( #1545 ), #220 ) ;
#2133 =( LENGTH_UNIT ( ) NAMED_UNIT ( * ) SI_UNIT ( .MILLI., .METRE. ) );
#2134 = VERTEX_POINT ( 'NONE', #2715 ) ;
#2135 = ORIENTED_EDGE ( 'NONE', *, *, #956, .F. ) ;
#2136 = PLANE ( 'NONE',  #2624 ) ;
#2137 = DIRECTION ( 'NONE',  ( -0.000000000000000000, 0.000000000000000000, 1.000000000000000000 ) ) ;
#2138 = EDGE_CURVE ( 'NONE', #549, #1331, #1550, .T. ) ;
#2139 = SURFACE_STYLE_USAGE ( .BOTH. , #783 ) ;
#2140 = EDGE_LOOP ( 'NONE', ( #3389, #2806, #2582, #170 ) ) ;
#2141 = PRESENTATION_LAYER_ASSIGNMENT (  '', '', ( #2202 ) ) ;
#2142 = VECTOR ( 'NONE', #2324, 1000.000000000000000 ) ;
#2143 = EDGE_CURVE ( 'NONE', #831, #2358, #1273, .T. ) ;
#2144 = CARTESIAN_POINT ( 'NONE',  ( -81.42051944751688097, 6.000000000000000000, -46.16266747147606964 ) ) ;
#2145 = ORIENTED_EDGE ( 'NONE', *, *, #1942, .T. ) ;
#2146 = DIRECTION ( 'NONE',  ( 1.000000000000000000, -0.000000000000000000, 0.000000000000000000 ) ) ;
#2147 = DIRECTION ( 'NONE',  ( 0.000000000000000000, -1.000000000000000000, 0.000000000000000000 ) ) ;
#2148 = CIRCLE ( 'NONE', #554, 3.000000000000002665 ) ;
#2149 = DIRECTION ( 'NONE',  ( -1.000000000000000000, 0.000000000000000000, 0.000000000000000000 ) ) ;
#2150 = CARTESIAN_POINT ( 'NONE',  ( -85.35710309373281746, 6.722053469410127491E-15, -42.58887856777376868 ) ) ;
#2151 = CARTESIAN_POINT ( 'NONE',  ( -78.15077137810678209, 28.00000000000000000, -44.23341084469850415 ) ) ;
#2152 = CARTESIAN_POINT ( 'NONE',  ( -79.86427861104709791, 7.000000000000002665, -45.71236545224297032 ) ) ;
#2153 = CARTESIAN_POINT ( 'NONE',  ( -80.22701219481439239, 1.517883041479693980E-15, -43.59655471736270016 ) ) ;
#2154 = ORIENTED_EDGE ( 'NONE', *, *, #1378, .T. ) ;
#2155 = CYLINDRICAL_SURFACE ( 'NONE', #1910, 1.000000000000000000 ) ;
#2156 = VERTEX_POINT ( 'NONE', #2677 ) ;
#2157 = CARTESIAN_POINT ( 'NONE',  ( -78.89843605932306048, 1.301042606982605321E-15, -45.08795247684683716 ) ) ;
#2158 = CARTESIAN_POINT ( 'NONE',  ( -81.02407935918495241, 1.000000000000002887, -45.07813571595185920 ) ) ;
#2159 = FILL_AREA_STYLE_COLOUR ( '', #1857 ) ;
#2160 = ORIENTED_EDGE ( 'NONE', *, *, #564, .T. ) ;
#2161 = CARTESIAN_POINT ( 'NONE',  ( -85.79496952576819524, 1.000000000000001332, -38.46222017136179971 ) ) ;
#2162 = FACE_OUTER_BOUND ( 'NONE', #3365, .T. ) ;
#2163 = VERTEX_POINT ( 'NONE', #1849 ) ;
#2164 = EDGE_CURVE ( 'NONE', #3197, #2338, #2989, .T. ) ;
#2165 = DIRECTION ( 'NONE',  ( 0.000000000000000000, 0.000000000000000000, -1.000000000000000000 ) ) ;
#2166 = CARTESIAN_POINT ( 'NONE',  ( -58.48995295431750208, -5.000000000000000000, -30.23598720549306051 ) ) ;
#2167 = LINE ( 'NONE', #3570, #1630 ) ;
#2168 = UNCERTAINTY_MEASURE_WITH_UNIT (LENGTH_MEASURE( 1.000000000000000082E-05 ), #626, 'distance_accuracy_value', 'NONE');
#2169 = CARTESIAN_POINT ( 'NONE',  ( -84.75652218375564928, 1.011224010533444434E-12, -44.62494800679748863 ) ) ;
#2170 = ORIENTED_EDGE ( 'NONE', *, *, #3518, .T. ) ;
#2171 = CARTESIAN_POINT ( 'NONE',  ( -87.25198995061526830, 1.000000000000007772, -39.49132813789562846 ) ) ;
#2172 = CARTESIAN_POINT ( 'NONE',  ( -81.09483003453121341, 6.999999999999998224, -46.11882804737003028 ) ) ;
#2173 = ORIENTED_EDGE ( 'NONE', *, *, #3539, .F. ) ;
#2174 = B_SPLINE_CURVE_WITH_KNOTS ( 'NONE', 3,
 ( #1363, #184, #2158, #217, #1333, #816, #1633, #2433, #3323, #1890, #801, #2759, #1664, #2229, #238, #1091 ),
 .UNSPECIFIED., .F., .F.,
 ( 4, 2, 2, 2, 2, 2, 2, 4 ),
 ( 0.000000000000000000, 0.0008041790616037793960, 0.001608358123207558792, 0.002412537184811338296, 0.003216716246415117584, 0.004020895308018896872, 0.004825074369622676593, 0.006433432492830223892 ),
 .UNSPECIFIED. ) ;
#2175 = CARTESIAN_POINT ( 'NONE',  ( -77.53724880428306676, -1.301042606982605321E-15, -43.09216544342702804 ) ) ;
#2176 = DIRECTION ( 'NONE',  ( 0.000000000000000000, 0.000000000000000000, -1.000000000000000000 ) ) ;
#2177 = SURFACE_SIDE_STYLE ('',( #254 ) ) ;
#2178 = ORIENTED_EDGE ( 'NONE', *, *, #2670, .F. ) ;
#2179 = CARTESIAN_POINT ( 'NONE',  ( 12.51004704568249792, -5.000000000000000000, -9.235987205493074725 ) ) ;
#2180 = DIRECTION ( 'NONE',  ( -0.000000000000000000, 0.000000000000000000, -1.000000000000000000 ) ) ;
#2181 = CARTESIAN_POINT ( 'NONE',  ( 12.51004704568249792, -5.000000000000000000, -25.23598720549304630 ) ) ;
#2182 = DIRECTION ( 'NONE',  ( -1.000000000000000000, 0.000000000000000000, 0.000000000000000000 ) ) ;
#2183 = CARTESIAN_POINT ( 'NONE',  ( -29.68554073164614593, 7.697292583425109136, 7.000000000000000000 ) ) ;
#2184 = EDGE_CURVE ( 'NONE', #1966, #3506, #1567, .T. ) ;
#2185 = VECTOR ( 'NONE', #1115, 1000.000000000000000 ) ;
#2186 = CARTESIAN_POINT ( 'NONE',  ( -86.51080595837389353, 2.824116838554776933E-12, -42.40157001957791039 ) ) ;
#2187 = ORIENTED_EDGE ( 'NONE', *, *, #2528, .F. ) ;
#2188 = VERTEX_POINT ( 'NONE', #3483 ) ;
#2189 = CARTESIAN_POINT ( 'NONE',  ( -80.17989755288023446, 6.999999999999998224, -44.75171761995921571 ) ) ;
#2190 = CARTESIAN_POINT ( 'NONE',  ( -79.13792334377717452, 3.562970397116373016E-30, -40.88160982326516546 ) ) ;
#2191 = EDGE_CURVE ( 'NONE', #1635, #3537, #2395, .T. ) ;
#2192 = FACE_OUTER_BOUND ( 'NONE', #181, .T. ) ;
#2193 = CARTESIAN_POINT ( 'NONE',  ( -78.13867057408592132, 0.9999999999991491251, -41.11803254283145037 ) ) ;
#2194 = CARTESIAN_POINT ( 'NONE',  ( -85.13637233178063468, 28.00000000000000000, -35.23230762166618746 ) ) ;
#2195 = ORIENTED_EDGE ( 'NONE', *, *, #2138, .F. ) ;
#2196 = VECTOR ( 'NONE', #103, 1000.000000000000000 ) ;
#2197 = DIRECTION ( 'NONE',  ( 0.000000000000000000, 0.000000000000000000, -1.000000000000000000 ) ) ;
#2198 = CIRCLE ( 'NONE', #608, 1.000000000000000888 ) ;
#2199 = CARTESIAN_POINT ( 'NONE',  ( -79.49876917851969438, 7.000000000000000000, -54.21674210529830162 ) ) ;
#2200 = DIRECTION ( 'NONE',  ( -1.000000000000000000, 0.000000000000000000, 0.000000000000000000 ) ) ;
#2201 = DIRECTION ( 'NONE',  ( -0.000000000000000000, 1.000000000000000000, -0.000000000000000000 ) ) ;
#2202 = STYLED_ITEM ( 'NONE', ( #1891 ), #1986 ) ;
#2203 = VECTOR ( 'NONE', #1014, 1000.000000000000000 ) ;
#2204 = CARTESIAN_POINT ( 'NONE',  ( -86.67517152442495387, 1.084707592922877098E-12, -41.74113318152687668 ) ) ;
#2205 = ORIENTED_EDGE ( 'NONE', *, *, #1694, .F. ) ;
#2206 = VERTEX_POINT ( 'NONE', #1285 ) ;
#2207 = CARTESIAN_POINT ( 'NONE',  ( 0.000000000000000000, 23.00000000000000000, 0.000000000000000000 ) ) ;
#2208 = AXIS2_PLACEMENT_3D ( 'NONE', #1953, #2542, #1137 ) ;
#2209 = ADVANCED_FACE ( 'NONE', ( #961 ), #985, .F. ) ;
#2210 = CARTESIAN_POINT ( 'NONE',  ( -79.24522174365523597, 1.517883041479693783E-15, -41.75608450926475967 ) ) ;
#2211 = CARTESIAN_POINT ( 'NONE',  ( 7.510047045682499700, 0.000000000000000000, -4.235987205493064067 ) ) ;
#2212 = VECTOR ( 'NONE', #17, 1000.000000000000000 ) ;
#2213 = CARTESIAN_POINT ( 'NONE',  ( -85.14961052329972802, 28.00000000000045830, -35.44201728491538006 ) ) ;
#2214 = EDGE_CURVE ( 'NONE', #3197, #1106, #3237, .T. ) ;
#2215 = CARTESIAN_POINT ( 'NONE',  ( -85.13637233178063468, 28.00000000000000000, -35.23230762166618746 ) ) ;
#2216 = DIRECTION ( 'NONE',  ( 0.000000000000000000, -1.000000000000000000, 0.000000000000000000 ) ) ;
#2217 = LINE ( 'NONE', #3375, #2318 ) ;
#2218 = DIRECTION ( 'NONE',  ( 0.000000000000000000, -1.000000000000000000, 0.000000000000000000 ) ) ;
#2219 = PLANE ( 'NONE',  #2557 ) ;
#2220 = DIRECTION ( 'NONE',  ( -1.000000000000000000, -0.000000000000000000, -0.000000000000000000 ) ) ;
#2221 = CARTESIAN_POINT ( 'NONE',  ( -84.26654790979431198, 1.517883041479706208E-15, -43.75139004959364541 ) ) ;
#2222 = CARTESIAN_POINT ( 'NONE',  ( -78.33928068045183579, 6.999999999999998224, -44.51527791765630582 ) ) ;
#2223 = DIRECTION ( 'NONE',  ( 0.000000000000000000, 0.000000000000000000, 1.000000000000000000 ) ) ;
#2224 = CARTESIAN_POINT ( 'NONE',  ( -79.13637233178062047, 0.000000000000000000, -31.21674210529830518 ) ) ;
#2225 = EDGE_CURVE ( 'NONE', #2559, #810, #2863, .T. ) ;
#2226 = DIRECTION ( 'NONE',  ( 0.000000000000000000, -1.000000000000000000, 0.000000000000000000 ) ) ;
#2227 = ORIENTED_EDGE ( 'NONE', *, *, #2230, .T. ) ;
#2228 = CARTESIAN_POINT ( 'NONE',  ( -81.28797604711942881, 5.999999999999999112, -45.13580787963697105 ) ) ;
#2229 = CARTESIAN_POINT ( 'NONE',  ( -78.18381926672749671, 1.000000000000001554, -41.58787559521700672 ) ) ;
#2230 = EDGE_CURVE ( 'NONE', #74, #2896, #3532, .T. ) ;
#2231 = ORIENTED_EDGE ( 'NONE', *, *, #2872, .T. ) ;
#2232 = EDGE_CURVE ( 'NONE', #2115, #1987, #550, .T. ) ;
#2233 = CARTESIAN_POINT ( 'NONE',  ( -75.42051944751685255, 6.000000000000000000, -48.21674210529830162 ) ) ;
#2234 = CARTESIAN_POINT ( 'NONE',  ( -79.52244965049088421, 27.99999999999999645, -44.31440511667901205 ) ) ;
#2235 = CARTESIAN_POINT ( 'NONE',  ( -47.13254080751686104, 7.000000000000000000, -55.21674210529830162 ) ) ;
#2236 = CARTESIAN_POINT ( 'NONE',  ( 0.000000000000000000, 3.000000000000000000, 0.000000000000000000 ) ) ;
#2237 = CARTESIAN_POINT ( 'NONE',  ( -86.68285654524238737, 2.294647433437346907E-13, -40.31344970494933477 ) ) ;
#2238 = ORIENTED_EDGE ( 'NONE', *, *, #1694, .T. ) ;
#2239 = CARTESIAN_POINT ( 'NONE',  ( 12.51004704568249792, 0.000000000000000000, -4.235987205493064067 ) ) ;
#2240 = VECTOR ( 'NONE', #614, 1000.000000000000000 ) ;
#2241 = CARTESIAN_POINT ( 'NONE',  ( 4.314459268353855848, 7.697292583425109136, 7.000000000000000000 ) ) ;
#2242 = PLANE ( 'NONE',  #3659 ) ;
#2243 =( NAMED_UNIT ( * ) SI_UNIT ( $, .STERADIAN. ) SOLID_ANGLE_UNIT ( ) );
#2244 = ORIENTED_EDGE ( 'NONE', *, *, #700, .F. ) ;
#2245 = AXIS2_PLACEMENT_3D ( 'NONE', #1020, #382, #127 ) ;
#2246 = CARTESIAN_POINT ( 'NONE',  ( -80.50623439469821108, 3.258668406480767211E-12, -44.93849401960100209 ) ) ;
#2247 = DIRECTION ( 'NONE',  ( 1.000000000000000000, 0.000000000000000000, 0.000000000000000000 ) ) ;
#2248 = CLOSED_SHELL ( 'NONE', ( #982, #3454, #1858, #3649, #683, #3014, #1169, #758, #2392, #3627, #2716, #3567, #512, #987, #3630, #79, #656, #1648, #1537, #2209, #2007, #1939, #3303, #578, #1309, #727, #3036, #2577 ) ) ;
#2249 = VERTEX_POINT ( 'NONE', #2407 ) ;
#2250 = ADVANCED_FACE ( 'NONE', ( #1816 ), #396, .T. ) ;
#2251 = CARTESIAN_POINT ( 'NONE',  ( -28.68554073164614593, 8.697292583425110024, 1.000000000000000000 ) ) ;
#2252 = CARTESIAN_POINT ( 'NONE',  ( -80.15714812639838271, 28.00000000000063238, -44.74769227477219857 ) ) ;
#2253 = AXIS2_PLACEMENT_3D ( 'NONE', #2473, #3350, #1086 ) ;
#2254 =( LENGTH_UNIT ( ) NAMED_UNIT ( * ) SI_UNIT ( .MILLI., .METRE. ) );
#2255 = EDGE_CURVE ( 'NONE', #703, #3197, #1326, .T. ) ;
#2256 = DIRECTION ( 'NONE',  ( 0.000000000000000000, 0.000000000000000000, -1.000000000000000000 ) ) ;
#2257 = CIRCLE ( 'NONE', #2681, 6.999999999999999112 ) ;
#2258 = AXIS2_PLACEMENT_3D ( 'NONE', #633, #2274, #870 ) ;
#2259 = CARTESIAN_POINT ( 'NONE',  ( -85.66737375396947130, -3.686287386450715076E-15, -40.36770340114083666 ) ) ;
#2260 = DIRECTION ( 'NONE',  ( 0.000000000000000000, 0.000000000000000000, -1.000000000000000000 ) ) ;
#2261 = CARTESIAN_POINT ( 'NONE',  ( -65.48995295431750208, 0.000000000000000000, -32.23598720549306051 ) ) ;
#2262 = VECTOR ( 'NONE', #2710, 1000.000000000000000 ) ;
#2263 = CARTESIAN_POINT ( 'NONE',  ( 3.314459268353858956, -18.30270741657488998, 6.000000000000000000 ) ) ;
#2264 = VECTOR ( 'NONE', #3406, 1000.000000000000000 ) ;
#2265 = DIRECTION ( 'NONE',  ( 0.000000000000000000, 0.000000000000000000, -1.000000000000000000 ) ) ;
#2266 = ORIENTED_EDGE ( 'NONE', *, *, #3193, .F. ) ;
#2267 = LINE ( 'NONE', #1413, #2323 ) ;
#2268 = DIRECTION ( 'NONE',  ( -1.000000000000000000, 0.000000000000000000, 0.000000000000000000 ) ) ;
#2269 = AXIS2_PLACEMENT_3D ( 'NONE', #1895, #3529, #1049 ) ;
#2270 = CARTESIAN_POINT ( 'NONE',  ( -63.48995295431750208, 0.000000000000000000, -9.235987205493071173 ) ) ;
#2271 = CARTESIAN_POINT ( 'NONE',  ( -79.71649158224487053, 6.999999999999999112, -45.63861019582667211 ) ) ;
#2272 = CARTESIAN_POINT ( 'NONE',  ( -79.76688443459228495, 1.000000000000000000, -44.93106133250003609 ) ) ;
#2273 = CARTESIAN_POINT ( 'NONE',  ( -78.13776701857530327, 28.00000000000046896, -40.66341906867195632 ) ) ;
#2274 = DIRECTION ( 'NONE',  ( -1.000000000000000000, 0.000000000000000000, -0.000000000000000000 ) ) ;
#2275 = CARTESIAN_POINT ( 'NONE',  ( 12.51004704568249792, -5.000000000000000000, -4.235987205493064067 ) ) ;
#2276 = ADVANCED_FACE ( 'NONE', ( #450 ), #664, .F. ) ;
#2277 = CARTESIAN_POINT ( 'NONE',  ( -84.17944820272364836, -3.686287386450715076E-15, -35.86179388738583640 ) ) ;
#2278 = ORIENTED_EDGE ( 'NONE', *, *, #2554, .F. ) ;
#2279 = ORIENTED_EDGE ( 'NONE', *, *, #3362, .T. ) ;
#2280 = CARTESIAN_POINT ( 'NONE',  ( 7.510047045682499700, -5.000000000000000000, -4.235987205493064067 ) ) ;
#2281 = CARTESIAN_POINT ( 'NONE',  ( 3.314459268353856292, 7.697292583425109136, 6.000000000000000000 ) ) ;
#2282 = CARTESIAN_POINT ( 'NONE',  ( -28.68554073164614593, 7.697292583425109136, 1.000000000000000000 ) ) ;
#2283 = ORIENTED_EDGE ( 'NONE', *, *, #583, .F. ) ;
#2284 = CARTESIAN_POINT ( 'NONE',  ( -78.54080199138334706, 1.301042606982605715E-15, -44.75967817244862346 ) ) ;
#2285 = ORIENTED_EDGE ( 'NONE', *, *, #2993, .T. ) ;
#2286 = CARTESIAN_POINT ( 'NONE',  ( -80.52671045166408703, 6.000000000000001776, -44.91066837082714613 ) ) ;
#2287 = CARTESIAN_POINT ( 'NONE',  ( 7.510047045682499700, -5.000000000000000000, -30.23598720549306051 ) ) ;
#2288 = ITEM_DEFINED_TRANSFORMATION ( 'NONE', 'NONE', #2245,  #1545 ) ;
#2289 = LINE ( 'NONE', #3410, #1553 ) ;
#2290 = LINE ( 'NONE', #587, #1801 ) ;
#2291 = CARTESIAN_POINT ( 'NONE',  ( -78.46098775896793143, 28.99999999999907274, -42.69418837892040131 ) ) ;
#2292 = FACE_OUTER_BOUND ( 'NONE', #2036, .T. ) ;
#2293 = DIRECTION ( 'NONE',  ( 0.000000000000000000, 0.000000000000000000, 1.000000000000000000 ) ) ;
#2294 = CARTESIAN_POINT ( 'NONE',  ( -86.45300432764108223, 0.9999999999999940048, -39.62859579479469119 ) ) ;
#2295 = ORIENTED_EDGE ( 'NONE', *, *, #2364, .T. ) ;
#2296 = ORIENTED_EDGE ( 'NONE', *, *, #3287, .T. ) ;
#2297 = CYLINDRICAL_SURFACE ( 'NONE', #3563, 1.000000000000000888 ) ;
#2298 = ADVANCED_FACE ( 'NONE', ( #2448 ), #3571, .T. ) ;
#2299 = DIRECTION ( 'NONE',  ( -1.000000000000000000, -0.000000000000000000, -0.000000000000000000 ) ) ;
#2300 = ORIENTED_EDGE ( 'NONE', *, *, #2605, .F. ) ;
#2301 = CARTESIAN_POINT ( 'NONE',  ( -79.42640525231183801, -1.348150961071072629E-30, -45.47306104185671671 ) ) ;
#2302 = VERTEX_POINT ( 'NONE', #2888 ) ;
#2303 = VECTOR ( 'NONE', #1923, 1000.000000000000000 ) ;
#2304 = EDGE_CURVE ( 'NONE', #1883, #2249, #1145, .T. ) ;
#2305 = VECTOR ( 'NONE', #1257, 1000.000000000000000 ) ;
#2306 = ITEM_DEFINED_TRANSFORMATION ( 'NONE', 'NONE', #3598,  #1545 ) ;
#2307 = CARTESIAN_POINT ( 'NONE',  ( -44.13254080751685393, 7.000000000000000000, -52.21674210529830162 ) ) ;
#2308 = DIRECTION ( 'NONE',  ( 0.000000000000000000, 0.000000000000000000, -1.000000000000000000 ) ) ;
#2309 = CARTESIAN_POINT ( 'NONE',  ( -79.13690148498368160, 29.00000000000000000, -40.59993323587423220 ) ) ;
#2310 = DIRECTION ( 'NONE',  ( 0.000000000000000000, 0.000000000000000000, 1.000000000000000000 ) ) ;
#2311 = B_SPLINE_CURVE_WITH_KNOTS ( 'NONE', 3,
 ( #1212, #1546, #3249, #2354, #427, #1512, #2075, #1530, #2674, #696 ),
 .UNSPECIFIED., .F., .F.,
 ( 4, 2, 2, 2, 4 ),
 ( 0.000000000000000000, 0.0003906441197043858306, 0.0007812882394087716613, 0.001171932359113157492, 0.001562576478817543323 ),
 .UNSPECIFIED. ) ;
#2312 = CARTESIAN_POINT ( 'NONE',  ( -85.67575767411722154, 1.517883041479706405E-15, -40.35955970748466370 ) ) ;
#2313 = CARTESIAN_POINT ( 'NONE',  ( -86.45300440088793437, -8.890457814381126893E-15, -39.62859576269085693 ) ) ;
#2314 = VERTEX_POINT ( 'NONE', #946 ) ;
#2315 = FACE_OUTER_BOUND ( 'NONE', #1595, .T. ) ;
#2316 = CARTESIAN_POINT ( 'NONE',  ( -86.07668262006400539, 1.000000000000001110, -43.35357469305969857 ) ) ;
#2317 = DIRECTION ( 'NONE',  ( 0.000000000000000000, 0.000000000000000000, -1.000000000000000000 ) ) ;
#2318 = VECTOR ( 'NONE', #1165, 1000.000000000000000 ) ;
#2319 = LINE ( 'NONE', #2828, #479 ) ;
#2320 = CARTESIAN_POINT ( 'NONE',  ( -77.13637233178062047, 0.000000000000000000, -40.53022924388768189 ) ) ;
#2321 = VERTEX_POINT ( 'NONE', #3168 ) ;
#2322 =( GEOMETRIC_REPRESENTATION_CONTEXT ( 3 ) GLOBAL_UNCERTAINTY_ASSIGNED_CONTEXT ( ( #353 ) ) GLOBAL_UNIT_ASSIGNED_CONTEXT ( ( #566, #1592, #3008 ) ) REPRESENTATION_CONTEXT ( 'NONE', 'WORKASPACE' ) );
#2323 = VECTOR ( 'NONE', #829, 1000.000000000000000 ) ;
#2324 = DIRECTION ( 'NONE',  ( -0.000000000000000000, 1.000000000000000000, -0.000000000000000000 ) ) ;
#2325 = CIRCLE ( 'NONE', #1975, 5.999999999999998224 ) ;
#2326 = EDGE_CURVE ( 'NONE', #3587, #2115, #2869, .T. ) ;
#2327 = CARTESIAN_POINT ( 'NONE',  ( -82.29608664018984143, 27.99999999999999645, -45.22233861846823544 ) ) ;
#2328 = AXIS2_PLACEMENT_3D ( 'NONE', #1533, #2130, #3551 ) ;
#2329 = DIRECTION ( 'NONE',  ( 0.000000000000000000, -0.000000000000000000, -1.000000000000000000 ) ) ;
#2330 = CARTESIAN_POINT ( 'NONE',  ( -83.94470903711660981, 29.00000000000000000, -43.90878666692676546 ) ) ;
#2331 = CARTESIAN_POINT ( 'NONE',  ( -77.13637233178062047, 6.000000000000000000, -38.21674210529830162 ) ) ;
#2332 = CARTESIAN_POINT ( 'NONE',  ( -82.75824826599895800, 29.00000000000000355, -44.20868532214478108 ) ) ;
#2333 = EDGE_LOOP ( 'NONE', ( #390, #1336, #1440, #1712 ) ) ;
#2334 = VERTEX_POINT ( 'NONE', #3126 ) ;
#2335 = CARTESIAN_POINT ( 'NONE',  ( 0.000000000000000000, 0.000000000000000000, 0.000000000000000000 ) ) ;
#2336 = CYLINDRICAL_SURFACE ( 'NONE', #3166, 1.000000000000000000 ) ;
#2337 = CARTESIAN_POINT ( 'NONE',  ( -81.06373425232204966, 1.000000000000932809, -45.08512630884595040 ) ) ;
#2338 = VERTEX_POINT ( 'NONE', #1459 ) ;
#2339 =( NAMED_UNIT ( * ) PLANE_ANGLE_UNIT ( ) SI_UNIT ( $, .RADIAN. ) );
#2340 = ORIENTED_EDGE ( 'NONE', *, *, #3242, .F. ) ;
#2341 = CARTESIAN_POINT ( 'NONE',  ( -84.75143367024729457, 28.79919053125271944, -35.24349068215479974 ) ) ;
#2342 =( LENGTH_UNIT ( ) NAMED_UNIT ( * ) SI_UNIT ( .MILLI., .METRE. ) );
#2343 = PRODUCT ( 'BottomCushion', 'BottomCushion', '', ( #1741 ) ) ;
#2344 = CARTESIAN_POINT ( 'NONE',  ( -84.90484819608798261, 28.00000000000000000, -44.53620709492994933 ) ) ;
#2345 = CARTESIAN_POINT ( 'NONE',  ( -77.13765286333170934, 7.000000000000000000, -40.85796279391338715 ) ) ;
#2346 = ADVANCED_FACE ( 'NONE', ( #360 ), #1496, .T. ) ;
#2347 = FACE_OUTER_BOUND ( 'NONE', #1451, .T. ) ;
#2348 = CARTESIAN_POINT ( 'NONE',  ( -84.96388708576660065, 29.00000000000000711, -44.50169695085574517 ) ) ;
#2349 = EDGE_CURVE ( 'NONE', #248, #2824, #2566, .T. ) ;
#2350 = CARTESIAN_POINT ( 'NONE',  ( -82.40004050653141121, 29.00000000000000355, -44.23022779359899204 ) ) ;
#2351 = ORIENTED_EDGE ( 'NONE', *, *, #3077, .F. ) ;
#2352 = ORIENTED_EDGE ( 'NONE', *, *, #1242, .T. ) ;
#2353 = DIRECTION ( 'NONE',  ( 0.000000000000000000, 0.000000000000000000, -1.000000000000000000 ) ) ;
#2354 = CARTESIAN_POINT ( 'NONE',  ( -85.01005699379850000, 0.4961668600788887717, -35.23597727661758938 ) ) ;
#2355 = CARTESIAN_POINT ( 'NONE',  ( -79.22879576781906508, 1.517883041479706208E-15, -41.66771501209986184 ) ) ;
#2356 = ORIENTED_EDGE ( 'NONE', *, *, #252, .F. ) ;
#2357 = DIRECTION ( 'NONE',  ( 0.000000000000000000, 1.000000000000000000, 0.000000000000000000 ) ) ;
#2358 = VERTEX_POINT ( 'NONE', #42 ) ;
#2359 = DIRECTION ( 'NONE',  ( 1.000000000000000000, 0.000000000000000000, 0.000000000000000000 ) ) ;
#2360 = CARTESIAN_POINT ( 'NONE',  ( -86.61440387986293388, 29.00000000000000711, -40.03994320765340120 ) ) ;
#2361 = CARTESIAN_POINT ( 'NONE',  ( -86.20296596221109553, 28.00000000000000000, -39.18629306146202396 ) ) ;
#2362 = DIRECTION ( 'NONE',  ( 1.000000000000000000, -0.000000000000000000, -0.000000000000000000 ) ) ;
#2363 = DIRECTION ( 'NONE',  ( 0.000000000000000000, 0.000000000000000000, -1.000000000000000000 ) ) ;
#2364 = EDGE_CURVE ( 'NONE', #1106, #2485, #1475, .T. ) ;
#2365 = CARTESIAN_POINT ( 'NONE',  ( -84.13637233178063468, 0.000000000000000000, -31.21674210529830518 ) ) ;
#2366 = CARTESIAN_POINT ( 'NONE',  ( -86.35023925717656823, 27.99999999999876721, -42.82568294593007607 ) ) ;
#2367 = CARTESIAN_POINT ( 'NONE',  ( -65.48995295431750208, 0.000000000000000000, -2.235987205493061847 ) ) ;
#2368 = EDGE_LOOP ( 'NONE', ( #1811, #1893, #49, #1608 ) ) ;
#2369 = ADVANCED_FACE ( 'NONE', ( #2572 ), #3409, .T. ) ;
#2370 = DIRECTION ( 'NONE',  ( 0.000000000000000000, 1.000000000000000000, 0.000000000000000000 ) ) ;
#2371 = CARTESIAN_POINT ( 'NONE',  ( 12.51004704568249792, 0.000000000000000000, -9.235987205493074725 ) ) ;
#2372 = APPLICATION_CONTEXT ( 'automotive_design' ) ;
#2373 = ORIENTED_EDGE ( 'NONE', *, *, #1880, .T. ) ;
#2374 = CARTESIAN_POINT ( 'NONE',  ( -28.68554073164614593, 8.697292583425110024, 7.000000000000000000 ) ) ;
#2375 = EDGE_LOOP ( 'NONE', ( #3593, #1171, #425, #1252 ) ) ;
#2376 = AXIS2_PLACEMENT_3D ( 'NONE', #3128, #321, #1700 ) ;
#2377 = DIRECTION ( 'NONE',  ( 0.000000000000000000, 1.000000000000000000, 3.491481338843133355E-15 ) ) ;
#2378 = ORIENTED_EDGE ( 'NONE', *, *, #1199, .F. ) ;
#2379 = CARTESIAN_POINT ( 'NONE',  ( -86.24549506029265444, 29.00000000000001421, -39.26126496496591756 ) ) ;
#2380 = DIRECTION ( 'NONE',  ( 0.000000000000000000, 0.000000000000000000, -1.000000000000000000 ) ) ;
#2381 = AXIS2_PLACEMENT_3D ( 'NONE', #3579, #1682, #2707 ) ;
#2382 = AXIS2_PLACEMENT_3D ( 'NONE', #2335, #2370, #1211 ) ;
#2383 = DIRECTION ( 'NONE',  ( 0.000000000000000000, 0.000000000000000000, -1.000000000000000000 ) ) ;
#2384 = TOROIDAL_SURFACE ( 'NONE', #3050, 2.000000000000000000, 1.000000000000000000 ) ;
#2385 = CARTESIAN_POINT ( 'NONE',  ( -85.55020260637566309, 27.99999999999969802, -44.03179697421470706 ) ) ;
#2386 = AXIS2_PLACEMENT_3D ( 'NONE', #3056, #3602, #447 ) ;
#2387 = ADVANCED_FACE ( 'NONE', ( #1103 ), #2384, .T. ) ;
#2388 = CARTESIAN_POINT ( 'NONE',  ( -83.95704275082654533, 29.00000000000000711, -43.90342590121542088 ) ) ;
#2389 = EDGE_LOOP ( 'NONE', ( #3646, #3335, #1003, #3576 ) ) ;
#2390 = FACE_OUTER_BOUND ( 'NONE', #3222, .T. ) ;
#2391 = FACE_OUTER_BOUND ( 'NONE', #1788, .T. ) ;
#2392 = ADVANCED_FACE ( 'NONE', ( #467 ), #522, .F. ) ;
#2393 = CARTESIAN_POINT ( 'NONE',  ( -79.35116537355168020, 1.517883041479706208E-15, -42.19151643341092495 ) ) ;
#2394 = ORIENTED_EDGE ( 'NONE', *, *, #3518, .F. ) ;
#2395 = LINE ( 'NONE', #2374, #980 ) ;
#2396 = VERTEX_POINT ( 'NONE', #197 ) ;
#2397 = CARTESIAN_POINT ( 'NONE',  ( 0.000000000000000000, 0.000000000000000000, 0.000000000000000000 ) ) ;
#2398 = VERTEX_POINT ( 'NONE', #1328 ) ;
#2399 = CARTESIAN_POINT ( 'NONE',  ( -86.03170527681662350, 28.00000000000000355, -38.89774792597946629 ) ) ;
#2400 = CARTESIAN_POINT ( 'NONE',  ( -78.81321049054842831, 1.000000000000427214, -43.46184664929188557 ) ) ;
#2401 = CARTESIAN_POINT ( 'NONE',  ( -78.13637233178062047, 1.000000000000000888, -30.21674210529830162 ) ) ;
#2402 = CARTESIAN_POINT ( 'NONE',  ( -85.55852733894543860, 29.00000000000000355, -42.09256065198334085 ) ) ;
#2403 = CARTESIAN_POINT ( 'NONE',  ( -79.84522668861822581, 29.00000000000000355, -43.23272804153110371 ) ) ;
#2404 = VERTEX_POINT ( 'NONE', #2211 ) ;
#2405 = LINE ( 'NONE', #372, #2203 ) ;
#2406 = DIRECTION ( 'NONE',  ( -0.000000000000000000, -0.000000000000000000, 1.000000000000000000 ) ) ;
#2407 = CARTESIAN_POINT ( 'NONE',  ( 7.510047045682499700, 0.000000000000000000, -30.23598720549306051 ) ) ;
#2408 = ORIENTED_EDGE ( 'NONE', *, *, #3562, .F. ) ;
#2409 = ADVANCED_FACE ( 'NONE', ( #3337 ), #1305, .F. ) ;
#2410 = CARTESIAN_POINT ( 'NONE',  ( -79.28155151545490753, -3.686287386450701665E-15, -41.92901185272049247 ) ) ;
#2411 = DIRECTION ( 'NONE',  ( -1.000000000000000000, 0.000000000000000000, 0.000000000000000000 ) ) ;
#2412 = EDGE_LOOP ( 'NONE', ( #1908, #308, #2356, #2856 ) ) ;
#2413 = CARTESIAN_POINT ( 'NONE',  ( -86.53806954783753724, 27.99999999999998934, -39.82267731363921115 ) ) ;
#2414 = EDGE_CURVE ( 'NONE', #488, #1798, #1642, .T. ) ;
#2415 = CARTESIAN_POINT ( 'NONE',  ( -78.13637233178062047, 29.00000000000000000, -40.52634505667347042 ) ) ;
#2416 = FILL_AREA_STYLE_COLOUR ( '', #1739 ) ;
#2417 = ORIENTED_EDGE ( 'NONE', *, *, #471, .F. ) ;
#2418 = AXIS2_PLACEMENT_3D ( 'NONE', #2119, #3259, #991 ) ;
#2419 = CARTESIAN_POINT ( 'NONE',  ( -86.36423721019029642, 1.000000000000011546, -42.79160928731925395 ) ) ;
#2420 =( GEOMETRIC_REPRESENTATION_CONTEXT ( 3 ) GLOBAL_UNCERTAINTY_ASSIGNED_CONTEXT ( ( #997 ) ) GLOBAL_UNIT_ASSIGNED_CONTEXT ( ( #2133, #2662, #2630 ) ) REPRESENTATION_CONTEXT ( 'NONE', 'WORKASPACE' ) );
#2421 = PLANE ( 'NONE',  #2431 ) ;
#2422 = LINE ( 'NONE', #1650, #671 ) ;
#2423 = CARTESIAN_POINT ( 'NONE',  ( -65.48995295431750208, 3.000000000000000000, -2.235987205493061847 ) ) ;
#2424 = CARTESIAN_POINT ( 'NONE',  ( -85.88132945773804749, 1.000000000000316858, -43.64896164502248155 ) ) ;
#2425 = DIRECTION ( 'NONE',  ( -1.239088197126290817E-16, 1.000000000000000000, -0.000000000000000000 ) ) ;
#2426 = ORIENTED_EDGE ( 'NONE', *, *, #1420, .F. ) ;
#2427 = DIRECTION ( 'NONE',  ( -0.000000000000000000, -0.000000000000000000, -1.000000000000000000 ) ) ;
#2428 = VECTOR ( 'NONE', #606, 1000.000000000000000 ) ;
#2429 = EDGE_LOOP ( 'NONE', ( #682, #3084, #2744, #1948, #379, #3154 ) ) ;
#2430 = CARTESIAN_POINT ( 'NONE',  ( -86.03170527538142665, 29.00000000000000711, -38.89774792674466397 ) ) ;
#2431 = AXIS2_PLACEMENT_3D ( 'NONE', #3545, #1877, #1618 ) ;
#2432 = DIRECTION ( 'NONE',  ( 0.000000000000000000, -1.000000000000000000, 0.000000000000000000 ) ) ;
#2433 = CARTESIAN_POINT ( 'NONE',  ( -79.21308469398390173, 0.9999999999999997780, -44.01078395040246960 ) ) ;
#2434 = EDGE_CURVE ( 'NONE', #3183, #3587, #1204, .T. ) ;
#2435 = CIRCLE ( 'NONE', #3374, 1.000000000000000888 ) ;
#2436 = DIRECTION ( 'NONE',  ( 1.000000000000000000, 0.000000000000000000, 0.000000000000000000 ) ) ;
#2437 = ORIENTED_EDGE ( 'NONE', *, *, #1984, .T. ) ;
#2438 = VECTOR ( 'NONE', #3400, 1000.000000000000000 ) ;
#2439 = CARTESIAN_POINT ( 'NONE',  ( -86.73840630289402043, 0.9999999999999958922, -40.74871249855161182 ) ) ;
#2440 = ADVANCED_FACE ( 'NONE', ( #1053 ), #1681, .T. ) ;
#2441 = AXIS2_PLACEMENT_3D ( 'NONE', #1302, #124, #3270 ) ;
#2442 = CARTESIAN_POINT ( 'NONE',  ( 3.314459268353858512, -18.30270741657488998, 1.000000000000000000 ) ) ;
#2443 = CARTESIAN_POINT ( 'NONE',  ( -58.48995295431750208, -5.000000000000000000, -25.23598720549304986 ) ) ;
#2444 = CARTESIAN_POINT ( 'NONE',  ( -78.13637233178062047, 28.00000000000000000, -40.52634505667347042 ) ) ;
#2445 = AXIS2_PLACEMENT_3D ( 'NONE', #72, #3463, #2056 ) ;
#2446 = CARTESIAN_POINT ( 'NONE',  ( 7.510047045682499700, 0.000000000000000000, -25.23598720549304630 ) ) ;
#2447 = CARTESIAN_POINT ( 'NONE',  ( -85.60994876675516707, 6.722053469410127491E-15, -41.92085993604177929 ) ) ;
#2448 = FACE_OUTER_BOUND ( 'NONE', #761, .T. ) ;
#2449 = ORIENTED_EDGE ( 'NONE', *, *, #3121, .T. ) ;
#2450 = CARTESIAN_POINT ( 'NONE',  ( -63.48995295431750208, -5.000000000000000000, -9.235987205493071173 ) ) ;
#2451 = CARTESIAN_POINT ( 'NONE',  ( 3.314459268353855848, 7.697292583425109136, 1.000000000000000000 ) ) ;
#2452 = CARTESIAN_POINT ( 'NONE',  ( 3.314459268353859400, -18.30270741657488998, 6.000000000000000000 ) ) ;
#2453 = ORIENTED_EDGE ( 'NONE', *, *, #3418, .T. ) ;
#2454 = CARTESIAN_POINT ( 'NONE',  ( -85.15559525997134926, 27.99999999999953815, -35.52457725571532166 ) ) ;
#2455 = ORIENTED_EDGE ( 'NONE', *, *, #8, .F. ) ;
#2456 = CARTESIAN_POINT ( 'NONE',  ( -77.20058526632418250, -1.301042606982605321E-15, -41.82986184988018863 ) ) ;
#2457 = CARTESIAN_POINT ( 'NONE',  ( -44.13254080751685393, 1.000000000000000000, -52.21674210529830162 ) ) ;
#2458 = ORIENTED_EDGE ( 'NONE', *, *, #3041, .F. ) ;
#2459 = EDGE_CURVE ( 'NONE', #2559, #500, #776, .T. ) ;
#2460 = PLANE ( 'NONE',  #2066 ) ;
#2461 = LINE ( 'NONE', #1314, #1080 ) ;
#2462 = ORIENTED_EDGE ( 'NONE', *, *, #3144, .F. ) ;
#2463 = DIRECTION ( 'NONE',  ( -0.000000000000000000, -1.000000000000000000, -0.000000000000000000 ) ) ;
#2464 = CARTESIAN_POINT ( 'NONE',  ( -82.42051944751685255, 1.000000000000000000, -48.21674210529830162 ) ) ;
#2465 = ADVANCED_FACE ( 'NONE', ( #1902 ), #508, .F. ) ;
#2466 = DIRECTION ( 'NONE',  ( 0.000000000000000000, 1.000000000000000000, 0.000000000000000000 ) ) ;
#2467 = CARTESIAN_POINT ( 'NONE',  ( -85.36407624582261633, 6.722053469410132224E-15, -44.20299622256053595 ) ) ;
#2468 = EDGE_LOOP ( 'NONE', ( #3021, #3065, #1528, #2527 ) ) ;
#2469 = ORIENTED_EDGE ( 'NONE', *, *, #1414, .T. ) ;
#2470 = CARTESIAN_POINT ( 'NONE',  ( -79.84751316851239267, 5.999999999999999112, -44.56235315656667240 ) ) ;
#2471 = CARTESIAN_POINT ( 'NONE',  ( -79.43426471039784076, -8.890457814381125315E-15, -42.44096622333197644 ) ) ;
#2472 = DIRECTION ( 'NONE',  ( 1.000000000000000000, 0.000000000000000000, 0.000000000000000000 ) ) ;
#2473 = CARTESIAN_POINT ( 'NONE',  ( -79.49876917851969438, 6.000000000000000000, -54.21674210529830162 ) ) ;
#2474 = CARTESIAN_POINT ( 'NONE',  ( -82.42051944751685255, 6.000000000000000000, -45.21674210529830162 ) ) ;
#2475 = ORIENTED_EDGE ( 'NONE', *, *, #3224, .F. ) ;
#2476 = ADVANCED_FACE ( 'NONE', ( #741 ), #2790, .T. ) ;
#2477 = CARTESIAN_POINT ( 'NONE',  ( -47.13254080751686104, 6.000000000000000000, -54.21674210529830162 ) ) ;
#2478 = CARTESIAN_POINT ( 'NONE',  ( 12.51004704568249792, -5.000000000000000000, -9.235987205493074725 ) ) ;
#2479 = CARTESIAN_POINT ( 'NONE',  ( 12.51004704568249792, -5.000000000000000000, -30.23598720549306051 ) ) ;
#2480 = CARTESIAN_POINT ( 'NONE',  ( -81.42051944751688097, 3.500000000000000000, -46.16266747147606964 ) ) ;
#2481 = CIRCLE ( 'NONE', #1299, 1.000000000000000888 ) ;
#2482 = EDGE_CURVE ( 'NONE', #109, #1294, #1659, .T. ) ;
#2483 = CARTESIAN_POINT ( 'NONE',  ( -85.74249998012253116, 1.517883041479706208E-15, -40.85763138012690376 ) ) ;
#2484 = ORIENTED_EDGE ( 'NONE', *, *, #1840, .F. ) ;
#2485 = VERTEX_POINT ( 'NONE', #2882 ) ;
#2486 = CARTESIAN_POINT ( 'NONE',  ( -79.64633778888646987, 6.999999999999579892, -44.41606684406937688 ) ) ;
#2487 = PRODUCT_DEFINITION_FORMATION_WITH_SPECIFIED_SOURCE ( 'ANY', '', #2912, .NOT_KNOWN. ) ;
#2488 = DIRECTION ( 'NONE',  ( -1.000000000000000000, -0.000000000000000000, -0.000000000000000000 ) ) ;
#2489 = CARTESIAN_POINT ( 'NONE',  ( -84.14061143229697848, 29.00000000000000000, -35.33684218724251025 ) ) ;
#2490 = EDGE_LOOP ( 'NONE', ( #3111, #2720, #1674, #1044 ) ) ;
#2491 = CARTESIAN_POINT ( 'NONE',  ( -78.63459116954815897, 6.000000000000000888, -43.12470030920050590 ) ) ;
#2492 = PLANE ( 'NONE',  #1075 ) ;
#2493 = ORIENTED_EDGE ( 'NONE', *, *, #532, .F. ) ;
#2494 = SPHERICAL_SURFACE ( 'NONE', #3257, 1.000000000000000000 ) ;
#2495 = CIRCLE ( 'NONE', #909, 1.000000000000000888 ) ;
#2496 = CARTESIAN_POINT ( 'NONE',  ( -82.42051944751685255, 6.000000000000000000, -48.21674210529830162 ) ) ;
#2497 = EDGE_LOOP ( 'NONE', ( #285, #1039, #1288, #338 ) ) ;
#2498 = VECTOR ( 'NONE', #892, 1000.000000000000000 ) ;
#2499 = DIRECTION ( 'NONE',  ( 1.000000000000000000, 0.000000000000000000, 0.000000000000000000 ) ) ;
#2500 = CARTESIAN_POINT ( 'NONE',  ( -45.13254080751686104, 7.000000000000000000, -44.28090285740007914 ) ) ;
#2501 = AXIS2_PLACEMENT_3D ( 'NONE', #2207, #3085, #2734 ) ;
#2502 = CARTESIAN_POINT ( 'NONE',  ( -86.74463679942189742, 4.564619573505825601E-13, -40.82386897225244837 ) ) ;
#2503 = EDGE_LOOP ( 'NONE', ( #3076, #1755, #1742, #1661 ) ) ;
#2504 = ORIENTED_EDGE ( 'NONE', *, *, #3386, .F. ) ;
#2505 = PLANE ( 'NONE',  #845 ) ;
#2506 = VECTOR ( 'NONE', #999, 1000.000000000000000 ) ;
#2507 = DIRECTION ( 'NONE',  ( -0.000000000000000000, -0.000000000000000000, 1.000000000000000000 ) ) ;
#2508 = EDGE_CURVE ( 'NONE', #3605, #1106, #2029, .T. ) ;
#2509 = DIRECTION ( 'NONE',  ( 1.000000000000000000, 0.000000000000000000, 0.000000000000000000 ) ) ;
#2510 = ORIENTED_EDGE ( 'NONE', *, *, #3562, .T. ) ;
#2511 = CARTESIAN_POINT ( 'NONE',  ( 3.314459268353857180, 4.106907359273105197E-16, 6.000000000000000000 ) ) ;
#2512 = EDGE_CURVE ( 'NONE', #1925, #2206, #1695, .T. ) ;
#2513 = CARTESIAN_POINT ( 'NONE',  ( -79.13637233178062047, 29.00000000000000000, -44.39541070858673066 ) ) ;
#2514 = CARTESIAN_POINT ( 'NONE',  ( -85.19834956554207395, 27.99999999999998579, -36.06098513986162857 ) ) ;
#2515 = SHAPE_REPRESENTATION ( 'SideCushion', ( #1545 ), #1605 ) ;
#2516 = CARTESIAN_POINT ( 'NONE',  ( -78.13637233178062047, 1.000000000000000000, -40.52634505667347042 ) ) ;
#2517 = CARTESIAN_POINT ( 'NONE',  ( -78.28346863820976864, 29.00000000000000000, -42.05115350220452086 ) ) ;
#2518 = DIRECTION ( 'NONE',  ( 0.1334019103221562863, 0.000000000000000000, -0.9910620214307475084 ) ) ;
#2519 = LINE ( 'NONE', #2784, #3311 ) ;
#2520 = CARTESIAN_POINT ( 'NONE',  ( -86.39665169715743787, 7.820685584883991227E-14, -39.52511549011486380 ) ) ;
#2521 = ORIENTED_EDGE ( 'NONE', *, *, #2847, .T. ) ;
#2522 = EDGE_LOOP ( 'NONE', ( #1932, #3407, #2973, #1995 ) ) ;
#2523 = DIRECTION ( 'NONE',  ( 1.000000000000000000, 0.000000000000000000, -0.000000000000000000 ) ) ;
#2524 = LINE ( 'NONE', #876, #346 ) ;
#2525 = DIRECTION ( 'NONE',  ( -0.000000000000000000, 0.000000000000000000, -1.000000000000000000 ) ) ;
#2526 =( NAMED_UNIT ( * ) PLANE_ANGLE_UNIT ( ) SI_UNIT ( $, .RADIAN. ) );
#2527 = ORIENTED_EDGE ( 'NONE', *, *, #1738, .T. ) ;
#2528 = EDGE_CURVE ( 'NONE', #1232, #3587, #129, .T. ) ;
#2529 = DIRECTION ( 'NONE',  ( -1.239088197126290817E-16, 1.000000000000000000, 0.000000000000000000 ) ) ;
#2530 = DIRECTION ( 'NONE',  ( 0.000000000000000000, 0.000000000000000000, 1.000000000000000000 ) ) ;
#2531 = EDGE_CURVE ( 'NONE', #2156, #2163, #1807, .T. ) ;
#2532 = ORIENTED_EDGE ( 'NONE', *, *, #1242, .F. ) ;
#2533 = CARTESIAN_POINT ( 'NONE',  ( -44.13254080751685393, 1.000000000000000000, -38.21674210529830162 ) ) ;
#2534 = CARTESIAN_POINT ( 'NONE',  ( -78.13697288746271852, 28.00000000000000000, -40.61302964182564779 ) ) ;
#2535 = DIRECTION ( 'NONE',  ( 1.000000000000000000, 0.000000000000000000, 0.000000000000000000 ) ) ;
#2536 = DIRECTION ( 'NONE',  ( 1.000000000000000000, 0.000000000000000000, -0.000000000000000000 ) ) ;
#2537 = CARTESIAN_POINT ( 'NONE',  ( -85.19110552038500828, 1.000000000000000888, -35.93498357145166011 ) ) ;
#2538 = ORIENTED_EDGE ( 'NONE', *, *, #1414, .F. ) ;
#2539 = CARTESIAN_POINT ( 'NONE',  ( -81.42051944751688097, 1.000000000000000000, -46.16266747147606964 ) ) ;
#2540 = CARTESIAN_POINT ( 'NONE',  ( -81.42051944751688097, 1.000000000000000000, -46.16266747147606964 ) ) ;
#2541 = VECTOR ( 'NONE', #3049, 1000.000000000000000 ) ;
#2542 = DIRECTION ( 'NONE',  ( 1.000000000000000000, -0.000000000000000000, 0.000000000000000000 ) ) ;
#2543 = CARTESIAN_POINT ( 'NONE',  ( -78.16383499136392743, 0.9999999999996836975, -41.22132205835543317 ) ) ;
#2544 = EDGE_LOOP ( 'NONE', ( #3238, #1407, #1316 ) ) ;
#2545 = CARTESIAN_POINT ( 'NONE',  ( -80.76629425516223648, -1.734723475976807094E-15, -46.07460549013025997 ) ) ;
#2546 = FACE_OUTER_BOUND ( 'NONE', #20, .T. ) ;
#2547 = ITEM_DEFINED_TRANSFORMATION ( 'NONE', 'NONE', #53,  #1545 ) ;
#2548 = CARTESIAN_POINT ( 'NONE',  ( -81.42051944751685255, 1.000000000000000000, -48.21674210529830162 ) ) ;
#2549 = EDGE_CURVE ( 'NONE', #1883, #1655, #314, .T. ) ;
#2550 = DIRECTION ( 'NONE',  ( 1.000000000000000000, 0.000000000000000000, -0.000000000000000000 ) ) ;
#2551 = CARTESIAN_POINT ( 'NONE',  ( -78.74245456938031396, 27.99999999999969091, -43.33626775821144150 ) ) ;
#2552 = FACE_OUTER_BOUND ( 'NONE', #2121, .T. ) ;
#2553 = VECTOR ( 'NONE', #1094, 1000.000000000000000 ) ;
#2554 = EDGE_CURVE ( 'NONE', #1331, #13, #2688, .T. ) ;
#2555 = CARTESIAN_POINT ( 'NONE',  ( -82.42051944751685255, 6.000000000000000000, -55.21674210529830162 ) ) ;
#2556 = AXIS2_PLACEMENT_3D ( 'NONE', #689, #2383, #3514 ) ;
#2557 = AXIS2_PLACEMENT_3D ( 'NONE', #1368, #3569, #753 ) ;
#2558 = CARTESIAN_POINT ( 'NONE',  ( -85.29545043260988280, 1.000000000001843636, -36.74073391139337730 ) ) ;
#2559 = VERTEX_POINT ( 'NONE', #3086 ) ;
#2560 = EDGE_LOOP ( 'NONE', ( #249, #3625, #2231, #2145 ) ) ;
#2561 = CARTESIAN_POINT ( 'NONE',  ( -77.53857219671692746, 7.000000000000000000, -43.09630343452317192 ) ) ;
#2562 = STYLED_ITEM ( 'NONE', ( #168 ), #1949 ) ;
#2563 =( GEOMETRIC_REPRESENTATION_CONTEXT ( 3 ) GLOBAL_UNCERTAINTY_ASSIGNED_CONTEXT ( ( #1322 ) ) GLOBAL_UNIT_ASSIGNED_CONTEXT ( ( #2254, #3432, #2049 ) ) REPRESENTATION_CONTEXT ( 'NONE', 'WORKASPACE' ) );
#2564 = CARTESIAN_POINT ( 'NONE',  ( 12.51004704568249792, 0.000000000000000000, -4.235987205493064067 ) ) ;
#2565 = CARTESIAN_POINT ( 'NONE',  ( -28.68554073164614593, -18.30270741657488998, 6.000000000000000000 ) ) ;
#2566 = CIRCLE ( 'NONE', #242, 1.000000000000000000 ) ;
#2567 = FACE_OUTER_BOUND ( 'NONE', #3029, .T. ) ;
#2568 = ORIENTED_EDGE ( 'NONE', *, *, #2459, .F. ) ;
#2569 = DIRECTION ( 'NONE',  ( -0.000000000000000000, 1.000000000000000000, -0.000000000000000000 ) ) ;
#2570 = CARTESIAN_POINT ( 'NONE',  ( -79.13637233178062047, 1.000000000000000888, -30.21674210529830162 ) ) ;
#2571 = CIRCLE ( 'NONE', #3512, 1.000000000000000888 ) ;
#2572 = FACE_OUTER_BOUND ( 'NONE', #921, .T. ) ;
#2573 = APPLICATION_PROTOCOL_DEFINITION ( 'draft international standard', 'automotive_design', 1998, #552 ) ;
#2574 = VERTEX_POINT ( 'NONE', #563 ) ;
#2575 = CARTESIAN_POINT ( 'NONE',  ( -79.86427861071742029, 6.999999999999998224, -45.71236545329596623 ) ) ;
#2576 = CARTESIAN_POINT ( 'NONE',  ( -47.13254080751686104, 6.000000000000000000, -55.21674210529830162 ) ) ;
#2577 = ADVANCED_FACE ( 'NONE', ( #539 ), #3421, .T. ) ;
#2578 = CARTESIAN_POINT ( 'NONE',  ( -78.18363354495335216, 29.00000000000031264, -41.42642194495397945 ) ) ;
#2579 = DIRECTION ( 'NONE',  ( 1.000000000000000000, 0.000000000000000000, 0.000000000000000000 ) ) ;
#2580 = LINE ( 'NONE', #3656, #2782 ) ;
#2581 = CARTESIAN_POINT ( 'NONE',  ( -85.55847577700215822, -8.890457814381136359E-15, -40.07876251225212627 ) ) ;
#2582 = ORIENTED_EDGE ( 'NONE', *, *, #2434, .F. ) ;
#2583 = EDGE_CURVE ( 'NONE', #3405, #542, #54, .T. ) ;
#2584 = DIRECTION ( 'NONE',  ( -0.000000000000000000, 0.000000000000000000, 1.000000000000000000 ) ) ;
#2585 = LINE ( 'NONE', #2564, #2212 ) ;
#2586 = PRODUCT_DEFINITION_CONTEXT ( 'detailed design', #628, 'design' ) ;
#2587 = CARTESIAN_POINT ( 'NONE',  ( -78.13597462717184783, 1.000000000000000888, -40.42395514031831283 ) ) ;
#2588 = EDGE_LOOP ( 'NONE', ( #227, #3124, #2004, #1178 ) ) ;
#2589 = ORIENTED_EDGE ( 'NONE', *, *, #3523, .T. ) ;
#2590 = DIRECTION ( 'NONE',  ( 1.000000000000000000, 0.000000000000000000, 0.000000000000000000 ) ) ;
#2591 =( NAMED_UNIT ( * ) SI_UNIT ( $, .STERADIAN. ) SOLID_ANGLE_UNIT ( ) );
#2592 = CARTESIAN_POINT ( 'NONE',  ( -78.13637233178062047, 29.00000000000000000, -30.21674210529830162 ) ) ;
#2593 = B_SPLINE_CURVE_WITH_KNOTS ( 'NONE', 3,
 ( #2895, #1244, #1508, #1827, #2617, #953, #2915, #85, #2403, #1542, #2672, #2093, #67, #3232, #1481, #1226, #370, #2350, #2332, #116, #137, #1265, #2388, #1564, #3516, #994, #3476, #2694, #2071, #3458, #1279, #3527, #1011, #2124, #1771, #936, #2051, #3190, #2992, #728, #3284, #1366, #459, #1338, #515, #1649, #2779, #3010 ),
 .UNSPECIFIED., .F., .F.,
 ( 4, 2, 2, 2, 2, 2, 2, 2, 2, 2, 2, 2, 2, 2, 2, 2, 2, 2, 2, 2, 2, 2, 2, 4 ),
 ( 0.000000000000000000, 0.001057192095611999205, 0.001585788143418009324, 0.002114384191224019226, 0.003171576286836036863, 0.003700172334642023563, 0.004228768382448010697, 0.004757364430253997398, 0.005285960478059983231, 0.006343152573671997398, 0.006871748621478023129, 0.007400344669284049728, 0.007928940717090075460, 0.008457536764896101192, 0.008986132812702128658, 0.009514728860508152655, 0.01057192095612020585, 0.01110051700392624546, 0.01162911305173227987, 0.01215770909953831774, 0.01268630514734435562, 0.01374349724295641229, 0.01480068933856847069, 0.01691507352979260484 ),
 .UNSPECIFIED. ) ;
#2594 = CARTESIAN_POINT ( 'NONE',  ( -65.48995295431750208, 3.000000000000000000, -32.23598720549306051 ) ) ;
#2595 = DIRECTION ( 'NONE',  ( 0.000000000000000000, 0.000000000000000000, 1.000000000000000000 ) ) ;
#2596 = PRESENTATION_STYLE_ASSIGNMENT (( #1463 ) ) ;
#2597 = CARTESIAN_POINT ( 'NONE',  ( -85.35190406009357389, -1.409462824231158604E-14, -42.59903436075148875 ) ) ;
#2598 = EDGE_CURVE ( 'NONE', #1133, #1644, #1790, .T. ) ;
#2599 = CARTESIAN_POINT ( 'NONE',  ( -86.03170527538142665, 6.722053469410132224E-15, -38.89774792674466397 ) ) ;
#2600 = ORIENTED_EDGE ( 'NONE', *, *, #837, .F. ) ;
#2601 = VERTEX_POINT ( 'NONE', #2365 ) ;
#2602 = DIRECTION ( 'NONE',  ( 1.000000000000000000, 0.000000000000000000, 0.000000000000000000 ) ) ;
#2603 = CARTESIAN_POINT ( 'NONE',  ( -84.72370629556426991, 0.9999999999999856781, -44.64158168863148290 ) ) ;
#2604 = DIRECTION ( 'NONE',  ( 0.000000000000000000, 0.000000000000000000, -1.000000000000000000 ) ) ;
#2605 = EDGE_CURVE ( 'NONE', #451, #3019, #269, .T. ) ;
#2606 = CARTESIAN_POINT ( 'NONE',  ( -78.14143382041369534, -1.399429335627655930E-12, -40.81485063599600238 ) ) ;
#2607 = ORIENTED_EDGE ( 'NONE', *, *, #3377, .F. ) ;
#2608 = CARTESIAN_POINT ( 'NONE',  ( -77.95140978679516763, 1.155557966632341862E-30, -43.97409600652696327 ) ) ;
#2609 = EDGE_LOOP ( 'NONE', ( #2458, #3273, #147 ) ) ;
#2610 = CIRCLE ( 'NONE', #1896, 1.000000000000000444 ) ;
#2611 = CARTESIAN_POINT ( 'NONE',  ( -78.13718420213037064, 1.000000000000000666, -40.73519287530648114 ) ) ;
#2612 = APPLICATION_PROTOCOL_DEFINITION ( 'draft international standard', 'automotive_design', 1998, #434 ) ;
#2613 = CARTESIAN_POINT ( 'NONE',  ( -28.68554073164614593, -18.30270741657488998, 6.000000000000000000 ) ) ;
#2614 = CARTESIAN_POINT ( 'NONE',  ( -79.49876917851969438, 0.000000000000000000, -44.28090285740007914 ) ) ;
#2615 = CARTESIAN_POINT ( 'NONE',  ( -83.25735157830276023, 28.99999999999999645, -44.12143900269503405 ) ) ;
#2616 = DIRECTION ( 'NONE',  ( 0.000000000000000000, -1.000000000000000000, 0.000000000000000000 ) ) ;
#2617 = CARTESIAN_POINT ( 'NONE',  ( -79.28155151545470858, 28.99999999999999645, -41.92901185271957587 ) ) ;
#2618 = ORIENTED_EDGE ( 'NONE', *, *, #2738, .T. ) ;
#2619 = ORIENTED_EDGE ( 'NONE', *, *, #1006, .T. ) ;
#2620 = DIRECTION ( 'NONE',  ( -0.000000000000000000, -1.000000000000000000, -0.000000000000000000 ) ) ;
#2621 = EDGE_CURVE ( 'NONE', #3183, #3191, #598, .T. ) ;
#2622 = PLANE ( 'NONE',  #2445 ) ;
#2623 = VECTOR ( 'NONE', #1503, 1000.000000000000000 ) ;
#2624 = AXIS2_PLACEMENT_3D ( 'NONE', #1332, #781, #720 ) ;
#2625 = CARTESIAN_POINT ( 'NONE',  ( -79.16056511558552700, -8.890457814381136359E-15, -41.13676604354970578 ) ) ;
#2626 = DIRECTION ( 'NONE',  ( -1.000000000000000000, 0.000000000000000000, 0.000000000000000000 ) ) ;
#2627 = ORIENTED_EDGE ( 'NONE', *, *, #1713, .T. ) ;
#2628 = EDGE_CURVE ( 'NONE', #1274, #2156, #842, .T. ) ;
#2629 = CIRCLE ( 'NONE', #2682, 1.000000000000000888 ) ;
#2630 =( NAMED_UNIT ( * ) SI_UNIT ( $, .STERADIAN. ) SOLID_ANGLE_UNIT ( ) );
#2631 = AXIS2_PLACEMENT_3D ( 'NONE', #3003, #1038, #3107 ) ;
#2632 = AXIS2_PLACEMENT_3D ( 'NONE', #806, #2165, #1078 ) ;
#2633 = ORIENTED_EDGE ( 'NONE', *, *, #1090, .T. ) ;
#2634 = APPLICATION_PROTOCOL_DEFINITION ( 'draft international standard', 'automotive_design', 1998, #55 ) ;
#2635 = EDGE_CURVE ( 'NONE', #902, #2404, #2585, .T. ) ;
#2636 = CARTESIAN_POINT ( 'NONE',  ( -85.83852684899206054, 27.99999999999999289, -43.69977015421522282 ) ) ;
#2637 = DIRECTION ( 'NONE',  ( 0.000000000000000000, 0.000000000000000000, 1.000000000000000000 ) ) ;
#2638 = CARTESIAN_POINT ( 'NONE',  ( -83.68167206454059226, 28.99999999999969447, -45.05018857623174000 ) ) ;
#2639 = CARTESIAN_POINT ( 'NONE',  ( -85.13411505060220463, 1.517883041479706405E-15, -35.19349081300176607 ) ) ;
#2640 = VERTEX_POINT ( 'NONE', #35 ) ;
#2641 = VERTEX_POINT ( 'NONE', #1160 ) ;
#2642 = CARTESIAN_POINT ( 'NONE',  ( -77.13637233178062047, 7.000000000000000000, -38.21674210529830162 ) ) ;
#2643 = CARTESIAN_POINT ( 'NONE',  ( -75.42051944751685255, 1.000000000000000000, -54.21674210529830162 ) ) ;
#2644 = SHAPE_REPRESENTATION ( 'BackCushion', ( #1545 ), #591 ) ;
#2645 = CARTESIAN_POINT ( 'NONE',  ( -80.83390902315332482, -3.686287386450696932E-15, -45.02360142713291680 ) ) ;
#2646 = VERTEX_POINT ( 'NONE', #3401 ) ;
#2647 = DIRECTION ( 'NONE',  ( -0.000000000000000000, 0.000000000000000000, 1.000000000000000000 ) ) ;
#2648 = VERTEX_POINT ( 'NONE', #878 ) ;
#2649 = EDGE_CURVE ( 'NONE', #995, #1706, #2003, .T. ) ;
#2650 = ORIENTED_EDGE ( 'NONE', *, *, #3609, .T. ) ;
#2651 = CARTESIAN_POINT ( 'NONE',  ( -86.18244681090091319, 27.99999999999999289, -43.16877191083032272 ) ) ;
#2652 = ADVANCED_FACE ( 'NONE', ( #392 ), #2336, .T. ) ;
#2653 = CARTESIAN_POINT ( 'NONE',  ( -63.48995295431750208, -5.000000000000000000, -4.235987205493064067 ) ) ;
#2654 = CARTESIAN_POINT ( 'NONE',  ( -85.17869450021667888, 29.00000000000000355, -42.90220867695229856 ) ) ;
#2655 = CARTESIAN_POINT ( 'NONE',  ( -85.13879563732901090, -6.833397957715412428E-13, -35.27641936258870459 ) ) ;
#2656 = ORIENTED_EDGE ( 'NONE', *, *, #3539, .T. ) ;
#2657 = DIRECTION ( 'NONE',  ( 0.000000000000000000, 0.000000000000000000, -1.000000000000000000 ) ) ;
#2658 = DIRECTION ( 'NONE',  ( 1.000000000000000000, 0.000000000000000000, 0.000000000000000000 ) ) ;
#2659 = CARTESIAN_POINT ( 'NONE',  ( -78.28346863820976864, -3.101958080504458282E-13, -42.05115350220452797 ) ) ;
#2660 = DIRECTION ( 'NONE',  ( 0.000000000000000000, 0.000000000000000000, 1.000000000000000000 ) ) ;
#2661 = ORIENTED_EDGE ( 'NONE', *, *, #3340, .F. ) ;
#2662 =( NAMED_UNIT ( * ) PLANE_ANGLE_UNIT ( ) SI_UNIT ( $, .RADIAN. ) );
#2663 = CARTESIAN_POINT ( 'NONE',  ( -86.68285654524238737, 28.99999999999999645, -40.31344970494932767 ) ) ;
#2664 = DIRECTION ( 'NONE',  ( -0.000000000000000000, 1.000000000000000000, -0.000000000000000000 ) ) ;
#2665 = CARTESIAN_POINT ( 'NONE',  ( 4.314459268353855848, 8.697292583425110024, 7.000000000000000000 ) ) ;
#2666 = VECTOR ( 'NONE', #1873, 1000.000000000000000 ) ;
#2667 = ADVANCED_BREP_SHAPE_REPRESENTATION ( '', ( #1986, #1545 ), #220 ) ;
#2668 = CARTESIAN_POINT ( 'NONE',  ( -29.68554073164614593, -19.30270741657488998, 1.000000000000000000 ) ) ;
#2669 = CARTESIAN_POINT ( 'NONE',  ( -80.38085865678878861, 28.99999999999999645, -44.85483244797737967 ) ) ;
#2670 = EDGE_CURVE ( 'NONE', #1647, #3220, #2148, .T. ) ;
#2671 = CARTESIAN_POINT ( 'NONE',  ( -83.54758902724911707, 0.9999999999999911182, -45.09618895917489567 ) ) ;
#2672 = CARTESIAN_POINT ( 'NONE',  ( -80.37031411956724014, 29.00000000000002132, -43.70490448303832665 ) ) ;
#2673 = CARTESIAN_POINT ( 'NONE',  ( 14.51004704568249792, 23.00000000000000000, -29.23598720549306051 ) ) ;
#2674 = CARTESIAN_POINT ( 'NONE',  ( -84.26654331772132878, 9.493714679415645274E-14, -35.25757749307926048 ) ) ;
#2675 = CARTESIAN_POINT ( 'NONE',  ( -79.52244965049088421, 1.000000000000309752, -44.31440511667901205 ) ) ;
#2676 = EDGE_LOOP ( 'NONE', ( #2187, #2918, #1614 ) ) ;
#2677 = CARTESIAN_POINT ( 'NONE',  ( -75.42051944751685255, 6.000000000000000000, -55.21674210529830162 ) ) ;
#2678 = AXIS2_PLACEMENT_3D ( 'NONE', #1095, #499, #3051 ) ;
#2679 = DIRECTION ( 'NONE',  ( 1.000000000000000000, 0.000000000000000000, 0.000000000000000000 ) ) ;
#2680 = CARTESIAN_POINT ( 'NONE',  ( -85.65533712204769756, 29.00000000000000355, -40.32484486910371402 ) ) ;
#2681 = AXIS2_PLACEMENT_3D ( 'NONE', #2233, #3113, #1388 ) ;
#2682 = AXIS2_PLACEMENT_3D ( 'NONE', #446, #769, #2200 ) ;
#2683 = CARTESIAN_POINT ( 'NONE',  ( -79.54715683026884676, 2.066292346074420802E-13, -44.32601103810838339 ) ) ;
#2684 = FACE_OUTER_BOUND ( 'NONE', #2099, .T. ) ;
#2685 = CIRCLE ( 'NONE', #1320, 1.000000000000000888 ) ;
#2686 = VECTOR ( 'NONE', #3194, 1000.000000000000000 ) ;
#2687 = DIRECTION ( 'NONE',  ( 1.000000000000000000, 0.000000000000000000, 0.000000000000000000 ) ) ;
#2688 = CIRCLE ( 'NONE', #1148, 1.000000000000000888 ) ;
#2689 = CARTESIAN_POINT ( 'NONE',  ( -81.06373425232204966, 28.00000000000062528, -45.08512630884595040 ) ) ;
#2690 =( REPRESENTATION_RELATIONSHIP ('NONE','NONE', #96, #2644 ) REPRESENTATION_RELATIONSHIP_WITH_TRANSFORMATION ( #2288 )SHAPE_REPRESENTATION_RELATIONSHIP( ) );
#2691 = CARTESIAN_POINT ( 'NONE',  ( -86.72429958089863078, 1.000000000000006661, -41.37310181258941810 ) ) ;
#2692 = CIRCLE ( 'NONE', #1976, 1.000000000000000888 ) ;
#2693 = EDGE_CURVE ( 'NONE', #1294, #3611, #1487, .T. ) ;
#2694 = CARTESIAN_POINT ( 'NONE',  ( -85.07310984967659806, 28.99999999999999289, -43.05502921796639981 ) ) ;
#2695 = ORIENTED_EDGE ( 'NONE', *, *, #1840, .T. ) ;
#2696 = FACE_OUTER_BOUND ( 'NONE', #2544, .T. ) ;
#2697 = LINE ( 'NONE', #958, #3388 ) ;
#2698 = ADVANCED_FACE ( 'NONE', ( #2096 ), #105, .T. ) ;
#2699 = CARTESIAN_POINT ( 'NONE',  ( -79.52244965266635290, 4.645908761974976625E-13, -44.31440511451904030 ) ) ;
#2700 = DIRECTION ( 'NONE',  ( -0.000000000000000000, -1.000000000000000000, -0.000000000000000000 ) ) ;
#2701 = EDGE_LOOP ( 'NONE', ( #3552, #2072, #2394, #804 ) ) ;
#2702 = CARTESIAN_POINT ( 'NONE',  ( -79.37613135233327455, -3.686287386450727697E-15, -42.27196607119945782 ) ) ;
#2703 = EDGE_LOOP ( 'NONE', ( #2493, #3399, #2058, #3252 ) ) ;
#2704 = CARTESIAN_POINT ( 'NONE',  ( -86.57535420410260940, 28.99999999999874944, -42.18583452958239377 ) ) ;
#2705 = DIRECTION ( 'NONE',  ( 1.000000000000000000, 0.000000000000000000, 0.000000000000000000 ) ) ;
#2706 = DIRECTION ( 'NONE',  ( 1.000000000000000000, 0.000000000000000000, 0.000000000000000000 ) ) ;
#2707 = DIRECTION ( 'NONE',  ( -1.000000000000000000, 0.000000000000000000, 0.000000000000000000 ) ) ;
#2708 = ORIENTED_EDGE ( 'NONE', *, *, #3064, .F. ) ;
#2709 = LINE ( 'NONE', #747, #1556 ) ;
#2710 = DIRECTION ( 'NONE',  ( -1.000000000000000000, -0.000000000000000000, -0.000000000000000000 ) ) ;
#2711 = DIRECTION ( 'NONE',  ( -1.000000000000000000, -0.000000000000000000, -0.000000000000000000 ) ) ;
#2712 = DIRECTION ( 'NONE',  ( 1.000000000000000000, 0.000000000000000000, -0.000000000000000000 ) ) ;
#2713 = CARTESIAN_POINT ( 'NONE',  ( -84.96388707974556098, 1.000000000000004441, -44.50169694278896060 ) ) ;
#2714 = VERTEX_POINT ( 'NONE', #2371 ) ;
#2715 = CARTESIAN_POINT ( 'NONE',  ( 14.51004704568249792, 0.000000000000000000, -2.235987205493061847 ) ) ;
#2716 = ADVANCED_FACE ( 'NONE', ( #407 ), #940, .F. ) ;
#2717 = DIRECTION ( 'NONE',  ( 0.000000000000000000, 0.000000000000000000, 1.000000000000000000 ) ) ;
#2718 = ORIENTED_EDGE ( 'NONE', *, *, #2760, .F. ) ;
#2719 = CARTESIAN_POINT ( 'NONE',  ( -86.70936828812702402, 27.99999999999998934, -41.51744760419639135 ) ) ;
#2720 = ORIENTED_EDGE ( 'NONE', *, *, #751, .T. ) ;
#2721 = CARTESIAN_POINT ( 'NONE',  ( -77.13637987526423956, 0.000000000000000000, -40.53022924388768189 ) ) ;
#2722 = EDGE_CURVE ( 'NONE', #622, #840, #88, .T. ) ;
#2723 = DIRECTION ( 'NONE',  ( -1.239088197126290817E-16, 1.000000000000000000, 0.000000000000000000 ) ) ;
#2724 = FILL_AREA_STYLE_COLOUR ( '', #1562 ) ;
#2725 = ORIENTED_EDGE ( 'NONE', *, *, #2554, .T. ) ;
#2726 = AXIS2_PLACEMENT_3D ( 'NONE', #2281, #3106, #1677 ) ;
#2727 = CARTESIAN_POINT ( 'NONE',  ( -82.50811299421793876, 1.000000000000011768, -45.21769673231789710 ) ) ;
#2728 = AXIS2_PLACEMENT_3D ( 'NONE', #2570, #3648, #167 ) ;
#2729 = SPHERICAL_SURFACE ( 'NONE', #2678, 1.000000000000000000 ) ;
#2730 = DIRECTION ( 'NONE',  ( 0.000000000000000000, 1.000000000000000000, -0.000000000000000000 ) ) ;
#2731 = CYLINDRICAL_SURFACE ( 'NONE', #1208, 1.000000000000000888 ) ;
#2732 = CARTESIAN_POINT ( 'NONE',  ( -84.84286391811484407, 1.192622389734054877E-14, -43.32096492416178535 ) ) ;
#2733 = CARTESIAN_POINT ( 'NONE',  ( -85.32467953577243236, 1.000000000000007772, -38.47048848134693344 ) ) ;
#2734 = DIRECTION ( 'NONE',  ( 0.000000000000000000, -0.000000000000000000, 1.000000000000000000 ) ) ;
#2735 = CARTESIAN_POINT ( 'NONE',  ( -58.48995295431750208, -5.000000000000000000, -9.235987205493071173 ) ) ;
#2736 = ORIENTED_EDGE ( 'NONE', *, *, #3217, .T. ) ;
#2737 = DIRECTION ( 'NONE',  ( -1.000000000000000000, 0.000000000000000000, 0.000000000000000000 ) ) ;
#2738 = EDGE_CURVE ( 'NONE', #2314, #451, #1846, .T. ) ;
#2739 = CARTESIAN_POINT ( 'NONE',  ( -79.95422116008535340, -8.179197081376483161E-13, -44.62292654286792981 ) ) ;
#2740 = DIRECTION ( 'NONE',  ( 1.000000000000000000, -0.000000000000000000, -0.000000000000000000 ) ) ;
#2741 = AXIS2_PLACEMENT_3D ( 'NONE', #2614, #3492, #2329 ) ;
#2742 = VECTOR ( 'NONE', #1143, 1000.000000000000000 ) ;
#2743 = EDGE_CURVE ( 'NONE', #674, #431, #2311, .T. ) ;
#2744 = ORIENTED_EDGE ( 'NONE', *, *, #1442, .F. ) ;
#2745 = MECHANICAL_DESIGN_GEOMETRIC_PRESENTATION_REPRESENTATION (  '', ( #2202 ), #3441 ) ;
#2746 = VECTOR ( 'NONE', #2499, 1000.000000000000000 ) ;
#2747 = AXIS2_PLACEMENT_3D ( 'NONE', #3059, #213, #3554 ) ;
#2748 = DIRECTION ( 'NONE',  ( 1.000000000000000000, 0.000000000000000000, 0.000000000000000000 ) ) ;
#2749 = ORIENTED_EDGE ( 'NONE', *, *, #3287, .F. ) ;
#2750 = DIRECTION ( 'NONE',  ( -0.000000000000000000, 1.000000000000000000, -0.000000000000000000 ) ) ;
#2751 = VECTOR ( 'NONE', #120, 1000.000000000000000 ) ;
#2752 = LINE ( 'NONE', #1283, #3228 ) ;
#2753 = EDGE_LOOP ( 'NONE', ( #2453, #3118, #1510, #1624 ) ) ;
#2754 = CARTESIAN_POINT ( 'NONE',  ( -79.28294677667514634, 5.999999999999785949, -44.07500738157892073 ) ) ;
#2755 = CARTESIAN_POINT ( 'NONE',  ( -84.42604871384112641, 1.192622389734055035E-14, -43.65566666934119411 ) ) ;
#2756 = DIRECTION ( 'NONE',  ( -0.000000000000000000, 0.000000000000000000, 1.000000000000000000 ) ) ;
#2757 = ORIENTED_EDGE ( 'NONE', *, *, #2635, .T. ) ;
#2758 = VERTEX_POINT ( 'NONE', #3480 ) ;
#2759 = CARTESIAN_POINT ( 'NONE',  ( -78.43482260318553756, 1.000000000000000444, -42.62312440958283588 ) ) ;
#2760 = EDGE_CURVE ( 'NONE', #594, #810, #2697, .T. ) ;
#2761 = ORIENTED_EDGE ( 'NONE', *, *, #675, .T. ) ;
#2762 = CARTESIAN_POINT ( 'NONE',  ( -86.20296580080788829, 1.000000000000001332, -39.18629279635398177 ) ) ;
#2763 = EDGE_CURVE ( 'NONE', #1254, #1274, #1040, .T. ) ;
#2764 = EDGE_CURVE ( 'NONE', #2134, #513, #2956, .T. ) ;
#2765 = DIRECTION ( 'NONE',  ( -0.000000000000000000, 1.000000000000000000, -0.000000000000000000 ) ) ;
#2766 = CARTESIAN_POINT ( 'NONE',  ( -78.13637233178062047, 7.000000000000000000, -38.21674210529830162 ) ) ;
#2767 = SPHERICAL_SURFACE ( 'NONE', #619, 1.000000000000000000 ) ;
#2768 = CARTESIAN_POINT ( 'NONE',  ( -85.74252161250883830, -1.409462824231155764E-14, -41.03586994769859331 ) ) ;
#2769 = ORIENTED_EDGE ( 'NONE', *, *, #3001, .T. ) ;
#2770 = VERTEX_POINT ( 'NONE', #2941 ) ;
#2771 = FACE_OUTER_BOUND ( 'NONE', #1245, .T. ) ;
#2772 = CARTESIAN_POINT ( 'NONE',  ( -85.07310984967774914, 1.192622389734054877E-14, -43.05502921796482951 ) ) ;
#2773 = CARTESIAN_POINT ( 'NONE',  ( -82.42051944751685255, 7.000000000000000000, -45.21674210529830162 ) ) ;
#2774 = CARTESIAN_POINT ( 'NONE',  ( -85.12888761211804933, 28.00000000000000000, -35.10359838783102049 ) ) ;
#2775 = CARTESIAN_POINT ( 'NONE',  ( -75.42051944751685255, 7.000000000000000000, -48.21674210529830162 ) ) ;
#2776 = CARTESIAN_POINT ( 'NONE',  ( -63.48995295431750208, -5.000000000000000000, -30.23598720549306051 ) ) ;
#2777 = ORIENTED_EDGE ( 'NONE', *, *, #1990, .F. ) ;
#2778 = CARTESIAN_POINT ( 'NONE',  ( 0.000000000000000000, -5.000000000000000000, 0.000000000000000000 ) ) ;
#2779 = CARTESIAN_POINT ( 'NONE',  ( -84.17691177450564055, 28.99999999999999289, -35.95848622053043186 ) ) ;
#2780 = ORIENTED_EDGE ( 'NONE', *, *, #402, .F. ) ;
#2781 = ADVANCED_FACE ( 'NONE', ( #2391 ), #3519, .T. ) ;
#2782 = VECTOR ( 'NONE', #2220, 1000.000000000000000 ) ;
#2783 = CARTESIAN_POINT ( 'NONE',  ( 7.510047045682499700, -5.000000000000000000, -4.235987205493064067 ) ) ;
#2784 = CARTESIAN_POINT ( 'NONE',  ( 0.000000000000000000, -18.30270741657488998, 7.000000000000000000 ) ) ;
#2785 = CARTESIAN_POINT ( 'NONE',  ( -77.43615851323335164, 7.000000000000001776, -42.78407397036720994 ) ) ;
#2786 = CARTESIAN_POINT ( 'NONE',  ( -83.77557005104326038, 1.517883041479706208E-15, -43.97451499208326453 ) ) ;
#2787 = ORIENTED_EDGE ( 'NONE', *, *, #140, .T. ) ;
#2788 = VERTEX_POINT ( 'NONE', #1568 ) ;
#2789 = CARTESIAN_POINT ( 'NONE',  ( -78.66884520225302424, 7.000000000000000000, -44.87781266075428022 ) ) ;
#2790 = SPHERICAL_SURFACE ( 'NONE', #2631, 1.000000000000000000 ) ;
#2791 = CARTESIAN_POINT ( 'NONE',  ( -84.19619573270836099, 29.00000000000000000, -36.03650872904737668 ) ) ;
#2792 = CARTESIAN_POINT ( 'NONE',  ( -81.55392135783870344, 0.9999999999999983347, -45.17160545004526284 ) ) ;
#2793 = DIRECTION ( 'NONE',  ( -0.003884187214212040350, 0.000000000000000000, -0.9999924565163904600 ) ) ;
#2794 = ORIENTED_EDGE ( 'NONE', *, *, #1984, .F. ) ;
#2795 = AXIS2_PLACEMENT_3D ( 'NONE', #455, #1632, #1611 ) ;
#2796 = DIRECTION ( 'NONE',  ( 0.000000000000000000, -1.000000000000000000, 0.000000000000000000 ) ) ;
#2797 = ORIENTED_EDGE ( 'NONE', *, *, #2, .F. ) ;
#2798 = AXIS2_PLACEMENT_3D ( 'NONE', #1474, #661, #2590 ) ;
#2799 = CARTESIAN_POINT ( 'NONE',  ( -79.16509728105921795, 27.99999999999999645, -43.95448756746439756 ) ) ;
#2800 = CARTESIAN_POINT ( 'NONE',  ( 3.314459268353855403, 8.697292583425110024, 1.000000000000000000 ) ) ;
#2801 = DIRECTION ( 'NONE',  ( -0.000000000000000000, 1.000000000000000000, -0.000000000000000000 ) ) ;
#2802 = VECTOR ( 'NONE', #294, 1000.000000000000000 ) ;
#2803 = ADVANCED_FACE ( 'NONE', ( #1195 ), #2622, .F. ) ;
#2804 = AXIS2_PLACEMENT_3D ( 'NONE', #2539, #922, #2260 ) ;
#2805 = CARTESIAN_POINT ( 'NONE',  ( -85.15559525997134926, 0.9999999999995407007, -35.52457725571532166 ) ) ;
#2806 = ORIENTED_EDGE ( 'NONE', *, *, #2326, .F. ) ;
#2807 = ORIENTED_EDGE ( 'NONE', *, *, #630, .F. ) ;
#2808 = DIRECTION ( 'NONE',  ( 1.000000000000000000, 0.000000000000000000, 0.000000000000000000 ) ) ;
#2809 = CIRCLE ( 'NONE', #3105, 1.000000000000000888 ) ;
#2810 = CARTESIAN_POINT ( 'NONE',  ( 3.314459268353856292, 7.697292583425109136, 6.000000000000000000 ) ) ;
#2811 = CARTESIAN_POINT ( 'NONE',  ( -78.13637233178062047, 1.000000000000007772, -30.21674210529830162 ) ) ;
#2812 = ADVANCED_FACE ( 'NONE', ( #1793 ), #2767, .T. ) ;
#2813 = FACE_OUTER_BOUND ( 'NONE', #2503, .T. ) ;
#2814 = ORIENTED_EDGE ( 'NONE', *, *, #1312, .T. ) ;
#2815 = DIRECTION ( 'NONE',  ( 0.000000000000000000, 0.000000000000000000, 1.000000000000000000 ) ) ;
#2816 =( NAMED_UNIT ( * ) PLANE_ANGLE_UNIT ( ) SI_UNIT ( $, .RADIAN. ) );
#2817 = DIRECTION ( 'NONE',  ( -1.000000000000000000, -0.000000000000000000, 0.000000000000000000 ) ) ;
#2818 = CARTESIAN_POINT ( 'NONE',  ( -44.13254080751685393, 6.000000000000000000, -55.21674210529830162 ) ) ;
#2819 = CARTESIAN_POINT ( 'NONE',  ( -81.55392135783786500, 6.000000000000000000, -45.17160545004515626 ) ) ;
#2820 = CARTESIAN_POINT ( 'NONE',  ( -78.46098776586926249, 27.99999999999938183, -42.69418837610222539 ) ) ;
#2821 = FILL_AREA_STYLE_COLOUR ( '', #433 ) ;
#2822 = LINE ( 'NONE', #2275, #2185 ) ;
#2823 = CARTESIAN_POINT ( 'NONE',  ( -85.61149987519326032, -8.890457814381136359E-15, -40.19974035191241057 ) ) ;
#2824 = VERTEX_POINT ( 'NONE', #1622 ) ;
#2825 = VERTEX_POINT ( 'NONE', #193 ) ;
#2826 = LINE ( 'NONE', #268, #1505 ) ;
#2827 = DIRECTION ( 'NONE',  ( 0.000000000000000000, -1.000000000000000000, 0.000000000000000000 ) ) ;
#2828 = CARTESIAN_POINT ( 'NONE',  ( -65.48995295431750208, 23.00000000000000000, -32.23598720549306051 ) ) ;
#2829 = CARTESIAN_POINT ( 'NONE',  ( -81.42051944751688097, 0.000000000000000000, -46.16266747147604832 ) ) ;
#2830 = EDGE_CURVE ( 'NONE', #882, #38, #462, .T. ) ;
#2831 = CARTESIAN_POINT ( 'NONE',  ( -81.55392135783870344, -1.734723475976807094E-15, -45.17160545004526284 ) ) ;
#2832 = CARTESIAN_POINT ( 'NONE',  ( 0.000000000000000000, 0.000000000000000000, 0.000000000000000000 ) ) ;
#2833 = PRODUCT_CONTEXT ( 'NONE', #361, 'mechanical' ) ;
#2834 = PLANE ( 'NONE',  #911 ) ;
#2835 = CARTESIAN_POINT ( 'NONE',  ( -81.42051944751685255, 7.000000000000000000, -46.16266747147606964 ) ) ;
#2836 = DIRECTION ( 'NONE',  ( 1.000000000000000000, 0.000000000000000000, 0.000000000000000000 ) ) ;
#2837 = CARTESIAN_POINT ( 'NONE',  ( -78.63604780847113318, 29.00000000000093436, -43.12288700969674693 ) ) ;
#2838 = DIRECTION ( 'NONE',  ( 0.000000000000000000, -1.000000000000000000, 0.000000000000000000 ) ) ;
#2839 = LINE ( 'NONE', #871, #2009 ) ;
#2840 = CARTESIAN_POINT ( 'NONE',  ( -86.68285651666597857, 1.000000000000152989, -40.31344971182468839 ) ) ;
#2841 = LINE ( 'NONE', #1428, #302 ) ;
#2842 = VECTOR ( 'NONE', #1155, 1000.000000000000000 ) ;
#2843 = CARTESIAN_POINT ( 'NONE',  ( -29.18554073164614238, -19.30270741657488998, 6.000000000000000000 ) ) ;
#2844 = DIRECTION ( 'NONE',  ( -0.000000000000000000, 0.000000000000000000, 1.000000000000000000 ) ) ;
#2845 = ORIENTED_EDGE ( 'NONE', *, *, #2232, .T. ) ;
#2846 = CARTESIAN_POINT ( 'NONE',  ( -81.00847368674762095, -1.734723475976807094E-15, -45.09818546468238054 ) ) ;
#2847 = EDGE_CURVE ( 'NONE', #2206, #3587, #2167, .T. ) ;
#2848 = ITEM_DEFINED_TRANSFORMATION ( 'NONE', 'NONE', #3142,  #1545 ) ;
#2849 = LINE ( 'NONE', #1687, #1130 ) ;
#2850 = EDGE_CURVE ( 'NONE', #2788, #810, #2809, .T. ) ;
#2851 = DIRECTION ( 'NONE',  ( -0.000000000000000000, 0.000000000000000000, -1.000000000000000000 ) ) ;
#2852 = CARTESIAN_POINT ( 'NONE',  ( -79.13596708368805821, 29.00000000000000000, -40.42007095305794451 ) ) ;
#2853 = PLANE ( 'NONE',  #1747 ) ;
#2854 = CARTESIAN_POINT ( 'NONE',  ( -85.62749105107062064, 6.722053469410127491E-15, -40.24082252695684048 ) ) ;
#2855 = VERTEX_POINT ( 'NONE', #3288 ) ;
#2856 = ORIENTED_EDGE ( 'NONE', *, *, #3242, .T. ) ;
#2857 = LINE ( 'NONE', #2280, #2438 ) ;
#2858 = CARTESIAN_POINT ( 'NONE',  ( -78.41530865739485989, 0.9999999999999958922, -42.60159319446117365 ) ) ;
#2859 = CIRCLE ( 'NONE', #1205, 1.000000000000000888 ) ;
#2860 = CARTESIAN_POINT ( 'NONE',  ( -78.55058589415371273, 9.765949496119465562E-16, -30.63095566767139744 ) ) ;
#2861 = CARTESIAN_POINT ( 'NONE',  ( -79.13620581965662382, 1.517883041479706208E-15, -40.51003225689107268 ) ) ;
#2862 = ORIENTED_EDGE ( 'NONE', *, *, #1921, .F. ) ;
#2863 = CIRCLE ( 'NONE', #615, 1.000000000000000888 ) ;
#2864 = CARTESIAN_POINT ( 'NONE',  ( -81.42051944751685255, 0.000000000000000000, -48.21674210529830162 ) ) ;
#2865 = ORIENTED_EDGE ( 'NONE', *, *, #630, .T. ) ;
#2866 = LINE ( 'NONE', #2043, #1678 ) ;
#2867 = DIRECTION ( 'NONE',  ( 0.000000000000000000, 0.000000000000000000, -1.000000000000000000 ) ) ;
#2868 = VECTOR ( 'NONE', #375, 1000.000000000000000 ) ;
#2869 = LINE ( 'NONE', #928, #1864 ) ;
#2870 = APPLICATION_PROTOCOL_DEFINITION ( 'draft international standard', 'automotive_design', 1998, #361 ) ;
#2871 = CARTESIAN_POINT ( 'NONE',  ( -85.13637233178063468, 0.000000000000000000, -31.21674210529830518 ) ) ;
#2872 = EDGE_CURVE ( 'NONE', #488, #995, #1064, .T. ) ;
#2873 = LINE ( 'NONE', #1128, #2982 ) ;
#2874 = CARTESIAN_POINT ( 'NONE',  ( -79.54210202091653059, 29.00000000000000355, -42.69651851864259129 ) ) ;
#2875 = DIRECTION ( 'NONE',  ( 0.000000000000000000, 0.000000000000000000, 1.000000000000000000 ) ) ;
#2876 = ADVANCED_FACE ( 'NONE', ( #208 ), #1653, .T. ) ;
#2877 = CARTESIAN_POINT ( 'NONE',  ( -85.61591722323593956, 1.192622389734054562E-14, -41.94514510864129164 ) ) ;
#2878 = CARTESIAN_POINT ( 'NONE',  ( -84.91171368072319581, 6.722053469410127491E-15, -38.92262332553080029 ) ) ;
#2879 = EDGE_LOOP ( 'NONE', ( #57, #397, #2797, #624 ) ) ;
#2880 = ORIENTED_EDGE ( 'NONE', *, *, #186, .T. ) ;
#2881 = CARTESIAN_POINT ( 'NONE',  ( -45.13254080751686104, 0.000000000000000000, -38.21674210529830162 ) ) ;
#2882 = CARTESIAN_POINT ( 'NONE',  ( 3.314459268353856292, 7.697292583425109136, 0.000000000000000000 ) ) ;
#2883 = FACE_OUTER_BOUND ( 'NONE', #2962, .T. ) ;
#2884 = ORIENTED_EDGE ( 'NONE', *, *, #2760, .T. ) ;
#2885 = CARTESIAN_POINT ( 'NONE',  ( -78.89843605922499137, 1.301042606982605321E-15, -45.08795247694667552 ) ) ;
#2886 = ORIENTED_EDGE ( 'NONE', *, *, #2948, .T. ) ;
#2887 = CARTESIAN_POINT ( 'NONE',  ( -85.01005699379850000, 28.50383313992109890, -35.23597727661757517 ) ) ;
#2888 = CARTESIAN_POINT ( 'NONE',  ( -81.42051944751685255, 7.000000000000000000, -48.21674210529830162 ) ) ;
#2889 = CARTESIAN_POINT ( 'NONE',  ( -85.63723664094727894, 28.00000000000000711, -38.08245447704027953 ) ) ;
#2890 = EDGE_CURVE ( 'NONE', #1835, #3605, #754, .T. ) ;
#2891 = CYLINDRICAL_SURFACE ( 'NONE', #1676, 1.000000000000000888 ) ;
#2892 = CARTESIAN_POINT ( 'NONE',  ( -81.73302466515157505, 27.99999999999907274, -45.19694225131122778 ) ) ;
#2893 = FACE_OUTER_BOUND ( 'NONE', #2701, .T. ) ;
#2894 = ADVANCED_FACE ( 'NONE', ( #3013 ), #2731, .T. ) ;
#2895 = CARTESIAN_POINT ( 'NONE',  ( -79.13638076412492239, 29.00000000000000000, -40.52634502005975747 ) ) ;
#2896 = VERTEX_POINT ( 'NONE', #2446 ) ;
#2897 = EDGE_LOOP ( 'NONE', ( #636, #1726, #3073 ) ) ;
#2898 = DIRECTION ( 'NONE',  ( 0.000000000000000000, 0.000000000000000000, -1.000000000000000000 ) ) ;
#2899 = DIRECTION ( 'NONE',  ( 1.000000000000000000, 0.000000000000000000, 0.000000000000000000 ) ) ;
#2900 = EDGE_CURVE ( 'NONE', #2788, #2559, #2571, .T. ) ;
#2901 = CARTESIAN_POINT ( 'NONE',  ( -78.13614911270535401, 1.000000000000000888, -40.46887682034547140 ) ) ;
#2902 = ORIENTED_EDGE ( 'NONE', *, *, #3188, .F. ) ;
#2903 = CARTESIAN_POINT ( 'NONE',  ( -78.13637233178062047, 1.000000000000000000, -38.21674210529830162 ) ) ;
#2904 = ORIENTED_EDGE ( 'NONE', *, *, #2184, .F. ) ;
#2905 = DIRECTION ( 'NONE',  ( -1.000000000000000000, -0.000000000000000000, -0.000000000000000000 ) ) ;
#2906 = DIRECTION ( 'NONE',  ( 2.793185071074506684E-14, -1.000000000000000000, -1.745740669421566678E-14 ) ) ;
#2907 = ORIENTED_EDGE ( 'NONE', *, *, #2143, .F. ) ;
#2908 = APPLICATION_PROTOCOL_DEFINITION ( 'draft international standard', 'automotive_design', 1998, #1012 ) ;
#2909 = LINE ( 'NONE', #990, #1617 ) ;
#2910 = CARTESIAN_POINT ( 'NONE',  ( -63.48995295431750208, 0.000000000000000000, -25.23598720549304986 ) ) ;
#2911 = PRODUCT_DEFINITION_SHAPE ( 'NONE', 'NONE',  #745 ) ;
#2912 = PRODUCT ( 'SofaFrame', 'SofaFrame', '', ( #363 ) ) ;
#2913 = CARTESIAN_POINT ( 'NONE',  ( -81.12506697790124122, 28.99999999999999645, -44.06493154946936386 ) ) ;
#2914 = FACE_OUTER_BOUND ( 'NONE', #2897, .T. ) ;
#2915 = CARTESIAN_POINT ( 'NONE',  ( -79.43426471039740022, 29.00000000000000711, -42.44096622333073299 ) ) ;
#2916 = EDGE_LOOP ( 'NONE', ( #1356, #2160, #3271, #2736 ) ) ;
#2917 = CIRCLE ( 'NONE', #2019, 1.000000000000000000 ) ;
#2918 = ORIENTED_EDGE ( 'NONE', *, *, #495, .F. ) ;
#2919 = EDGE_CURVE ( 'NONE', #524, #1761, #2692, .T. ) ;
#2920 = CARTESIAN_POINT ( 'NONE',  ( -47.13254080751686104, 6.000000000000000000, -52.21674210529830162 ) ) ;
#2921 = AXIS2_PLACEMENT_3D ( 'NONE', #1912, #245, #1047 ) ;
#2922 = CARTESIAN_POINT ( 'NONE',  ( -82.38907014849172583, 1.000000000001866951, -45.23440444368754498 ) ) ;
#2923 = ORIENTED_EDGE ( 'NONE', *, *, #751, .F. ) ;
#2924 = CARTESIAN_POINT ( 'NONE',  ( -81.64049677345876432, 28.00000000000000000, -45.89240401880157805 ) ) ;
#2925 = ORIENTED_EDGE ( 'NONE', *, *, #910, .F. ) ;
#2926 = MECHANICAL_DESIGN_GEOMETRIC_PRESENTATION_REPRESENTATION (  '', ( #1501 ), #3274 ) ;
#2927 = PLANE ( 'NONE',  #429 ) ;
#2928 = EDGE_CURVE ( 'NONE', #228, #1058, #1598, .T. ) ;
#2929 = APPLICATION_PROTOCOL_DEFINITION ( 'draft international standard', 'automotive_design', 1998, #628 ) ;
#2930 = AXIS2_PLACEMENT_3D ( 'NONE', #1411, #833, #2265 ) ;
#2931 = CARTESIAN_POINT ( 'NONE',  ( -86.74463677090989222, 27.99999999999999645, -40.82386897531933556 ) ) ;
#2932 = CARTESIAN_POINT ( 'NONE',  ( -86.72429954583878953, 28.00000000000001776, -41.37310218447255750 ) ) ;
#2933 = AXIS2_PLACEMENT_3D ( 'NONE', #996, #2109, #2975 ) ;
#2934 = DIRECTION ( 'NONE',  ( 1.000000000000000000, 0.000000000000000000, 0.000000000000000000 ) ) ;
#2935 = CARTESIAN_POINT ( 'NONE',  ( -78.13637233178062047, 7.000000000000000000, -40.52634505667347042 ) ) ;
#2936 = CARTESIAN_POINT ( 'NONE',  ( -81.73302466535442079, 28.99999999999938893, -45.19694224775813751 ) ) ;
#2937 = LINE ( 'NONE', #2367, #3382 ) ;
#2938 = ORIENTED_EDGE ( 'NONE', *, *, #1158, .F. ) ;
#2939 = ORIENTED_EDGE ( 'NONE', *, *, #1152, .F. ) ;
#2940 = LINE ( 'NONE', #445, #490 ) ;
#2941 = CARTESIAN_POINT ( 'NONE',  ( -45.13254080751686104, 0.000000000000000000, -52.21674210529830162 ) ) ;
#2942 = CARTESIAN_POINT ( 'NONE',  ( -78.46098775896791722, -9.265782583110657769E-13, -42.69418837892040131 ) ) ;
#2943 = ORIENTED_EDGE ( 'NONE', *, *, #1218, .F. ) ;
#2944 = CARTESIAN_POINT ( 'NONE',  ( -65.48995295431750208, 3.000000000000000000, -29.23598720549306051 ) ) ;
#2945 = ORIENTED_EDGE ( 'NONE', *, *, #3260, .T. ) ;
#2946 = CARTESIAN_POINT ( 'NONE',  ( -69.62632528609749727, -27.21674210530118643, -0.2359872054941809238 ) ) ;
#2947 = CARTESIAN_POINT ( 'NONE',  ( -85.68913170847595495, 29.00000000000000355, -41.56808788580813996 ) ) ;
#2948 = EDGE_CURVE ( 'NONE', #2404, #1227, #3302, .T. ) ;
#2949 = CARTESIAN_POINT ( 'NONE',  ( -81.87679853477277447, 28.00000000000000000, -45.20860808907224282 ) ) ;
#2950 = DIRECTION ( 'NONE',  ( 0.000000000000000000, 0.000000000000000000, -1.000000000000000000 ) ) ;
#2951 = ADVANCED_FACE ( 'NONE', ( #3548 ), #139, .T. ) ;
#2952 = CARTESIAN_POINT ( 'NONE',  ( -45.13254080751686104, 7.000000000000000000, -37.21674210529830162 ) ) ;
#2953 = CARTESIAN_POINT ( 'NONE',  ( -83.46558505900377156, 27.99999999999968736, -45.10034822816237465 ) ) ;
#2954 = CARTESIAN_POINT ( 'NONE',  ( -81.04872599944771139, 0.9999999999999913403, -45.09472419202304394 ) ) ;
#2955 = CARTESIAN_POINT ( 'NONE',  ( -84.13566768815545061, 1.517883041479706208E-15, -35.24924192098310272 ) ) ;
#2956 = LINE ( 'NONE', #1813, #2751 ) ;
#2957 = PRODUCT_DEFINITION_CONTEXT ( 'detailed design', #552, 'design' ) ;
#2958 = CARTESIAN_POINT ( 'NONE',  ( -79.16509727888373504, -4.615551101145383511E-13, -43.95448756962437642 ) ) ;
#2959 = LINE ( 'NONE', #1867, #847 ) ;
#2960 = ORIENTED_EDGE ( 'NONE', *, *, #1399, .F. ) ;
#2961 = CARTESIAN_POINT ( 'NONE',  ( 4.195587777328632306, 9.999999999999738876, -9.933279788918193631 ) ) ;
#2962 = EDGE_LOOP ( 'NONE', ( #128, #1483, #926, #3650 ) ) ;
#2963 = CARTESIAN_POINT ( 'NONE',  ( -86.74463679942188321, 29.00000000000001066, -40.82386897225244837 ) ) ;
#2964 = DIRECTION ( 'NONE',  ( 1.000000000000000000, 0.000000000000000000, 0.000000000000000000 ) ) ;
#2965 = EDGE_CURVE ( 'NONE', #2249, #2855, #1929, .T. ) ;
#2966 = AXIS2_PLACEMENT_3D ( 'NONE', #1983, #3116, #1424 ) ;
#2967 = LINE ( 'NONE', #1767, #3376 ) ;
#2968 = AXIS2_PLACEMENT_3D ( 'NONE', #1311, #2793, #3632 ) ;
#2969 = CARTESIAN_POINT ( 'NONE',  ( -86.51080595837514409, 29.00000000000091660, -42.40157001957852856 ) ) ;
#2970 = CARTESIAN_POINT ( 'NONE',  ( -86.44146007947570354, 1.000000000000001332, -42.59756745740868666 ) ) ;
#2971 = EDGE_CURVE ( 'NONE', #1798, #1706, #2752, .T. ) ;
#2972 = CARTESIAN_POINT ( 'NONE',  ( -85.12888761211804933, 1.000000000000000888, -35.10359838783102049 ) ) ;
#2973 = ORIENTED_EDGE ( 'NONE', *, *, #3171, .T. ) ;
#2974 = DIRECTION ( 'NONE',  ( 0.000000000000000000, 0.000000000000000000, 1.000000000000000000 ) ) ;
#2975 = DIRECTION ( 'NONE',  ( 0.000000000000000000, 0.000000000000000000, -1.000000000000000000 ) ) ;
#2976 = CARTESIAN_POINT ( 'NONE',  ( -81.12506697790124122, -3.686287386450715076E-15, -44.06493154946936386 ) ) ;
#2977 = VERTEX_POINT ( 'NONE', #1015 ) ;
#2978 = VERTEX_POINT ( 'NONE', #2423 ) ;
#2979 = APPLICATION_PROTOCOL_DEFINITION ( 'draft international standard', 'automotive_design', 1998, #749 ) ;
#2980 = ORIENTED_EDGE ( 'NONE', *, *, #272, .T. ) ;
#2981 = CARTESIAN_POINT ( 'NONE',  ( -86.45300440088793437, 28.99999999999998579, -39.62859576269085693 ) ) ;
#2982 = VECTOR ( 'NONE', #3129, 1000.000000000000000 ) ;
#2983 = ORIENTED_EDGE ( 'NONE', *, *, #2164, .F. ) ;
#2984 = AXIS2_PLACEMENT_3D ( 'NONE', #836, #1770, #2579 ) ;
#2985 = CARTESIAN_POINT ( 'NONE',  ( -78.68902247729207033, 0.9999999999997170042, -43.23543728625790550 ) ) ;
#2986 = CARTESIAN_POINT ( 'NONE',  ( -45.13254080751686104, 6.000000000000000000, -37.21674210529830162 ) ) ;
#2987 = AXIS2_PLACEMENT_3D ( 'NONE', #957, #710, #2073 ) ;
#2988 = DIRECTION ( 'NONE',  ( 1.000000000000000000, -0.000000000000000000, -0.000000000000000000 ) ) ;
#2989 = CIRCLE ( 'NONE', #1441, 1.000000000000000000 ) ;
#2990 = ORIENTED_EDGE ( 'NONE', *, *, #2971, .F. ) ;
#2991 = CARTESIAN_POINT ( 'NONE',  ( -86.57075411579292279, 1.000000000000001554, -42.19943817263072816 ) ) ;
#2992 = CARTESIAN_POINT ( 'NONE',  ( -85.45387672392348577, 28.99999999999998934, -39.88733712801518294 ) ) ;
#2993 = EDGE_CURVE ( 'NONE', #524, #2321, #2092, .T. ) ;
#2994 = CARTESIAN_POINT ( 'NONE',  ( -44.13254080751685393, 1.000000000000000000, -55.21674210529830162 ) ) ;
#2995 = DIRECTION ( 'NONE',  ( 1.000000000000000000, 0.000000000000000000, 0.000000000000000000 ) ) ;
#2996 = CARTESIAN_POINT ( 'NONE',  ( -45.13254080751686104, 1.000000000000000000, -38.21674210529830162 ) ) ;
#2997 = CARTESIAN_POINT ( 'NONE',  ( -79.72514046693447654, 0.9999999999993768318, -44.47634949943556393 ) ) ;
#2998 = ORIENTED_EDGE ( 'NONE', *, *, #3603, .F. ) ;
#2999 = DIRECTION ( 'NONE',  ( 0.000000000000000000, 0.000000000000000000, 1.000000000000000000 ) ) ;
#3000 = ORIENTED_EDGE ( 'NONE', *, *, #2138, .T. ) ;
#3001 = EDGE_CURVE ( 'NONE', #840, #92, #264, .T. ) ;
#3002 = CARTESIAN_POINT ( 'NONE',  ( -83.45107618150714757, -8.890457814381111115E-15, -44.07562746513989538 ) ) ;
#3003 = CARTESIAN_POINT ( 'NONE',  ( -28.68554073164614593, 7.697292583425109136, 6.000000000000000000 ) ) ;
#3004 = ORIENTED_EDGE ( 'NONE', *, *, #1448, .F. ) ;
#3005 = CARTESIAN_POINT ( 'NONE',  ( -85.16028253012898119, 29.00000000000000355, -39.38883675608613544 ) ) ;
#3006 = FACE_OUTER_BOUND ( 'NONE', #2676, .T. ) ;
#3007 = PLANE ( 'NONE',  #2418 ) ;
#3008 =( NAMED_UNIT ( * ) SI_UNIT ( $, .STERADIAN. ) SOLID_ANGLE_UNIT ( ) );
#3009 = VERTEX_POINT ( 'NONE', #3100 ) ;
#3010 = CARTESIAN_POINT ( 'NONE',  ( -84.13637233178063468, 29.00000000000000000, -35.26135916053755892 ) ) ;
#3011 = ORIENTED_EDGE ( 'NONE', *, *, #2928, .T. ) ;
#3012 = DIRECTION ( 'NONE',  ( 0.000000000000000000, 0.000000000000000000, -1.000000000000000000 ) ) ;
#3013 = FACE_OUTER_BOUND ( 'NONE', #746, .T. ) ;
#3014 = ADVANCED_FACE ( 'NONE', ( #246 ), #283, .T. ) ;
#3015 = CARTESIAN_POINT ( 'NONE',  ( -77.13637233178062047, 6.000000000000000000, -44.28090285740007914 ) ) ;
#3016 = DIRECTION ( 'NONE',  ( -0.000000000000000000, 0.000000000000000000, 1.000000000000000000 ) ) ;
#3017 = SPHERICAL_SURFACE ( 'NONE', #3420, 1.000000000000000000 ) ;
#3018 = CARTESIAN_POINT ( 'NONE',  ( -47.13254080751686104, 6.000000000000000000, -52.21674210529830162 ) ) ;
#3019 = VERTEX_POINT ( 'NONE', #3396 ) ;
#3020 = LINE ( 'NONE', #827, #1627 ) ;
#3021 = ORIENTED_EDGE ( 'NONE', *, *, #1604, .T. ) ;
#3022 = CARTESIAN_POINT ( 'NONE',  ( -79.28748921828021423, 1.301042606982605321E-15, -45.38320422220750316 ) ) ;
#3023 = LINE ( 'NONE', #1955, #3359 ) ;
#3024 = ORIENTED_EDGE ( 'NONE', *, *, #2722, .F. ) ;
#3025 = AXIS2_PLACEMENT_3D ( 'NONE', #2665, #3513, #418 ) ;
#3026 = CARTESIAN_POINT ( 'NONE',  ( -85.31828857430971880, 0.9999999999999856781, -36.88253864581287900 ) ) ;
#3027 = B_SPLINE_CURVE_WITH_KNOTS ( 'NONE', 3,
 ( #16, #2611, #1136, #859, #1989, #3120, #2858, #596, #312, #1453, #1174, #3419, #898, #521, #458, #3263, #2954, #1295, #620, #333, #2727, #1469, #2671, #1826, #691, #2603, #1010, #169, #3158, #726, #1594, #2316, #1262, #2419, #2970, #2991, #1028, #1194, #2691, #3442, #2439, #136, #3566, #51, #973, #2762, #1387, #2161, #3327, #768, #3026, #3066, #1112, #1688 ),
 .UNSPECIFIED., .F., .F.,
 ( 4, 2, 2, 2, 2, 2, 2, 2, 2, 2, 2, 2, 2, 2, 2, 2, 2, 2, 2, 2, 2, 2, 2, 2, 2, 2, 4 ),
 ( -6.000000001037764378E-08, 0.0006264881899512269713, 0.001253036379902464212, 0.002506132759804911153, 0.003132680949756126276, 0.003759229139707342265, 0.004385777329658556954, 0.005012325519609772510, 0.006265421899512165459, 0.006891970089463341116, 0.007518518279414515906, 0.008771614659316867221, 0.009398162849268023797, 0.01002471103921917864, 0.01065125922917033521, 0.01127780741912148832, 0.01190435560907264489, 0.01253090379902379800, 0.01315745198897495458, 0.01378400017892610942, 0.01441054836887726252, 0.01503709655882841910, 0.01566364474877957394, 0.01629019293873072705, 0.01754328931863299856, 0.01879638569853527355, 0.02004948207843754507 ),
 .UNSPECIFIED. ) ;
#3028 = AXIS2_PLACEMENT_3D ( 'NONE', #1519, #2377, #2411 ) ;
#3029 = EDGE_LOOP ( 'NONE', ( #348, #3446, #2373, #3233 ) ) ;
#3030 = DIRECTION ( 'NONE',  ( 0.000000000000000000, 0.000000000000000000, -1.000000000000000000 ) ) ;
#3031 = FACE_OUTER_BOUND ( 'NONE', #255, .T. ) ;
#3032 = DIRECTION ( 'NONE',  ( -0.000000000000000000, -0.000000000000000000, -1.000000000000000000 ) ) ;
#3033 = CARTESIAN_POINT ( 'NONE',  ( -84.33339454039246164, 0.9999999999996901368, -44.83188030965938253 ) ) ;
#3034 = ORIENTED_EDGE ( 'NONE', *, *, #3121, .F. ) ;
#3035 = CARTESIAN_POINT ( 'NONE',  ( -81.02336576595138240, 7.000000000000277112, -45.07749543928421332 ) ) ;
#3036 = ADVANCED_FACE ( 'NONE', ( #3415 ), #2853, .F. ) ;
#3037 = CARTESIAN_POINT ( 'NONE',  ( -81.34712630421515200, -3.686287386450728486E-15, -44.12322663613396401 ) ) ;
#3038 = DIRECTION ( 'NONE',  ( 0.000000000000000000, 0.000000000000000000, 1.000000000000000000 ) ) ;
#3039 = CARTESIAN_POINT ( 'NONE',  ( -85.29545043260988280, 28.00000000000184386, -36.74073391139337730 ) ) ;
#3040 = EDGE_LOOP ( 'NONE', ( #3555, #519, #2285 ) ) ;
#3041 = EDGE_CURVE ( 'NONE', #1106, #1635, #742, .T. ) ;
#3042 = VECTOR ( 'NONE', #2964, 1000.000000000000000 ) ;
#3043 = CARTESIAN_POINT ( 'NONE',  ( 3.314459268353856292, 7.697292583425109136, 1.000000000000000000 ) ) ;
#3044 = FACE_OUTER_BOUND ( 'NONE', #411, .T. ) ;
#3045 = AXIS2_PLACEMENT_3D ( 'NONE', #708, #647, #2637 ) ;
#3046 = AXIS2_PLACEMENT_3D ( 'NONE', #64, #3131, #1723 ) ;
#3047 = ORIENTED_EDGE ( 'NONE', *, *, #2482, .T. ) ;
#3048 = STYLED_ITEM ( 'NONE', ( #2596 ), #701 ) ;
#3049 = DIRECTION ( 'NONE',  ( -0.000000000000000000, -1.000000000000000000, 0.000000000000000000 ) ) ;
#3050 = AXIS2_PLACEMENT_3D ( 'NONE', #3018, #3608, #1359 ) ;
#3051 = DIRECTION ( 'NONE',  ( 0.000000000000000000, 0.000000000000000000, -1.000000000000000000 ) ) ;
#3052 = ORIENTED_EDGE ( 'NONE', *, *, #1901, .T. ) ;
#3053 = CYLINDRICAL_SURFACE ( 'NONE', #1381, 1.000000000000000000 ) ;
#3054 = DIRECTION ( 'NONE',  ( 0.000000000000000000, -0.000000000000000000, 1.000000000000000000 ) ) ;
#3055 = VECTOR ( 'NONE', #923, 1000.000000000000000 ) ;
#3056 = CARTESIAN_POINT ( 'NONE',  ( -28.68554073164614593, 7.697292583425109136, 7.000000000000000000 ) ) ;
#3057 = EDGE_LOOP ( 'NONE', ( #86, #2437, #3439, #3047 ) ) ;
#3058 = CARTESIAN_POINT ( 'NONE',  ( -78.81753832145005845, 6.000000000000000000, -43.46892914917294348 ) ) ;
#3059 = CARTESIAN_POINT ( 'NONE',  ( -75.42051944751685255, 1.000000000000000000, -48.21674210529830162 ) ) ;
#3060 = CARTESIAN_POINT ( 'NONE',  ( -85.42435659491606259, 27.99999999999815969, -37.36319768541740416 ) ) ;
#3061 = ORIENTED_EDGE ( 'NONE', *, *, #2890, .F. ) ;
#3062 = CARTESIAN_POINT ( 'NONE',  ( -79.27202175354223357, 0.9999999999997201128, -44.07346301755158180 ) ) ;
#3063 = FACE_OUTER_BOUND ( 'NONE', #2412, .T. ) ;
#3064 = EDGE_CURVE ( 'NONE', #790, #2134, #1131, .T. ) ;
#3065 = ORIENTED_EDGE ( 'NONE', *, *, #52, .T. ) ;
#3066 = CARTESIAN_POINT ( 'NONE',  ( -85.19834955426442491, 0.9999999999999856781, -36.06098501455557681 ) ) ;
#3067 = EDGE_CURVE ( 'NONE', #1331, #442, #2839, .T. ) ;
#3068 = LINE ( 'NONE', #2443, #915 ) ;
#3069 = ORIENTED_EDGE ( 'NONE', *, *, #2598, .T. ) ;
#3070 = CARTESIAN_POINT ( 'NONE',  ( -80.77728987939363492, 6.999999999999996447, -46.04884803313819219 ) ) ;
#3071 = CARTESIAN_POINT ( 'NONE',  ( -83.27922464453673967, 1.192622389734052669E-14, -44.11663313454502600 ) ) ;
#3072 = CARTESIAN_POINT ( 'NONE',  ( -84.15204628123466080, 29.00000000000000000, -35.51193300050036328 ) ) ;
#3073 = ORIENTED_EDGE ( 'NONE', *, *, #2225, .F. ) ;
#3074 = FACE_OUTER_BOUND ( 'NONE', #2001, .T. ) ;
#3075 = LINE ( 'NONE', #782, #1662 ) ;
#3076 = ORIENTED_EDGE ( 'NONE', *, *, #1176, .F. ) ;
#3077 = EDGE_CURVE ( 'NONE', #2758, #1133, #305, .T. ) ;
#3078 = VECTOR ( 'NONE', #2362, 1000.000000000000000 ) ;
#3079 = CARTESIAN_POINT ( 'NONE',  ( -78.13637233178062047, 6.000000000000000000, -40.52634505667347042 ) ) ;
#3080 = EDGE_CURVE ( 'NONE', #2156, #1647, #1449, .T. ) ;
#3081 = DIRECTION ( 'NONE',  ( 1.000000000000000000, 0.000000000000000000, -0.000000000000000000 ) ) ;
#3082 = CARTESIAN_POINT ( 'NONE',  ( -85.71359652085922676, 1.517883041479706208E-15, -40.58892400057164451 ) ) ;
#3083 = ORIENTED_EDGE ( 'NONE', *, *, #819, .F. ) ;
#3084 = ORIENTED_EDGE ( 'NONE', *, *, #635, .F. ) ;
#3085 = DIRECTION ( 'NONE',  ( 0.000000000000000000, 1.000000000000000000, 0.000000000000000000 ) ) ;
#3086 = CARTESIAN_POINT ( 'NONE',  ( -78.13637233178062047, 6.000000000000000000, -38.21674210529830162 ) ) ;
#3087 = DIRECTION ( 'NONE',  ( -0.000000000000000000, 1.000000000000000000, -0.000000000000000000 ) ) ;
#3088 = CARTESIAN_POINT ( 'NONE',  ( -81.42051944751685255, 7.000000000000000000, -46.16266747147606964 ) ) ;
#3089 = ORIENTED_EDGE ( 'NONE', *, *, #3319, .F. ) ;
#3090 = LINE ( 'NONE', #815, #3501 ) ;
#3091 = LINE ( 'NONE', #2513, #1477 ) ;
#3092 = AXIS2_PLACEMENT_3D ( 'NONE', #545, #2815, #293 ) ;
#3093 = EDGE_LOOP ( 'NONE', ( #3177, #1640, #873, #3296 ) ) ;
#3094 = CIRCLE ( 'NONE', #3092, 1.000000000000000888 ) ;
#3095 = PRODUCT_DEFINITION ( 'UNKNOWN', '', #2487, #121 ) ;
#3096 = CARTESIAN_POINT ( 'NONE',  ( -79.76688443459228495, 6.000000000000000000, -44.93106133250003609 ) ) ;
#3097 = AXIS2_PLACEMENT_3D ( 'NONE', #2775, #216, #1362 ) ;
#3098 = CARTESIAN_POINT ( 'NONE',  ( -80.17879203272981670, 28.99999999999999645, -43.55616045660281088 ) ) ;
#3099 = DIRECTION ( 'NONE',  ( 0.000000000000000000, -1.000000000000000000, 0.000000000000000000 ) ) ;
#3100 = CARTESIAN_POINT ( 'NONE',  ( -47.13254080751686104, 7.000000000000000000, -54.21674210529830162 ) ) ;
#3101 = VECTOR ( 'NONE', #334, 1000.000000000000000 ) ;
#3102 = EDGE_CURVE ( 'NONE', #2855, #1931, #1097, .T. ) ;
#3103 = CARTESIAN_POINT ( 'NONE',  ( -84.54246007577704347, 1.192622389734054877E-14, -37.94127213780681984 ) ) ;
#3104 = CARTESIAN_POINT ( 'NONE',  ( -77.13637233178062047, 7.000000000000000000, -38.21674210529830162 ) ) ;
#3105 = AXIS2_PLACEMENT_3D ( 'NONE', #770, #2149, #1341 ) ;
#3106 = DIRECTION ( 'NONE',  ( 0.000000000000000000, -0.000000000000000000, 1.000000000000000000 ) ) ;
#3107 = DIRECTION ( 'NONE',  ( 1.000000000000000000, 0.000000000000000000, 0.000000000000000000 ) ) ;
#3108 = EDGE_CURVE ( 'NONE', #123, #2398, #2822, .T. ) ;
#3109 = PLANE ( 'NONE',  #1730 ) ;
#3110 = DIRECTION ( 'NONE',  ( -1.000000000000000000, -0.000000000000000000, -0.000000000000000000 ) ) ;
#3111 = ORIENTED_EDGE ( 'NONE', *, *, #1921, .T. ) ;
#3112 = FACE_OUTER_BOUND ( 'NONE', #2368, .T. ) ;
#3113 = DIRECTION ( 'NONE',  ( 0.000000000000000000, -1.000000000000000000, 0.000000000000000000 ) ) ;
#3114 = CARTESIAN_POINT ( 'NONE',  ( -79.40650640749362310, 29.00000000000000355, -42.36446299980016761 ) ) ;
#3115 = CARTESIAN_POINT ( 'NONE',  ( -44.13254080751685393, 7.000000000000000000, -38.21674210529830162 ) ) ;
#3116 = DIRECTION ( 'NONE',  ( 1.000000000000000000, 0.000000000000000000, 0.000000000000000000 ) ) ;
#3117 = CARTESIAN_POINT ( 'NONE',  ( -85.81611160746724920, 1.000000000000004441, -38.49338245297826688 ) ) ;
#3118 = ORIENTED_EDGE ( 'NONE', *, *, #1270, .F. ) ;
#3119 = DIRECTION ( 'NONE',  ( 0.000000000000000000, -1.000000000000000000, 0.000000000000000000 ) ) ;
#3120 = CARTESIAN_POINT ( 'NONE',  ( -78.30466245088054222, 0.9999999999999958922, -42.18955868888083671 ) ) ;
#3121 = EDGE_CURVE ( 'NONE', #2824, #1232, #2519, .T. ) ;
#3122 = DIRECTION ( 'NONE',  ( 1.000000000000000000, -0.000000000000000000, -0.000000000000000000 ) ) ;
#3123 = CARTESIAN_POINT ( 'NONE',  ( -79.02388651205018277, 2.602085213965210642E-15, -45.19081973697640109 ) ) ;
#3124 = ORIENTED_EDGE ( 'NONE', *, *, #3580, .T. ) ;
#3125 = EDGE_CURVE ( 'NONE', #2188, #1380, #1724, .T. ) ;
#3126 = CARTESIAN_POINT ( 'NONE',  ( -84.13637233178063468, 29.00000000000000000, -31.21674210529830518 ) ) ;
#3127 = CONTEXT_DEPENDENT_SHAPE_REPRESENTATION ( #237, #695 ) ;
#3128 = CARTESIAN_POINT ( 'NONE',  ( -47.13254080751686104, 7.000000000000000000, -52.21674210529830162 ) ) ;
#3129 = DIRECTION ( 'NONE',  ( -0.000000000000000000, 0.000000000000000000, 1.000000000000000000 ) ) ;
#3130 = CARTESIAN_POINT ( 'NONE',  ( -79.16509727888374925, 28.99999999999999645, -43.95448756962437642 ) ) ;
#3131 = DIRECTION ( 'NONE',  ( 0.000000000000000000, -1.000000000000000000, 0.000000000000000000 ) ) ;
#3132 = CARTESIAN_POINT ( 'NONE',  ( -85.13637233178063468, 0.4142135623730960892, -30.21674210529830518 ) ) ;
#3133 = CARTESIAN_POINT ( 'NONE',  ( -86.63373573177251785, -1.202618027515433927E-13, -40.10928643673665306 ) ) ;
#3134 = ORIENTED_EDGE ( 'NONE', *, *, #426, .T. ) ;
#3135 = EDGE_LOOP ( 'NONE', ( #2980, #3291, #1250, #1727 ) ) ;
#3136 = CARTESIAN_POINT ( 'NONE',  ( -45.13254080751686104, 1.000000000000000000, -38.21674210529830162 ) ) ;
#3137 = DIRECTION ( 'NONE',  ( 0.000000000000000000, 0.000000000000000000, 1.000000000000000000 ) ) ;
#3138 = ORIENTED_EDGE ( 'NONE', *, *, #1048, .T. ) ;
#3139 = CARTESIAN_POINT ( 'NONE',  ( -79.28748921805835437, 2.602085213965212614E-15, -45.38320422243650398 ) ) ;
#3140 = EDGE_LOOP ( 'NONE', ( #2469, #2708, #162, #2656 ) ) ;
#3141 = EDGE_CURVE ( 'NONE', #1987, #3197, #2580, .T. ) ;
#3142 = AXIS2_PLACEMENT_3D ( 'NONE', #1253, #3536, #413 ) ;
#3143 = CARTESIAN_POINT ( 'NONE',  ( -80.28290212252616698, 6.000000000000002665, -44.80359558327826619 ) ) ;
#3144 = EDGE_CURVE ( 'NONE', #2601, #1426, #1266, .T. ) ;
#3145 = CONTEXT_DEPENDENT_SHAPE_REPRESENTATION ( #2690, #2074 ) ;
#3146 = CYLINDRICAL_SURFACE ( 'NONE', #2376, 3.000000000000002665 ) ;
#3147 = CARTESIAN_POINT ( 'NONE',  ( -77.95689122465631726, 6.999999999999999112, -43.98307650008883485 ) ) ;
#3148 = CARTESIAN_POINT ( 'NONE',  ( 3.314459268353856292, 8.697292583425110024, 1.000000000000000000 ) ) ;
#3149 = CARTESIAN_POINT ( 'NONE',  ( -79.16056511558552700, 28.99999999999998934, -41.13676604354970578 ) ) ;
#3150 = CARTESIAN_POINT ( 'NONE',  ( -47.13254080751686104, 1.000000000000000000, -55.21674210529830162 ) ) ;
#3151 = CARTESIAN_POINT ( 'NONE',  ( -79.13637233178062047, 0.000000000000000000, -30.21674210529830162 ) ) ;
#3152 = AXIS2_PLACEMENT_3D ( 'NONE', #1638, #223, #2518 ) ;
#3153 = CARTESIAN_POINT ( 'NONE',  ( -86.53806951121408986, -8.890457814381126893E-15, -39.82267732969113183 ) ) ;
#3154 = ORIENTED_EDGE ( 'NONE', *, *, #3064, .T. ) ;
#3155 = ORIENTED_EDGE ( 'NONE', *, *, #257, .F. ) ;
#3156 = DIRECTION ( 'NONE',  ( -1.000000000000000000, 0.000000000000000000, 0.000000000000000000 ) ) ;
#3157 = VECTOR ( 'NONE', #3110, 1000.000000000000000 ) ;
#3158 = CARTESIAN_POINT ( 'NONE',  ( -85.41273804209419040, 1.000000000000001110, -44.15720555664179869 ) ) ;
#3159 = AXIS2_PLACEMENT_3D ( 'NONE', #3136, #2584, #1229 ) ;
#3160 =( BOUNDED_SURFACE ( )  B_SPLINE_SURFACE ( 3, 2, ( 
 ( #1981, #325, #2852 ),
 ( #262, #869, #1114 ),
 ( #281, #3394, #1998 ),
 ( #2534, #1446, #2309 ),
 ( #2273, #1462, #1186 ),
 ( #3431, #588, #3360 ),
 ( #1166, #916, #3378 ),
 ( #1390, #1702, #3149 ),
 ( #1749, #2578, #2032 ),
 ( #851, #533, #244 ),
 ( #303, #2517, #891 ),
 ( #26, #1690, #3636 ),
 ( #2820, #2291, #3114 ),
 ( #3413, #2837, #2874 ),
 ( #2551, #1422, #6 ),
 ( #1153, #2013, #1668 ),
 ( #2799, #3130, #1722 ),
 ( #2234, #1961, #3098 ),
 ( #1403, #3654, #1129 ),
 ( #2252, #2106, #2091 ),
 ( #951, #2669, #1559 ),
 ( #1825, #343, #2913 ),
 ( #2689, #690, #3189 ),
 ( #1260, #3456, #1009 ),
 ( #2892, #2936, #1769 ),
 ( #366, #3231, #1479 ),
 ( #648, #1506, #1278 ),
 ( #2953, #1808, #2615 ),
 ( #62, #2638, #1785 ),
 ( #1206, #971, #135 ),
 ( #404, #3246, #2330 ),
 ( #84, #1539, #1225 ),
 ( #420, #2348, #388 ),
 ( #3208, #934, #115 ),
 ( #2385, #3474, #2069 ),
 ( #3515, #3173, #668 ),
 ( #2048, #1526, #2654 ),
 ( #993, #101, #1241 ),
 ( #2366, #3493, #709 ),
 ( #1842, #2969, #2402 ),
 ( #632, #2704, #1589 ),
 ( #1852, #383, #2947 ),
 ( #2719, #719, #3226 ),
 ( #1289, #3489, #1041 ),
 ( #2931, #2963, #1800 ),
 ( #399, #3255, #1520 ),
 ( #686, #2663, #1307 ),
 ( #95, #1237, #163 ),
 ( #149, #2360, #2680 ),
 ( #110, #130, #743 ),
 ( #2413, #1870, #438 ),
 ( #1255, #2981, #3538 ),
 ( #415, #965, #989 ),
 ( #3241, #2083, #2116 ),
 ( #1573, #2379, #1022 ),
 ( #3510, #1275, #454 ),
 ( #2399, #2430, #3005 ),
 ( #3556, #2102, #3203 ),
 ( #1819, #704, #1837 ),
 ( #1552, #3524, #1004 ),
 ( #3060, #1360, #3628 ),
 ( #3039, #523, #3320 ),
 ( #3575, #814, #3306 ),
 ( #3338, #779, #2791 ),
 ( #1888, #1935, #1072 ),
 ( #2454, #509, #1347 ),
 ( #2213, #1903, #3072 ),
 ( #3292, #1680, #2489 ),
 ( #1609, #1643, #3645 ),
 ( #2774, #1104, #1660 ) ),
 .UNSPECIFIED., .F., .F., .F. ) 
 B_SPLINE_SURFACE_WITH_KNOTS ( ( 4, 2, 2, 2, 2, 2, 2, 2, 2, 2, 2, 2, 2, 2, 2, 2, 2, 2, 2, 2, 2, 2, 2, 2, 2, 2, 2, 2, 2, 2, 2, 2, 2, 2, 4 ),
 ( 3, 3 ),
 ( -0.0001015611465465029453, 3.226682260071187761E-05, 0.0001660947917479267005, 0.0004337507300423563191, 0.0009690626066312155564, 0.001504374483220074794, 0.002039686359808934139, 0.002574998236397793485, 0.003110310112986652831, 0.003645621989575512176, 0.004180933866164371522, 0.004716245742753231301, 0.005251557619342090213, 0.006322181372519808037, 0.006857493249108666949, 0.007392805125697526729, 0.007928117002286386508, 0.008463428878875245420, 0.008998740755464104332, 0.009534052632052963244, 0.01006936450864182389, 0.01060467638523068280, 0.01113998826181954171, 0.01140764420011397204, 0.01154147216926118720, 0.01167530013840840236, 0.01194295607670283269, 0.01221061201499726127, 0.01274592389158612019, 0.01381654764476383801, 0.01488717139794155757, 0.01595779515111927713, 0.01649310702770813430, 0.01676076296600256463, 0.01702841890429699495 ),
 ( 0.000000000000000000, 1.000000000000000000 ),
 .UNSPECIFIED. ) 
 GEOMETRIC_REPRESENTATION_ITEM ( )  RATIONAL_B_SPLINE_SURFACE ( (
 ( 1.000000000000000000, 0.7071067811865475727, 1.000000000000000000),
 ( 1.000000000000000000, 0.7071067811865475727, 1.000000000000000000),
 ( 1.000000000000000000, 0.7071067811865475727, 1.000000000000000000),
 ( 1.000000000000000000, 0.7071067811865475727, 1.000000000000000000),
 ( 1.000000000000000000, 0.7071067811865475727, 1.000000000000000000),
 ( 1.000000000000000000, 0.7071067811865475727, 1.000000000000000000),
 ( 1.000000000000000000, 0.7071067811865500152, 1.000000000000000000),
 ( 1.000000000000000000, 0.7071067811865500152, 1.000000000000000000),
 ( 1.000000000000000000, 0.7071067811865475727, 1.000000000000000000),
 ( 1.000000000000000000, 0.7071067811865475727, 1.000000000000000000),
 ( 1.000000000000000000, 0.7071067811865475727, 1.000000000000000000),
 ( 1.000000000000000000, 0.7071067811865475727, 1.000000000000000000),
 ( 1.000000000000000000, 0.7071067811865463515, 1.000000000000000000),
 ( 1.000000000000000000, 0.7071067811865463515, 1.000000000000000000),
 ( 1.000000000000000000, 0.7071067811865463515, 1.000000000000000000),
 ( 1.000000000000000000, 0.7071067811865463515, 1.000000000000000000),
 ( 1.000000000000000000, 0.7071067811865475727, 1.000000000000000000),
 ( 1.000000000000000000, 0.7071067811865475727, 1.000000000000000000),
 ( 1.000000000000000000, 0.7071067811865463515, 1.000000000000000000),
 ( 1.000000000000000000, 0.7071067811865463515, 1.000000000000000000),
 ( 1.000000000000000000, 0.7071067811865475727, 1.000000000000000000),
 ( 1.000000000000000000, 0.7071067811865475727, 1.000000000000000000),
 ( 1.000000000000000000, 0.7071067811865463515, 1.000000000000000000),
 ( 1.000000000000000000, 0.7071067811865463515, 1.000000000000000000),
 ( 1.000000000000000000, 0.7071067811865463515, 1.000000000000000000),
 ( 1.000000000000000000, 0.7071067811865463515, 1.000000000000000000),
 ( 1.000000000000000000, 0.7071067811865475727, 1.000000000000000000),
 ( 1.000000000000000000, 0.7071067811865475727, 1.000000000000000000),
 ( 1.000000000000000000, 0.7071067811865452413, 1.000000000000000000),
 ( 1.000000000000000000, 0.7071067811865452413, 1.000000000000000000),
 ( 1.000000000000000000, 0.7071067811865474617, 1.000000000000000000),
 ( 1.000000000000000000, 0.7071067811865474617, 1.000000000000000000),
 ( 1.000000000000000000, 0.7071067811865463515, 1.000000000000000000),
 ( 1.000000000000000000, 0.7071067811865463515, 1.000000000000000000),
 ( 1.000000000000000000, 0.7071067811865463515, 1.000000000000000000),
 ( 1.000000000000000000, 0.7071067811865463515, 1.000000000000000000),
 ( 1.000000000000000000, 0.7071067811865432429, 1.000000000000000000),
 ( 1.000000000000000000, 0.7071067811865432429, 1.000000000000000000),
 ( 1.000000000000000000, 0.7071067811865517916, 1.000000000000000000),
 ( 1.000000000000000000, 0.7071067811865517916, 1.000000000000000000),
 ( 1.000000000000000000, 0.7071067811865463515, 1.000000000000000000),
 ( 1.000000000000000000, 0.7071067811865463515, 1.000000000000000000),
 ( 1.000000000000000000, 0.7071067811865451302, 1.000000000000000000),
 ( 1.000000000000000000, 0.7071067811865451302, 1.000000000000000000),
 ( 1.000000000000000000, 0.7071067811865426878, 1.000000000000000000),
 ( 1.000000000000000000, 0.7071067811865426878, 1.000000000000000000),
 ( 1.000000000000000000, 0.7071067811865475727, 1.000000000000000000),
 ( 1.000000000000000000, 0.7071067811865475727, 1.000000000000000000),
 ( 1.000000000000000000, 0.7071067811865463515, 1.000000000000000000),
 ( 1.000000000000000000, 0.7071067811865463515, 1.000000000000000000),
 ( 1.000000000000000000, 0.7071067811865500152, 1.000000000000000000),
 ( 1.000000000000000000, 0.7071067811865500152, 1.000000000000000000),
 ( 1.000000000000000000, 0.7071067811865475727, 1.000000000000000000),
 ( 1.000000000000000000, 0.7071067811865475727, 1.000000000000000000),
 ( 1.000000000000000000, 0.7071067811865420216, 1.000000000000000000),
 ( 1.000000000000000000, 0.7071067811865420216, 1.000000000000000000),
 ( 1.000000000000000000, 0.7071067811865463515, 1.000000000000000000),
 ( 1.000000000000000000, 0.7071067811865463515, 1.000000000000000000),
 ( 1.000000000000000000, 0.7071067811865509034, 1.000000000000000000),
 ( 1.000000000000000000, 0.7071067811865509034, 1.000000000000000000),
 ( 1.000000000000000000, 0.7071067811865475727, 1.000000000000000000),
 ( 1.000000000000000000, 0.7071067811865475727, 1.000000000000000000),
 ( 1.000000000000000000, 0.7071067811865475727, 1.000000000000000000),
 ( 1.000000000000000000, 0.7071067811865475727, 1.000000000000000000),
 ( 1.000000000000000000, 0.7071067811865475727, 1.000000000000000000),
 ( 1.000000000000000000, 0.7071067811865475727, 1.000000000000000000),
 ( 1.000000000000000000, 0.7071067811865475727, 1.000000000000000000),
 ( 1.000000000000000000, 0.7071067811865475727, 1.000000000000000000),
 ( 1.000000000000000000, 0.7071067811865475727, 1.000000000000000000),
 ( 1.000000000000000000, 0.7071067811865475727, 1.000000000000000000) ) ) 
 REPRESENTATION_ITEM ( '' )  SURFACE ( )  );
#3161 = ORIENTED_EDGE ( 'NONE', *, *, #422, .T. ) ;
#3162 = AXIS2_PLACEMENT_3D ( 'NONE', #2005, #1456, #2626 ) ;
#3163 = ORIENTED_EDGE ( 'NONE', *, *, #514, .F. ) ;
#3164 = LINE ( 'NONE', #1200, #2142 ) ;
#3165 =( NAMED_UNIT ( * ) PLANE_ANGLE_UNIT ( ) SI_UNIT ( $, .RADIAN. ) );
#3166 = AXIS2_PLACEMENT_3D ( 'NONE', #3180, #2658, #711 ) ;
#3167 = ADVANCED_FACE ( 'NONE', ( #28 ), #1405, .T. ) ;
#3168 = CARTESIAN_POINT ( 'NONE',  ( -45.13254080751686104, 0.000000000000000000, -38.21674210529830162 ) ) ;
#3169 = SHAPE_DEFINITION_REPRESENTATION ( #723, #646 ) ;
#3170 = CARTESIAN_POINT ( 'NONE',  ( 12.51004704568249792, -5.000000000000000000, -4.235987205493064067 ) ) ;
#3171 = EDGE_CURVE ( 'NONE', #431, #2758, #684, .T. ) ;
#3172 = FACE_OUTER_BOUND ( 'NONE', #652, .T. ) ;
#3173 = CARTESIAN_POINT ( 'NONE',  ( -85.88132947074272749, 29.00000000000062883, -43.64896165627004621 ) ) ;
#3174 = ADVANCED_FACE ( 'NONE', ( #740 ), #3017, .T. ) ;
#3175 = CARTESIAN_POINT ( 'NONE',  ( -85.71045260096302343, 1.517883041479706602E-15, -40.53793156376081441 ) ) ;
#3176 = CARTESIAN_POINT ( 'NONE',  ( -85.16028253012898119, 6.722053469410127491E-15, -39.38883675608613544 ) ) ;
#3177 = ORIENTED_EDGE ( 'NONE', *, *, #1820, .F. ) ;
#3178 = CARTESIAN_POINT ( 'NONE',  ( -78.13637233178062047, 6.000000000000000000, -40.52634505667347042 ) ) ;
#3179 = PRODUCT_DEFINITION_SHAPE ( 'NONE', 'NONE',  #3664 ) ;
#3180 = CARTESIAN_POINT ( 'NONE',  ( -29.18554073164614593, 7.697292583425109136, 1.000000000000000000 ) ) ;
#3181 = DIRECTION ( 'NONE',  ( 0.000000000000000000, 0.000000000000000000, -1.000000000000000000 ) ) ;
#3182 = ORIENTED_EDGE ( 'NONE', *, *, #3503, .T. ) ;
#3183 = VERTEX_POINT ( 'NONE', #1571 ) ;
#3184 = DIRECTION ( 'NONE',  ( 1.000000000000000000, 0.000000000000000000, 0.000000000000000000 ) ) ;
#3185 =( NAMED_UNIT ( * ) SI_UNIT ( $, .STERADIAN. ) SOLID_ANGLE_UNIT ( ) );
#3186 = CARTESIAN_POINT ( 'NONE',  ( -84.72370586979825191, 28.00000000000001066, -44.64158192286552662 ) ) ;
#3187 = LINE ( 'NONE', #2952, #2623 ) ;
#3188 = EDGE_CURVE ( 'NONE', #2314, #3581, #2131, .T. ) ;
#3189 = CARTESIAN_POINT ( 'NONE',  ( -81.30096130137459909, 29.00000000000000355, -44.11242472028359884 ) ) ;
#3190 = CARTESIAN_POINT ( 'NONE',  ( -85.54478796259995477, 28.99999999999998934, -40.03713040387975042 ) ) ;
#3191 = VERTEX_POINT ( 'NONE', #3272 ) ;
#3192 = ORIENTED_EDGE ( 'NONE', *, *, #3108, .T. ) ;
#3193 = EDGE_CURVE ( 'NONE', #513, #291, #1358, .T. ) ;
#3194 = DIRECTION ( 'NONE',  ( -1.000000000000000000, -0.000000000000000000, 0.000000000000000000 ) ) ;
#3195 = CARTESIAN_POINT ( 'NONE',  ( -58.48995295431750208, -5.000000000000000000, -4.235987205493064067 ) ) ;
#3196 = CARTESIAN_POINT ( 'NONE',  ( -81.51214832418216361, 0.9999999999990688559, -45.17136981920033634 ) ) ;
#3197 = VERTEX_POINT ( 'NONE', #452 ) ;
#3198 = CARTESIAN_POINT ( 'NONE',  ( -78.32625063871743976, -5.777789833161870460E-31, -44.51318536756240718 ) ) ;
#3199 = EDGE_LOOP ( 'NONE', ( #2037, #239, #2295, #409 ) ) ;
#3200 = VECTOR ( 'NONE', #2507, 1000.000000000000000 ) ;
#3201 = LINE ( 'NONE', #3267, #1802 ) ;
#3202 = AXIS2_PLACEMENT_3D ( 'NONE', #604, #2008, #2867 ) ;
#3203 = CARTESIAN_POINT ( 'NONE',  ( -84.91171368072319581, 29.00000000000000355, -38.92262332553080029 ) ) ;
#3204 = CARTESIAN_POINT ( 'NONE',  ( -78.76098560668053494, 28.00000000000001066, -43.36525063116206979 ) ) ;
#3205 = CYLINDRICAL_SURFACE ( 'NONE', #1541, 1.000000000000000000 ) ;
#3206 = DIRECTION ( 'NONE',  ( -0.000000000000000000, -1.000000000000000000, -0.000000000000000000 ) ) ;
#3207 = PRODUCT_DEFINITION_SHAPE ( 'NONE', 'NONE',  #1395 ) ;
#3208 = CARTESIAN_POINT ( 'NONE',  ( -85.36407625184367021, 28.00000000000000355, -44.20299623062732763 ) ) ;
#3209 = CARTESIAN_POINT ( 'NONE',  ( -84.13057417249632408, 1.517883041479706208E-15, -35.16165246839931058 ) ) ;
#3210 = EDGE_LOOP ( 'NONE', ( #2983, #1759, #1579 ) ) ;
#3211 = VECTOR ( 'NONE', #2737, 1000.000000000000000 ) ;
#3212 = ORIENTED_EDGE ( 'NONE', *, *, #272, .F. ) ;
#3213 = AXIS2_PLACEMENT_3D ( 'NONE', #2548, #1, #1147 ) ;
#3214 = LINE ( 'NONE', #3248, #374 ) ;
#3215 = DIRECTION ( 'NONE',  ( 0.000000000000000000, 0.000000000000000000, -1.000000000000000000 ) ) ;
#3216 = VECTOR ( 'NONE', #1525, 1000.000000000000000 ) ;
#3217 = EDGE_CURVE ( 'NONE', #2977, #3183, #760, .T. ) ;
#3218 = CIRCLE ( 'NONE', #2023, 1.000000000000000888 ) ;
#3219 = CARTESIAN_POINT ( 'NONE',  ( -82.81826489409699832, -3.135062842560790240E-13, -45.21100747420535981 ) ) ;
#3220 = VERTEX_POINT ( 'NONE', #579 ) ;
#3221 = DIRECTION ( 'NONE',  ( 0.000000000000000000, 0.000000000000000000, -1.000000000000000000 ) ) ;
#3222 = EDGE_LOOP ( 'NONE', ( #2475, #2266, #964, #2538 ) ) ;
#3223 = AXIS2_PLACEMENT_3D ( 'NONE', #2331, #2808, #1899 ) ;
#3224 = EDGE_CURVE ( 'NONE', #291, #2018, #1102, .T. ) ;
#3225 = AXIS2_PLACEMENT_3D ( 'NONE', #3251, #2425, #715 ) ;
#3226 = CARTESIAN_POINT ( 'NONE',  ( -85.71601546056534460, 28.99999999999998579, -41.39110607374980333 ) ) ;
#3227 = CARTESIAN_POINT ( 'NONE',  ( -86.36423704817093494, 27.99999999999998934, -42.79160966941752520 ) ) ;
#3228 = VECTOR ( 'NONE', #2406, 1000.000000000000000 ) ;
#3229 = DIRECTION ( 'NONE',  ( -1.000000000000000000, 0.000000000000000000, 0.000000000000000000 ) ) ;
#3230 = CARTESIAN_POINT ( 'NONE',  ( -81.42051944751685255, 0.000000000000000000, -55.21674210529830162 ) ) ;
#3231 = CARTESIAN_POINT ( 'NONE',  ( -82.38907014808602014, 29.00000000000124700, -45.23440445079374683 ) ) ;
#3232 = CARTESIAN_POINT ( 'NONE',  ( -81.17318239335962460, 29.00000000000001421, -44.07900364217893241 ) ) ;
#3233 = ORIENTED_EDGE ( 'NONE', *, *, #3588, .F. ) ;
#3234 = CARTESIAN_POINT ( 'NONE',  ( -45.13254080751686104, 7.000000000000000000, -38.21674210529830162 ) ) ;
#3235 = CARTESIAN_POINT ( 'NONE',  ( -63.48995295431750208, -5.000000000000000000, -25.23598720549304986 ) ) ;
#3236 = CARTESIAN_POINT ( 'NONE',  ( -78.74245455983526654, -4.638732235880518337E-13, -43.33626776427143312 ) ) ;
#3237 = LINE ( 'NONE', #1585, #3447 ) ;
#3238 = ORIENTED_EDGE ( 'NONE', *, *, #1751, .F. ) ;
#3239 = EDGE_CURVE ( 'NONE', #2206, #3405, #1952, .T. ) ;
#3240 = ORIENTED_EDGE ( 'NONE', *, *, #3239, .T. ) ;
#3241 = CARTESIAN_POINT ( 'NONE',  ( -86.29337466655550770, 28.00000000000030553, -39.34161865643041978 ) ) ;
#3242 = EDGE_CURVE ( 'NONE', #561, #3484, #2524, .T. ) ;
#3243 = CARTESIAN_POINT ( 'NONE',  ( -81.66856348267840815, 28.00000000000000000, -45.19014910024562681 ) ) ;
#3244 = LINE ( 'NONE', #1239, #1415 ) ;
#3245 = CARTESIAN_POINT ( 'NONE',  ( -81.42051944751685255, 7.000000000000000000, -44.28090285740007914 ) ) ;
#3246 = CARTESIAN_POINT ( 'NONE',  ( -84.33339454306137384, 29.00000000000000000, -44.83188031511922134 ) ) ;
#3247 = CARTESIAN_POINT ( 'NONE',  ( -85.13637233178063468, 1.000000000000007772, -30.21674210529830162 ) ) ;
#3248 = CARTESIAN_POINT ( 'NONE',  ( -58.48995295431750208, 0.000000000000000000, -30.23598720549306051 ) ) ;
#3249 = CARTESIAN_POINT ( 'NONE',  ( -85.11037650456765391, 0.7382967464443485062, -35.23306284045094117 ) ) ;
#3250 = CARTESIAN_POINT ( 'NONE',  ( -78.63604780156980212, 1.000000000000626388, -43.12288701251491574 ) ) ;
#3251 = CARTESIAN_POINT ( 'NONE',  ( 3.314459268353859400, -18.30270741657488998, 1.000000000000000000 ) ) ;
#3252 = ORIENTED_EDGE ( 'NONE', *, *, #2900, .T. ) ;
#3253 = ORIENTED_EDGE ( 'NONE', *, *, #495, .T. ) ;
#3254 = EDGE_CURVE ( 'NONE', #2206, #228, #1361, .T. ) ;
#3255 = CARTESIAN_POINT ( 'NONE',  ( -86.70392506425895363, 29.00000000000001066, -40.44538348392535454 ) ) ;
#3256 = ORIENTED_EDGE ( 'NONE', *, *, #605, .F. ) ;
#3257 = AXIS2_PLACEMENT_3D ( 'NONE', #3634, #1615, #1365 ) ;
#3258 = CARTESIAN_POINT ( 'NONE',  ( -79.84682375217917638, 1.000000000000000888, -44.55342026114419696 ) ) ;
#3259 = DIRECTION ( 'NONE',  ( 0.000000000000000000, 0.000000000000000000, -1.000000000000000000 ) ) ;
#3260 = EDGE_CURVE ( 'NONE', #2079, #1331, #1184, .T. ) ;
#3261 = PRESENTATION_STYLE_ASSIGNMENT (( #2139 ) ) ;
#3262 = ORIENTED_EDGE ( 'NONE', *, *, #2055, .F. ) ;
#3263 = CARTESIAN_POINT ( 'NONE',  ( -80.63697978514429110, 0.9999999999999963363, -44.97516740268911661 ) ) ;
#3264 = DIRECTION ( 'NONE',  ( -0.000000000000000000, 1.000000000000000000, -0.000000000000000000 ) ) ;
#3265 = EDGE_LOOP ( 'NONE', ( #2907, #2238, #1772, #757 ) ) ;
#3266 = DIRECTION ( 'NONE',  ( 0.000000000000000000, -1.000000000000000000, 0.000000000000000000 ) ) ;
#3267 = CARTESIAN_POINT ( 'NONE',  ( -63.48995295431750208, 0.000000000000000000, -4.235987205493064067 ) ) ;
#3268 = DIRECTION ( 'NONE',  ( 0.000000000000000000, 0.000000000000000000, -1.000000000000000000 ) ) ;
#3269 = CARTESIAN_POINT ( 'NONE',  ( -79.26244607146927024, 1.517883041479706208E-15, -41.84325806740043419 ) ) ;
#3270 = DIRECTION ( 'NONE',  ( 0.1334019103221562863, 0.000000000000000000, -0.9910620214307475084 ) ) ;
#3271 = ORIENTED_EDGE ( 'NONE', *, *, #257, .T. ) ;
#3272 = CARTESIAN_POINT ( 'NONE',  ( -28.68554073164614593, -19.30270741657488998, 6.000000000000000000 ) ) ;
#3273 = ORIENTED_EDGE ( 'NONE', *, *, #2508, .F. ) ;
#3274 =( GEOMETRIC_REPRESENTATION_CONTEXT ( 3 ) GLOBAL_UNCERTAINTY_ASSIGNED_CONTEXT ( ( #393 ) ) GLOBAL_UNIT_ASSIGNED_CONTEXT ( ( #1398, #2526, #2243 ) ) REPRESENTATION_CONTEXT ( 'NONE', 'WORKASPACE' ) );
#3275 = CARTESIAN_POINT ( 'NONE',  ( -78.47918617973833477, 1.000000000000281331, -42.75086265762216442 ) ) ;
#3276 = PRODUCT_RELATED_PRODUCT_CATEGORY ( 'part', '', ( #2912 ) ) ;
#3277 = FACE_OUTER_BOUND ( 'NONE', #1815, .T. ) ;
#3278 = VECTOR ( 'NONE', #1251, 1000.000000000000000 ) ;
#3279 =( BOUNDED_SURFACE ( )  B_SPLINE_SURFACE ( 3, 2, ( 
 ( #1276, #3525, #2721 ),
 ( #2193, #3594, #3577 ),
 ( #1905, #1872, #2456 ),
 ( #491, #3322, #1007 ),
 ( #3275, #1292, #2175 ),
 ( #2985, #800, #166 ),
 ( #2400, #1922, #1310 ),
 ( #1574, #1042, #3559 ),
 ( #3062, #764, #510 ),
 ( #2118, #2683, #2157 ),
 ( #3541, #744, #131 ),
 ( #3258, #1889, #3022 ),
 ( #470, #2739, #1124 ),
 ( #1108, #2246, #1714 ),
 ( #3390, #2846, #2545 ),
 ( #2792, #2831, #1663 ) ),
 .UNSPECIFIED., .F., .F., .F. ) 
 B_SPLINE_SURFACE_WITH_KNOTS ( ( 4, 2, 2, 2, 2, 2, 2, 4 ),
 ( 3, 3 ),
 ( 0.000000000000000000, 0.001943512856234501157, 0.002915269284351751627, 0.003887025712469002314, 0.004858782140586252567, 0.005344660354644877910, 0.005830538568703503254, 0.007774051424938004627 ),
 ( 0.000000000000000000, 1.000000000000000000 ),
 .UNSPECIFIED. ) 
 GEOMETRIC_REPRESENTATION_ITEM ( )  RATIONAL_B_SPLINE_SURFACE ( (
 ( 1.000000000000000000, 0.7071067811865475727, 1.000000000000000000),
 ( 1.000000000000000000, 0.7071067811865475727, 1.000000000000000000),
 ( 1.000000000000000000, 0.7071067811865473507, 1.000000000000000000),
 ( 1.000000000000000000, 0.7071067811865473507, 1.000000000000000000),
 ( 1.000000000000000000, 0.7071067811865473507, 1.000000000000000000),
 ( 1.000000000000000000, 0.7071067811865473507, 1.000000000000000000),
 ( 1.000000000000000000, 0.7071067811865475727, 1.000000000000000000),
 ( 1.000000000000000000, 0.7071067811865475727, 1.000000000000000000),
 ( 1.000000000000000000, 0.7071067811865459074, 1.000000000000000000),
 ( 1.000000000000000000, 0.7071067811865459074, 1.000000000000000000),
 ( 1.000000000000000000, 0.7071067811865476838, 1.000000000000000000),
 ( 1.000000000000000000, 0.7071067811865476838, 1.000000000000000000),
 ( 1.000000000000000000, 0.7071067811865472397, 1.000000000000000000),
 ( 1.000000000000000000, 0.7071067811865472397, 1.000000000000000000),
 ( 1.000000000000000000, 0.7071067811865475727, 1.000000000000000000),
 ( 1.000000000000000000, 0.7071067811865475727, 1.000000000000000000) ) ) 
 REPRESENTATION_ITEM ( '' )  SURFACE ( )  );
#3280 = CYLINDRICAL_SURFACE ( 'NONE', #2381, 1.000000000000000888 ) ;
#3281 = VECTOR ( 'NONE', #2801, 1000.000000000000000 ) ;
#3282 = ORIENTED_EDGE ( 'NONE', *, *, #2605, .T. ) ;
#3283 = EDGE_CURVE ( 'NONE', #2646, #674, #3027, .T. ) ;
#3284 = CARTESIAN_POINT ( 'NONE',  ( -85.18674907873915458, 28.99999999999999645, -39.43538159944056076 ) ) ;
#3285 = LINE ( 'NONE', #2478, #1623 ) ;
#3286 = DIRECTION ( 'NONE',  ( 1.000000000000000000, 0.000000000000000000, 0.000000000000000000 ) ) ;
#3287 = EDGE_CURVE ( 'NONE', #3220, #1810, #553, .T. ) ;
#3288 = CARTESIAN_POINT ( 'NONE',  ( 12.51004704568249792, 0.000000000000000000, -30.23598720549306051 ) ) ;
#3289 = CARTESIAN_POINT ( 'NONE',  ( -78.13637233178062047, 1.000000000000007772, -40.52634505667347042 ) ) ;
#3290 = CARTESIAN_POINT ( 'NONE',  ( -79.84522668861940531, 1.517883041479706405E-15, -43.23272804153266691 ) ) ;
#3291 = ORIENTED_EDGE ( 'NONE', *, *, #2890, .T. ) ;
#3292 = CARTESIAN_POINT ( 'NONE',  ( -85.13879563753803836, 27.99999999999954170, -35.27641936257504796 ) ) ;
#3293 = FACE_OUTER_BOUND ( 'NONE', #1920, .T. ) ;
#3294 = LINE ( 'NONE', #2474, #3597 ) ;
#3295 = SURFACE_SIDE_STYLE ('',( #1874 ) ) ;
#3296 = ORIENTED_EDGE ( 'NONE', *, *, #2164, .T. ) ;
#3297 = LINE ( 'NONE', #3312, #2541 ) ;
#3298 = ADVANCED_FACE ( 'NONE', ( #260 ), #2494, .T. ) ;
#3299 = FACE_OUTER_BOUND ( 'NONE', #651, .T. ) ;
#3300 = CARTESIAN_POINT ( 'NONE',  ( 3.314459268353859400, -18.30270741657488998, 7.000000000000000000 ) ) ;
#3301 = DIRECTION ( 'NONE',  ( 0.000000000000000000, -0.000000000000000000, 1.000000000000000000 ) ) ;
#3302 = LINE ( 'NONE', #1354, #849 ) ;
#3303 = ADVANCED_FACE ( 'NONE', ( #530 ), #2460, .T. ) ;
#3304 = ORIENTED_EDGE ( 'NONE', *, *, #1420, .T. ) ;
#3305 = PLANE ( 'NONE',  #2501 ) ;
#3306 = CARTESIAN_POINT ( 'NONE',  ( -84.25615874908632463, 29.00000000000000000, -36.55996535193215635 ) ) ;
#3307 = SPHERICAL_SURFACE ( 'NONE', #235, 1.000000000000000000 ) ;
#3308 = CARTESIAN_POINT ( 'NONE',  ( -29.68554073164614593, 7.697292583425108248, 1.000000000000000000 ) ) ;
#3309 = DIRECTION ( 'NONE',  ( 1.239088197126290817E-16, -1.000000000000000000, 0.000000000000000000 ) ) ;
#3310 = ORIENTED_EDGE ( 'NONE', *, *, #203, .T. ) ;
#3311 = VECTOR ( 'NONE', #3347, 1000.000000000000000 ) ;
#3312 = CARTESIAN_POINT ( 'NONE',  ( -82.42051944751685255, 7.000000000000000000, -48.21674210529830162 ) ) ;
#3313 = ORIENTED_EDGE ( 'NONE', *, *, #905, .T. ) ;
#3314 = DIRECTION ( 'NONE',  ( 0.000000000000000000, 0.000000000000000000, 1.000000000000000000 ) ) ;
#3315 = CARTESIAN_POINT ( 'NONE',  ( 0.000000000000000000, 7.697292583425109136, 7.000000000000000000 ) ) ;
#3316 = CARTESIAN_POINT ( 'NONE',  ( -86.01940787237332131, 1.348713969071955299E-13, -43.44669915030473106 ) ) ;
#3317 = ORIENTED_EDGE ( 'NONE', *, *, #1956, .F. ) ;
#3318 = CARTESIAN_POINT ( 'NONE',  ( -78.23745816800882835, 7.000000000000000000, -44.38491423854528506 ) ) ;
#3319 = EDGE_CURVE ( 'NONE', #1572, #2714, #1059, .T. ) ;
#3320 = CARTESIAN_POINT ( 'NONE',  ( -84.30887867289506232, 29.00000000000000000, -36.90803451638136323 ) ) ;
#3321 = AXIS2_PLACEMENT_3D ( 'NONE', #3043, #1073, #1590 ) ;
#3322 = CARTESIAN_POINT ( 'NONE',  ( -78.39334874946629839, 1.398813074578168818E-13, -42.49049058436424531 ) ) ;
#3323 = CARTESIAN_POINT ( 'NONE',  ( -79.04207272785600935, 0.9999999999999988898, -43.80249214663125201 ) ) ;
#3324 = VECTOR ( 'NONE', #2796, 1000.000000000000000 ) ;
#3325 = ORIENTED_EDGE ( 'NONE', *, *, #3340, .T. ) ;
#3326 = VECTOR ( 'NONE', #1786, 1000.000000000000000 ) ;
#3327 = CARTESIAN_POINT ( 'NONE',  ( -85.63723654781843209, 1.000000000000011990, -38.08245422231663468 ) ) ;
#3328 = VECTOR ( 'NONE', #2427, 1000.000000000000000 ) ;
#3329 = DIRECTION ( 'NONE',  ( -1.000000000000000000, 0.000000000000000000, 0.000000000000000000 ) ) ;
#3330 = CARTESIAN_POINT ( 'NONE',  ( 12.51004704568249792, -5.000000000000000000, -30.23598720549306051 ) ) ;
#3331 = AXIS2_PLACEMENT_3D ( 'NONE', #1248, #2899, #1776 ) ;
#3332 = DIRECTION ( 'NONE',  ( 1.239088197126290817E-16, -1.000000000000000000, -0.000000000000000000 ) ) ;
#3333 = CARTESIAN_POINT ( 'NONE',  ( -85.71601546056534460, -1.409462824231155764E-14, -41.39110607374980333 ) ) ;
#3334 = ORIENTED_EDGE ( 'NONE', *, *, #2649, .T. ) ;
#3335 = ORIENTED_EDGE ( 'NONE', *, *, #2738, .F. ) ;
#3336 = CARTESIAN_POINT ( 'NONE',  ( -80.31480302679825911, 6.999999999999996447, -45.89973366618610839 ) ) ;
#3337 = FACE_OUTER_BOUND ( 'NONE', #1436, .T. ) ;
#3338 = CARTESIAN_POINT ( 'NONE',  ( -85.19110552038500828, 28.00000000000000000, -35.93498357145166011 ) ) ;
#3339 = EDGE_LOOP ( 'NONE', ( #2042, #377, #2521, #3438 ) ) ;
#3340 = EDGE_CURVE ( 'NONE', #1489, #549, #3297, .T. ) ;
#3341 = CARTESIAN_POINT ( 'NONE',  ( -79.60333921026749238, 5.999999999999999112, -44.38331895608088473 ) ) ;
#3342 = ADVANCED_FACE ( 'NONE', ( #1909 ), #498, .T. ) ;
#3343 = CARTESIAN_POINT ( 'NONE',  ( -85.16046620275945145, 27.99999999997600497, -35.64663224751824799 ) ) ;
#3344 = PLANE ( 'NONE',  #729 ) ;
#3345 = LINE ( 'NONE', #1637, #182 ) ;
#3346 = DIRECTION ( 'NONE',  ( -0.000000000000000000, 1.000000000000000000, -0.000000000000000000 ) ) ;
#3347 = DIRECTION ( 'NONE',  ( 1.000000000000000000, -0.000000000000000000, 0.000000000000000000 ) ) ;
#3348 = CARTESIAN_POINT ( 'NONE',  ( -86.74463677090989222, 1.000000000000313305, -40.82386897531933556 ) ) ;
#3349 = CARTESIAN_POINT ( 'NONE',  ( -77.95689122299532414, 7.000000000000000000, -43.98307650105591904 ) ) ;
#3350 = DIRECTION ( 'NONE',  ( -1.000000000000000000, 0.000000000000000000, 0.000000000000000000 ) ) ;
#3351 = ORIENTED_EDGE ( 'NONE', *, *, #2948, .F. ) ;
#3352 = DIRECTION ( 'NONE',  ( -1.000000000000000000, -1.239088197126291310E-16, 0.000000000000000000 ) ) ;
#3353 = CARTESIAN_POINT ( 'NONE',  ( -45.13254080751686104, 6.000000000000000000, -52.21674210529830162 ) ) ;
#3354 = PRODUCT_RELATED_PRODUCT_CATEGORY ( 'part', '', ( #899 ) ) ;
#3355 = CARTESIAN_POINT ( 'NONE',  ( -79.13637233178062047, 29.00000000000000000, -31.21674210529830518 ) ) ;
#3356 = DIRECTION ( 'NONE',  ( -0.000000000000000000, -0.000000000000000000, 1.000000000000000000 ) ) ;
#3357 = ADVANCED_FACE ( 'NONE', ( #3453 ), #931, .T. ) ;
#3358 = CARTESIAN_POINT ( 'NONE',  ( -77.13637233178062047, 1.000000000000000000, -38.21674210529830162 ) ) ;
#3359 = VECTOR ( 'NONE', #511, 1000.000000000000000 ) ;
#3360 = CARTESIAN_POINT ( 'NONE',  ( -79.14086841439120690, 29.00000000000000000, -40.77939515746082577 ) ) ;
#3361 = CYLINDRICAL_SURFACE ( 'NONE', #2984, 1.000000000000000888 ) ;
#3362 = EDGE_CURVE ( 'NONE', #1966, #594, #1523, .T. ) ;
#3363 = CARTESIAN_POINT ( 'NONE',  ( -84.13637233178063468, 0.000000000000000000, -31.21674210529830518 ) ) ;
#3364 = CARTESIAN_POINT ( 'NONE',  ( -86.24549506628889617, 1.000000000000000888, -39.26126496141903033 ) ) ;
#3365 = EDGE_LOOP ( 'NONE', ( #1308, #1306, #2960, #3262 ) ) ;
#3366 = VERTEX_POINT ( 'NONE', #1854 ) ;
#3367 = CARTESIAN_POINT ( 'NONE',  ( -78.39489110818898610, 6.000000000000141220, -42.49545790640205922 ) ) ;
#3368 = DIRECTION ( 'NONE',  ( -1.000000000000000000, 0.000000000000000000, -0.000000000000000000 ) ) ;
#3369 = CARTESIAN_POINT ( 'NONE',  ( -63.48995295431750208, -5.000000000000000000, -4.235987205493064067 ) ) ;
#3370 = LINE ( 'NONE', #1438, #548 ) ;
#3371 =( LENGTH_UNIT ( ) NAMED_UNIT ( * ) SI_UNIT ( .MILLI., .METRE. ) );
#3372 = CARTESIAN_POINT ( 'NONE',  ( -78.13637233178062047, 28.00000000000000000, -30.21674210529830162 ) ) ;
#3373 = CARTESIAN_POINT ( 'NONE',  ( -78.13637233178062047, 1.000000000000000000, -38.21674210529830162 ) ) ;
#3374 = AXIS2_PLACEMENT_3D ( 'NONE', #477, #3054, #1621 ) ;
#3375 = CARTESIAN_POINT ( 'NONE',  ( -78.13637233178062047, 6.000000000000000000, -37.21674210529830162 ) ) ;
#3376 = VECTOR ( 'NONE', #3206, 1000.000000000000000 ) ;
#3377 = EDGE_CURVE ( 'NONE', #602, #2646, #98, .T. ) ;
#3378 = CARTESIAN_POINT ( 'NONE',  ( -79.14454844600774663, 28.99999999999998934, -40.86890213365042257 ) ) ;
#3379 = FACE_OUTER_BOUND ( 'NONE', #978, .T. ) ;
#3380 = CARTESIAN_POINT ( 'NONE',  ( -84.25029804491688878, 1.517883041479706405E-15, -36.65294792587125272 ) ) ;
#3381 = AXIS2_PLACEMENT_3D ( 'NONE', #2282, #1971, #3137 ) ;
#3382 = VECTOR ( 'NONE', #423, 1000.000000000000000 ) ;
#3383 =( BOUNDED_SURFACE ( )  B_SPLINE_SURFACE ( 3, 2, ( 
 ( #270, #37, #2587 ),
 ( #3404, #621, #2901 ),
 ( #2861, #2040, #1777 ),
 ( #354, #1177, #1410 ),
 ( #879, #1758, #1471 ),
 ( #1732, #2606, #1196 ),
 ( #3445, #1488, #924 ),
 ( #2625, #1121, #2543 ),
 ( #1188, #2057, #430 ),
 ( #2355, #1271, #2129 ),
 ( #3269, #2659, #3504 ),
 ( #2393, #106, #141 ),
 ( #2097, #2942, #983 ),
 ( #697, #1847, #3250 ),
 ( #735, #3236, #1830 ),
 ( #1866, #394, #1284 ),
 ( #1513, #2958, #657 ),
 ( #1531, #2699, #2675 ),
 ( #376, #678, #2997 ),
 ( #1795, #3520, #941 ),
 ( #408, #449, #998 ),
 ( #2976, #2645, #1584 ),
 ( #3464, #1548, #2337 ),
 ( #959, #122, #3196 ),
 ( #89, #2077, #73 ),
 ( #2112, #713, #2922 ),
 ( #1231, #3219, #3481 ),
 ( #1814, #1569, #1213 ),
 ( #3530, #1017, #1881 ),
 ( #2786, #1050, #1600 ),
 ( #755, #824, #3033 ),
 ( #2221, #2169, #1342 ),
 ( #1098, #1034, #2713 ),
 ( #1081, #2467, #1066 ),
 ( #2732, #1930, #809 ),
 ( #157, #789, #2424 ),
 ( #1300, #3316, #772 ),
 ( #2150, #3586, #174 ),
 ( #1947, #3604, #1355 ),
 ( #1323, #2186, #3550 ),
 ( #2447, #1897, #1914 ),
 ( #1654, #2204, #226 ),
 ( #3333, #1373, #504 ),
 ( #2768, #209, #3623 ),
 ( #2483, #2502, #3348 ),
 ( #3082, #11, #1392 ),
 ( #1692, #2237, #2840 ),
 ( #2259, #3133, #3416 ),
 ( #1725, #839, #48 ),
 ( #2854, #2016, #1170 ),
 ( #2823, #3153, #1189 ),
 ( #2581, #2313, #2294 ),
 ( #3437, #2520, #3640 ),
 ( #1117, #616, #3657 ),
 ( #307, #919, #3364 ),
 ( #574, #284, #1753 ),
 ( #3176, #2599, #30 ),
 ( #2878, #1965, #3117 ),
 ( #1450, #2035, #1406 ),
 ( #3103, #1985, #1425 ),
 ( #1705, #1466, #894 ),
 ( #2000, #560, #2558 ),
 ( #872, #592, #1156 ),
 ( #328, #265, #2537 ),
 ( #2277, #1132, #1672 ),
 ( #3384, #3398, #2805 ),
 ( #855, #247, #2107 ),
 ( #1809, #2655, #3495 ),
 ( #2955, #2639, #347 ),
 ( #3209, #672, #2972 ) ),
 .UNSPECIFIED., .F., .F., .T. ) 
 B_SPLINE_SURFACE_WITH_KNOTS ( ( 4, 2, 2, 2, 2, 2, 2, 2, 2, 2, 2, 2, 2, 2, 2, 2, 2, 2, 2, 2, 2, 2, 2, 2, 2, 2, 2, 2, 2, 2, 2, 2, 2, 2, 4 ),
 ( 3, 3 ),
 ( -0.0001015611465465029453, 3.226682260071187761E-05, 0.0001660947917479267005, 0.0004337507300423563191, 0.0009690626066312155564, 0.001504374483220074794, 0.002039686359808934139, 0.002574998236397793485, 0.003110310112986652831, 0.003645621989575512176, 0.004180933866164371522, 0.004716245742753231301, 0.005251557619342090213, 0.006322181372519808037, 0.006857493249108666949, 0.007392805125697526729, 0.007928117002286386508, 0.008463428878875245420, 0.008998740755464104332, 0.009534052632052963244, 0.01006936450864182389, 0.01060467638523068280, 0.01113998826181954171, 0.01140764420011397204, 0.01154147216926118720, 0.01167530013840840236, 0.01194295607670283269, 0.01221061201499726127, 0.01274592389158612019, 0.01381654764476383801, 0.01488717139794155757, 0.01595779515111927713, 0.01649310702770813430, 0.01676076296600256463, 0.01702841890429699495 ),
 ( 0.000000000000000000, 1.000000000000000000 ),
 .UNSPECIFIED. ) 
 GEOMETRIC_REPRESENTATION_ITEM ( )  RATIONAL_B_SPLINE_SURFACE ( (
 ( 1.000000000000000000, 0.7071067811865476838, 1.000000000000000000),
 ( 1.000000000000000000, 0.7071067811865476838, 1.000000000000000000),
 ( 1.000000000000000000, 0.7071067811865476838, 1.000000000000000000),
 ( 1.000000000000000000, 0.7071067811865476838, 1.000000000000000000),
 ( 1.000000000000000000, 0.7071067811865476838, 1.000000000000000000),
 ( 1.000000000000000000, 0.7071067811865476838, 1.000000000000000000),
 ( 1.000000000000000000, 0.7071067811865464625, 1.000000000000000000),
 ( 1.000000000000000000, 0.7071067811865464625, 1.000000000000000000),
 ( 1.000000000000000000, 0.7071067811865476838, 1.000000000000000000),
 ( 1.000000000000000000, 0.7071067811865476838, 1.000000000000000000),
 ( 1.000000000000000000, 0.7071067811865476838, 1.000000000000000000),
 ( 1.000000000000000000, 0.7071067811865476838, 1.000000000000000000),
 ( 1.000000000000000000, 0.7071067811865482389, 1.000000000000000000),
 ( 1.000000000000000000, 0.7071067811865482389, 1.000000000000000000),
 ( 1.000000000000000000, 0.7071067811865482389, 1.000000000000000000),
 ( 1.000000000000000000, 0.7071067811865482389, 1.000000000000000000),
 ( 1.000000000000000000, 0.7071067811865476838, 1.000000000000000000),
 ( 1.000000000000000000, 0.7071067811865476838, 1.000000000000000000),
 ( 1.000000000000000000, 0.7071067811865482389, 1.000000000000000000),
 ( 1.000000000000000000, 0.7071067811865482389, 1.000000000000000000),
 ( 1.000000000000000000, 0.7071067811865471286, 1.000000000000000000),
 ( 1.000000000000000000, 0.7071067811865471286, 1.000000000000000000),
 ( 1.000000000000000000, 0.7071067811865476838, 1.000000000000000000),
 ( 1.000000000000000000, 0.7071067811865476838, 1.000000000000000000),
 ( 1.000000000000000000, 0.7071067811865482389, 1.000000000000000000),
 ( 1.000000000000000000, 0.7071067811865482389, 1.000000000000000000),
 ( 1.000000000000000000, 0.7071067811865471286, 1.000000000000000000),
 ( 1.000000000000000000, 0.7071067811865471286, 1.000000000000000000),
 ( 1.000000000000000000, 0.7071067811865453523, 1.000000000000000000),
 ( 1.000000000000000000, 0.7071067811865453523, 1.000000000000000000),
 ( 1.000000000000000000, 0.7071067811865476838, 1.000000000000000000),
 ( 1.000000000000000000, 0.7071067811865476838, 1.000000000000000000),
 ( 1.000000000000000000, 0.7071067811865482389, 1.000000000000000000),
 ( 1.000000000000000000, 0.7071067811865482389, 1.000000000000000000),
 ( 1.000000000000000000, 0.7071067811865489050, 1.000000000000000000),
 ( 1.000000000000000000, 0.7071067811865489050, 1.000000000000000000),
 ( 1.000000000000000000, 0.7071067811865452413, 1.000000000000000000),
 ( 1.000000000000000000, 0.7071067811865452413, 1.000000000000000000),
 ( 1.000000000000000000, 0.7071067811865531239, 1.000000000000000000),
 ( 1.000000000000000000, 0.7071067811865531239, 1.000000000000000000),
 ( 1.000000000000000000, 0.7071067811865482389, 1.000000000000000000),
 ( 1.000000000000000000, 0.7071067811865482389, 1.000000000000000000),
 ( 1.000000000000000000, 0.7071067811865409114, 1.000000000000000000),
 ( 1.000000000000000000, 0.7071067811865409114, 1.000000000000000000),
 ( 1.000000000000000000, 0.7071067811865427988, 1.000000000000000000),
 ( 1.000000000000000000, 0.7071067811865427988, 1.000000000000000000),
 ( 1.000000000000000000, 0.7071067811865471286, 1.000000000000000000),
 ( 1.000000000000000000, 0.7071067811865471286, 1.000000000000000000),
 ( 1.000000000000000000, 0.7071067811865482389, 1.000000000000000000),
 ( 1.000000000000000000, 0.7071067811865482389, 1.000000000000000000),
 ( 1.000000000000000000, 0.7071067811865464625, 1.000000000000000000),
 ( 1.000000000000000000, 0.7071067811865464625, 1.000000000000000000),
 ( 1.000000000000000000, 0.7071067811865476838, 1.000000000000000000),
 ( 1.000000000000000000, 0.7071067811865476838, 1.000000000000000000),
 ( 1.000000000000000000, 0.7071067811865434649, 1.000000000000000000),
 ( 1.000000000000000000, 0.7071067811865434649, 1.000000000000000000),
 ( 1.000000000000000000, 0.7071067811865482389, 1.000000000000000000),
 ( 1.000000000000000000, 0.7071067811865482389, 1.000000000000000000),
 ( 1.000000000000000000, 0.7071067811865534569, 1.000000000000000000),
 ( 1.000000000000000000, 0.7071067811865534569, 1.000000000000000000),
 ( 1.000000000000000000, 0.7071067811865476838, 1.000000000000000000),
 ( 1.000000000000000000, 0.7071067811865476838, 1.000000000000000000),
 ( 1.000000000000000000, 0.7071067811865476838, 1.000000000000000000),
 ( 1.000000000000000000, 0.7071067811865476838, 1.000000000000000000),
 ( 1.000000000000000000, 0.7071067811865471286, 1.000000000000000000),
 ( 1.000000000000000000, 0.7071067811865471286, 1.000000000000000000),
 ( 1.000000000000000000, 0.7071067811865476838, 1.000000000000000000),
 ( 1.000000000000000000, 0.7071067811865476838, 1.000000000000000000),
 ( 1.000000000000000000, 0.7071067811865476838, 1.000000000000000000),
 ( 1.000000000000000000, 0.7071067811865476838, 1.000000000000000000) ) ) 
 REPRESENTATION_ITEM ( '' )  SURFACE ( )  );
#3384 = CARTESIAN_POINT ( 'NONE',  ( -84.15838754709406544, -3.686287386450715076E-15, -35.59943425867648870 ) ) ;
#3385 = ORIENTED_EDGE ( 'NONE', *, *, #276, .F. ) ;
#3386 = EDGE_CURVE ( 'NONE', #457, #38, #1125, .T. ) ;
#3387 = CARTESIAN_POINT ( 'NONE',  ( -78.13637233178062047, 7.000000000000000000, -40.52634505667347042 ) ) ;
#3388 = VECTOR ( 'NONE', #639, 1000.000000000000000 ) ;
#3389 = ORIENTED_EDGE ( 'NONE', *, *, #3475, .T. ) ;
#3390 = CARTESIAN_POINT ( 'NONE',  ( -81.00847368647625046, 1.000000000000571765, -45.09818546242885162 ) ) ;
#3391 = ORIENTED_EDGE ( 'NONE', *, *, #1060, .T. ) ;
#3392 = CARTESIAN_POINT ( 'NONE',  ( -79.02736490986515605, 7.000000000000001776, -45.20501925715824854 ) ) ;
#3393 = LINE ( 'NONE', #868, #3324 ) ;
#3394 = CARTESIAN_POINT ( 'NONE',  ( -78.13619429261740379, 29.00000000000000000, -40.51241163168647574 ) ) ;
#3395 = LINE ( 'NONE', #3115, #913 ) ;
#3396 = CARTESIAN_POINT ( 'NONE',  ( -63.48995295431750208, 0.000000000000000000, -30.23598720549306051 ) ) ;
#3397 = ADVANCED_FACE ( 'NONE', ( #1575 ), #1804, .F. ) ;
#3398 = CARTESIAN_POINT ( 'NONE',  ( -85.15559525973836230, -6.885644383925582572E-13, -35.52457725573402314 ) ) ;
#3399 = ORIENTED_EDGE ( 'NONE', *, *, #1751, .T. ) ;
#3400 = DIRECTION ( 'NONE',  ( -0.000000000000000000, 1.000000000000000000, -0.000000000000000000 ) ) ;
#3401 = CARTESIAN_POINT ( 'NONE',  ( -78.13637233178062047, 1.000000000000007772, -40.52634505667347042 ) ) ;
#3402 = ADVANCED_FACE ( 'NONE', ( #3277 ), #3007, .F. ) ;
#3403 = EDGE_CURVE ( 'NONE', #2601, #431, #3244, .T. ) ;
#3404 = CARTESIAN_POINT ( 'NONE',  ( -79.13614173849721567, 1.517883041479706208E-15, -40.46503621335335055 ) ) ;
#3405 = VERTEX_POINT ( 'NONE', #133 ) ;
#3406 = DIRECTION ( 'NONE',  ( 1.000000000000000000, 0.000000000000000000, 0.000000000000000000 ) ) ;
#3407 = ORIENTED_EDGE ( 'NONE', *, *, #3403, .T. ) ;
#3408 = CARTESIAN_POINT ( 'NONE',  ( -80.65073371953072012, 5.999999999999998224, -44.95738181328233907 ) ) ;
#3409 = CYLINDRICAL_SURFACE ( 'NONE', #1973, 1.000000000000000000 ) ;
#3410 = CARTESIAN_POINT ( 'NONE',  ( -45.13254080751686104, 1.000000000000000000, -37.21674210529830162 ) ) ;
#3411 = CARTESIAN_POINT ( 'NONE',  ( -79.28927617190984733, 6.999999999999999112, -45.39521904716154665 ) ) ;
#3412 = CARTESIAN_POINT ( 'NONE',  ( -28.68554073164614593, -18.30270741657488998, 1.000000000000000000 ) ) ;
#3413 = CARTESIAN_POINT ( 'NONE',  ( -78.63604780156980212, 28.00000000000062528, -43.12288701251491574 ) ) ;
#3414 = DIRECTION ( 'NONE',  ( -1.000000000000000000, 0.000000000000000000, 0.000000000000000000 ) ) ;
#3415 = FACE_OUTER_BOUND ( 'NONE', #266, .T. ) ;
#3416 = CARTESIAN_POINT ( 'NONE',  ( -86.63373574606072225, 0.9999999999999198419, -40.10928643329897625 ) ) ;
#3417 = ORIENTED_EDGE ( 'NONE', *, *, #1337, .T. ) ;
#3418 = EDGE_CURVE ( 'NONE', #2714, #902, #1822, .T. ) ;
#3419 = CARTESIAN_POINT ( 'NONE',  ( -79.39754645415082734, 0.9999999999999963363, -44.19631903329676703 ) ) ;
#3420 = AXIS2_PLACEMENT_3D ( 'NONE', #2451, #196, #212 ) ;
#3421 = PLANE ( 'NONE',  #437 ) ;
#3422 = DIRECTION ( 'NONE',  ( 0.000000000000000000, 0.000000000000000000, -1.000000000000000000 ) ) ;
#3423 = EDGE_LOOP ( 'NONE', ( #316, #763, #2296, #2865 ) ) ;
#3424 = CARTESIAN_POINT ( 'NONE',  ( -80.77204566259337071, -0.000000000000000000, -46.04770373505547099 ) ) ;
#3425 = ORIENTED_EDGE ( 'NONE', *, *, #514, .T. ) ;
#3426 = ADVANCED_FACE ( 'NONE', ( #456 ), #3542, .T. ) ;
#3427 = CARTESIAN_POINT ( 'NONE',  ( -84.39952096210849675, 28.97349716887427462, -35.25371428787452999 ) ) ;
#3428 = SHAPE_DEFINITION_REPRESENTATION ( #3207, #96 ) ;
#3429 = LINE ( 'NONE', #1839, #3042 ) ;
#3430 = LINE ( 'NONE', #83, #3216 ) ;
#3431 = CARTESIAN_POINT ( 'NONE',  ( -78.14143381951912204, 27.99999999999906564, -40.81485063601766683 ) ) ;
#3432 =( NAMED_UNIT ( * ) PLANE_ANGLE_UNIT ( ) SI_UNIT ( $, .RADIAN. ) );
#3433 = CIRCLE ( 'NONE', #1855, 6.999999999999999112 ) ;
#3434 = CARTESIAN_POINT ( 'NONE',  ( -85.17476519835742010, -1.409462824231156080E-14, -42.90803020090541509 ) ) ;
#3435 = VECTOR ( 'NONE', #1472, 1000.000000000000000 ) ;
#3436 = CIRCLE ( 'NONE', #368, 3.000000000000002665 ) ;
#3437 = CARTESIAN_POINT ( 'NONE',  ( -85.51692589208640527, 1.517883041479706208E-15, -40.00089583963477935 ) ) ;
#3438 = ORIENTED_EDGE ( 'NONE', *, *, #2326, .T. ) ;
#3439 = ORIENTED_EDGE ( 'NONE', *, *, #99, .F. ) ;
#3440 = PLANE ( 'NONE',  #976 ) ;
#3441 =( GEOMETRIC_REPRESENTATION_CONTEXT ( 3 ) GLOBAL_UNCERTAINTY_ASSIGNED_CONTEXT ( ( #1249 ) ) GLOBAL_UNIT_ASSIGNED_CONTEXT ( ( #1335, #2339, #2021 ) ) REPRESENTATION_CONTEXT ( 'NONE', 'WORKASPACE' ) );
#3442 = CARTESIAN_POINT ( 'NONE',  ( -86.74354347033875001, 1.000000000000006439, -40.95725755785200306 ) ) ;
#3443 = AXIS2_PLACEMENT_3D ( 'NONE', #939, #2054, #2657 ) ;
#3444 = DIRECTION ( 'NONE',  ( -1.000000000000000000, 0.000000000000000000, -0.000000000000000000 ) ) ;
#3445 = CARTESIAN_POINT ( 'NONE',  ( -79.14454844600774663, -8.890457814381136359E-15, -40.86890213365042257 ) ) ;
#3446 = ORIENTED_EDGE ( 'NONE', *, *, #1006, .F. ) ;
#3447 = VECTOR ( 'NONE', #3521, 1000.000000000000000 ) ;
#3448 = ORIENTED_EDGE ( 'NONE', *, *, #3584, .T. ) ;
#3449 = CARTESIAN_POINT ( 'NONE',  ( -47.13254080751686104, 1.000000000000000000, -52.21674210529830162 ) ) ;
#3450 = EDGE_CURVE ( 'NONE', #3537, #3405, #440, .T. ) ;
#3451 = APPLICATION_PROTOCOL_DEFINITION ( 'draft international standard', 'automotive_design', 1998, #3639 ) ;
#3452 = CARTESIAN_POINT ( 'NONE',  ( -86.50731269226561437, 28.00000000000000000, -39.73053774593660847 ) ) ;
#3453 = FACE_OUTER_BOUND ( 'NONE', #1833, .T. ) ;
#3454 = ADVANCED_FACE ( 'NONE', ( #2684 ), #3491, .F. ) ;
#3455 = DIRECTION ( 'NONE',  ( -1.000000000000000000, 0.000000000000000000, 0.000000000000000000 ) ) ;
#3456 = CARTESIAN_POINT ( 'NONE',  ( -81.51214832290868628, 28.99999999999876366, -45.17136982582092486 ) ) ;
#3457 = CARTESIAN_POINT ( 'NONE',  ( -28.68554073164614238, -19.30270741657488998, 1.000000000000000000 ) ) ;
#3458 = CARTESIAN_POINT ( 'NONE',  ( -85.35190406009276387, 28.99999999999999645, -42.59903436075315142 ) ) ;
#3459 = ORIENTED_EDGE ( 'NONE', *, *, #3141, .F. ) ;
#3460 = ORIENTED_EDGE ( 'NONE', *, *, #2763, .T. ) ;
#3461 = DIRECTION ( 'NONE',  ( 1.000000000000000000, 0.000000000000000000, 0.000000000000000000 ) ) ;
#3462 = PRODUCT ( 'BackCushion', 'BackCushion', '', ( #568 ) ) ;
#3463 = DIRECTION ( 'NONE',  ( -1.000000000000000000, 0.000000000000000000, 0.000000000000000000 ) ) ;
#3464 = CARTESIAN_POINT ( 'NONE',  ( -81.30096130137459909, 1.517883041479706208E-15, -44.11242472028359884 ) ) ;
#3465 = VERTEX_POINT ( 'NONE', #2986 ) ;
#3466 = CARTESIAN_POINT ( 'NONE',  ( -29.68554073164614593, -18.30270741657488998, 7.000000000000000000 ) ) ;
#3467 = ORIENTED_EDGE ( 'NONE', *, *, #2191, .F. ) ;
#3468 = DIRECTION ( 'NONE',  ( 0.000000000000000000, 0.000000000000000000, 1.000000000000000000 ) ) ;
#3469 = CONTEXT_DEPENDENT_SHAPE_REPRESENTATION ( #677, #2045 ) ;
#3470 = CARTESIAN_POINT ( 'NONE',  ( -86.74354347144506505, 28.00000000000000711, -40.95725791967556972 ) ) ;
#3471 = PRODUCT_RELATED_PRODUCT_CATEGORY ( 'part', '', ( #1224 ) ) ;
#3472 = DIRECTION ( 'NONE',  ( 0.003884187214212040350, 0.000000000000000000, 0.9999924565163904600 ) ) ;
#3473 = CARTESIAN_POINT ( 'NONE',  ( -45.13254080751686104, 6.000000000000000000, -38.21674210529830162 ) ) ;
#3474 = CARTESIAN_POINT ( 'NONE',  ( -85.55020259337098310, 28.99999999999939959, -44.03179696296714951 ) ) ;
#3475 = EDGE_CURVE ( 'NONE', #2977, #2115, #2610, .T. ) ;
#3476 = CARTESIAN_POINT ( 'NONE',  ( -84.84265717114746508, 29.00000000000000000, -43.32093517113485603 ) ) ;
#3477 = EDGE_LOOP ( 'NONE', ( #1974, #218, #2807, #2154 ) ) ;
#3478 = ORIENTED_EDGE ( 'NONE', *, *, #1378, .F. ) ;
#3479 = LINE ( 'NONE', #2673, #2088 ) ;
#3480 = CARTESIAN_POINT ( 'NONE',  ( -79.13638076412492239, 0.000000000000000000, -40.52634502005975747 ) ) ;
#3481 = CARTESIAN_POINT ( 'NONE',  ( -82.81826489318190454, 1.000000000000617062, -45.21100746885236532 ) ) ;
#3482 = ORIENTED_EDGE ( 'NONE', *, *, #448, .T. ) ;
#3483 = CARTESIAN_POINT ( 'NONE',  ( -45.13254080751686104, 7.000000000000000000, -38.21674210529830162 ) ) ;
#3484 = VERTEX_POINT ( 'NONE', #151 ) ;
#3485 = AXIS2_PLACEMENT_3D ( 'NONE', #2810, #251, #288 ) ;
#3486 = LINE ( 'NONE', #963, #1735 ) ;
#3487 = CARTESIAN_POINT ( 'NONE',  ( 18.64641937746313971, -27.21674210529850768, -29.23598720549241392 ) ) ;
#3488 = AXIS2_PLACEMENT_3D ( 'NONE', #2946, #2906, #702 ) ;
#3489 = CARTESIAN_POINT ( 'NONE',  ( -86.74362443093342279, 28.99999999999876366, -41.05834593048796677 ) ) ;
#3490 = CARTESIAN_POINT ( 'NONE',  ( -79.39754599282539971, 28.00000000000000711, -44.19631859104222826 ) ) ;
#3491 = PLANE ( 'NONE',  #716 ) ;
#3492 = DIRECTION ( 'NONE',  ( 0.000000000000000000, -1.000000000000000000, 0.000000000000000000 ) ) ;
#3493 = CARTESIAN_POINT ( 'NONE',  ( -86.35023925477240425, 28.99999999999905853, -42.82568294502096506 ) ) ;
#3494 = ADVANCED_FACE ( 'NONE', ( #81 ), #3205, .T. ) ;
#3495 = CARTESIAN_POINT ( 'NONE',  ( -85.13879563753803836, 0.9999999999995442534, -35.27641936257504796 ) ) ;
#3496 = CIRCLE ( 'NONE', #676, 1.000000000000000000 ) ;
#3497 = EDGE_LOOP ( 'NONE', ( #828, #2426, #355 ) ) ;
#3498 = FACE_OUTER_BOUND ( 'NONE', #3477, .T. ) ;
#3499 = CARTESIAN_POINT ( 'NONE',  ( -63.48995295431750208, -5.000000000000000000, -4.235987205493064067 ) ) ;
#3500 = VECTOR ( 'NONE', #4, 1000.000000000000000 ) ;
#3501 = VECTOR ( 'NONE', #2569, 1000.000000000000000 ) ;
#3502 = UNCERTAINTY_MEASURE_WITH_UNIT (LENGTH_MEASURE( 1.000000000000000082E-05 ), #2342, 'distance_accuracy_value', 'NONE');
#3503 = EDGE_CURVE ( 'NONE', #13, #457, #2174, .T. ) ;
#3504 = CARTESIAN_POINT ( 'NONE',  ( -78.28346864405418160, 1.000000000000000888, -42.05115350071690017 ) ) ;
#3505 = DIRECTION ( 'NONE',  ( -0.000000000000000000, -0.000000000000000000, 1.000000000000000000 ) ) ;
#3506 = VERTEX_POINT ( 'NONE', #201 ) ;
#3507 =( NAMED_UNIT ( * ) PLANE_ANGLE_UNIT ( ) SI_UNIT ( $, .RADIAN. ) );
#3508 = ORIENTED_EDGE ( 'NONE', *, *, #3603, .T. ) ;
#3509 = VECTOR ( 'NONE', #1629, 1000.000000000000000 ) ;
#3510 = CARTESIAN_POINT ( 'NONE',  ( -86.11053563171627445, 28.00000000000000355, -39.03310795212747308 ) ) ;
#3511 = CARTESIAN_POINT ( 'NONE',  ( -86.09350673339415039, 27.99999999999999289, -39.00818936160580819 ) ) ;
#3512 = AXIS2_PLACEMENT_3D ( 'NONE', #156, #732, #1079 ) ;
#3513 = DIRECTION ( 'NONE',  ( -1.000000000000000000, -1.239088197126290817E-16, 0.000000000000000000 ) ) ;
#3514 = DIRECTION ( 'NONE',  ( -1.000000000000000000, 0.000000000000000000, -0.000000000000000000 ) ) ;
#3515 = CARTESIAN_POINT ( 'NONE',  ( -85.88132945773804749, 28.00000000000031619, -43.64896164502248155 ) ) ;
#3516 = CARTESIAN_POINT ( 'NONE',  ( -84.42604871383933585, 29.00000000000000000, -43.65566666934238071 ) ) ;
#3517 = DIRECTION ( 'NONE',  ( -0.000000000000000000, -1.000000000000000000, -0.000000000000000000 ) ) ;
#3518 = EDGE_CURVE ( 'NONE', #442, #1489, #3294, .T. ) ;
#3519 = CYLINDRICAL_SURFACE ( 'NONE', #2933, 1.000000000000000000 ) ;
#3520 = CARTESIAN_POINT ( 'NONE',  ( -80.15714812160688041, 1.477760121858283647E-12, -44.74769228240082697 ) ) ;
#3521 = DIRECTION ( 'NONE',  ( -0.000000000000000000, 1.000000000000000000, -0.000000000000000000 ) ) ;
#3522 = ORIENTED_EDGE ( 'NONE', *, *, #1610, .F. ) ;
#3523 = EDGE_CURVE ( 'NONE', #3220, #1380, #2481, .T. ) ;
#3524 = CARTESIAN_POINT ( 'NONE',  ( -85.50369194180638033, 29.00000000000000000, -37.66104528003901919 ) ) ;
#3525 = CARTESIAN_POINT ( 'NONE',  ( -78.13637233178062047, 0.000000000000000000, -40.52634505667347042 ) ) ;
#3526 = DIRECTION ( 'NONE',  ( 1.000000000000000000, 0.000000000000000000, 0.000000000000000000 ) ) ;
#3527 = CARTESIAN_POINT ( 'NONE',  ( -85.61591722323549902, 28.99999999999999645, -41.94514510864289036 ) ) ;
#3528 = FACE_BOUND ( 'NONE', #292, .T. ) ;
#3529 = DIRECTION ( 'NONE',  ( 0.000000000000000000, 0.000000000000000000, 1.000000000000000000 ) ) ;
#3530 = CARTESIAN_POINT ( 'NONE',  ( -83.43155442440092884, 1.517883041479706208E-15, -44.08082185235876693 ) ) ;
#3531 = VERTEX_POINT ( 'NONE', #2457 ) ;
#3532 = LINE ( 'NONE', #681, #2506 ) ;
#3533 = EDGE_LOOP ( 'NONE', ( #3134, #1936, #3641, #2352 ) ) ;
#3534 = PRODUCT_RELATED_PRODUCT_CATEGORY ( 'part', '', ( #2343 ) ) ;
#3535 = CARTESIAN_POINT ( 'NONE',  ( -80.67645862925243705, 6.722053469410128280E-15, -43.88708324398335492 ) ) ;
#3536 = DIRECTION ( 'NONE',  ( -2.793185071074506369E-14, -1.000000000000000000, -1.745740669421566678E-14 ) ) ;
#3537 = VERTEX_POINT ( 'NONE', #765 ) ;
#3538 = CARTESIAN_POINT ( 'NONE',  ( -85.55847577700215822, 28.99999999999998579, -40.07876251225212627 ) ) ;
#3539 = EDGE_CURVE ( 'NONE', #2978, #2018, #830, .T. ) ;
#3540 = CIRCLE ( 'NONE', #2968, 0.9999999999999948930 ) ;
#3541 = CARTESIAN_POINT ( 'NONE',  ( -79.64359310739054365, 1.000000000000000888, -44.40509696196615153 ) ) ;
#3542 = CYLINDRICAL_SURFACE ( 'NONE', #2122, 6.999999999999999112 ) ;
#3543 = FILL_AREA_STYLE ('',( #2416 ) ) ;
#3544 = ORIENTED_EDGE ( 'NONE', *, *, #1337, .F. ) ;
#3545 = CARTESIAN_POINT ( 'NONE',  ( -63.48995295431750208, -5.000000000000000000, -4.235987205493064067 ) ) ;
#3546 = DIRECTION ( 'NONE',  ( -1.000000000000000000, 0.000000000000000000, 0.000000000000000000 ) ) ;
#3547 = FACE_OUTER_BOUND ( 'NONE', #1303, .T. ) ;
#3548 = FACE_OUTER_BOUND ( 'NONE', #1551, .T. ) ;
#3549 = VECTOR ( 'NONE', #3087, 1000.000000000000000 ) ;
#3550 = CARTESIAN_POINT ( 'NONE',  ( -86.51080595597098011, 1.000000000001239897, -42.40157001866941044 ) ) ;
#3551 = DIRECTION ( 'NONE',  ( 1.000000000000000000, 0.000000000000000000, 0.000000000000000000 ) ) ;
#3552 = ORIENTED_EDGE ( 'NONE', *, *, #1901, .F. ) ;
#3553 = CARTESIAN_POINT ( 'NONE',  ( -81.17318239336250940, 1.517883041479718632E-15, -44.07900364217977796 ) ) ;
#3554 = DIRECTION ( 'NONE',  ( 0.000000000000000000, 0.000000000000000000, -1.000000000000000000 ) ) ;
#3555 = ORIENTED_EDGE ( 'NONE', *, *, #910, .T. ) ;
#3556 = CARTESIAN_POINT ( 'NONE',  ( -85.81611160746724920, 28.00000000000000355, -38.49338245297826688 ) ) ;
#3557 = ORIENTED_EDGE ( 'NONE', *, *, #298, .T. ) ;
#3558 = CIRCLE ( 'NONE', #1911, 1.000000000000000888 ) ;
#3559 = CARTESIAN_POINT ( 'NONE',  ( -78.32625064093799949, 0.000000000000000000, -44.51318536646039092 ) ) ;
#3560 = CARTESIAN_POINT ( 'NONE',  ( -63.48995295431750208, -5.000000000000000000, -30.23598720549306051 ) ) ;
#3561 = CIRCLE ( 'NONE', #2930, 2.000000000000001776 ) ;
#3562 = EDGE_CURVE ( 'NONE', #2640, #291, #3023, .T. ) ;
#3563 = AXIS2_PLACEMENT_3D ( 'NONE', #332, #3156, #1708 ) ;
#3564 = VECTOR ( 'NONE', #1913, 1000.000000000000000 ) ;
#3565 = ORIENTED_EDGE ( 'NONE', *, *, #2076, .F. ) ;
#3566 = CARTESIAN_POINT ( 'NONE',  ( -86.64499597801778918, 0.9999999999999958922, -40.12118889522178478 ) ) ;
#3567 = ADVANCED_FACE ( 'NONE', ( #3044 ), #1646, .F. ) ;
#3568 = PLANE ( 'NONE',  #2632 ) ;
#3569 = DIRECTION ( 'NONE',  ( 0.000000000000000000, -1.000000000000000000, 0.000000000000000000 ) ) ;
#3570 = CARTESIAN_POINT ( 'NONE',  ( 4.314459268353855848, 8.697292583425110024, 6.000000000000000000 ) ) ;
#3571 = CYLINDRICAL_SURFACE ( 'NONE', #2090, 1.000000000000000888 ) ;
#3572 = CARTESIAN_POINT ( 'NONE',  ( -80.65205971409555730, 6.999999999999856115, -44.95777946012476178 ) ) ;
#3573 = CARTESIAN_POINT ( 'NONE',  ( -82.42051944751685255, 7.000000000000000000, -55.21674210529830162 ) ) ;
#3574 = EDGE_LOOP ( 'NONE', ( #2244, #1861, #1408, #3052, #2279, #2884, #1228, #679 ) ) ;
#3575 = CARTESIAN_POINT ( 'NONE',  ( -85.24684754624806260, 28.00000000000000000, -36.42159240873620263 ) ) ;
#3576 = ORIENTED_EDGE ( 'NONE', *, *, #1084, .T. ) ;
#3577 = CARTESIAN_POINT ( 'NONE',  ( -77.13891983088775817, 0.000000000000000000, -41.18414743006972145 ) ) ;
#3578 = LINE ( 'NONE', #1057, #1016 ) ;
#3579 = CARTESIAN_POINT ( 'NONE',  ( -45.13254080751686104, 6.000000000000000000, -44.28090285740007914 ) ) ;
#3580 = EDGE_CURVE ( 'NONE', #3537, #1058, #527, .T. ) ;
#3581 = VERTEX_POINT ( 'NONE', #3560 ) ;
#3582 = DIRECTION ( 'NONE',  ( -0.000000000000000000, -1.000000000000000000, -0.000000000000000000 ) ) ;
#3583 = ORIENTED_EDGE ( 'NONE', *, *, #384, .F. ) ;
#3584 = EDGE_CURVE ( 'NONE', #1232, #228, #3578, .T. ) ;
#3585 = CARTESIAN_POINT ( 'NONE',  ( -58.48995295431750208, -5.000000000000000000, -9.235987205493071173 ) ) ;
#3586 = CARTESIAN_POINT ( 'NONE',  ( -86.25439649386881058, -1.387745247281433711E-13, -43.03400037176273685 ) ) ;
#3587 = VERTEX_POINT ( 'NONE', #1384 ) ;
#3588 = EDGE_CURVE ( 'NONE', #2648, #3615, #3091, .T. ) ;
#3589 = CARTESIAN_POINT ( 'NONE',  ( -81.55392135783884555, 6.999999999999991118, -45.17160545004528416 ) ) ;
#3590 = CARTESIAN_POINT ( 'NONE',  ( -63.48995295431750208, -5.000000000000000000, -30.23598720549306051 ) ) ;
#3591 = DIRECTION ( 'NONE',  ( 1.000000000000000000, 0.000000000000000000, -0.000000000000000000 ) ) ;
#3592 = SPHERICAL_SURFACE ( 'NONE', #3612, 1.000000000000000000 ) ;
#3593 = ORIENTED_EDGE ( 'NONE', *, *, #331, .T. ) ;
#3594 = CARTESIAN_POINT ( 'NONE',  ( -78.13867057124038240, -1.276403504216305073E-12, -41.11803254235748284 ) ) ;
#3595 = DIRECTION ( 'NONE',  ( -0.000000000000000000, -0.000000000000000000, -1.000000000000000000 ) ) ;
#3596 = ORIENTED_EDGE ( 'NONE', *, *, #298, .F. ) ;
#3597 = VECTOR ( 'NONE', #3595, 1000.000000000000000 ) ;
#3598 = AXIS2_PLACEMENT_3D ( 'NONE', #3487, #358, #1494 ) ;
#3599 = DIRECTION ( 'NONE',  ( -1.000000000000000000, 0.000000000000000000, 0.000000000000000000 ) ) ;
#3600 = LINE ( 'NONE', #1580, #71 ) ;
#3601 = FACE_OUTER_BOUND ( 'NONE', #600, .T. ) ;
#3602 = DIRECTION ( 'NONE',  ( 0.000000000000000000, 0.000000000000000000, -1.000000000000000000 ) ) ;
#3603 = EDGE_CURVE ( 'NONE', #500, #594, #3540, .T. ) ;
#3604 = CARTESIAN_POINT ( 'NONE',  ( -86.35023925477365481, -2.790289730773219097E-12, -42.82568294502157613 ) ) ;
#3605 = VERTEX_POINT ( 'NONE', #3308 ) ;
#3606 = CARTESIAN_POINT ( 'NONE',  ( -79.37053107833364152, 7.000000000000211386, -44.16434909110996898 ) ) ;
#3607 = CARTESIAN_POINT ( 'NONE',  ( -84.71273857180308653, 1.192622389734055193E-14, -43.44093155036737386 ) ) ;
#3608 = DIRECTION ( 'NONE',  ( 0.000000000000000000, -1.000000000000000000, 0.000000000000000000 ) ) ;
#3609 = EDGE_CURVE ( 'NONE', #1644, #2646, #3075, .T. ) ;
#3610 = CARTESIAN_POINT ( 'NONE',  ( 12.51004704568249792, -5.000000000000000000, -4.235987205493064067 ) ) ;
#3611 = VERTEX_POINT ( 'NONE', #2194 ) ;
#3612 = AXIS2_PLACEMENT_3D ( 'NONE', #1919, #1696, #290 ) ;
#3613 = CIRCLE ( 'NONE', #543, 1.000000000000000888 ) ;
#3614 = AXIS2_PLACEMENT_3D ( 'NONE', #2479, #2182, #3314 ) ;
#3615 = VERTEX_POINT ( 'NONE', #492 ) ;
#3616 = PRESENTATION_LAYER_ASSIGNMENT (  '', '', ( #2562 ) ) ;
#3617 = AXIS2_PLACEMENT_3D ( 'NONE', #3234, #2218, #3030 ) ;
#3618 = AXIS2_PLACEMENT_3D ( 'NONE', #159, #2647, #2078 ) ;
#3619 = FACE_OUTER_BOUND ( 'NONE', #3040, .T. ) ;
#3620 = FACE_OUTER_BOUND ( 'NONE', #2490, .T. ) ;
#3621 = CARTESIAN_POINT ( 'NONE',  ( 3.314459268353858956, -18.30270741657488998, 6.000000000000000000 ) ) ;
#3622 = CARTESIAN_POINT ( 'NONE',  ( -85.13637233178063468, 1.000000000000007772, -30.21674210529830162 ) ) ;
#3623 = CARTESIAN_POINT ( 'NONE',  ( -86.74362443690375812, 0.9999999999999904521, -41.05834593093344154 ) ) ;
#3624 = ORIENTED_EDGE ( 'NONE', *, *, #2095, .F. ) ;
#3625 = ORIENTED_EDGE ( 'NONE', *, *, #771, .T. ) ;
#3626 = CARTESIAN_POINT ( 'NONE',  ( -80.29556057694431104, 6.000000000000142997, -44.80949467787694118 ) ) ;
#3627 = ADVANCED_FACE ( 'NONE', ( #3063 ), #2492, .F. ) ;
#3628 = CARTESIAN_POINT ( 'NONE',  ( -84.45248280316710066, 29.00000000000000000, -37.60147200809592505 ) ) ;
#3629 = ORIENTED_EDGE ( 'NONE', *, *, #99, .T. ) ;
#3630 = ADVANCED_FACE ( 'NONE', ( #1737 ), #258, .F. ) ;
#3631 = CARTESIAN_POINT ( 'NONE',  ( -78.75527402116983922, 5.999999999999998224, -43.36229164483532372 ) ) ;
#3632 = DIRECTION ( 'NONE',  ( 0.9999924565163904600, 7.806255641895671368E-15, -0.003884187214212040350 ) ) ;
#3633 = CARTESIAN_POINT ( 'NONE',  ( -85.31828861769939465, 27.99999999999998224, -36.88253889496485982 ) ) ;
#3634 = CARTESIAN_POINT ( 'NONE',  ( -28.68554073164614593, 7.697292583425109136, 1.000000000000000000 ) ) ;
#3635 = CYLINDRICAL_SURFACE ( 'NONE', #234, 1.000000000000000888 ) ;
#3636 = CARTESIAN_POINT ( 'NONE',  ( -79.35116537355168020, 29.00000000000000000, -42.19151643341092495 ) ) ;
#3637 = LINE ( 'NONE', #1982, #2498 ) ;
#3638 = CARTESIAN_POINT ( 'NONE',  ( -84.56342590778987756, 1.192622389734054877E-14, -38.01112689509749742 ) ) ;
#3639 = APPLICATION_CONTEXT ( 'automotive_design' ) ;
#3640 = CARTESIAN_POINT ( 'NONE',  ( -86.39665171857616599, 0.9999999999996940225, -39.52511547805951864 ) ) ;
#3641 = ORIENTED_EDGE ( 'NONE', *, *, #1465, .T. ) ;
#3642 = DIRECTION ( 'NONE',  ( 0.000000000000000000, -0.000000000000000000, -1.000000000000000000 ) ) ;
#3643 = DIRECTION ( 'NONE',  ( -0.000000000000000000, 1.000000000000000000, -0.000000000000000000 ) ) ;
#3644 = CARTESIAN_POINT ( 'NONE',  ( 0.000000000000000000, -5.000000000000000000, 0.000000000000000000 ) ) ;
#3645 = CARTESIAN_POINT ( 'NONE',  ( -84.13566768815545061, 29.00000000000000000, -35.24924192098310272 ) ) ;
#3646 = ORIENTED_EDGE ( 'NONE', *, *, #1876, .T. ) ;
#3647 = CARTESIAN_POINT ( 'NONE',  ( -65.48995295431750208, 0.000000000000000000, -32.23598720549306051 ) ) ;
#3648 = DIRECTION ( 'NONE',  ( 0.000000000000000000, 0.000000000000000000, 1.000000000000000000 ) ) ;
#3649 = ADVANCED_FACE ( 'NONE', ( #320 ), #2025, .F. ) ;
#3650 = ORIENTED_EDGE ( 'NONE', *, *, #3283, .F. ) ;
#3651 = ADVANCED_FACE ( 'NONE', ( #2546 ), #1401, .T. ) ;
#3652 = FACE_OUTER_BOUND ( 'NONE', #1904, .T. ) ;
#3653 = VECTOR ( 'NONE', #2488, 1000.000000000000000 ) ;
#3654 = CARTESIAN_POINT ( 'NONE',  ( -79.72514047172599305, 29.00000000000000711, -44.47634949180692843 ) ) ;
#3655 = CARTESIAN_POINT ( 'NONE',  ( -85.13637233178063468, 1.000000000000007772, -35.23230762166618746 ) ) ;
#3656 = CARTESIAN_POINT ( 'NONE',  ( -29.68554073164614593, -18.30270741657488998, 0.000000000000000000 ) ) ;
#3657 = CARTESIAN_POINT ( 'NONE',  ( -86.29337466655550770, 1.000000000000307754, -39.34161865643041978 ) ) ;
#3658 = ORIENTED_EDGE ( 'NONE', *, *, #225, .F. ) ;
#3659 = AXIS2_PLACEMENT_3D ( 'NONE', #1972, #640, #1455 ) ;
#3660 = NEXT_ASSEMBLY_USAGE_OCCURRENCE ( 'NAUO1', ' ', ' ', #1395, #3095, $ ) ;
#3661 = NEXT_ASSEMBLY_USAGE_OCCURRENCE ( 'NAUO2', ' ', ' ', #1395, #345, $ ) ;
#3662 = NEXT_ASSEMBLY_USAGE_OCCURRENCE ( 'NAUO3', ' ', ' ', #1395, #974, $ ) ;
#3663 = NEXT_ASSEMBLY_USAGE_OCCURRENCE ( 'NAUO4', ' ', ' ', #1395, #974, $ ) ;
#3664 = NEXT_ASSEMBLY_USAGE_OCCURRENCE ( 'NAUO5', ' ', ' ', #1395, #345, $ ) ;
#3665 = NEXT_ASSEMBLY_USAGE_OCCURRENCE ( 'NAUO6', ' ', ' ', #1395, #745, $ ) ;
#3666 = NEXT_ASSEMBLY_USAGE_OCCURRENCE ( 'NAUO7', ' ', ' ', #1395, #745, $ ) ;
ENDSEC;
END-ISO-10303-21;
